Gene Synonym,Gene name
CRYB2B,CRYBB2P1
BBS6,MKKS
HMCS,MKKS
KMS,MKKS
MKS,MKKS
C8orf68,DLGAP2
DAP2,DLGAP2
ERICH1-AS1,DLGAP2
SAPAP2,DLGAP2
ALS21,MATR3
MPD2,MATR3
VCPDM,MATR3
ARHGAP7,DLC1
HP,DLC1
p122-RhoGAP,DLC1
STARD12,DLC1
ATG8D,GABARAPL3
ADTB1L1,AP1B1P1
dJ127L4.2,AP1B1P1
4F-se4[6:7:8],CYP4F29P
C21orf15,CYP4F29P
CYP4F-se4[6:7:8],CYP4F29P
CYP4F3LP,CYP4F29P
PCDH-psi2,PCDHB18P
PCDHB18,PCDHB18P
C14orf107,LINC00216
NCRNA00216,LINC00216
PRO1617,LINC00216
OR5AL1P,OR5AL1
GLCC,COL18A1
KNO,COL18A1
KNO1,COL18A1
KS,COL18A1
TMEM191AP,TMEM191A
D-X,ULK4P3
FAM7A3,ULK4P3
D-X,ULK4P2
FAM7A1,ULK4P2
PC1L2,PKD1L2
LRRC62,ELFN2
PPP1R29,ELFN2
CROCCL2,CROCCP3
dJ798A10.2,CROCCP3
bA395L14.9,RPL23AP7
RPL23AL1,RPL23AP7
RPL23A_6_267,RPL23AP7
CFLP1,CFL1P1
bB329D4.2,NCOR1P1
C20orf191,NCOR1P1
ABCC13P,ABCC13
C21orf73,ABCC13
PRED6,ABCC13
CSTT,CST13P
CTES6,CST13P
ARHGEF29,SPATA13
ASEF2,SPATA13
CYorf15A,TXLNGY
CYorf15B,TXLNGY
TXLNG2P,TXLNGY
NANCI,SFTA3
PAHRF,SFTA3
SFTPH,SFTA3
SP-H,SFTA3
SPH,SFTA3
SUGT1L1,SUGT1P3
BCORL2,BCORP1
SDR25C3,DHRS4L2
Li174,UBE2NL
OR4Q2P,OR4Q2
C21orf81,ANKRD20A11P
HCCAT4,LINC01451
CTGLF12P,AGAP12P
PTPN20CP,AGAP12P
bA537A6.3,DNAJC9-AS1
C10orf103,DNAJC9-AS1
NF1HHS,NF1P2
NPEPPSL1,NPEPPSP1
LNMAT1,DUXAP10
PRAMEF24P,PRAMENP
PRAMEL,PRAMENP
SORD2,SORD2P
ROCK1P,ROCK1P1
SDR25C4,DHRS4L1
BMS1LP4,BMS1P4
NCRNA00197,PTCSC1
PTCSC,PTCSC1
AA02,AA06
AA04,AA06
AA05,AA06
ARMCX5-GPRASP2-BHLHB9-LINC00630,ARMCX5-GPRASP2
ARMCX5-GPRASP2-BHLHB9-LINC00630,GPRASP2
bHLHb9,ARMCX5-GPRASP2
bHLHb9,GPRASP2
GPRASP3,ARMCX5-GPRASP2
GPRASP3,GPRASP2
p60TRP,ARMCX5-GPRASP2
p60TRP,GPRASP2
MRPS31P3,MRPS31P5
MIR384HG,MIR325HG
TCONS_00012692,MICB-DT
HIPSTR,TFAP2A-AS2
lncRNA799,LINC03052
AltMIEF1,MIURF
MIEF1,MIURF
MIEF1-MP,MIURF
CPAMD5,A2M
FWP007,A2M
S863-7,A2M
CPAMD9,A2ML1
FLJ25179,A2ML1
P170,A2ML1
A14GALT,A4GALT
GB3S,A4GALT
P(K),A4GALT
P1,A4GALT
CES5A1,AADAC
DAC,AADAC
MGC72001,AADACL2
KAT2,AADAT
KATII,AADAT
KYAT2,AADAT
FLJ11506,AAGAB
P34,AAGAB
SNAT,AANAT
BA234K24.2,AAR2
C20ORF4,AAR2
C8ORF85,AARD
LOC441376,AARD
AARS,AARS1
ALARS,AARS1
CMT2N,AARS1
AARSP1,AARS1P1
ALAXP,AARSD1
MGC2744,AARSD1
BFR2,AATF
CHE-1,AATF
CHE1,AATF
DED,AATF
INXS,ABALON
ABC1,ABCA1
HDLDT1,ABCA1
TGD,ABCA1
ABC2,ABCA2
ABC-C,ABCA3
ABC3,ABCA3
EST111653,ABCA3
LBM180,ABCA3
EST90625,ABCA5
ABCX,ABCA7
DKFZP434G232,ABCA12
ICR2B,ABCA12
LI2,ABCA12
FLJ33876,ABCA13
FLJ33951,ABCA13
CRYM-AS1,ABCA15P
FLJ41766,ABCA15P
NCRNA00169,ABCA15P
ABC20,ABCB1
CD243,ABCB1
CLCS,ABCB1
GP170,ABCB1
MDR1,ABCB1
P-170,ABCB1
P-GP,ABCB1
PGY1,ABCB1
GBD1,ABCB4
MDR2,ABCB4
MDR3,ABCB4
PFIC-3,ABCB4
PGY3,ABCB4
ABC7,ABCB7
ASAT,ABCB7
ATM1P,ABCB7
EST140535,ABCB7
ABCB10P,ABCB10P1
ABCB10P2,ABCB10P1
M-ABC2,ABCB10P1
MABC2,ABCB10P1
ABC16,ABCB11
BSEP,ABCB11
PFIC-2,ABCB11
PFIC2,ABCB11
PGY4,ABCB11
SPGP,ABCB11
GS-X,ABCC1
MRP,ABCC1
MRP1,ABCC1
CMOAT2,ABCC3
EST90757,ABCC3
MLP2,ABCC3
MOAT-D,ABCC3
MRP3,ABCC3
EST170205,ABCC4
MOAT-B,ABCC4
MOATB,ABCC4
MRP4,ABCC4
ARA,ABCC6
EST349056,ABCC6
MLP1,ABCC6
MRP6,ABCC6
PXE,ABCC6
URG7,ABCC6
C21ORF73,ABCC13
ADRENOLEUKODYSTROPHY,ABCD1
ALD,ABCD1
ALDP,ABCD1
AMN,ABCD1
BA453N3.6,ABCD1P2
ALDL1,ABCD2
ALDR,ABCD2
ALDRP,ABCD2
PMP70,ABCD3
PXMP1,ABCD3
ZWS2,ABCD3
ABC50,ABCF1
EST123147,ABCF1
ABC28,ABCF2
EST133090,ABCF2
HUSSY-18,ABCF2
M-ABC1,ABCF2
ABC8,ABCG1
ABCP,ABCG2
BCRP,ABCG2
CD338,ABCG2
EST157481,ABCG2
MXR,ABCG2
LABH2,ABHD2
LABH3,ABHD3
CGI-58,ABHD5
NCIE2,ABHD5
ABHD12A,ABHD12
BEM46L2,ABHD12
C20ORF22,ABHD12
DJ965G21.2,ABHD12
DKFZP434P106,ABHD12
BEM46L3,ABHD12B
C14ORF29,ABHD12B
BA153I24.2,ABHD13
BEM46L1,ABHD13
C13ORF6,ABHD13
FLJ14906,ABHD13
BAT5,ABHD16A
D6S82E,ABHD16A
NG26,ABHD16A
C20ORF135,ABHD16B
DJ591C20.1,ABHD16B
C19ORF27,ABHD17A
FAM108A1,ABHD17A
MGC5244,ABHD17A
FAM108A5,ABHD17AP4
FAM108A5P,ABHD17AP4
FAM108A6,ABHD17AP5
FAM108A6P,ABHD17AP5
FAM108A7P,ABHD17AP6
C9ORF77,ABHD17B
CGI-67,ABHD17B
FAM108B1,ABHD17B
FAM108C1,ABHD17C
ABI1P,ABI1P1
SSH3BP1P,ABI1P1
NESH,ABI3
SSH3BP3,ABI3
C9ORF6,ABITRAM
CG-8,ABITRAM
FAM206A,ABITRAM
FLJ20457,ABITRAM
SIMIATE,ABITRAM
FAM206BP,ABITRAMP1
A3GALNT,ABO
A3GALT1,ABO
MDB,ABR
STARS,ABRA
C6ORF115,ABRACL
COSTARS,ABRACL
HSPC280,ABRACL
PRO2013,ABRACL
ABRA1,ABRAXAS1
ABRAXAS,ABRAXAS1
CCDC98,ABRAXAS1
FAM175A,ABRAXAS1
FLJ13614,ABRAXAS1
ESF2,ABT1
ABTB2A,ABTB2
BTBD22,ABTB2
DKFZP586C1619,ABTB2
ABTB2B,ABTB3
BTBD11,ABTB3
FLJ33957,ABTB3
LNC-MYD88,ACAA1
DSAEC,ACAA2
ACAC,ACACA
ACAC1,ACACA
ACACALPHA,ACACA
ACC,ACACA
ACC-ALPHA,ACACA
ACC1,ACACA
ACCA,ACACA
ACCALPHA,ACACA
HACC1,ACACA
ACAD4,ACADL
LCAD,ACADL
ACAD7,ACADSB
SBCAD,ACADSB
AGC1,ACAN
CSPG1,ACAN
CSPGCP,ACAN
MSK16,ACAN
CENTB1,ACAP1
KIAA0050,ACAP1
ACAT,ACAT1
THIL,ACAT1
DKFZP434A2417,ACBD5
KIAA1996,ACBD5
BA455B2.2,ACBD7
FLJ38219,ACBD7
ACE1,ACE
CD143,ACE
DCP1,ACE
ACEH,ACE2
GS1-594A7.3,ACE2-DT
ALKCDASE2,ACER2
ASAH3L,ACER2
FLJ41587,ACER2
ACINUS,ACIN1
FSAP152,ACIN1
KIAA0670,ACIN1
CMKOR1,ACKR3
CXCR7,ACKR3
GPR159,ACKR3
RDC1,ACKR3
CCRL1P,ACKR4P1
CCRL1P1,ACKR4P1
DJ509I19.4,ACKR4P1
BAATP1,ACNATP
IREB1,ACO1
IREBP,ACO1
IRP1,ACO1
ACONM,ACO2
CAD,ACOD1
IRG1,ACOD1
HACTE-III,ACOT8
HTE,ACOT8
NAP1,ACOT8
PTE-2,ACOT8
PTE1,ACOT8
ACATE2,ACOT9
CGI-16,ACOT9
MT-ACT48,ACOT9
HT012,ACOT13
THEM2,ACOT13
BRCACOX,ACOX2
BRCOX,ACOX2
THCCOX,ACOX2
ACPT,ACP4
FLJ16165,ACP7
PAPL,ACP7
PAPL1,ACP7
CT23,ACRBP
OY-TES-1,ACRBP
SP32,ACRBP
ACS4,ACSL4
FACL4,ACSL4
LACS4,ACSL4
MRX63,ACSL4
MRX68,ACSL4
ACS2,ACSL5
ACS5,ACSL5
FACL5,ACSL5
ACS2,ACSL6
FACL6,ACSL6
KIAA0837,ACSL6
LACS2,ACSL6
LACS5,ACSL6
ACAS2L,ACSS1
ACECS2L,ACSS1
DJ568C11.3,ACSS1
MGC33843,ACSS1
ACAS2,ACSS2
ACECS,ACSS2
ACS,ACSS2
ACSA,ACSS2
DJ1161H23.1,ACSS2
FLJ21963,ACSS3
UC001KFO,ACTA2-AS1
UC001KFO.1,ACTA2-AS1
ZXF1,ACTA2-AS1
DKFZP686D0972,ACTBL2
ACTBP2,ACTBP8
ACTG,ACTG1
DFNA20,ACTG1
DFNA26,ACTG1
ACTGP2,ACTG1P2
ACTL2,ACTG1P2
ACTGP3,ACTG1P3
ACTGP9,ACTG1P9
ACTGP10,ACTG1P10
ACTL1,ACTG1P10
POTENP,ACTG1P24
ACTL6,ACTL6B
BAF53B,ACTL6B
SMARCN2,ACTL6B
TACT1,ACTL7B
CT57,ACTL8
C20ORF134,ACTL10
ACTN1-AS1,ACTN1-DT
C14ORF84,ACTN1-DT
FSGS1,ACTN4
ARP1,ACTR1A
ARP1A,ACTR1A
ARP1B,ACTR1B
CTRN2,ACTR1B
ARP3,ACTR3
ARP11,ACTR3B
ARP3BETA,ACTR3B
FKSG73,ACTR3BP2
ARP5,ACTR5
FLJ12785,ACTR5
INO80M,ACTR5
ACTR11,ACTR10
ARP10,ACTR10
ARP11,ACTR10
HARP11,ACTR10
AIP1,ACTRT1
ARIP1,ACTRT1
ARP-T1,ACTRT1
KIAA0705,ACTRT1
ACTR-IIB,ACVR2B
ADA1,ADA
ADGF,ADA2
CECR1,ADA2
IDGFL,ADA2
TENR,ADAD1
FLJ00337,ADAD2
TENRL,ADAD2
CT15,ADAM2
FTNB,ADAM2
PH-30B,ADAM2
PH30,ADAM2
ADAM3,ADAM3A
CYRN1,ADAM3A
TMDCI,ADAM3A
CYRN2,ADAM3B
ADAM5P,ADAM5
TMDCII,ADAM5
C14ORF96,ADAM6
TMDCIV,ADAM6
CD156,ADAM8
CD156A,ADAM8
MS2,ADAM8
CORD9,ADAM9
KIAA0021,ADAM9
MCMP,ADAM9
MDC9,ADAM9
MLTNG,ADAM9
CD156C,ADAM10
HST18717,ADAM10
KUZ,ADAM10
MADM,ADAM10
MDC,ADAM11
MCMPMLTNA,ADAM12
MLTN,ADAM12
ADAM27,ADAM18
TMDCIII,ADAM18
MLTNB,ADAM19
ADAM31,ADAM21
MDC3,ADAM23
CT73,ADAM29
SVPH1,ADAM29
C20ORF153,ADAM33
DJ964F7.1,ADAM33
DKFZP434K0521,ADAM33
C3-C5,ADAMTS1
KIAA1346,ADAMTS1
METH1,ADAMTS1
ADAMTS11,ADAMTS5
ADMP-2,ADAMTS5
ADAM-TS7,ADAMTS7
DKFZP434H204,ADAMTS7
ADAMTS7P2,ADAMTS7P1
KIAA1312,ADAMTS9
C9ORF8,ADAMTS13
DKFZP434C2322,ADAMTS13
FLJ42993,ADAMTS13
MGC118899,ADAMTS13
MGC118900,ADAMTS13
TTP,ADAMTS13
VWF-CP,ADAMTS13
VWFCP,ADAMTS13
ADAMTS16S,ADAMTS16
FLJ16363,ADAMTS17
FLJ32769,ADAMTS17
ADAMTS21,ADAMTS18
RP11-346A9.1,ADAMTS19-AS1
ADAMTSR1,ADAMTSL1
C9ORF94,ADAMTSL1
FLJ35283,ADAMTSL1
KIAA1233,ADAMTSL3
PUNCTIN-2,ADAMTSL3
CENTA1,ADAP1
GCS1L,ADAP1
ADAR2,ADARB1
ADAR2A,ADARB1
ADAR2A-L1,ADARB1
ADAR2A-L2,ADARB1
ADAR2A-L3,ADARB1
ADAR2B,ADARB1
ADAR2C,ADARB1
ADAR2D,ADARB1
ADAR2G,ADARB1
DRABA2,ADARB1
DRADA2,ADARB1
HRED1,ADARB1
RED1,ADARB1
ADAR3,ADARB2
HRED2,ADARB2
RED2,ADARB2
BA466B20.1,ADARB2-AS1
C10ORF109,ADARB2-AS1
NCRNA00168,ADARB2-AS1
DEADC1,ADAT2
DJ20N2.1,ADAT2
TAD2,ADAT2
TAD3,ADAT3
FLJ39600,ADCK1
MGC20727,ADCK2
FLJ35454,ADCK5
AC1,ADCY1
DFNB44,ADCY1
AC2,ADCY2
HBAC2,ADCY2
KIAA1060,ADCY2
AC4,ADCY4
AC7,ADCY7
KIAA0037,ADCY7
AC8,ADCY8
ADCY3,ADCY8
HBAC1,ADCY8
AC9,ADCY9
HCA2,ADCY10
RP1-313L4.2,ADCY10
SAC,ADCY10
SACI,ADCY10
SACY,ADCY10
PACAP,ADCYAP1
ADDB,ADD2
ADDL,ADD3
GPR123,ADGRA1
KIAA1828,ADGRA1
GPR123-AS1,ADGRA1-AS1
FLJ38547,ADGRA3
GPR125,ADGRA3
PGR21,ADGRA3
BAI3,ADGRB3
KIAA0550,ADGRB3
DKFZP434B1272,ADGRD1
GPR133,ADGRD1
PGR25,ADGRD1
LACAT8,ADGRD1-AS1
CD312,ADGRE2
EMR2,ADGRE2
EMR3,ADGRE3
CD97,ADGRE5
TM7LN1,ADGRE5
GPR110,ADGRF1
HGPCR36,ADGRF1
PGR19,ADGRF1
DKFZP564O1923,ADGRF5
GPR116,ADGRF5
KIAA0758,ADGRF5
GPR116P1,ADGRF5P1
GPR56,ADGRG1
TM7LN4,ADGRG1
TM7XN1,ADGRG1
EDDM6,ADGRG2
GPR64,ADGRG2
HE6,ADGRG2
TM7LN2,ADGRG2
GPR97,ADGRG3
PB99,ADGRG3
PGR26,ADGRG3
GPR112,ADGRG4
PGR17,ADGRG4
RP1-299I16,ADGRG4
GPR114,ADGRG5
PGR27,ADGRG5
FLJ14937,ADGRG6
GPR126,ADGRG6
FLJ14454,ADGRG7
GPR128,ADGRG7
CIRL1,ADGRL1
KIAA0821,ADGRL1
LEC2,ADGRL1
LPHN1,ADGRL1
LPHN3-AS1,ADGRL3-AS1
ELTD1,ADGRL4
ETL,ADGRL4
DKFZP761P0710,ADGRV1
FEB4,ADGRV1
GPR98,ADGRV1
KIAA0686,ADGRV1
MASS1,ADGRV1
USH2C,ADGRV1
VLGR1,ADGRV1
ADH5B,ADH5P4
BA707M13.2,ADH5P4
APL1,ADI1
ARD,ADI1
FLJ10913,ADI1
HMFT1638,ADI1
MTCBP-1,ADI1
MTND,ADI1
SIPL,ADI1
MGC39724,ADIG
RP5-1100H13.2,ADIG
SMAF1,ADIG
ACDC,ADIPOQ
ACRP30,ADIPOQ
ADIPONECTIN,ADIPOQ
APM1,ADIPOQ
GBP28,ADIPOQ
ACDCR2,ADIPOR2
PAQR2,ADIPOR2
AFRO,ADIRF
APM2,ADIRF
C10ORF116,ADIRF
C20ORF27,ADISSP
FLJ20550,ADISSP
AK,ADK
AM,ADM
AM2,ADM2
FLJ21135,ADM2
ADNP1,ADNP
KIAA0784,ADNP
KIAA0863,ADNP2
ZNF508,ADNP2
ADORA2,ADORA2A
RDC8,ADORA2A
C22ORF45,ADORA2A-AS1
FLJ34651,ADORA2A-AS1
ADP-GK,ADPGK
DKFZP434B195,ADPGK
ARH2,ADPRHL1
C17ORF48,ADPRM
MDS006,ADPRM
ADRA1C,ADRA1A
ADRA1L1,ADRA1A
ADRA1,ADRA1D
ADRA1A,ADRA1D
ADRA1R,ADRA1D
ADRA2,ADRA2A
ADRA2R,ADRA2A
ADRAR,ADRA2A
ADRB1R,ADRB1
ADRB2R,ADRB2
ADRBR,ADRB2
B2AR,ADRB2
BAR,ADRB2
ARM1,ADRM1
GP110,ADRM1
PSMD16,ADRM1
RPN13,ADRM1
AIG1L,ADTRP
C6ORF105,ADTRP
DJ413H6.1,ADTRP
ACLP,AEBP1
FLJ12484,AEN
FLJ12562,AEN
ISG20L1,AEN
AFAP,AFAP1
AFAP-110,AFAP1
AFAP1-AS,AFAP1-AS1
AFAP1AS,AFAP1-AS1
MGC10981,AFAP1-AS1
FMR2,AFF2
FRAXE,AFF2
AF5Q31,AFF4
MCEF,AFF4
AFG1,AFG1L
LACE1,AFG1L
SCA28,AFG3L2
SPAX5,AFG3L2
AFG3L2P,AFG3L2P1
ASRG,AGA
LOC100130776,AGAP2-AS1
PUNISHER,AGAP2-AS1
AGAP8,AGAP4
CTGLF1,AGAP4
CTGLF5,AGAP4
EM:AC012044.1,AGAP4
MRIP2,AGAP4
CTGLF2,AGAP5
EM:AC073389.1,AGAP5
AGAP7,AGAP7P
BA109G10.1,AGAP7P
CTGLF4,AGAP7P
BA301J7.2,AGAP9
CTGLF6,AGAP9
FLJ00312,AGAP9
AGAP10,AGAP10P
BA144G6.2,AGAP10P
BA358L16.1,AGAP10P
CTGLF10P,AGAP10P
CTGLF7,AGAP10P
KIAA1975,AGAP11
BA164N7.2,AGAP12P
AGAP14,AGAP14P
BA145E20.1,AGAP14P
CTGLF11P,AGAP14P
CCP4,AGBL1
FLJ32310,AGBL1
CCP2,AGBL2
FLJ23598,AGBL2
CCP3,AGBL3
MGC32955,AGBL3
RAGE,AGER
SCARJ1,AGER
SRAGE,AGER
FLJ10842,AGK
MULK,AGK
AGKY1,AGKP1
GDE,AGL
FLJ16237,AGMO
TMEM195,AGMO
EIF2C4,AGO4
FLJ20033,AGO4
HAGO4,AGO4
KIAA1567,AGO4
LPAAT-ALPHA,AGPAT1
LPLAT1,AGPAT1
LPAAT-GAMMA,AGPAT3
LPAAT3,AGPAT3
LPLAT3,AGPAT3
FLJ11210,AGPAT5
LPAAT-E,AGPAT5
LPAAT-EPSILON,AGPAT5
LPLAT5,AGPAT5
AG2,AGR2
HAG-2,AGR2
PDIA17,AGR2
XAG-2,AGR2
BCMP11,AGR3
HAG-3,AGR3
HAG3,AGR3
PDIA18,AGR3
AGRT,AGRP
ART,AGRP
ASIP2,AGRP
CCP1,AGTPBP1
KIAA1035,AGTPBP1
NNA1,AGTPBP1
AT2,AGTR2
MRX88,AGTR2
AHCTF1P,AHCTF1P1
ELYS-LIKE,AHCTF1P1
ADOHCYASE,AHCY
SAHH,AHCY
FLJ20069,AHI1
JBTS3,AHI1
ORF1,AHI1
AHNAK1,AHNAK
MGC5395,AHNAK
C14ORF78,AHNAK2
BHLHE76,AHR
EDRF,AHSP
ERAF,AHSP
AIF-1,AIF1
EM:AF129756.17,AIF1
IBA1,AIF1
IRT-1,AIF1
C9ORF58,AIF1L
FLJ12783,AIF1L
IBA2,AIF1L
AIF,AIFM1
AUNX1,AIFM1
CMTX4,AIFM1
DFNX5,AIFM1
NAMSD,AIFM1
PDCD8,AIFM1
AMID,AIFM2
FLJ14497,AIFM2
FSP1,AIFM2
PRG3,AIFM2
AIFL,AIFM3
FLJ30473,AIFM3
AIG-1,AIG1
DJ95L4.1,AIG1
FLJ10485,AIG1
BA400P21.1,AIMP1P1
SCYE1P,AIMP1P1
LCA4,AIPL1
APECED,AIRE
APS1,AIRE
PGA1,AIRE
AIR,AIRN
IGF2R-AS1,AIRN
IGF2RAS,AIRN
NCRNA00088,AIRN
MOT8,AJAP1
SHREW-1,AJAP1
SHREW1,AJAP1
AJM-1,AJM1
C9ORF172,AJM1
HST26053,AK3P2
AK3,AK4
AK3L1,AK4
AK3P1,AK4P1
CINAP,AK6
CFAP75,AK7
FAP75,AK7
FLJ32864,AK7
C9ORF98,AK8
FLJ32704,AK8
C18ORF42,AKAIN1
AKAP121,AKAP1
AKAP149,AKAP1
AKAP84,AKAP1
D-AKAP1,AKAP1
PPP1R43,AKAP1
PRKA1,AKAP1
S-AKAP84,AKAP1
SAKAP84,AKAP1
TDRD17,AKAP1
AKAP82,AKAP4
CT99,AKAP4
FSC1,AKAP4
HAKAP82,AKAP4
HI,AKAP4
P82,AKAP4
ADAP6,AKAP6
AKAP100,AKAP6
KIAA0311,AKAP6
MAKAP,AKAP6
PRKA6,AKAP6
D-AKAP2,AKAP10
MGC9414,AKAP10
PRKA10,AKAP10
AKAP220,AKAP11
DKFZP781I12161,AKAP11
FLJ11304,AKAP11
KIAA0629,AKAP11
PPP1R44,AKAP11
PRKA11,AKAP11
AKAP250,AKAP12
SSECKS,AKAP12
AKAP-LBC,AKAP13
ARHGEF13,AKAP13
BRX,AKAP13
C-LBC,AKAP13
HA-3,AKAP13
HT31,AKAP13
LBC,AKAP13
PROTO-LB,AKAP13
AKAP28,AKAP14
721P,AKAP17A
CCDC133,AKAP17A
CXYORF3,AKAP17A
DXYS155E,AKAP17A
MGC39904,AKAP17A
SFRS17A,AKAP17A
XE7,AKAP17A
XE7Y,AKAP17A
AKAP16B,AKAP17BP
AKAP16BP,AKAP17BP
C6ORF166,AKIRIN2
DJ486L4.2,AKIRIN2
FLJ10342,AKIRIN2
ALDR1,AKR1B1
AR,AKR1B1
ALDRL4,AKR1B1P4
AKR1B1P,AKR1B1P5
AKR1B11,AKR1B10
AKR1B12,AKR1B10
ALDRLN,AKR1B10
ARL-1,AKR1B10
ARL1,AKR1B10
HIS,AKR1B10
HSI,AKR1B10
DD1,AKR1C1
DDH,AKR1C1
DDH1,AKR1C1
HAKRC,AKR1C1
MBAB,AKR1C1
BABP,AKR1C2
DD,AKR1C2
DD2,AKR1C2
DDH2,AKR1C2
HAKRD,AKR1C2
MCDR2,AKR1C2
TDD,AKR1C2
DDX,AKR1C3
HAKRB,AKR1C3
HSD17B5,AKR1C3
KIAA0119,AKR1C3
PGFS,AKR1C3
3-ALPHA-HSD,AKR1C4
C11,AKR1C4
CDR,AKR1C4
CHDR,AKR1C4
DD4,AKR1C4
HAKRA,AKR1C4
MGC22581,AKR1C4
TAKR,AKR1C6P
SRD5B1,AKR1D1
AKR1CL2,AKR1E2
AKRDC1,AKR1E2
HTAKR,AKR1E2
HTSP1,AKR1E2
MGC10612,AKR1E2
AFARP1,AKR7A2P1
LOBE,AKT1S1
MGC2865,AKT1S1
PRAS40,AKT1S1
PKBG,AKT3
PRKBG,AKT3
RAC-GAMMA,AKT3
FLJ13258,AKTIP
FTS,AKTIP
ALADH,ALAD
PBGS,ALAD
ALAS-E,ALAS2
ASB,ALAS2
CD166,ALCAM
MEMD,ALCAM
ALDH1,ALDH1A1
PUMB1,ALDH1A1
RALDH1,ALDH1A1
RALDH2,ALDH1A2
ALDH6,ALDH1A3
RALDH3,ALDH1A3
ALDH5,ALDH1B1
ALDHX,ALDH1B1
10-FTHF,ALDH1L1
FDH,ALDH1L1
FTHFD,ALDH1L1
FLJ38508,ALDH1L2
MTFDH,ALDH1L2
ALDH3,ALDH3A1
ALDH10,ALDH3A2
FALDH,ALDH3A2
SLS,ALDH3A2
ALDH4,ALDH4A1
P5CDH,ALDH4A1
SSADH,ALDH5A1
SSDH,ALDH5A1
ATQ1,ALDH7A1
EPD,ALDH7A1
PDE,ALDH7A1
ATQL2,ALDH7A1P2
ATQL4,ALDH7A1P4
ALDH12,ALDH8A1
MGC10204,ALDH16A1
GSAS,ALDH18A1
P5CS,ALDH18A1
PYCS,ALDH18A1
SPG9,ALDH18A1
CDGS4,ALG3
D16ERTD36E,ALG3
NOT56,ALG3
NOT56L,ALG3
BA421P11.2,ALG5
DIBD1,ALG9
ALG10A,ALG10
DIE2,ALG10
FLJ14751,ALG10
KCR1,ALG10B
CDG1P,ALG11
KIAA0266,ALG11
CDG1G,ALG12
ECM39,ALG12
MGC19780,ALG14
ALK1,ALK
CD246,ALK
AUGB,ALKAL1
FAM150A,ALKAL1
UNQ9433,ALKAL1
ABH,ALKBH1
ALKB,ALKBH1
ALKBH,ALKBH1
HABH,ALKBH1
ABH2,ALKBH2
MGC90512,ALKBH2
FLJ20013,ALKBH4
FLJ20308,ALKBH5
OFOXD1,ALKBH5
ALMS1L,ALMS1P1
ALMS1P,ALMS1P1
5-LOX,ALOX5
FLAP,ALOX5AP
12R-LOX,ALOX12B
ALOX12P,ALOX12P1
15-LOX-2,ALOX15B
E-LOX,ALOXE3
ELOX3,ALOXE3
HAK,ALPK2
KIAA1330,ALPK3
MAK,ALPK3
MIDORI,ALPK3
DKFZP686I0110,ALS2CL
FLJ36525,ALS2CL
RN49018,ALS2CL
CART1,ALX1
EDC1,AMBP
HCP,AMBP
HI30,AMBP
IATIL,AMBP
ITI,AMBP
ITIL,AMBP
ITILC,AMBP
UTI,AMBP
SAMDC,AMD1
AMD,AMD1P2
AMD2,AMD1P2
AMDP1,AMD1P2
AMDPX,AMD1P2
AMDPY,AMD1P2
MGC35366,AMDHD1
CGI-14,AMDHD2
AIH1,AMELX
AMG,AMELX
AMGL,AMELY
FAM123B,AMER1
FLJ39827,AMER1
RP11-403E24.2,AMER1
WTX,AMER1
FAM123A,AMER2
FLJ25477,AMER2
GP78,AMFR
RNF45,AMFR
KIAA1071,AMOT
JEAP,AMOTL1
RSTI689,AMTN
UNQ689,AMTN
APC1,ANAPC1
MCPR,ANAPC1
TSG24,ANAPC1
APC2,ANAPC2
KIAA1406,ANAPC2
APC4,ANAPC4
APC5,ANAPC5
APC16,ANAPC16
BA570G20.3,ANAPC16
C10ORF104,ANAPC16
CENP-27,ANAPC16
FLJ33728,ANAPC16
RAA1,ANG
RNASE5,ANG
CCR4E,ANGEL1
KIAA0759,ANGEL1
ANG2,ANGPT2
ANGPT5,ANGPTL3
ARP4,ANGPTL4
FIAF,ANGPTL4
HFARP,ANGPTL4
NL2,ANGPTL4
PGAR,ANGPTL4
PP1158,ANGPTL4
ANKRD5,ANKEF1
DJ839B4.6,ANKEF1
FLJ21669,ANKEF1
ANKHZN,ANKFY1
BTBD23,ANKFY1
KIAA1255,ANKFY1
RANK-5,ANKFY1
ZFYVE14,ANKFY1
ANK,ANKH
CCAL2,ANKH
CMDJ,ANKH
CPPDD,ANKH
HANK,ANKH
SLC62A1,ANKH
FLJ10042,ANKHD1
FLJ11979,ANKHD1
FLJ14127,ANKHD1
FLJ20288,ANKHD1
KIAA1085,ANKHD1
MASK,ANKHD1
MASK1,ANKHD1
MASK-BP3,ANKHD1-EIF4EBP3
DKFZP434A0225,ANKIB1
KIAA1386,ANKIB1
DKFZP564O043,ANKMY2
ZMYND20,ANKMY2
ALRP,ANKRD1
C-193,ANKRD1
CARP,ANKRD1
CVARP,ANKRD1
MCARP,ANKRD1
TSA806,ANKRD7
FLJ20093,ANKRD10
ANCO-2,ANKRD12
FLJ20053,ANKRD12
GAC-1,ANKRD12
KIAA0874,ANKRD12
ANKRD20A5,ANKRD20A5P
MGC26718,ANKRD20A5P
ANKRD20A4P1,ANKRD20A10P
C21ORF81,ANKRD20A11P
C21ORF126,ANKRD20A18P
MGC22805,ANKRD22
KIAA1074,ANKRD26
THC2,ANKRD26
LINC00414,ANKRD26P3
FLJ25053,ANKRD29
NY-BR-1.1,ANKRD30B
ANKRD30BP,ANKRD30BP1
C21ORF110,ANKRD30BP1
PRED4,ANKRD30BP1
C21ORF99,ANKRD30BP2
CT85,ANKRD30BP2
CTSP-1,ANKRD30BP2
DP58,ANKRD34B
UNQ2430,ANKRD36
FLJ21281,ANKRD36B
KIAA1641,ANKRD36B
ANKRD26L1,ANKRD36BP1
ANKRD36BL1,ANKRD36BP1
MGC12538,ANKRD36BP1
MGC15396,ANKRD40
C17ORF73,ANKRD40CL
FLJ20694,ANKRD40CL
LINC00483,ANKRD40CL
PP6-ARS-B,ANKRD44
KIAA1223,ANKRD50
LIAR,ANKRD54
FLJ11795,ANKRD55
BA196N14.3,ANKRD60
C20ORF86,ANKRD60
DKFZP779B1634,ANKRD62
VWFP1-ANKRD62P1-PARP4P3,ANKRD62P1-PARP4P3
FLJ32345,ANKS3
FLJ32767,ANKS3
KIAA1977,ANKS3
FLJ38819,ANKS4B
HARP,ANKS4B
C3ORF16,ANKUB1
C11ORF25,ANO3
DYT23,ANO3
GENX-3947,ANO3
TMEM16C,ANO3
FLJ34221,ANO4
FLJ34272,ANO4
FLJ35277,ANO4
TMEM16D,ANO4
ANO7P1,ANO7L1
C1ORF224,ANO7L1
TMEM16M,ANO7L1
FLJ10375,ANO10
MGC47890,ANO10
SCAR10,ANO10
TMEM16K,ANO10
ADMLX,ANOS1
KAL,ANOS1
KAL1,ANOS1
KALIG-1,ANOS1
WFDC19,ANOS1
ADMLY,ANOS2P
KAL-Y,ANOS2P
KALP,ANOS2P
PP32R1,ANP32C
AP-N,ANPEP
CD13,ANPEP
GP150,ANPEP
HAPN,ANPEP
LAP1,ANPEP
P150,ANPEP
PEPN,ANPEP
C16ORF24,ANTKMT
FAM173A,ANTKMT
MGC2494,ANTKMT
CMG-2,ANTXR2
CMG2,ANTXR2
FLJ31074,ANTXR2
ANX1,ANXA1
LPC1,ANXA1
ANX2,ANXA2
ANX2L4,ANXA2
CAL1H,ANXA2
LIP2,ANXA2
LPC2D,ANXA2
ANX2L1,ANXA2P1
ANX2P1,ANXA2P1
LPC2A,ANXA2P1
ANX2L2,ANXA2P2
ANX2P2,ANXA2P2
LPC2B,ANXA2P2
ANX2L3,ANXA2P3
ANX2P3,ANXA2P3
LIP2,ANXA2P3
LPC2C,ANXA2P3
ANX3,ANXA3
ANX4,ANXA4
ANX5,ANXA5
CPB-I,ANXA5
ENX2,ANXA5
PAP-I,ANXA5
RPRGL3,ANXA5
VAC-ALPH,ANXA5
ANX7,ANXA7
ANX8,ANXA8
ANXA8L2,ANXA8L1
BA145E20.2,ANXA8L1
BA301J7.3,ANXA8L1
ANX14,ANXA10
ANX11,ANXA11
ANX13,ANXA13
ABP,AOC1
ABP1,AOC1
DAO,AOC1
DAO2,AOC2
RAO,AOC2
HPAO,AOC3
VAP-1,AOC3
VAP1,AOC3
2C18,AP1AR
C4ORF16,AP1AR
GAMMA-BAR,AP1AR
PRO0971,AP1AR
ADTB1,AP1B1
AP105A,AP1B1
BAM22,AP1B1
CLAPB2,AP1B1
DJ127L4.2,AP1B1P1
ADTB1L2,AP1B1P2
DJ127L4.3,AP1B1P2
G2AD,AP1G2
AP47,AP1M1
CLAPM2,AP1M1
MU1A,AP1M1
AP19,AP1S1
CLAPS1,AP1S1
EKV3,AP1S1
SIGMA1A,AP1S1
WUGSC:H_DJ0747G18.2,AP1S1
MRX59,AP1S2
MRXS5,AP1S2
PGS,AP1S2
SIGMA1B,AP1S2
ADTAB,AP2A2
CLAPA2,AP2A2
DKFZP564D1864,AP2A2
HIP9,AP2A2
HYPJ,AP2A2
KIAA0899,AP2A2
ADTB2,AP2B1
CLAPB1,AP2B1
NAPTB,AP3B2
CLAPS3,AP3S1
SIGMA3B,AP3S2
AP-4-EPSILON,AP4E1
SPG51,AP4E1
MU-4,AP4M1
MU-ARP2,AP4M1
SPG50,AP4M1
AP47B,AP4S1
CLA20,AP4S1
SPG52,AP4S1
C14ORF108,AP5M1
FLJ10813,AP5M1
MU5,AP5M1
MUD,AP5M1
MUDENG,AP5M1
C20ORF29,AP5S1
FLJ11168,AP5S1
KIAA0415,AP5Z1
SPG48,AP5Z1
ZETA,AP5Z1
D9S411E,APBA1
MINT1,APBA1
X11,APBA1
D15S1518E,APBA2
HST16821,APBA2
LIN-10,APBA2
MGC:14091,APBA2
MINT2,APBA2
X11L,APBA2
MINT3,APBA3
X11L2,APBA3
INAG1,APBB1IP
RIAM,APBB1IP
APCL,APC2
B7323,APCDD1
FLJ90166,APCDD1L
APCDD1L-AS1,APCDD1L-DT
ELA,APELA
ENDE,APELA
TDL,APELA
APE,APEX1
APE-1,APEX1
APEN,APEX1
APEX,APEX1
APX,APEX1
HAP1,APEX1
REF-1,APEX1
REF1,APEX1
APE2,APEX2
APEXL2,APEX2
XTH2,APEX2
ZGRF2,APEX2
APH-1B,APH1B
DKFZP564D0372,APH1B
PSFL,APH1B
API5L1,API5P1
APELIN,APLN
XNPEP2,APLN
BSCV,APMAP
C20ORF3,APMAP
APOBEC-1,APOBEC1
BEDP,APOBEC1
CDAR1,APOBEC1
HEPR,APOBEC1
ARCD1,APOBEC2
ARP1,APOBEC2
ARP3,APOBEC3A
PHRBN,APOBEC3A
FLJ21201,APOBEC3B
PHRBNL,APOBEC3B
APOBEC1L,APOBEC3C
ARDC2,APOBEC3C
ARDC4,APOBEC3C
ARP5,APOBEC3C
BK150C2.3,APOBEC3C
PBI,APOBEC3C
APOBEC3DE,APOBEC3D
APOBEC3E,APOBEC3D
ARP6,APOBEC3D
ARP8,APOBEC3F
BK150C2.4.MRNA,APOBEC3F
KA6,APOBEC3F
BK150C2.7,APOBEC3G
CEM15,APOBEC3G
DJ494G10.1,APOBEC3G
FLJ12740,APOBEC3G
MDS019,APOBEC3G
ARP10,APOBEC3H
APOL,APOL1
APOL-II,APOL2
APOLIII,APOL3
CG12-1,APOL3
APOLIV,APOL4
APOLV,APOL5
APOL-VI,APOL6
APOLVI,APOL6
APO-M,APOM
G3A,APOM
NG20,APOM
FAM121B,APOO
MGC4825,APOO
MIC23,APOO
MIC26,APOO
MICOS26,APOO
MY025,APOO
AAIR8193,APOOL
CXORF33,APOOL
FAM121A,APOOL
MIC27,APOOL
MICOS27,APOOL
UNQ8193,APOOL
AD1,APP
ALPHA-SAPP,APP
APPL,APPL1
DIP13B,APPL2
FLJ10659,APPL2
C3ORF35,APRG1
AOA,APTX
AOA1,APTX
AXA1,APTX
EAOH,APTX
EOAHA,APTX
FLJ20157,APTX
GIL,AQP3
AQP-4,AQP4
HAQP4,AQP4
MIWC,AQP4
C18ORF16,AQP4-AS1
CHST9-AS1,AQP4-AS1
FLJ30507,AQP4-AS1
AQP7L,AQP7
AQP9,AQP7
AQPAP,AQP7
AQPX1,AQP11
ARAF1,ARAF
ARAF2,ARAFP2
ARAF2P,ARAFP2
ARAFPS,ARAFP2
PKS1,ARAFP2
ARAF3P,ARAFP3
CENTD3,ARAP3
DRAG1,ARAP3
FLJ21065,ARAP3
FIEL1,AREL1
KIAA0317,AREL1
DJ885L7.7,ARF4P2
ARF1GAP,ARFGAP1
BA261N11.3,ARFGAP1
FLJ10767,ARFGAP1
ARFGAP1,ARFGAP3
ARFGEP1,ARFGEF1
BIG1,ARFGEF1
DKFZP434L057,ARFGEF1
P200,ARFGEF1
BIG2,ARFGEF2
BIG3,ARFGEF3
C6ORF92,ARFGEF3
DJ171N11.1,ARFGEF3
KIAA1244,ARFGEF3
PPP1R33,ARFGEF3
HSU52521,ARFIP1
ARL18,ARFRP1
ARP,ARFRP1
ARP1,ARFRP1
FLJ10154,ARGLU1
GFI2,ARHGAP5
P190-B,ARHGAP5
P190BRHOGAP,ARHGAP5
RHOGAP5,ARHGAP5
C14ORF128,ARHGAP5-AS1
MGC15504,ARHGAP5-AS1
RHOGAPX-1,ARHGAP6
BPGAP1,ARHGAP8
FLJ20185,ARHGAP8
10C,ARHGAP9
MGC1295,ARHGAP9
FLJ20896,ARHGAP10
FLJ41791,ARHGAP10
GRAF2,ARHGAP10
KIAA0013,ARHGAP11A
B'-T,ARHGAP11B
FAM7B1,ARHGAP11B
FLJ10971,ARHGAP12
FLJ20737,ARHGAP12
FLJ21785,ARHGAP12
ARHGAP15P,ARHGAP16P
FLJ10308,ARHGAP17
FLJ13219,ARHGAP17
NADRIN,ARHGAP17
RICH1,ARHGAP17
WBP15,ARHGAP17
FLJ00194,ARHGAP19
MGC14258,ARHGAP19
ARHGAP10,ARHGAP21
KIAA1424,ARHGAP21
RHOGAP2,ARHGAP22
FLJ35752,ARHGAP22-IT1
KIAA1501,ARHGAP23
DKFZP564B1162,ARHGAP24
FILGAP,ARHGAP24
FLJ33877,ARHGAP24
GRAF,ARHGAP26
KIAA0621,ARHGAP26
OPHN1L,ARHGAP26
OPHN1L1,ARHGAP26
CAMGAP1,ARHGAP27
FLJ43547,ARHGAP27
SH3D20,ARHGAP27
SH3P20,ARHGAP27
FLJ10312,ARHGAP28
KIAA1314,ARHGAP28
PARG1,ARHGAP29
CDGAP,ARHGAP31
FLJ30058,ARHGAP36
C20ORF95,ARHGAP40
DJ1100H13.4,ARHGAP40
AD031,ARHGAP42
FLJ32810,ARHGAP42
GRAF3,ARHGAP42
TMEM133,ARHGAP42
AK124326,ARHGAP42-AS1
OPHN1P1,ARHGAP42P3
RHOGDI-3,ARHGDIG
GEF5,ARHGEF5
P60,ARHGEF5
TIM,ARHGEF5
TIM1,ARHGEF5
ALPHA-PIX,ARHGEF6
ALPHAPIX,ARHGEF6
APIX,ARHGEF6
COOL-2,ARHGEF6
COOL2,ARHGEF6
KIAA0006,ARHGEF6
MRX46,ARHGEF6
BETA-PIX,ARHGEF7
COOL1,ARHGEF7
DKFZP686C12170,ARHGEF7
DKFZP761K1021,ARHGEF7
KIAA0142,ARHGEF7
NBLA10314,ARHGEF7
P50,ARHGEF7
P50BP,ARHGEF7
P85,ARHGEF7
P85COOL1,ARHGEF7
P85SPR,ARHGEF7
PAK3,ARHGEF7
PIXB,ARHGEF7
KIAA0424,ARHGEF9
PEM-2,ARHGEF9
GEF10,ARHGEF10
KIAA0294,ARHGEF10
KIAA0382,ARHGEF12
LARG,ARHGEF12
ARGEF15,ARHGEF15
FLJ13791,ARHGEF15
KIAA0915,ARHGEF15
MGC44868,ARHGEF15
VSM-RHOGEF,ARHGEF15
KIAA0337,ARHGEF17
P164-RHOGEF,ARHGEF17
TEM4,ARHGEF17
FLJ33962,ARHGEF19
WGEF,ARHGEF19
GEFT,ARHGEF25
P63RHOGEF,ARHGEF25
DKFZP434D146,ARHGEF26
SGEF,ARHGEF26
ARHGEF5L,ARHGEF35
CTAGE4,ARHGEF35
FLJ43692,ARHGEF35
FLJ41603,ARHGEF37
FLJ20184,ARHGEF38
C9ORF100,ARHGEF39
FLJ14642,ARHGEF39
FLJ10357,ARHGEF40
SOLO,ARHGEF40
BRIGHT,ARID3A
DRIL1,ARID3A
BDP,ARID3B
DRIL2,ARID3B
RBBP1,ARID4A
RBP-1,ARID4A
RBP1,ARID4A
FLJ21150,ARID5B
MRF2,ARID5B
ARI,ARIH1
HARI,ARIH1
HHARI,ARIH1
UBCH7BP,ARIH1
C3ORF71,ARIH2OS
ARIH2P,ARIH2P1
ARFL1,ARL1
ARFL2,ARL2
BART,ARL2BP
BART1,ARL2BP
RP66,ARL2BP
HST2883,ARL2BPP1
ARL2BPL,ARL2BPP2
BCM1040,ARL2BPP2
ARL4,ARL4A
ARL7,ARL4C
LAK,ARL4C
AIP1,ARL6IP1
ARL6IP,ARL6IP1
ARMER,ARL6IP1
KIAA0069,ARL6IP1
SPG61,ARL6IP1
ARL6IPP1,ARL6IP1P1
ARLTS1,ARL11
FLJ33930,ARL11
ARL13,ARL13A
ARF7EP,ARL14EP
C11ORF46,ARL14EP
FLJ38968,ARL14EP
ARL17,ARL17B
LINC02170,ARLNC1
PRCAT47,ARLNC1
ARCP,ARMC1
FLJ10511,ARMC1
BA787I22.1,ARMC2
DKFZP434P0714,ARMC2
CT81,ARMC3
FLJ32827,ARMC3
FLJ13063,ARMC5
MGC19595,ARMC6
MGC3195,ARMC10
SVH,ARMC10
ALEX1,ARMCX1
GASP7,ARMCX1
ALEX2,ARMCX2
GASP9,ARMCX2
KIAA0512,ARMCX2
ALEX3,ARMCX3
GASP6,ARMCX3
CXORF35,ARMCX4
GASP4,ARMCX4
MGC40053,ARMCX4
FLJ12969,ARMCX5
GASP5,ARMCX5
FLJ20811,ARMCX6
GASP10,ARMCX6
C10ORF76,ARMH3
FLJ13114,ARMH3
C14ORF37,ARMH4
UT2,ARMH4
ARMD8,ARMS2
LOC387715,ARMS2
C6ORF211,ARMT1
FLJ12910,ARMT1
ARPC3B,ARPC3P1
DJ470L14.3,ARPC3P1
ARC16-2,ARPC5L
MGC3038,ARPC5L
C15ORF38,ARPIN
MGC61550,ARPIN
C15ORF38-AP3S2,ARPIN-AP3S2
ARPP-16,ARPP19
ARPP-19,ARPP19
ARPP16,ARPP19
ENSAL,ARPP19
ARRX,ARR3
MGC40555,ARRDC1
KIAA1376,ARRDC3
TLIMP,ARRDC3
FLJ36045,ARRDC4
ASA,ARSA
ASB,ARSB
ASD,ARSD
ARSDP,ARSDP1
ARSDY1,ARSDP1
ASF,ARSF
ARSFP,ARSFP1
FLJ16069,ARSI
SPG66,ARSI
ARSE,ARSL
CDPX,ARSL
CDPX1,ARSL
ARSEP,ARSLP1
ARSEP1,ARSLP1
CT121,ARX
EIEE1,ARX
ISSX,ARX
MRX29,ARX
MRX32,ARX
MRX33,ARX
MRX36,ARX
MRX38,ARX
MRX43,ARX
MRX54,ARX
MRX76,ARX
MRX87,ARX
MRXS1,ARX
PRTS,ARX
AC,ASAH1
ACDASE,ASAH1
ASAH,ASAH1
FLJ21558,ASAH1
PHP32,ASAH1
CENTB4,ASAP1
DDEF1,ASAP1
KIAA1249,ASAP1
PAP,ASAP1
ZG14P,ASAP1
CENTB3,ASAP2
DDEF2,ASAP2
KIAA0400,ASAP2
PAP,ASAP2
SHAG1,ASAP2
CENTB6,ASAP3
DDEFL1,ASAP3
FLJ20199,ASAP3
UPLC1,ASAP3
ASB-2,ASB2
ASB-3,ASB3
ASB-4,ASB4
DKFZP564L0862,ASB9
FLJ20636,ASB9
MGC4954,ASB9
GLC1F,ASB10
DKFZP779E2460,ASB11
FLJ39577,ASB12
FLJ13134,ASB13
MGC19879,ASB13
DKFZP313L0121,ASB14
ASC1P100,ASCC2
DKFZP586O0223,ASCC2
FLJ21588,ASCC2
ASC1P200,ASCC3
DJ121G13.4,ASCC3
DJ467N11.1,ASCC3
HELIC1,ASCC3
RNAH,ASCC3
ASH1,ASCL1
BHLHA46,ASCL1
HASH1,ASCL1
CIA,ASF1A
DKFZP547E2110,ASF1A
FLJ10604,ASF1B
ACCN3,ASIC3
DRASIC,ASIC3
TNAC1,ASIC3
ACCN5,ASIC5
HINAC,ASIC5
INAC,ASIC5
AGTIL,ASIP
ASP,ASIP
ASAL,ASL
ASLL,ASLP1
ASMTY,ASMT
HIOMT,ASMT
HIOMTY,ASMT
ASMTL-AS,ASMTL-AS1
ASMTLAS,ASMTL-AS1
CXYORF2,ASMTL-AS1
FLJ13330,ASMTL-AS1
NCRNA00105,ASMTL-AS1
FLJ39838,ASPHD2
FLJ20129,ASPN
PLAP-1,ASPN
SLRR1C,ASPN
ASPL,ASPSCR1
ASPS,ASPSCR1
TUG,ASPSCR1
UBXD9,ASPSCR1
UBXN9,ASPSCR1
ALP,ASRGL1
ALP1,ASRGL1
FLJ22316,ASRGL1
ASS,ASS1
CTLN1,ASS1
ASSP1,ASS1P1
ASSP3,ASS1P3
ASSP4,ASS1P4
ASSP5,ASS1P5
ASSP6,ASS1P6
ASSP8,ASS1P8
ASSP9,ASS1P9
ASSP10,ASS1P10
ASSP11,ASS1P11
TCAG_1641141,ASS1P11
ASSP12,ASS1P12
ASSP13,ASS1P13
ASTN,ASTN1
KIAA0634,ASTN2
KIAA0978,ASXL1
KIAA1713,ASXL3
FLJ14600,ATAD1
MSP1,ATAD1
ANCCA,ATAD2
CT137,ATAD2
DKFZP667N1320,ATAD2
MGC29843,ATAD2
MGC5254,ATAD2
PRO2000,ATAD2
KIAA1240,ATAD2B
C6ORF134,ATAT1
EM:AB023049.7,ATAT1
FLJ13158,ATAT1
MEC17,ATAT1
ATE1-AS1,ATE1OSP
ENST00000437593,ATE1OSP
CREB-2,ATF4
TAXREB67,ATF4
TXREB,ATF4
ATF4P,ATF4P1
TAXREB67P,ATF4P1
TXREBP,ATF4P1
CREBL1,ATF6B
G13,ATF6B
BLTP4B,ATG2B
C14ORF103,ATG2B
FLJ10242,ATG2B
APG3L,ATG3
DKFZP564M1178,ATG3
FLJ22125,ATG3
MGC15201,ATG3
PC3-96,ATG3
ATG3P,ATG3P1
DJ54G6.1,ATG3P1
APG4A,ATG4A
AUTL2,ATG4A
APG4B,ATG4B
AUTL1,ATG4B
DKFZP586D1822,ATG4B
KIAA0943,ATG4B
APG4C,ATG4C
AUTL1,ATG4C
AUTL3,ATG4C
FLJ14867,ATG4C
APG5,ATG5
APG5L,ATG5
ASP,ATG5
HAPG5,ATG5
APG10L,ATG10
DKFZP586I0418,ATG10
FLJ13954,ATG10
APG12,ATG12
APG12L,ATG12
ATG12P,ATG12P1
ATG14L,ATG14
KIAA0831,ATG14
APG16L,ATG16L1
ATG16A,ATG16L1
ATG16L,ATG16L1
FLJ10035,ATG16L1
WDR30,ATG16L1
AD-FSP,ATL1
FSP1,ATL1
SPG3,ATL1
SPG3A,ATL1
DKFZP564J0863,ATL3
ASCIZ,ATMIN
KIAA0431,ATMIN
ZNF822,ATMIN
B37,ATN1
D12S755E,ATN1
DRPLA,ATN1
BHLHA13,ATOH7
MATH5,ATOH7
FAM214A,ATOSA
FLJ10980,ATOSA
KIAA1370,ATOSA
BA182N22.6,ATOSB
FAM214B,ATOSB
FLJ11560,ATOSB
KIAA1539,ATOSB
FAM214BP1,ATOSBP1
HAH1,ATOX1
FHM2,ATP1A2
MHP2,ATP1A2
AMOG,ATP1B2
CD298,ATP1B3
FLJ29027,ATP1B3
ATP2A,ATP2A1
SERCA1,ATP2A1
SERCA3,ATP2A3
KIAA0703,ATP2C2
SPCA2,ATP2C2
RP11-517C16.2,ATP2C2-AS1
RP11-517C16.2-001,ATP2C2-AS1
ATP6B,ATP4B
ATP5A,ATP5F1A
ATP5A1,ATP5F1A
ATP5AL2,ATP5F1A
ATPM,ATP5F1A
HATP1,ATP5F1A
OMR,ATP5F1A
ORM,ATP5F1A
ATP5A1P1,ATP5F1AP1
ATP5A1P5,ATP5F1AP1
ATP5A1P6,ATP5F1AP1
ATP5AL1,ATP5F1AP1
ATP5AP1,ATP5F1AP1
ATP5A1P2,ATP5F1AP2
ATP5AP2,ATP5F1AP2
ATP5A1P4,ATP5F1AP4
ATP5AP4,ATP5F1AP4
ATP5A1P7,ATP5F1AP7
ATP5A1P9,ATP5F1AP7
ATP5A1P8,ATP5F1AP8
ATP5A1P10,ATP5F1AP10
ATP5C,ATP5F1C
ATP5C1,ATP5F1C
ATP5CL1,ATP5F1C
ATP5C1P1,ATP5F1CP1
ATP5C2,ATP5F1CP1
ATP5CL2,ATP5F1CP1
ATP5E,ATP5F1E
ATP5EP1,ATP5F1EP1
ATP5EP2,ATP5F1EP2
ATPI,ATP5IF1
ATPIF1,ATP5IF1
ATPIP,ATP5IF1
IP,ATP5IF1
MGC1167,ATP5IF1
MGC8898,ATP5IF1
ATP5G,ATP5MC1
ATP5G1,ATP5MC1
ATP5G1P1,ATP5MC1P1
ATP5GP3,ATP5MC1P1
ATP5G1P4,ATP5MC1P4
ATP5G1P5,ATP5MC1P5
ATP5G1P6,ATP5MC1P6
ATP5G1P7,ATP5MC1P7
ATP5G1P8,ATP5MC1P8
ATP5G2P1,ATP5MC2P1
ATP5GP1,ATP5MC2P1
ATP5G2P2,ATP5MC2P2
ATP5GP2,ATP5MC2P2
ATP5G2P3,ATP5MC2P3
ATP5G2P4,ATP5MC2P4
ATP5J2,ATP5MF
ATP5JL,ATP5MF
ATP5J2LP,ATP5MFP1
ATP5J2P2,ATP5MFP2
BA249L21.4,ATP5MFP2
ATP5J2P3,ATP5MFP3
BA159H20.5,ATP5MFP3
ATP5J2P6,ATP5MFP6
ATP5K2,ATP5MGL
ATP5L2,ATP5MGL
DJ222E13.5,ATP5MGL
ATP5KP1,ATP5MGP1
ATP5LP1,ATP5MGP1
ATPE5KP1,ATP5MGP1
ATP5KP2,ATP5MGP2
ATP5LP2,ATP5MGP2
ATP5LP4,ATP5MGP4
ATP5LP5,ATP5MGP5
ATP5LP8,ATP5MGP8
6.8PL,ATP5MJ
ATP5MPL,ATP5MJ
C14ORF2,ATP5MJ
MLQ,ATP5MJ
MP68,ATP5MJ
AGP,ATP5MK
ATP5MD,ATP5MK
BA792D24.4,ATP5MK
DAPIT,ATP5MK
MGC14697,ATP5MK
USMG5,ATP5MK
ATP5F1P1,ATP5PBP1
ATP5F1P2,ATP5PBP2
ATP5F1P4,ATP5PBP4
ATP5F1P5,ATP5PBP5
ATP5F1P7,ATP5PBP7
ATP5HP1,ATP5PDP1
HST18164,ATP5PDP1
ATP5HP2,ATP5PDP2
ATP5HP4,ATP5PDP4
ATP5,ATP5PF
ATP5A,ATP5PF
ATP5J,ATP5PF
ATPM,ATP5PF
CF6,ATP5PF
ATP5JP1,ATP5PFP1
ATP5O,ATP5PO
ATPO,ATP5PO
OSCP,ATP5PO
16A,ATP6AP1
AC45,ATP6AP1
ATP6IP1,ATP6AP1
ATP6S1,ATP6AP1
CF2,ATP6AP1
ORF,ATP6AP1
VATPS1,ATP6AP1
XAP-3,ATP6AP1
XAP3,ATP6AP1
APT6M8-9,ATP6AP2
ATP6IP2,ATP6AP2
ATP6M8-9,ATP6AP2
M8-9,ATP6AP2
PRR,ATP6AP2
RENR,ATP6AP2
ATP6C,ATP6V1C1
ATP6D,ATP6V1C1
VATC,ATP6V1C1
VMA5,ATP6V1C1
ATP6M,ATP6V1D
VATD,ATP6V1D
VMA8,ATP6V1D
ATP6E,ATP6V1E1
ATP6E2,ATP6V1E1
ATP6V1E,ATP6V1E1
P31,ATP6V1E1
VMA4,ATP6V1E1
ATP6EP2,ATP6V1E1P2
ATP6V1EP2,ATP6V1E1P2
ATP6G,ATP6V1G1
ATP6G1,ATP6V1G1
ATP6GL,ATP6V1G1
ATP6J,ATP6V1G1
DKFZP547P234,ATP6V1G1
VMA10,ATP6V1G1
ATP6V1GP1,ATP6V1G1P1
ATP6V1GP2,ATP6V1G1P2
ATP6G,ATP6V1G2
ATP6G2,ATP6V1G2
EM:AC004181.3,ATP6V1G2
NG38,ATP6V1G2
VMA10,ATP6V1G2
ATP6G3,ATP6V1G3
VMA10,ATP6V1G3
CGI-11,ATP6V1H
SFD,ATP6V1H
SFDALPHA,ATP6V1H
SFDBETA,ATP6V1H
VMA13,ATP6V1H
A4,ATP6V0A4
ATP6N1B,ATP6V0A4
ATP6N2,ATP6V0A4
RDRTA2,ATP6V0A4
RTA1C,ATP6V0A4
RTADR,ATP6V0A4
STV1,ATP6V0A4
VPH1,ATP6V0A4
VPP2,ATP6V0A4
ATP6C,ATP6V0C
ATP6L,ATP6V0C
ATPL,ATP6V0C
VATL,ATP6V0C
VMA3,ATP6V0C
ATP6D2,ATP6V0D2
FLJ38708,ATP6V0D2
VMA6,ATP6V0D2
MNK,ATP7A
WND,ATP7B
ATPIB,ATP8A2
ML-1,ATP8A2
ATPIC,ATP8B1
BRIC,ATP8B1
FIC1,ATP8B1
PFIC,ATP8B1
PFIC1,ATP8B1
RP11-35G9.3,ATP8B1-AS1
ATPIM,ATP8B4
KIAA1939,ATP8B4
ATPIIA,ATP9A
KIAA0611,ATP9A
ATPIIB,ATP9B
ATPVB,ATP10B
FLJ21477,ATP10B
KIAA0715,ATP10B
ATPVD,ATP10D
KIAA1487,ATP10D
ATPIH,ATP11A
ATPIS,ATP11A
KIAA1021,ATP11A
C13ORF35,ATP11AUN
FLJ26443,ATP11AUN
SMABLO1,ATP11AUN
ATP1AL1,ATP12A
H-K-ATPASE,ATP12A
HK,ATP12A
DKFZP761I1011,ATP13A4
FLJ37958,ATP13A4
KUB3,ATP23
XRCC6BP1,ATP23
FRP1,ATR
MEC1,ATR
SCKL,ATR
SCKL1,ATR
DPPT-L,ATRN
MGCA,ATRN
ALP,ATRNL1
FLJ45344,ATRNL1
KIAA0534,ATRNL1
JMS,ATRX
MRX52,ATRX
RAD54,ATRX
XH2,ATRX
XNP,ATRX
ATX2,ATXN2
SCA2,ATXN2
TNRC13,ATXN2
ATX3,ATXN3
JOS,ATXN3
MJD,ATXN3
SCA3,ATXN3
MJDL,ATXN3L
ADCAII,ATXN7
OPCA3,ATXN7
SCA7,ATXN7
SGF73,ATXN7
LNC-SCA7,ATXN7L3B
KLHL1AS,ATXN8OS
NCRNA00003,ATXN8OS
SCA8,ATXN8OS
ATX10,ATXN10
E46L,ATXN10
FLJ37990,ATXN10
SCA10,ATXN10
AIK,AURKA
ARK1,AURKA
AURA,AURKA
BTAK,AURKA
PPP1R47,AURKA
STK15,AURKA
STK6,AURKA
STK7,AURKA
AURKAPS2,AURKAP2
STK6LP,AURKAP2
AIK2,AURKB
AIM-1,AURKB
ARK2,AURKB
AURB,AURKB
IPL1,AURKB
PPP1R48,AURKB
STK12,AURKB
STK5,AURKB
AURBPS1,AURKBP1
AURKBPS1,AURKBP1
PDCD12,AVEN
ADH,AVP
ARVP,AVP
AVPR1,AVPR1A
DIR,AVPR2
DIR3,AVPR2
V2R,AVPR2
DGAT2L3,AWAT1
DGAT2L4,AWAT2
MFAT,AWAT2
PPP1R49,AXIN1
ARK,AXL
JTK11,AXL
TYRO7,AXL
UFO,AXL
AZ2,AZI2
FLJ21939,AZI2
NAP1,AZI2
AZAMP,AZU1
AZU,AZU1
CAP37,AZU1
HBP,AZU1
HUMAZUR,AZU1
NAZC,AZU1
B3GALANT1,B3GALNT1
B3GALT3,B3GALNT1
BETA3GAL-T3,B3GALNT1
GALT3,B3GALNT1
GLOB,B3GALNT1
MGC39558,B3GALNT2
BETA3GAL-T4,B3GALT4
GALT4,B3GALT4
B3GALT-V,B3GALT5
B3T5,B3GALT5
BETA3GAL-T5,B3GALT5
GLCT5,B3GALT5
C21ORF88,B3GALT5-AS1
B3GNT10,B3GALT9
B3GALTL,B3GLCT
B3GLC-T,B3GLCT
B3GTL,B3GLCT
B3GN-T1,B3GNT2
B3GN-T2,B3GNT2
B3GNT-2,B3GNT2
B3GNT1,B3GNT2
BETA3GNT,B3GNT2
B3GN-T4,B3GNT4
BETA3GN-T4,B3GNT4
B3GN-T5,B3GNT5
BETA3GN-T5,B3GNT5
MGC4655,B3GNT9
B3GNT8,B3GNTL1
BETA1-4GALNAC-T,B4GALNT1
GALGT,B4GALNT1
SPG26,B4GALNT1
CAD,B4GALNT2
GALGT2,B4GALNT2
SDA,B4GALNT2
B4GALNAC-T3,B4GALNT3
FLJ16224,B4GALNT3
FLJ40362,B4GALNT3
BETA4GAL-T4,B4GALT4
BETA4GALT-V,B4GALT5
BETA4GALT-VI,B4GALT6
B3GN-T1,B4GAT1
B3GNT1,B4GAT1
B3GNT6,B4GAT1
BETA3GNTI,B4GAT1
IGAT,B4GAT1
IGNT,B4GAT1
MGC4093,B9D2
MKS10,B9D2
MKSR-2,B9D2
BAT,BAAT
C19ORF62,BABAM1
FLJ20571,BABAM1
HSPC142,BABAM1
MERIT40,BABAM1
NBA1,BABAM1
AEPLC,BACE2
ALP56,BACE2
CEAP1,BACE2
DRAP,BACE2
C21ORF75,BACE2-IT1
NCRNA00228,BACE2-IT1
PRED43,BACE2-IT1
BACH-1,BACH1
BTBD24,BACH1
C21ORF8,BACH1-IT3
BAT3,BAG6
D6S52E,BAG6
G3,BAG6
SCYTHE,BAG6
CT2.2,BAGE2
BAHD2,BAHCC1
KIAA1447,BAHCC1
KIAA0945,BAHD1
IRTKS,BAIAP2L1
FLJ22582,BAIAP2L2
PINKBAR,BAIAP2L2
BAK2,BAK1P1
BCL2L7P1,BAK1P1
BAK3,BAK1P2
BAK3P,BAK1P2
BCL2L7P2,BAK1P2
NMA,BAMBI
BAF,BANF1
BCRG1,BANF1P1
BCRP1,BANF1P1
D14S1460,BANF1P1
D14S1460E,BANF1P1
BA122K13.8,BANF1P2
BANF1L1,BANF1P2
BAF-L,BANF2
BAF2,BANF2
BAFL,BANF2
C20ORF179,BANF2
DJ803K15.1,BANF2
BANK,BANK1
FLJ20706,BANK1
BARX1-AS1,BARX1-DT
CAP-23,BASP1
CAP23,BASP1
NAP-22,BASP1
NAP22,BASP1
LOC285696,BASP1-AS1
B-ATF,BATF
BATF1,BATF
SFA-2,BATF
MGC20410,BATF2
BA348N5.3,BBIP1
BBIP10,BBIP1
BBS18,BBIP1
NCRNA00081,BBIP1
C9ORF16,BBLN
EST00098,BBLN
FLJ12823,BBLN
MGC4639,BBLN
BBH,BBOX1
BBOX,BBOX1
G-BBH,BBOX1
GAMMA-BBH,BBOX1
BBS2L1,BBS7
FLJ10715,BBS7
B1,BBS9
PTHB1,BBS9
C12ORF58,BBS10
FLJ23560,BBS10
C4ORF24,BBS12
FLJ35630,BBS12
FLJ41559,BBS12
RP11-284F21.9,BCAN-AS1
BAP29,BCAP29
DKFZP686M2086,BCAP29
6C6-AG,BCAP31
BAP31,BCAP31
CDM,BCAP31
DXS1357E,BCAP31
TCONS_L2_00010135,BCAP31P1
CAS,BCAR1
CASS1,BCAR1
CRKAS,BCAR1
P130CAS,BCAR1
AND-34,BCAR3
MIG7,BCAR3
NSP2,BCAR3
SH2D3B,BCAR3
AIBC1,BCAS1
NABC1,BCAS1
PMES-2,BCAS1
CNOL,BCAS4
FLJ20495,BCAS4
BCATC,BCAT1
BCT1,BCAT1
BCAM,BCAT2
BCATM,BCAT2
BCT2,BCAT2
BCCIPALPHA,BCCIP
TOK-1,BCCIP
CHE1,BCHE
CHE2,BCHE
E1,BCHE
MSU,BCKDHA
OVD1A,BCKDHA
BCL-2,BCL2
PPP1R50,BCL2
ACC-1,BCL2A1
ACC-2,BCL2A1
ACC1,BCL2A1
ACC2,BCL2A1
BCL2L5,BCL2A1
BFL1,BCL2A1
GRS,BCL2A1
HBPA1,BCL2A1
BCL-X,BCL2L1
BCL-XL,BCL2L1
BCL-XS,BCL2L1
BCL2L,BCL2L1
BCLX,BCL2L1
PPP1R52,BCL2L1
BCL-W,BCL2L2
KIAA0271,BCL2L2
PPP1R51,BCL2L2
BCL-B,BCL2L10
BOO,BCL2L10
DIVA,BCL2L10
BCL-RAMBO,BCL2L13
MIL1,BCL2L13
BCL-G,BCL2L14
BCLG,BCL2L14
BCL5,BCL6
BCL6A,BCL6
LAZ3,BCL6
ZBTB27,BCL6
ZNF51,BCL6
BCL11A-L,BCL11A
BCL11A-S,BCL11A
BCL11A-XL,BCL11A
CTIP1,BCL11A
EVI9,BCL11A
HBFQTL5,BCL11A
SMARCM1,BCL11A
ZNF856,BCL11A
BTF,BCLAF1
KIAA0164,BCLAF1
CXORF23,BCLAF3
BCDO,BCO1
BCDO1,BCO1
BCMO,BCO1
BCMO1,BCO1
FLJ10730,BCO1
B-DIOX-II,BCO2
BCDO2,BCO2
FLJ34464,BCO2
FLJ20285,BCOR
KIAA1575,BCOR
CXORF10,BCORL1
FLJ11362,BCORL1
FLJ39821,BCORP1
ALL,BCR
BCR1,BCR
CML,BCR
D22S11,BCR
D22S662,BCR
PHL,BCR
BCR-1,BCRP1
BCR-2,BCRP2
BCR2,BCRP2
BCRL2,BCRP2
BCR3,BCRP3
BCRL3,BCRP3
BCRL6,BCRP3
BCR-4,BCRP4
BCR4,BCRP4
BCRL4,BCRP4
BCRL5,BCRP5
BDH,BDH1
SDR9C1,BDH1
DHRS6,BDH2
FLJ13261,BDH2
PRO20933,BDH2
SDR15C1,BDH2
UCPA-OR,BDH2
UNQ6308,BDH2
BA758C21.1,BDH2P1
DHRS6P1,BDH2P1
B1BKR,BDKRB1
BKR1,BDKRB1
BRADYB1,BDKRB1
BK-2,BDKRB2
BDNF-AS1,BDNF-AS
BDNFAS,BDNF-AS
BDNFOS,BDNF-AS
BT2A,BDNF-AS
BT2B,BDNF-AS
BT2C,BDNF-AS
BT2D,BDNF-AS
NCRNA00049,BDNF-AS
HSA238520,BDP1
KIAA1241,BDP1
KIAA1689,BDP1
TAF3B1,BDP1
TFC5,BDP1
TFIIIB150,BDP1
TFIIIB90,BDP1
TFNR,BDP1
ATG6,BECN1
VPS30,BECN1
KIAA1446,BEGAIN
CXORF20,BEND2
MGC33653,BEND2
KIAA1553,BEND3
BA203B9.1,BEND6
C6ORF65,BEND6
FLJ30162,BEND6
FLJ20132,BEST2
VMD2L1,BEST2
MGC13168,BEST3
MGC40411,BEST3
VMD2L3,BEST3
HBET1,BET1
HI-LNC15,BETALINC1
NGFRAP1L1,BEX5
BAR,BFAR
RNF47,BFAR
CP115,BFSP1
CP94,BFSP1
FILENSIN,BFSP1
LIFL-H,BFSP1
CP47,BFSP2
CP49,BFSP2
LIFL-L,BFSP2
PHAKININ,BFSP2
BETA3,BHLHE22
BHLHB5,BHLHE22
CAGL85,BHLHE22
TNRC20,BHLHE22
BA305P22.3,BHLHE23
BETA4,BHLHE23
BHLHB4,BHLHE23
BHMT1,BHMT
CCDC64B,BICDL2
GLTSCR1-AS1,BICRA-AS1
NBK,BIK
BRAP-1,BIN2
KIAP,BIRC7
ML-IAP,BIRC7
MLIAP,BIRC7
RNF50,BIRC7
FLJ20159,BIVM
BC10,BLCAP
MGC10442,BLK
BS,BLM
RECQ2,BLM
RECQL3,BLM
BH,BLMH
BLOS3,BLOC1S3
HPS8,BLOC1S3
DJ303A1.3,BLOC1S5
MU,BLOC1S5
MUTED,BLOC1S5
MUTED-TXNDC5,BLOC1S5-TXNDC5
HPS9,BLOC1S6
PA,BLOC1S6
PLDN,BLOC1S6
KIAA0701,BLTP3B
SHIP164,BLTP3B
SHIP164A,BLTP3B
UHRF1BP1L,BLTP3B
BLVR,BLVRA
C16ORF45,BMERB1
FLJ32618,BMERB1
FLJ00065,BMF
PCGF4,BMI1
RNF51,BMI1
LNC-OPHN1-5,BMI1P1
BMP-1,BMP1
PCOLC,BMP1
BMP2A,BMP2
BIKE,BMP2K
DKFZP434K0614,BMP2K
BMP2B,BMP4
VGR,BMP6
VGR1,BMP6
OP-1,BMP7
GDF9B,BMP15
BMPR1APS2,BMPR1AP2
BMS1L,BMS1
KIAA0187,BMS1
BA96C23.1,BMS1P3
BMS1LP3,BMS1P3
OTTHUMG00000018662,BMS1P3
BA164N7.1,BMS1P7
BMS1LP7,BMS1P7
OTTHUMG00000018163,BMS1P7
C7ORF60,BMT2
DKFZP762M126,BMT2
FLJ31818,BMT2
SAMTOR,BMT2
ETK,BMX
PSCTK3,BMX
BNC,BNC1
HST19447,BNC1
RP11-62F24.2,BNC2-AS1
HABON,BNIP3
NIP3,BNIP3
BNIP3A,BNIP3L
NIX,BNIP3L
BNIP3P,BNIP3P1
C6ORF222,BNIP5
DKFZP779B1540,BNIP5
FAM44B,BOD1
BOD1P,BOD1L2
FAM44C,BOD1L2
MGC33608,BOD1L2
BCL2L9,BOK
BOKL,BOK
MGC4631,BOK
BOKAS,BOK-AS1
NATOB,BOK-AS1
NCRNA00151,BOK-AS1
KIAA0124,BOP1
C13ORF34,BORA
FLJ22624,BORA
LOH12CR1,BORCS5
LOH1CR12,BORCS5
C17ORF59,BORCS6
FLJ20014,BORCS6
MEF2BNB,BORCS8
MEF2BNB-MEF2B,BORCS8-MEF2B
BPH-RP,BPHL
MCNAA,BPHL
VACVASE,BPHL
BPIFD1,BPI
BA49G10.5,BPIFA1
LUNX,BPIFA1
PLUNC,BPIFA1
SPLUNC1,BPIFA1
BA49G10.1,BPIFA2
C20ORF70,BPIFA2
PSP,BPIFA2
SPLUNC2,BPIFA2
BA49G10.4,BPIFA3
C20ORF71,BPIFA3
SPLUNC3,BPIFA3
BASE,BPIFA4P
BA49G10.6,BPIFB1
C20ORF114,BPIFB1
DJ1187J4.1,BPIFB1
LPLUNC1,BPIFB1
MGC14597,BPIFB1
VEMSGP,BPIFB1
BPIL1,BPIFB2
C20ORF184,BPIFB2
DJ726C3.2,BPIFB2
LPLUNC2,BPIFB2
C20ORF185,BPIFB3
DJ726C3.4,BPIFB3
LPLUNC3,BPIFB3
RYA3,BPIFB3
C20ORF186,BPIFB4
DJ726C3.5,BPIFB4
LPLUNC4,BPIFB4
BPIL3,BPIFB6
LPLUNC6,BPIFB6
C20ORF115,BPIFB9P
DJ1187J4.2,BPIFB9P
BPIL2,BPIFC
DJ149A16.7,BPIFC
FLJ20421,BPNT2
GPAPP,BPNT2
IMPA3,BPNT2
IMPAD1,BPNT2
BPNT2P,BPNT2P1
BPY2A,BPY2
VCY2,BPY2
VCY2A,BPY2
VCY2B,BPY2B
VCY2C,BPY2C
BRAF2,BRAFP1
BRAFPS2,BRAFP1
BRAP2,BRAP
IMP,BRAP
RNF52,BRAP
BRCC2,BRCA2
FACD,BRCA2
FAD,BRCA2
FAD1,BRCA2
FANCD,BRCA2
FANCD1,BRCA2
XRCC11,BRCA2
BRCC36,BRCC3
C6.1A,BRCC3
CXORF53,BRCC3
BRL,BRD1
BRPF2,BRD1
BRD2-IT1,BRD2
D6S113E,BRD2
FSRG1,BRD2
KIAA9001,BRD2
NAT,BRD2
RING3,BRD2
BRD7P,BRD7P1
P120,BRD8
SMAP,BRD8
BRF,BRF1
GTF3B,BRF1
HBRF,BRF1
TAF3B2,BRF1
TAF3C,BRF1
TFIIIB90,BRF1
DBC1,BRINP1
DBCCR1,BRINP1
FAM5A,BRINP1
DBCCR1L,BRINP3
DBCCR1L1,BRINP3
FAM5C,BRINP3
C3ORF10,BRK1
HSPC300,BRK1
MDS027,BRK1
C19ORF57,BRME1
MEIOK21,BRME1
MGC11271,BRME1
DKFZP564A063,BRMS1
BRMS1,BRMS1L
FLJ39177,BRMS1L
MGC11296,BRMS1L
KIAA1286,BRPF3
BB3,BRS3
BB3R,BRS3
BBR3,BRS3
KIAA1811,BRSK1
SAD-B,BRSK1
C11ORF7,BRSK2
PEN11B,BRSK2
SAD-A,BRSK2
STK29,BRSK2
C21ORF107,BRWD1
DCAF19,BRWD1
FLJ11315,BRWD1
N143,BRWD1
WDR9,BRWD1
BRWD1-IT2,BRWD1-AS2
C21ORF87,BRWD1-AS2
NCRNA00257,BRWD1-AS2
FLJ38568,BRWD3
MRX93,BRWD3
BSP1,BSPH1
ELSPBP2,BSPH1
FLJ20150,BSPRY
BST-1,BST1
CADPR2,BST1
CD157,BST1
BSX1,BSX
MOT1,BTAF1
TAF(II)170,BTAF1
TAF-172,BTAF1
TAF172,BTAF1
TAFII170,BTAF1
DJ742J24.1,BTBD3
KIAA0952,BTBD3
BDPL,BTBD6
FLJ10648,BTBD7
FUP1,BTBD7
C10ORF87,BTBD16
EM:AC061711.1,BTBD16
FLJ25359,BTBD16
MGC23908,BTF3L4
HUMBTFA,BTF3P1
RAET1J,BTF3P10
BTF3L1,BTF3P11
HUMBTFB,BTF3P11
OCIF,BTF3P11
OPG,BTF3P11
TNFRSF11B,BTF3P11
BTF3L2,BTF3P12
HUMBTFC,BTF3P12
BTF3L3,BTF3P13
HUMBTFD,BTF3P13
APRO2,BTG1
ANA,BTG3
ANA/BTG3,BTG3
APRO4,BTG3
TOB55,BTG3
ASBEL,BTG3-AS1
AGMX1,BTK
ATK,BTK
IMD1,BTK
PSCTK1,BTK
XLA,BTK
BTLA1,BTLA
CD272,BTLA
BT,BTN1A1
BTN,BTN1A1
BTN1,BTN1A1
BT2.1,BTN2A1
BTF1,BTN2A1
BTN2.1,BTN2A1
BT2.2,BTN2A2
BTF2,BTN2A2
BTN2.2,BTN2A2
BT3.1,BTN3A1
BTF5,BTN3A1
BTN3.1,BTN3A1
CD277,BTN3A1
BTN3.2,BTN3A2
BTF3,BTN3A3
BTN3.3,BTN3A3
BTL-II,BTNL2
BTN7,BTNL2
HSBLMHC1,BTNL2
BTN9.1,BTNL3
BTNLR,BTNL3
BTN9.2,BTNL8
FLJ21458,BTNL8
BTN8,BTNL9
FLJ32535,BTNL9
BTN4,BTNL10P
BTNL10,BTNL10P
BUTR1,BTNL10P
BETA-TRCP1,BTRC
BETATRCP,BTRC
BTRCP,BTRC
BTRCP1,BTRC
FBXW1A,BTRC
FWD1,BTRC
BUB1A,BUB1B
BUBR1,BUB1B
MAD3L,BUB1B
SSK1,BUB1B
BUB3L,BUB3
HBVES,BVES
POP1,BVES
POPDC1,BVES
BA195O1.1,C1DP1
BA369J21.3,C1DP2
BA369J21.2,C1DP3
C1GALT,C1GALT1
T-SYNTHASE,C1GALT1
C1GALT2,C1GALT1C1
COSMC,C1GALT1C1
CREF,C1orf87
MGC34837,C1orf87
APOLO1,C1orf112
FLIP,C1orf112
FLJ10706,C1orf112
MGC52423,C1orf210
TEMP,C1orf210
FLJ38984,C1orf216
C1QBPP,C1QBPP1
C1QRF,C1QL1
C1QTNF14,C1QL1
CRF,C1QL1
CTRP14,C1QL1
C1QTNF10,C1QL2
CTRP10,C1QL2
CTRP2,C1QTNF2
2310005P21RIK,C1QTNF3
CORCS,C1QTNF3
CORS,C1QTNF3
CORS-26,C1QTNF3
CTRP3,C1QTNF3
CTRP4,C1QTNF4
ZACRP4,C1QTNF4
CTRP6,C1QTNF6
ZACRP6,C1QTNF6
CTRP7,C1QTNF7
AQL1,C1QTNF9
C1QTNF9A,C1QTNF9
CTRP9,C1QTNF9
MGC48915,C1QTNF9
CTRP9B,C1QTNF9B
C1R-LP,C1RL
C1RL1,C1RL
MATL2963,C1RL-AS1
C21ORF25,C2CD2
C21ORF258,C2CD2
DKFZP586F0422,C2CD2
TMEM24L,C2CD2
FAM148C,C2CD4C
KIAA1957,C2CD4C
NLF3,C2CD4C
C2ORF27,C2orf27A
AIM29,C2orf76
LOC130355,C2orf76
MGC104437,C2orf76
COG5373,C2orf78
FLJ43987,C2orf78
HCG1989538,C2orf78
GONDA1,C2orf80
LOC389073,C2orf80
MGC13057,C2orf88
SMAKAP,C2orf88
LINC01125,C2orf92
G20,C3orf18
DKFZP434N1817,C3orf20
AC3-33,C3orf33
FLJ31139,C3orf33
MGC26717,C3orf38
FLJ22763,C3orf85
C4,C4A
C4A2,C4A
C4A3,C4A
C4A4,C4A
C4A6,C4A
C4B,C4A
C4S,C4A
CO4,C4A
CPAMD2,C4A
RG,C4A
C4B1,C4B
C4B3,C4B
C4F,C4B
CH,C4B
CO4,C4B
CPAMD3,C4B
DKFZP434G072,C4orf17
FLJ11017,C4orf19
FLJ33703,C4orf33
MGC26744,C4orf36
FLJ25371,C4orf45
LOC201725,C4orf46
RCDG1,C4orf46
C5A,C5AR1
C5AR,C5AR1
C5R1,C5AR1
CD88,C5AR1
C5L2,C5AR2
GPR77,C5AR2
FLJ11193,C5orf22
FLJ37562,C5orf24
FLJ32363,C5orf34
AP-64,C5orf46
MGC23985,C5orf46
SSSP1,C5orf46
LOC133491,C5orf47
STG,C6orf15
D6S53E,C6orf47
G4,C6orf47
BA85G2.1,C6orf118
MGC23884,C6orf118
EM:AB023049.8,C6orf136
LOC441150,C6orf226
MGC11257,C7orf50
YCR016W,C7orf50
MOST-1,C8orf17
FLJ20989,C8orf33
VEST-1,C8orf34
VEST1,C8orf34
FLJ11267,C8orf44
FLJ25402,C8orf48
FLJ34715,C8orf58
FLJ14825,C8orf76
MGC70857,C8orf82
BA573M23.4,C9orf24
CBE1,C9orf24
MGC32921,C9orf24
MGC33614,C9orf24
NYD-SP22,C9orf24
SMRP1,C9orf24
FLJ10110,C9orf40
MGC17358,C9orf43
MGC10999,C9orf64
MGC61599,C9orf85
MGC41945,C9orf131
BA470J20.2,C9orf152
BA507D14.1,C9orf153
FLJ36779,C9orf163
BA417O11.3,C10orf55
BA215C7.4,C10orf67
C10ORF115,C10orf67
LINC01552,C10orf67
MGC46732,C10orf67
CEFIP,C10orf71
FLJ45913,C10orf71
EM:AC016825.4,C10orf82
MGC33547,C10orf82
EM:AC073585.5,C10orf88
FLJ13490,C10orf88
PAAT,C10orf88
FLJ14280,C10orf95
FLJ00245,C10orf105
BA318C4.1,C10orf120
LINC00959,C10orf143
FLJ25219,C11orf52
MGC14839,C11orf52
PTD012,C11orf54
MFI,C11orf65
MGC33948,C11orf65
BLES03,C11orf68
P5326,C11orf68
LOC399947,C11orf87
LOH11CR1A,C11orf87
NEURIM1,C11orf87
DKFZP434N2030,C12orf29
FLJ40126,C12orf40
FLJ35821,C12orf50
C10,C12orf57
GRCC10,C12orf57
AGD3,C12orf75
OCC-1,C12orf75
OCC1,C12orf75
KCCAT198,C12orf75-AS1
LINC00371,C13orf42
DRIP-1,C14orf28
DRIP1,C14orf28
SIX6OS1,C14orf39
FLJ12154,C14orf93
RTFC,C14orf93
FLJ20671,C14orf119
C14ORF88,C14orf132
FLJ25976,C14orf178
C14ORF77,C14orf180
NRAC,C14orf180
FLJ32831,C15orf32
MGC29937,C15orf40
COXFA4L3,C15orf48
MIR147BHG,C15orf48
MISTRAV,C15orf48
MOCCI,C15orf48
NMES1,C15orf48
LOC145853,C15orf61
LOC643338,C15orf62
FLJ32702,C16orf46
MGC17624,C16orf74
MGC33367,C16orf78
MGC45438,C16orf89
LOC646174,C16orf90
FLJ39647,C17orf78
LIAT1,C17orf97
LOC400566,C17orf97
LOC388381,C17orf98
LOC388327,C17orf100
FLJ31338,C18orf15
HST3231,C18orf15
HST3108,C18orf21
PNAS-124,C18orf21
PNAS-131,C18orf21
ARK2N,C18orf25
ARKL1,C18orf25
MGC12909,C18orf25
RNF111L1,C18orf25
FLJ23458,C18orf32
LAS2,C18orf54
MGC33382,C18orf54
DKFZP781G0119,C18orf63
MGC41906,C19orf18
FLJ36666,C19orf25
FLJ21742,C19orf44
FLJ10490,C19orf73
BA196N14.1,C20orf85
LLC1,C20orf85
DJ1103G7.2,C20orf96
DJ860F19.4,C20orf141
BCLT,C20orf144
DJ63M2.6,C20orf144
DJ477O4.4,C20orf173
DJ824A14.1,C20orf181
FLJ33706,C20orf203
DKFZP434G015,C20orf204
FLJ27267,C20orf204
LINC00176,C20orf204
NCRNA00176,C20orf204
PRR17,C20orf204
B37,C21orf62
C21ORF120,C21orf62
PRED81,C21orf62
C21ORF49,C21orf62-AS1
C21ORF14,C21orf91
C21ORF38,C21orf91
CSSG1,C21orf91
EURL,C21orf91
YG81,C21orf91
D21S2089E,C21orf91-OT1
NCRNA00285,C21orf91-OT1
FAM243A,C21orf140
FLJ36561,C22orf15
N27C7-3,C22orf15
EVG1,C22orf23
FLJ32787,C22orf23
LOC84645,C22orf23
BK747E2.1,C22orf31
HS747E2A,C22orf31
MGC74441,C22orf39
C22ORF46,C22orf46P
CTA-216E10.6,C22orf46P
FLJ23584,C22orf46P
CAR1,CA1
CA-II,CA2
CAII,CA2
CAR2,CA2
CAIII,CA3
CAR3,CA3
CA5P,CA5AP1
CALS,CA8
CARP,CA8
CAIX,CA9
MN,CA9
CA-RPX,CA10
CARPX,CA10
HUCEP-15,CA10
CARP2,CA11
CARPX1,CA11
HST18816,CA12
CAXIII,CA13
FLJ37995,CA13
MGC59868,CA13
C9ORF82,CAAP1
CAAP,CAAP1
FLJ13657,CAAP1
BA103J18.3,CAB39L
FLJ12577,CAB39L
MO2L,CAB39L
BA63A2.1,CABCOCO1
C10ORF107,CABCOCO1
EM:AC022398.2,CABCOCO1
MGC44593,CABCOCO1
KIAA0330,CABIN1
PPP3IN,CABIN1
FLJ35924,CABLES1
HST2563,CABLES1
C20ORF150,CABLES2
DJ908M14.2,CABLES2
IK3-2,CABLES2
CABP3,CABP5
MGC57793,CABP7
C4ORF35,CABS1
CLPH,CABS1
FLJ32897,CABS1
NYD-SP26,CABS1
CBP86,CABYR
CT88,CABYR
FSP-2,CABYR
C9ORF7,CACFD1
D9S2135,CACFD1
FLOWER,CACFD1
KIAA1573,CACHD1
VWCD1,CACHD1
CACNL1A5,CACNA1B
CACNN,CACNA1B
CAV2.2,CACNA1B
CACH2,CACNA1C
CACN2,CACNA1C
CACNL1A1,CACNA1C
CAV1.2,CACNA1C
CCHL1A1,CACNA1C
LQT8,CACNA1C
TS,CACNA1C
AIED,CACNA1F
CAV1.4,CACNA1F
CORDX3,CACNA1F
CSNB2,CACNA1F
CSNB2A,CACNA1F
CSNBX2,CACNA1F
JM8,CACNA1F
JMC8,CACNA1F
OA2,CACNA1F
CAV3.2,CACNA1H
CAV3.3,CACNA1I
ALPHA2DELTA-4,CACNA2D4
CACNLG,CACNG1
MGC138502,CACNG2
MGC138504,CACNG2
STARGAZIN,CACNG2
MGC11138,CACNG4
MGC24983,CACNG4
C10ORF46,CACUL1
CAC1,CACUL1
FLJ40409,CACUL1
MGC33215,CACUL1
IGSF4C,CADM4
NECL-4,CADM4
SYNCAM4,CADM4
TSLL2,CADM4
CAPS,CADPS
CAPS1,CADPS
KIAA1121,CADPS
UNC-31,CADPS
BA69L16.7,CAGE1
CT95,CAGE1
CTAG3,CAGE1
CALB,CALB1
CAL2,CALB2
CALC2,CALCB
CGRP-II,CALCB
FLJ30166,CALCB
CALPHOGLIN,CALCOCO1
COCOA,CALCOCO1
KIAA1536,CALCOCO1
MGC17318,CALCOCO2
NDP52,CALCOCO2
CT-R,CALCR
CTR,CALCR
CGRPR,CALCRL
CRLR,CALCRL
FAM26C,CALHM1
FAM26B,CALHM2
BA225H22.7,CALHM3
FAM26A,CALHM3
C6ORF187,CALHM6
DJ93H18.5,CALHM6
FAM26F,CALHM6
INAM,CALHM6
OTTHUMP00000017061,CALHM6
OTTHUMP00000017062,CALHM6
RP1-93H18.5,CALHM6
RP1-93H18.6,CALHM6-AS1
CALML1,CALM1P1
TCAG_1643085,CALM1P2
PHKD,CALM3
PHKD3,CALM3
CLP,CALML3
MGC4809,CALML4
NY-BR-20,CALML4
CLSP,CALML5
CRT2,CALR3
CT93,CALR3
FLJ25355,CALR3
MGC26577,CALR3
CALCYON,CALY
DRD1IP,CALY
NSG3,CALY
CKLIK,CAMK1D
CAM-KIIN,CAMK2N2
CAMK-GR,CAMK4
CAMKIV,CAMK4
CAMKKA,CAMKK1
DKFZP761M0423,CAMKK1
MGC34095,CAMKK1
CAMKK,CAMKK2
CAMKKB,CAMKK2
KIAA0787,CAMKK2
MGC15254,CAMKK2
CAML,CAMLG
GET2,CAMLG
DKFZP434F195,CAMSAP1
FLJ31228,CAMSAP1
KIAA1543,CAMSAP3
NEZHA,CAMSAP3
PPP1R80,CAMSAP3
DKFZP434M1414,CAND1
KIAA0829,CAND1
TIP120,CAND1
TIP120A,CAND1
CNX,CANX
IP90,CANX
P90,CANX
CALPM,CAPN6
CANPX,CAPN6
CAPNX,CAPN6
NCL-2,CAPN8
FLJ23523,CAPN13
SOLH,CAPN15
MGC12536,CAPNS2
MGC14804,CAPNS2
CAPS1,CAPS
MGC126562,CAPS
MGC26610,CAPSL
LNC-IL7R-1,CAPSL-DT
CAPZA1P,CAPZA1P1
CAPPA3,CAPZA3
GSG3,CAPZA3
BIMP1,CARD10
CARMA3,CARD10
ICEBERG,CARD18
PSEUDO-ICE,CARD18
UNQ5804,CARD18
BA370F5.1,CARD19
BINCARD,CARD19
C9ORF89,CARD19
MGC11115,CARD19
RP11-326A19.4,CARMAL
BC008134,CARMIL3
C14ORF121,CARMIL3
CRML-1,CARMIL3
LRRC16B,CARMIL3
C9ORF41,CARNMT1
FLJ25795,CARNMT1
C9ORF41-AS1,CARNMT1-AS1
CARS,CARS1
CARS-AS1,CARS1-AS1
CARSP2,CARS1P2
FLJ12118,CARS2
C10ORF5,CASC2
BTZ,CASC3
MLN51,CASC3
ESCCAL-1,CASC9
LINC-JPH1,CASC9
LINC00981,CASC9
LINC00918,CASC16
LOC643714,CASC16
LINC00600,CASC17
LOC101929110,CASC18
LINC01373,CASC22
LINCRNA-ENST00000515084,CASC22
TCONS_00024290,CASC22
LINC01464,CASC23
CAGH39,CASK
FGS4,CASK
LIN2,CASK
TNRC8,CASK
CASKP,CASKP1
CASP17P,CASP4LP
CASPASE-6,CASP6
CSP-6,CASP6
MCH2,CASP6
CMH-1,CASP7
ICE-LAP3,CASP7
MCH3,CASP7
CED-4,CASP8AP2
FLASH,CASP8AP2
FLJ11208,CASP8AP2
KIAA1315,CASP8AP2
RIP25,CASP8AP2
CASP12P1,CASP12
MGC119078,CASP14
MGC119079,CASP14
MICE,CASP14
CASP16,CASP16P
CASQ,CASQ1
CSQ1,CASQ1
PDIB1,CASQ1
C20ORF32,CASS4
HEFL,CASS4
HEPL,CASS4
GATSL3,CASTOR1
CASTOR,CASZ1
CST,CASZ1
FLJ20321,CASZ1
SRG,CASZ1
ZNF693,CASZ1
CATSPER,CATSPER1
C14ORF161,CATSPERB
FLJ14298,CATSPERB
C1ORF101,CATSPERE
MGC33370,CATSPERE
C11ORF20,CATSPERZ
DKFZP566E164,CATSPERZ
TEX40,CATSPERZ
CAV,CAV1
CAV,CAV2
CAVIN-4,CAVIN4
MURC,CAVIN4
MTGR1,CBFA2T2
ZMYND3,CBFA2T2
CBL-B,CBLB
RNF56,CBLB
CT138,CBLL2
FLJ25735,CBLL2
HAKAIL,CBLL2
ZNF645,CBLL2
CBLNL1,CBLN4
DJ885A10.1,CBLN4
CBR,CBR1
SDR21C1,CBR1
SDR21C2,CBR3
PLNCRNA-1,CBR3-AS1
HIP4,CBS
CBX,CBX1
HP1-BETA,CBX1
HP1HS-BETA,CBX1
M31,CBX1
MOD1,CBX1
CBX9,CBX1P5
HP1HS-GAMMA,CBX3
HPC3,CBX8
PC3,CBX8
RC1,CBX8
C22ORF2,CBY1
CBY,CBY1
CHIBBY,CBY1
CHIBBY1,CBY1
PGEA1,CBY1
PIGEA-14,CBY1
PIGEA14,CBY1
NURIT,CBY2
SPERT,CBY2
AKI-1,CC2D1A
FLJ20241,CC2D1A
FREUD-1,CC2D1A
LGD2,CC2D1A
MRT3,CC2D1A
TAPE,CC2D1A
CARP-1,CCAR1
CARP1,CCAR1
FLJ10590,CCAR1
DBC-1,CCAR2
DBC1,CCAR2
KIAA1967,CCAR2
NET35,CCAR2
FLJ30681,CCBE1
KIAA1983,CCBE1
DKFZP761F241,CCDC3
CXORF37,CCDC22
JM1,CCDC22
FLJ32825,CCDC27
C6ORF80,CCDC28A
CCRL1AP,CCDC28A
DKFZP586D0623,CCDC28A
GVQW2,CCDC28A-AS1
CT61,CCDC33
FLJ32855,CCDC33
L15,CCDC34
NY-REN-41,CCDC34
RAMA3,CCDC34
FLJ40089,CCDC38
CFAP172,CCDC40
CILD15,CCDC40
FAP172,CCDC40
FLJ20753,CCDC40
FLJ32021,CCDC40
KIAA1640,CCDC40
CCDC42A,CCDC42
FLJ32734,CCDC42
FLJ31795,CCDC43
C3ORF6,CCDC50
DFNA44,CCDC50
YMER,CCDC50
BR22,CCDC59
HSPC128,CCDC59
TAP26,CCDC59
MGC39827,CCDC60
HVFL3,CCDC61
VFL3,CCDC61
FLJ35843,CCDC63
ODA5,CCDC63
CFAP250,CCDC65
CILD27,CCDC65
DRC2,CCDC65
FAP250,CCDC65
FLJ35732,CCDC65
NYD-SP28,CCDC65
SE57-1,CCDC68
DKFZP434K1172,CCDC70
FLJ25853,CCDC70
DKFZP434E2321,CCDC74B
FLJ16339,CCDC81
FLJ23514,CCDC81
KIAA1912,CCDC85A
DIPA,CCDC85B
BRLZ,CCDC88B
CCDC88,CCDC88B
FLJ00354,CCDC88B
FLJ37970,CCDC88B
GIPIE,CCDC88B
HKRP3,CCDC88B
DAPLE,CCDC88C
HKRP2,CCDC88C
KIAA1509,CCDC88C
SCA40,CCDC88C
FLJ22471,CCDC92
FLJ10996,CCDC93
FLJ40267,CCDC97
MGC20255,CCDC97
MGC10992,CCDC102A
ACY1L,CCDC102B
AN,CCDC102B
C18ORF14,CCDC102B
FLJ23594,CCDC102B
HST1731,CCDC102B
CILD17,CCDC103
FLJ13094,CCDC103
FLJ34211,CCDC103
PR46B,CCDC103
FLJ40365,CCDC105
HSU79303,CCDC106
MGC31967,CCDC107
MGC39633,CCDC112
CCP1,CCDC115
FLJ30131,CCDC115
MGC12981,CCDC115
FLJ36046,CCDC116
FLJ33814,CCDC117
JM11,CCDC120
FLJ31846,CCDC122
KENAE,CCDC125
FLJ25701,CCDC127
FLJ22349,CCDC134
MGC16597,CCDC137
CCDC137P,CCDC137P1
LOC100129792,CCDC152
C6ORF129,CCDC167
DJ153P14.2,CCDC167
C13ORF40,CCDC168
FLJ40176,CCDC168
C13ORF38,CCDC169
LOC728591,CCDC169
RP11-251J8.1,CCDC169
C13ORF38-SOHLH2,CCDC169-SOHLH2
BA282P11.1,CCDC170
C6ORF97,CCDC170
FLJ23305,CCDC170
BA536D16.1,CCDC171
BA778P13.1,CCDC171
C9ORF93,CCDC171
EM:AL513423.1,CCDC171
FLJ39267,CCDC171
FLJ46740,CCDC171
C10ORF96,CCDC172
MGC35062,CCDC172
C14ORF38,CCDC175
C14ORF162,CCDC177
PLPL,CCDC177
C18ORF34,CCDC178
FLJ44050,CCDC178
BA216L13.7,CCDC183
KIAA1984,CCDC183
MGC15438,CCDC183
KIAA1984-AS1,CCDC183-AS1
C10ORF118,CCDC186
CCCP-1,CCDC186
FLJ10188,CCDC186
FLJ35301,CCDC186
GOLGIN104,CCDC186
C14ORF53,CCDC196
LINC00238,CCDC196
NCRNA00238,CCDC196
C14ORF48,CCDC197
LINC00521,CCDC197
C14ORF105,CCDC198
FLJ10650,CCDC198
C12ORF12,CCER1
MGC26598,CCER1
C6ORF18,CCHCR1
HCR,CCHCR1
BTBD20,CCIN
KBTBD14,CCIN
G0S19-1,CCL3
LD78ALPHA,CCL3
MIP-1-ALPHA,CCL3
SCYA3,CCL3
D17S1718,CCL3L1
G0S19-2,CCL3L1
LD78BETA,CCL3L1
SCYA3L,CCL3L1
SCYA3L1,CCL3L1
MGC12815,CCL3L1
ACT-2,CCL4
AT744.1,CCL4
LAG1,CCL4
MIP-1-BETA,CCL4
SCYA4,CCL4
D17S136E,CCL5
MGC17164,CCL5
RANTES,CCL5
SCYA5,CCL5
SISD,CCL5
TCP228,CCL5
CKB1,CCL14
HCC-1,CCL14
HCC-3,CCL14
MCIF,CCL14
NCC-2,CCL14
SCYA14,CCL14
SCYL2,CCL14
HCC-2,CCL15
HMRP-2B,CCL15
LKN-1,CCL15
MIP-1D,CCL15
MIP-5,CCL15
NCC-3,CCL15
SCYA15,CCL15
SCYL3,CCL15
CKB12,CCL16
HCC-4,CCL16
LCC-1,CCL16
LEC,CCL16
LMC,CCL16
MTN-1,CCL16
NCC-4,CCL16
SCYA16,CCL16
SCYL4,CCL16
ABCD-2,CCL17
SCYA17,CCL17
TARC,CCL17
AMAC-1,CCL18
CKB7,CCL18
DC-CK1,CCL18
DCCK1,CCL18
MIP-4,CCL18
PARC,CCL18
SCYA18,CCL18
CKB11,CCL19
ELC,CCL19
EXODUS-3,CCL19
MIP-3B,CCL19
SCYA19,CCL19
6CKINE,CCL21
CKB9,CCL21
ECL,CCL21
EXODUS-2,CCL21
SCYA21,CCL21
SLC,CCL21
TCA4,CCL21
A-152E5.1,CCL22
ABCD-1,CCL22
DC/B-CK,CCL22
MDC,CCL22
MGC34554,CCL22
SCYA22,CCL22
STCP-1,CCL22
CKB-8,CCL23
CKB8,CCL23
MIP-3,CCL23
MPIF-1,CCL23
SCYA23,CCL23
ALP,CCL27
CTACK,CCL27
CTAK,CCL27
ESKINE,CCL27
ILC,CCL27
PESKY,CCL27
SCYA27,CCL27
SKINKINE,CCL27
CCK1,CCL28
MEC,CCL28
SCYA28,CCL28
C7ORF22,CCM2
MGC4607,CCM2
OSM,CCM2
C20ORF160,CCM2L
DJ310O13.5,CCM2L
CTGF,CCN2
IGFBP8,CCN2
IGFBP9,CCN3
NOV,CCN3
WISP-1,CCN4
WISP1,CCN4
WISP1-OT1,CCN4
WISP1-UT1,CCN4
CT58,CCN5
CTGF-L,CCN5
WISP-2,CCN5
WISP2,CCN5
CT146,CCNA1
CCN1,CCNA2
CCNA,CCNA2
C14ORF18,CCNB1IP1
HEI10,CCNB1IP1
HST17299,CCNB2
CYCB3,CCNB3
CYCC,CCNC
CCND3P,CCND3P1
DIP1,CCNDBP1
GCIP,CCNDBP1
HHM,CCNDBP1
CCNE,CCNE1
CYCE2,CCNE2
FBX1,CCNF
FBXO1,CCNF
CYCH,CCNH
P34,CCNH
P37,CCNH
CCNI1,CCNI
FLJ16793,CCNI2
BA690P14.1,CCNJ
FLJ10895,CCNJ
CCNJP,CCNJP1
CPR4,CCNK
ANIA-6A,CCNL1
CCNU,CCNO
FLJ22422,CCNO
UDG2,CCNO
UNG2,CCNO
CYCM,CCNQ
FAM58A,CCNQ
FAM58AP1,CCNQP2
FAM58CP,CCNQP2
FAM58Y,CCNQP2
FAM58DP,CCNQP3
C10ORF9,CCNY
CBCP1,CCNY
CFP1,CCNY
AL117336.3,CCNY-AS1
CC-CKR-4,CCR4
CD194,CCR4
CHEMR13,CCR4
CKR4,CCR4
CMKBR4,CCR4
K5-5,CCR4
BLR2,CCR7
CD197,CCR7
CDW197,CCR7
CMKBR7,CCR7
EBI1,CCR7
GPR183P1,CCR12P
FAM190B,CCSER2
KIAA1128,CCSER2
CCTB,CCT2
CCT6,CCT6A
CCTZ,CCT6A
HTR3,CCT6A
TCP20,CCT6A
TCPZ,CCT6A
TTCP20,CCT6A
CCTZ2,CCT6B
TSA303,CCT6B
C21ORF112,CCT8
CCTQ,CCT8
PRED71,CCT8
CCT8L1,CCT8L1P
CESK1,CCT8L2
SRBC,CD2
LIN1,CD2BP2
PPP1R59,CD2BP2
SNU40,CD2BP2
U5-52K,CD2BP2
API6,CD5L
SPALPHA,CD5L
GP40,CD7
LEU-9,CD7
TP40,CD7
TP41,CD7
SIGLEC-2,CD22
SIGLEC2,CD22
CD24A,CD24
CD24L2,CD24P2
CD24L4,CD24P4
FAT,CD36
GP3B,CD36
GP4,CD36
GPIIIB,CD36
GPIV,CD36
SCARB3,CD36
TSPAN26,CD37
CADPR1,CD38
BP50,CD40
P50,CD40
TNFRSF5,CD40
CD154,CD40LG
CD40-L,CD40LG
CD40L,CD40LG
GP39,CD40LG
HCD40L,CD40LG
HIGM1,CD40LG
IMD3,CD40LG
T-BAM,CD40LG
TNFSF5,CD40LG
TRAP,CD40LG
RP1-68D18.4,CD44-AS1
BCM1,CD48
BLAST,CD48
HCD48,CD48
MCD48,CD48
SLAMF2,CD48
MOX44,CD53
TSPAN25,CD53
LFA3,CD58
DKFZP686M18236,CD68
GP110,CD68
LAMP4,CD68
SCARD1,CD68
CD27-L,CD70
CD27L,CD70
CD27LG,CD70
TNFSF7,CD70
CD72B,CD72
LYB2,CD72
B7-1,CD80
B7.1,CD80
CD28LG,CD80
CD28LG1,CD80
IA4,CD82
KAI1,CD82
R2,CD82
ST6,CD82
TSPAN27,CD82
BL11,CD83
HB15,CD83
C1QR(P),CD93
C1QR1,CD93
C1QRP,CD93
CDW93,CD93
DJ737E23.1,CD93
ECSM3,CD93
MXRA4,CD93
TACTILE,CD96
MIC2,CD99
CD99L1,CD99P1
CXYORF12,CD99P1
MIC2R,CD99P1
NCRNA00103,CD99P1
CPAMD7,CD109
DKFZP762L1111,CD109
FLJ38569,CD109
PETA-3,CD151
RAPH,CD151
SFA-1,CD151
TSPAN24,CD151
HNA2A,CD177
NB1,CD177
PRV1,CD177
CD177P,CD177P1
LY64,CD180
LY78,CD180
RP105,CD180
MOX1,CD200
MOX2,CD200
MRC,CD200
OX-2,CD200
CDSIGN,CD209
CLEC4L,CD209
DC-SIGN,CD209
DC-SIGN1,CD209
HDC-SIGN,CD209
DNAM-1,CD226
DNAM1,CD226
PTA1,CD226
TLISA1,CD226
CD164L1,CD248
TEM1,CD248
B7-H3,CD276
B7H3,CD276
B7RP-2,CD276
CMRF-35-H9,CD300A
CMRF35H,CD300A
IGSF12,CD300A
IRC1,CD300A
IRC2,CD300A
IRP60,CD300A
CMRF-35A,CD300C
CMRF35,CD300C
CMRF35A,CD300C
IGSF16,CD300C
LIR,CD300C
CLM7,CD300LB
TREM5,CD300LB
CD300D,CD300LD
CMRF35A4,CD300LD
C17ORF77,CD300LD-AS1
FLJ31882,CD300LD-AS1
BIMLEC,CD302
CLEC13A,CD302
DCL-1,CD302
KIAA0022,CD302
8D6,CD320
8D6A,CD320
TCBLR,CD320
NYD-SP15,CDADC1
CDC18L,CDC6
CDC14,CDC14A
CDC14A1,CDC14A
CDC14A2,CDC14A
DFNB105,CDC14A
DFNB32,CDC14A
ANAPC6,CDC16
APC6,CDC16
CUT9,CDC16
FLJ37927,CDC20B
CDC20P,CDC20P1
OTTHUMG00000020142,CDC20P1
ANAPC8,CDC23
APC8,CDC23
CUT23,CDC23
CDC25,CDC25C
PPP1R60,CDC25C
ANAPC12,CDC26
APC12,CDC26
C9ORF17,CDC26
CDC26P,CDC26P1
TCAG_1970866,CDC26P1
P50CDC37,CDC37
A-761H5.2,CDC37P1
EHB3,CDC40
FLJ10564,CDC40
PRP17,CDC40
PRPF17,CDC40
DMPK2,CDC42BPG
HSMDPKIN,CDC42BPG
KAPPA-200,CDC42BPG
MRCKGAMMA,CDC42BPG
BORG5,CDC42EP1
CEP1,CDC42EP1
MSE55,CDC42EP1
BORG3,CDC42EP5
CEP5,CDC42EP5
BK3216D2.3,CDC42P1
FLJ21967,CDC42SE2
SPEC2,CDC42SE2
CDC45L,CDC45
CDC45L2,CDC45
FLJ20764,CDCA4
HEPP,CDCA4
JPO2,CDCA7L
R1,CDCA7L
RAM2,CDCA7L
CD318,CDCP1
SIMA135,CDCP1
CD325,CDH2
CDHN,CDH2
NCAD,CDH2
R-CAD,CDH4
CAD11,CDH11
OB,CDH11
BR-CADHERIN,CDH12
CDHB,CDH12
C41-CAD,CDH12P2
CDH12P,CDH12P2
CDH14,CDH15
CDH3,CDH15
CADHERIN,CDH17
HPT-1,CDH17
CDH14,CDH18
EY-CADHERIN,CDH18
CDH7,CDH19
CDH7,CDH20
CDH7L3,CDH20
C20ORF25,CDH22
DJ998H6.1,CDH22
CDHR23,CDH23
DFNB12,CDH23
USH1D,CDH23
BA327E2.3,CDH23-AS1
C10ORF106,CDH23-AS1
NCRNA00223,CDH23-AS1
CDH11L,CDH24
VR20,CDH26
CORD15,CDHR1
KIAA1775,CDHR1
PCDH21,CDHR1
RP65,CDHR1
CDH28,CDHR3
FLJ23834,CDHR3
FLJ44366,CDHR3
FLJ20219,CDHR5
MU-PCDH,CDHR5
MUCDHL,CDHR5
MUPCDH,CDHR5
C15ORF41,CDIN1
FLJ22851,CDIN1
HH114,CDIN1
MGC11326,CDIN1
C16ORF5,CDIP1
CDIP,CDIP1
LITAFL,CDIP1
PIS,CDIPT
PIS1,CDIPT
PSK-J3,CDK4
CDK4PS,CDK4P1
PSSALRE,CDK5
CDK5PS,CDK5P1
C20ORF34,CDK5RAP1
C42,CDK5RAP1
CGI-05,CDK5RAP1
HSPC167,CDK5RAP1
C48,CDK5RAP2
CEP215,CDK5RAP2
FLJ10867,CDK5RAP2
MCPH3,CDK5RAP2
PLSTIRE,CDK6
CAK,CDK7
CAK1,CDK7
CDKN7,CDK7
MO15,CDK7
STK1,CDK7
CDK7PS,CDK7P1
K35,CDK8
CDK8PS,CDK8P1
C-2K,CDK9
CDC2L4,CDK9
PITALRE,CDK9
TAK,CDK9
PISSLRE,CDK10
PFTAIRE1,CDK14
PFTK1,CDK14
FLJ16665,CDK16
PCTAIRE,CDK16
PCTAIRE1,CDK16
PCTGAIRE,CDK16
PCTK1,CDK16
PCTAIRE2,CDK17
PCTK2,CDK17
BA346C16.3,CDK19
CDC2L6,CDK19
CDK11,CDK19
KIAA1028,CDK19
CCRK,CDK20
P42,CDK20
PNQALRE,CDK20
FLJ20342,CDKAL1
KKIALRE,CDKL1
KKIAMRE,CDKL2
P56,CDKL2
CFAP247,CDKL5
EIEE2,CDKL5
STK9,CDKL5
BWCR,CDKN1C
BWS,CDKN1C
KIP2,CDKN1C
P57,CDKN1C
CARF,CDKN2AIP
FLJ20036,CDKN2AIP
INK4C,CDKN2C
P18,CDKN2C
CDI1,CDKN3
KAP,CDKN3
ARMETL1,CDNF
C22ORF40,CDPF1
LOC150383,CDPF1
CDR,CDR1
CDR34,CDR1
CDR62A,CDR1
LINC00025,CDRT7
NCRNA00025,CDRT7
CDRT15P,CDRT15P1
CDRT15L1,CDRT15P2
C2ORF27B,CDRT15P3
MGC50273,CDRT15P3
C2ORF27AP2,CDRT15P5
C2ORF27AP1,CDRT15P10
C2ORF27AP3,CDRT15P14
D6S586E,CDSN
CDX3,CDX2
CDY1A,CDY1
CDY2,CDY2A
CDY,CDY2B
CDYL1,CDYL
DKFZP586C1622,CDYL
FLJ38866,CDYL2
BGP,CEACAM1
BGP1,CEACAM1
CD66A,CEACAM1
CGM7,CEACAM4
CEA,CEACAM7
CGM2,CEACAM7
CD66B,CEACAM8
CGM6,CEACAM8
FLJ13540,CEACAM21
R29124_1,CEACAM21
CGM8,CEACAMP1
CGM9,CEACAMP2
CEACAM24P,CEACAMP3
CGM10,CEACAMP3
CGM11,CEACAMP4
CGM12,CEACAMP5
CGM17,CEACAMP10
CGM18,CEACAMP11
C/EBP-BETA,CEBPB
CRP2,CEBPB
IL6DBP,CEBPB
LAP,CEBPB
NFIL6,CEBPB
TCF5,CEBPB
KIAA1740,CECR2
SAHL1,CECR7
BSSL,CEL
MODY8,CEL
ELA1,CELA1
BRUNOL3,CELF2
CUGBP2,CELF2
ETR-3,CELF2
NAPOR-2,CELF2
C10ORF31,CELF2-AS1
EM:AC026887.2,CELF2-AS1
FLJ40494,CELF2-AS1
BRUNOL4,CELF4
BRUNOL5,CELF5
BRUNOL6,CELF6
ADGRC1,CELSR1
CDHF9,CELSR1
FMI2,CELSR1
HFMI2,CELSR1
ME2,CELSR1
HYBID,CEMIP
IR2155535,CEMIP
KIAA1199,CEMIP
TMEM2L,CEMIP
TMEM2,CEMIP2
CP-23,CEMP1
CCDC84,CENATAC
DLNB14,CENATAC
CCDC84-DT,CENATAC-DT
BM88,CEND1
FLJ90066,CEND1
CENPBD1P1,CENPBD2P
CENP-C,CENPC
CENPC1,CENPC
HCP-4,CENPC
MIF2,CENPC
CENP-I,CENPI
FSHPRH1,CENPI
LRPR1,CENPI
MIS6,CENPI
BM032,CENPJ
CPAP,CENPJ
LAP,CENPJ
LIP1,CENPJ
MCPH6,CENPJ
SAS-4,CENPJ
SASS4,CENPJ
SCKL4,CENPJ
CENP-K,CENPK
FKSG14,CENPK
SOLT,CENPK
C22ORF18,CENPM
CENP-M,CENPM
MGC861,CENPM
PANE1,CENPM
BM039,CENPN
C16ORF60,CENPN
FLJ13607,CENPN
FLJ22660,CENPN
CENP-P,CENPP
RP11-19J3.3,CENPP
C6ORF139,CENPQ
CENP-Q,CENPQ
FLJ10545,CENPQ
CENP-50,CENPU
CENP-U,CENPU
KLIP1,CENPU
MLF1IP,CENPU
PBIP1,CENPU
CENPVP1,CENPVL1
PRR6L1,CENPVL1
CENPVP2,CENPVL2
CENPVP3,CENPVL3
C6ORF173,CENPW
CUG2,CENPW
C16ORF63,CEP20
DKFZP686N1651,CEP20
FLJ31153,CEP20
FOPNL,CEP20
FOR20,CEP20
PHSECRG2,CEP20
DKFZP762H1311,CEP41
FLJ22445,CEP41
JBTS15,CEP41
TSGA14,CEP41
KIAA1712,CEP44
C10ORF3,CEP55
CT111,CEP55
FLJ10540,CEP55
KIAA0092,CEP57
TRANSLOKIN,CEP57
TSP57,CEP57
C10ORF37,CEP57L1P1
C6ORF182P,CEP57L1P1
BITE,CEP70
FLJ13036,CEP70
FLJ10565,CEP72
KIAA1519,CEP72
C18ORF9,CEP76
FLJ12542,CEP76
HST1705,CEP76
C9ORF81,CEP78
FLJ12643,CEP78
CCDC41-AS1,CEP83-DT
CEP83-AS1,CEP83-DT
BA57K17.2,CEP85L
C6ORF204,CEP85L
NY-BR-15,CEP85L
CCDC123,CEP89
FLJ14640,CEP89
CCDC100,CEP120
FLJ36090,CEP120
KIAA1377,CEP126
C14ORF145,CEP128
C14ORF61,CEP128
AZ1,CEP131
AZI1,CEP131
KIAA1118,CEP131
KIAA0912,CEP152
MCPH9,CEP152
SCKL5,CEP152
KIAA1052,CEP164
NPHP15,CEP164
FAM68A,CEP170
KAB,CEP170
KIAA0470,CEP170
CEP170R,CEP170B
FAM68C,CEP170B
KIAA0284,CEP170B
CEP170L,CEP170P1
FAM68B,CEP170P1
KIAA0470L,CEP170P1
MGC26143,CEP170P1
FLJ10352,CEP192
KIAA1569,CEP192
PPP1R62,CEP192
RP11-773H22.4,CEP192-DT
C-NAP1,CEP250
CEP2,CEP250
KIAA1731,CEP295
DAND4,CER1
CEECAM1,CERCAM
GLT25D3,CERCAM
DA59H18.2,CERK
DA59H18.3,CERK
DKFZP434E0211,CERK
FLJ21430,CERK
FLJ23239,CERK
HCERK,CERK
KIAA1646,CERK
LK4,CERK
LOC100129973,CERNA1
HOST2,CERNA2
CTA,CERNA3
LASS3,CERS3
MGC27091,CERS3
FLJ12089,CERS4
LASS4,CERS4
TRH1,CERS4
CEH,CES1
CES1A1,CES1
CES1A2,CES1
CES2,CES1
HMSE,CES1
HMSE1,CES1
SES1,CES1
CES1A3,CES1P1
CES4,CES1P1
CESR,CES1P1
PCE-3,CES1P1
CAUXIN,CES5A
CES4C1,CES5A
CES5,CES5A
CES7,CES5A
FLJ31547,CES5A
CEN1,CETN1
CETN,CETN1
CALT,CETN2
CEN2,CETN2
CEN3,CETN3
BPIFF,CETP
C16ORF80,CFAP20
FSAP23,CFAP20
GTL3,CFAP20
C3ORF67-AS1,CFAP20DC-AS1
BA373N18.2,CFAP43
C10ORF79,CFAP43
FLJ22944,CFAP43
FLJ36006,CFAP43
WDR96,CFAP43
FLJ11142,CFAP44
WDR52,CFAP44
WDR52-AS1,CFAP44-AS1
CHDC2,CFAP47
CXORF22,CFAP47
CXORF30,CFAP47
CXORF59,CFAP47
FLJ36601,CFAP47
MGC34831,CFAP47
RP13-11B7.1,CFAP47
FLJ37528,CFAP52
WDR16,CFAP52
WDRPUH,CFAP52
CCDC11,CFAP53
FLJ32743,CFAP53
C12ORF55,CFAP54
C12ORF63,CFAP54
FLJ31514,CFAP54
FLJ44112,CFAP54
BA554P13.1,CFAP58
C10ORF80,CFAP58
CCDC147,CFAP58
FLJ35908,CFAP58
C20ORF26,CFAP61
CAM-IP3,CFAP61
DJ1002M8.3,CFAP61
DKFZP434K156,CFAP61
C11ORF1,CFAP68
FLJ23499,CFAP68
C7ORF63,CFAP69
FAP69,CFAP69
FLJ21062,CFAP69
FLJ25765,CFAP70
TTC18,CFAP70
C5ORF49,CFAP90
LOC134121,CFAP90
C9ORF135,CFAP95
C16ORF93,CFAP119
CCDC189,CFAP119
MGC104706,CFAP119
FAM183A,CFAP144
HCG23177,CFAP144
LOC440585,CFAP144
C9ORF117,CFAP157
C15ORF26,CFAP161
FLJ38615,CFAP161
FAP221,CFAP221
PCDP1,CFAP221
C21ORF48,CFAP298
C21ORF59,CFAP298
CILD26,CFAP298
DNAAF16,CFAP298
FBB18,CFAP298
FLJ20467,CFAP298
KUR,CFAP298
C21ORF77,CFAP298-TCP10L
FLJ10932,CFAP298-TCP10L
LINC00846,CFAP298-TCP10L
A2,CFAP410
C21ORF2,CFAP410
LRRC76,CFAP410
YF5,CFAP410
BF,CFB
BFD,CFB
H2-BF,CFB
ADN,CFD
DF,CFD
PFD,CFD
BCNT,CFDP1
CENP-29,CFDP1
CP27,CFDP1
P97,CFDP1
SWC5,CFDP1
YETI,CFDP1
CFHL2,CFHR2
FHR2,CFHR2
HFL3,CFHR2
CFHL5,CFHR5
FHR-5,CFHR5
FHR5,CFHR5
MGC35136,CFL1P1
CFLL1,CFL1P5
CFLP5,CFL1P5
PFC,CFP
C20ORF189,CFTRP1
DJ760C5.1,CFTRP1
C6ORF150,CGAS
H-CGAS,CGAS
MB21D1,CGAS
HCG,CGB5
SLRR4B,CHADL
CAF-1,CHAF1A
CAF1,CHAF1A
CAF1B,CHAF1A
CAF1P150,CHAF1A
MGC71229,CHAF1A
P150,CHAF1A
CAF-1,CHAF1B
CAF1,CHAF1B
CAF1A,CHAF1B
CAF1P60,CHAF1B
MPHOSPH7,CHAF1B
MPP7,CHAF1B
C13ORF8,CHAMP1
CAMP,CHAMP1
CHAMP,CHAMP1
ZNF828,CHAMP1
C10ORF34,CHCHD1
FLJ25854,CHCHD1
C7ORF17,CHCHD2
MIX17B,CHCHD2
MNRR1,CHCHD2
C9ORF49,CHCHD2P9
CHCHD9,CHCHD2P9
FLJ20420,CHCHD3
MIC19,CHCHD3
MICOS19,CHCHD3
MINOS3,CHCHD3
PPP1R22,CHCHD3
CHCM1,CHCHD6
MGC13016,CHCHD6
MIC25,CHCHD6
MICOS25,CHCHD6
PPP1R23,CHCHD6
COX23,CHCHD7
MGC2217,CHCHD7
C22ORF16,CHCHD10
MIX17A,CHCHD10
N27C7-4,CHCHD10
CHD5,CHD6
DJ620E11.1,CHD6
FLJ22369,CHD6
KIAA1335,CHD6
RIGB,CHD6
DUPLIN,CHD8
HELSNF1,CHD8
KIAA1564,CHD8
BA444G7,CHEK2
CDS1,CHEK2
CHK2,CHEK2
HUCDS1,CHEK2
PP1425,CHEK2
RAD53,CHEK2
CHEK2L1,CHEK2P1
DAN16,CHERP
ERPROT213-21,CHERP
PHE5,CHGA
PHES,CHGA
SCG1,CHGB
SGI,CHGB
AMCASE,CHIA
CHIT2,CHIA
TSA1902,CHIA
BRX,CHIC1
FLJ42707,CHID1
MGC3234,CHID1
SI-CLP,CHID1
CHETK,CHKB
CHKL,CHKB
CHKB-AS1,CHKB-DT
HRAT,CHKB-DT
TCONS_00029632,CHKB-DT
CALL,CHL1
FLJ44930,CHL1
L1CAM2,CHL1
MGC132578,CHL1
DXS540,CHM
REP-1,CHM
TCD,CHM
CHMP1,CHMP1A
KIAA0047,CHMP1A
PCOLN3,CHMP1A
PRSM1,CHMP1A
VPS46A,CHMP1A
C18ORF2,CHMP1B
CHMP1.5,CHMP1B
VPS46B,CHMP1B
C14ORF123,CHMP4A
HSPC134,CHMP4A
VPS32A,CHMP4A
C20ORF178,CHMP4B
DJ553F4.4,CHMP4B
SHAX1,CHMP4B
SNF7-2,CHMP4B
VPS32B,CHMP4B
MGC29816,CHMP7
C21ORF68,CHODL
FLJ12627,CHODL
MT75,CHODL
PRED12,CHODL
C21ORF39,CHODL-AS1
NCRNA00157,CHODL-AS1
CHP-1,CHORDC1
CHP1,CHORDC1
CHP,CHP1
P22,CHP1
P24,CHP1
SID470P,CHP1
SLC9A1BP,CHP1
CPT1,CHPT1
CHRAC15,CHRAC1
YCL1,CHRAC1
CHL,CHRDL1
MGC1,CHRDL1
NRLN1,CHRDL1
CHRNA7-DR1,CHRFAM7A
D-10,CHRFAM7A
BFNC,CHRNA4
EBN,CHRNA4
EBN1,CHRNA4
CHRNB,CHRNB1
C6ST,CHST2
MCDC1,CHST6
C6ST-2,CHST7
C6ST2,CHST7
GALNAC4ST-1,CHST8
GALNAC-4-ST2,CHST9
GALNAC4ST-2,CHST9
C4ST,CHST11
C4ST-1,CHST11
C4ST1,CHST11
HSA269537,CHST11
D4ST-1,CHST14
D4ST1,CHST14
HD4ST,CHST14
BRAG,CHST15
GALNAC4S-6ST,CHST15
KIAA0598,CHST15
CSS1,CHSY1
KIAA0990,CHSY1
CHSY-2,CHSY3
CSS3,CHSY3
CHTF8P,CHTF8P1
C14ORF52,CHURC1
FLJ33064,CHURC1
MY015,CHURC1
CIA1,CIAO1
WDR39,CIAO1
CIA2A,CIAO2A
FAM96A,CIAO2A
FLJ22875,CIAO2A
FAM96AP1,CIAO2AP1
FLJ21988,CIAO3
HPRN,CIAO3
IOP1,CIAO3
NAR1,CIAO3
NARFL,CIAO3
PRN,CIAO3
CIAE2,CIAPIN1
HST2384,CIAPIN1P
DFNB48,CIB2
KIP2,CIB2
USH1J,CIB2
KIP3,CIB3
BARMR1,CIBAR1
FAM92A,CIBAR1
FAM92A1,CIBAR1
FLJ38979,CIBAR1
LINC00535,CIBAR1-DT
FAM92A1P2,CIBAR1P2
FAM92A3,CIBAR1P2
MGC102964,CIBAR1P2
MGC71735,CIBAR1P2
CIDE-A,CIDEA
ICK,CILK1
KIAA0936,CILK1
LCK2,CILK1
MGC46090,CILK1
MRK,CILK1
HST18872,CILP
MGC45771,CILP2
MGC849,CINP
KIAA1737,CIPC
LMLN2,CIROP
CISD1B,CISD1P1
ZCD1B,CISD1P1
ERIS,CISD2
MINER1,CISD2
NAF-1,CISD2
WFS2,CISD2
ZCD2,CISD2
MINER2,CISD3
MINT,CISD3
CISTR-ACT,CISTR
CISTRACT,CISTR
RE52431,CISTR
LSFR1,CIZ1
ZNF356,CIZ1
FLJ10749,CKAP2
LB1,CKAP2
SE20-10,CKAP2
TMAP,CKAP2
CLIMP-63,CKAP4
ERGIC-63,CKAP4
P63,CKAP4
CKBB,CKB
C32,CKLF
CKLF1,CKLF
CKLF3,CKLF
CKLF4,CKLF
HSPC224,CKLF
UCK-1,CKLF
CKMM,CKM
CKMT1,CKMT1A
CKMT,CKMT1B
CKMT1,CKMT1B
UMTCK,CKMT1B
SMTCK,CKMT2
CKS1BP,CKS1BP1
BA192N10.2,CKS1BP2
C14ORF79,CLBA1
BSF-3,CLCF1
BSF3,CLCF1
CISS2,CLCF1
CLC,CLCF1
NNT-1,CLCF1
NNT1,CLCF1
NR6,CLCF1
CLC-2,CLCN2
CLC2,CLCN2
EJM6,CLCN2
CLC-4,CLCN4
CLC4,CLCN4
CLC-5,CLCN5
CLC5,CLCN5
DENTS,CLCN5
HCIC-K2,CLCN5
HCLC-K2,CLCN5
NPHL1,CLCN5
NPHL2,CLCN5
XLRH,CLCN5
XRN,CLCN5
LGALS10P1,CLCP2
C7ORF1,CLDN3
CPE-R2,CLDN3
CPETR2,CLDN3
HRVP1,CLDN3
RVP1,CLDN3
AWAL,CLDN5
BEC1,CLDN5
CPETRL1,CLDN5
TMVCF,CLDN5
CEPTRL2,CLDN7
CPETRL2,CLDN7
HS.84359,CLDN7
CPETRL3,CLDN10
OSP-L,CLDN10
DFNB29,CLDN14
AP000695.4,CLDN14-AS1
PTAR,CLDN14-AS1
MGC126552,CLDN17
MGC126554,CLDN17
CLDN21,CLDN22
CLDNL,CLDN23
CLDN21,CLDN24
C3ORF4,CLDND1
Z38,CLDND1
CLEC-1,CLEC1A
CLEC1,CLEC1A
MGC34328,CLEC1A
FLJ32986,CLEC2L
CD368,CLEC4D
CLECSF8,CLEC4D
DECTIN-3,CLEC4D
MCL,CLEC4D
MPCL,CLEC4D
CLECSF9,CLEC4E
MINCLE,CLEC4E
CD209L,CLEC4M
CD299,CLEC4M
DC-SIGN2,CLEC4M
DC-SIGNR,CLEC4M
DCSIGNR,CLEC4M
HP10347,CLEC4M
LSIGN,CLEC4M
CLECSF5,CLEC5A
MDL-1,CLEC5A
CLECSF10,CLEC6A
DECTIN-2,CLEC6A
HDECTIN-2,CLEC6A
CD369,CLEC7A
CLECSF12,CLEC7A
DECTIN-1,CLEC7A
HDECTIN-1,CLEC7A
SCARE2,CLEC7A
CD370,CLEC9A
DNGR-1,CLEC9A
HEEE9341,CLEC9A
UNQ9341,CLEC9A
C14ORF27,CLEC14A
FLJ45910,CLEC17A
MGC34761,CLEC18C
MRCL3,CLEC18C
CLCNL1,CLIC1
G6,CLIC1
NCC27,CLIC1
P64CLCP,CLIC1
CLCNL2,CLIC2
XAP121,CLIC2
DFNB102,CLIC5
CLIC1L,CLIC6
CLIC5,CLIC6
CLINT,CLINT1
ENTH,CLINT1
EPNR,CLINT1
KIAA0171,CLINT1
CLIP,CLIP2
CLIP-115,CLIP2
CYLN2,CLIP2
KIAA0291,CLIP2
WBSCR3,CLIP2
WBSCR4,CLIP2
WSCR3,CLIP2
WSCR4,CLIP2
SPARC-AS1,CLMAT3
FLJ12383,CLMN
KIAA0500,CLMN
KIAA1188,CLMN
ACAM,CLMP
ASAM,CLMP
FLJ22415,CLMP
BTN1,CLN3
BTS,CLN3
JNCL,CLN3
FLJ20561,CLN6
HST18960,CLN6
NCLF,CLN6
C8ORF61,CLN8
EPMR,CLN8
FLJ39417,CLN8
TLCD6,CLN8
CLCI,CLNS1A
ICLN,CLNS1A
CLNS1B,CLNS1AP1
ICLN,CLNS1AP1
BHLHE8,CLOCK
KAT13D,CLOCK
KIAA0334,CLOCK
CRR9,CLPTM1L
FLJ14400,CLPTM1L
CLRN1OS,CLRN1-AS1
UCRP,CLRN1-AS1
CDHR13,CLSTN2
CS2,CLSTN2
CSTN2,CLSTN2
FLJ39113,CLSTN2
CDHR14,CLSTN3
CSTN3,CLSTN3
KIAA0726,CLSTN3
CHC22,CLTCL1
CLH22,CLTCL1
CLTCL,CLTCL1
CLTD,CLTCL1
NX17,CLTRN
TMEM27,CLTRN
CFAP22,CLUAP1
FAP22,CLUAP1
FLJ13297,CLUAP1
IFT38,CLUAP1
KIAA0643,CLUAP1
KIAA0664L1,CLUHP1
KIAA0664P1,CLUHP1
KIAA0664L2,CLUHP2
KIAA0664P2,CLUHP2
KIAA0664L5,CLUHP5
KIAA0664P5,CLUHP5
C6ORF212L,CLVS1
CRALBPL,CLVS1
MGC34646,CLVS1
RLBP1L1,CLVS1
EFCAB1,CLXN
FLJ11767,CLXN
ODAD5,CLXN
CLB,CLYBL
C3ORF68,CMC1
MGC61571,CMC1
C16ORF61,CMC2
DC13,CMC2
MGC45036,CMC2
MTCP1,CMC4
MTCP1NB,CMC4
P8,CMC4
P8MTCP1,CMC4
RVER1,CMKLR1
GPR1,CMKLR2
GPR1-AS,CMKLR2-AS
GPR1-AS1,CMKLR2-AS
GPR1AS,CMKLR2-AS
C3ORF26,CMSS1
MGC4308,CMSS1
CKLFSF2,CMTM2
FLJ25732,CMTM2
MGC39436,CMTM2
BNAS2,CMTM3
CKLFSF3,CMTM3
FLJ31762,CMTM3
CKLFSF4,CMTM4
CKLFSF5,CMTM5
FLJ37521,CMTM5
CKLFSF6,CMTM6
FLJ20396,CMTM6
CKLFSF7,CMTM7
FLJ30992,CMTM7
CKLFSF8,CMTM8
FTSJD2,CMTR1
ISG95,CMTR1
KIAA0082,CMTR1
MTR1,CMTR1
C5ORF10,CMYA5
DKFZP451G223,CMYA5
SPRYD2,CMYA5
TRIM76,CMYA5
C20ORF152,CNBD2
CNMPD1,CNBD2
DJ954P9.1,CNBD2
CNBP1,CNBP
DM2,CNBP
RNF163,CNBP
ZCCHC22,CNBP
ZNF9,CNBP
CN1,CNDP1
CPGL2,CNDP1
HST2308,CNDP1
MGC10825,CNDP1
CN2,CNDP2
CPGL,CNDP2
FLJ10830,CNDP2
HST2298,CNDP2
PEPA,CNDP2
PLAC8L2,CNFN
CNCG,CNGA1
CNCG1,CNGA1
CNG1,CNGA1
RCNC1,CNGA1
RCNCA,CNGA1
RP49,CNGA1
CNCA,CNGA2
CNCA1,CNGA2
CNG2,CNGA2
FLJ46312,CNGA2
OCNC1,CNGA2
OCNCA,CNGA2
OCNCALPHA,CNGA2
ACHM1,CNGB3
ACHM3,CNGB3
RMCH,CNGB3
CNIH,CNIH1
CNIL,CNIH1
TGAM77,CNIH1
CNIH-2,CNIH2
CNIL,CNIH2
MGC50896,CNIH2
CNK,CNKSR1
CNK1,CNKSR1
KSR,CNKSR1
CNK2,CNKSR2
KIAA0902,CNKSR2
KSR2,CNKSR2
FLJ31349,CNKSR3
MAGI1,CNKSR3
BRICD3,CNMD
CHM-I,CNMD
CHM1,CNMD
LECT1,CNMD
MYETS1,CNMD
SM-CALP,CNN1
SMCC,CNN1
ACDP2,CNNM2
KIAA0691,CNOT3
LENG2,CNOT3
NOT3,CNOT3
NOT3H,CNOT3
CCR4,CNOT6
CCR4A,CNOT6
KIAA1194,CNOT6
CAF1,CNOT7
CAF1,CNOT8
CALIF,CNOT8
HCAF1,CNOT8
POP2,CNOT8
FLJ12890,CNOT10
FLJ13165,CNOT10
C2ORF29,CNOT11
C40,CNOT11
MGC40499,CNPY4
PRAT4B,CNPY4
CANN6,CNR1
CB-R,CNR1
CB1,CNR1
CB1A,CNR1
CB1K5,CNR1
CNR,CNR1
C1ORF71,CNST
FLJ32001,CNST
PPP1R64,CNST
CNTD,CNTD1
FLJ40137,CNTD1
HCNTF,CNTF
BA340N12.1,CNTLN
C9ORF101,CNTLN
C9ORF39,CNTLN
FLJ20276,CNTLN
OTTHUMG00000019597,CNTLN
BIG-2,CNTN4
NB-3,CNTN6
CASPR2,CNTNAP2
KIAA0868,CNTNAP2
NRXN4,CNTNAP2
CASPR3,CNTNAP3
CNTNAP3A,CNTNAP3
FLJ14195,CNTNAP3
KIAA1714,CNTNAP3
CASPR4,CNTNAP4
KIAA1763,CNTNAP4
CEP1,CNTRL
CEP110,CNTRL
LIP8,CNTROB
PP1221,CNTROB
CCDC56,COA3
COX25,COA3
HCOA3,COA3
HSPC009,COA3
MITRAC12,COA3
CHCHD8,COA4
CMC3,COA4
E2IG2,COA4
C1ORF163,COA7
FLJ12439,COA7
RESA1,COA7
SELRC1,COA7
APOP-1,COA8
APOPT1,COA8
C14ORF153,COA8
MGC2562,COA8
COCH-5B2,COCH
DFNA31,COCH
DFNA9,COCH
SEC34,COG3
GOLTC1,COG5
GTC90,COG5
COD2,COG6
KIAA1134,COG6
DOR1,COG8
FLJ22315,COG8
CLN80,COIL
P80-COILIN,COIL
COILP,COILP1
EDS4A,COL3A1
DKFZP686I14213,COL4A2
FLJ22259,COL4A2
ASLN,COL4A5
ATS,COL4A5
COL6A4,COL6A4P2
C3ORF7,COL8A1
MGC9568,COL8A1
DJ885L7.4.1,COL9A3
EDM3,COL9A3
FLJ90759,COL9A3
IDD,COL9A3
MED,COL9A3
DFNA13,COL11A2
DFNB53,COL11A2
HKE5,COL11A2
CD0826Q1.1,COL11A2P1
COL11A2P,COL11A2P1
COL12A1L,COL12A1
UND,COL14A1
C21ORF123,COL18A1-AS1
NCRNA00175,COL18A1-AS1
PRED80,COL18A1-AS1
KIAA1510,COL20A1
DKFZP434K0621,COL23A1
FLJ45231,COL25A1-DT
ZCCHC23,COL25A1-DT
EMI6,COL26A1
EMID2,COL26A1
EMU2,COL26A1
FLJ11895,COL27A1
KIAA1870,COL27A1
MGC11337,COL27A1
CL-10,COLEC10
CL-L1,COLEC10
CL-P1,COLEC12
SCARA4,COLEC12
SRCL,COLEC12
HSPC042,COMMD2
BUP,COMMD3
C10ORF8,COMMD3
FLJ13008,COMMD5
HCARG,COMMD5
HT002,COMMD5
ACRG,COMMD6
C20ORF92,COMMD7
DJ1085F17.3,COMMD7
FLJ20502,COMMD8
FLJ31106,COMMD9
HSPC166,COMMD9
PTD002,COMMD10
CFAP78,COP1
FAP78,COP1
FLJ10416,COP1
RFWD2,COP1
RNF200,COP1
RFWD2P,COP1P1
RFWD2P1,COP1P1
COPB,COPB1
2-COP,COPG2
C17ORF79,COPRS
COPR5,COPRS
HSA272196,COPRS
TTP1,COPRS
ALIEN,COPS2
CSN2,COPS2
TRIP15,COPS2
CSN3,COPS3
SGN3,COPS3
CSN4,COPS4
SGN4,COPS4
CSN5,COPS5
JAB1,COPS5
MOV-34,COPS5
SGN5,COPS5
COPS5P,COPS5P1
CSN6,COPS6
MOV34-34KD,COPS6
CSN7A,COPS7A
COP9,COPS8
CSN8,COPS8
MGC1297,COPS8
SGN8,COPS8
CL640,COQ2
FLJ26072,COQ2
BA9819.1,COQ3
CGI-92,COQ4
MGC4767,COQ5
CAT5,COQ7
CLK-1,COQ7
C16ORF49,COQ9
DKFZP434K046,COQ9
ATC2,CORIN
CRN,CORIN
LRP4,CORIN
PRSC,CORIN
TMPRSS10,CORIN
CORONIN-2,CORO1B
FLJ22021,CORO7
POD1,CORO7
CLP,COTL1
COX4L1,COX4I1P1
COX4P1,COX4I1P1
COX4-2,COX4I2
COX4B,COX4I2
COX4L2,COX4I2
COXIV-2,COX4I2
DJ857M17.2,COX4I2
COX5BL1,COX5BP1
COX5BL2,COX5BP2
COX5BL6,COX5BP6
COX5BL7,COX5BP7
COX6A,COX6A1
COX6AL,COX6A1
COX6A1P,COX6A1P1
COX6AH,COX6A2
COXVIA-M,COX6A2
COXVIAH,COX6A2
COX6BP2,COX6B1P2
COX6BP3,COX6B1P3
COX6BP4,COX6B1P4
COXVIB2,COX6B2
CT59,COX6B2
FLJ32865,COX6B2
DJ894K16.1,COX6CP2
COX7A,COX7A1
COX7AH,COX7A1
COX7AR,COX7A2L
COX7RP,COX7A2L
EB1,COX7A2L
SCAF1,COX7A2L
SCAFI,COX7A2L
SIG81,COX7A2L
COX7A3P,COX7A2P1
COX7AP1,COX7A2P1
COX7A3,COX7A2P2
COX7AL2,COX7A2P2
COX7AP2,COX7A2P2
DJ901O8.2,COX7BP2
COX,COX8A
COX8,COX8A
COX8-2,COX8A
COX8L,COX8A
VIII,COX8A
VIII-L,COX8A
COX8-3,COX8C
COX11P,COX11
COX11P,COX11P1
C14ORF112,COX16
HSPC203,COX16
COX17P,COX17P1
FLJ38991,COX18
OXA1L2,COX18
MGC104475,COX19
AB073614,CP
CPA3,CPA4
CPAH,CPA6
CPU,CPB2
PCPB,CPB2
TAFI,CPB2
GP180,CPD
CPEB,CPEB1
FLJ13203,CPEB1
CPEB2-AS1,CPEB2-DT
DRAIR,CPEB2-DT
KIAA0940,CPEB3
KIAA1673,CPEB4
C7ORF58,CPED1
FLJ21986,CPED1
CPHL1,CPHL1P
C5ORF42,CPLANE1
FLJ13231,CPLANE1
HUG,CPLANE1
JBTS17,CPLANE1
C1ORF89,CPLANE2
MGC10731,CPLANE2
RSG1,CPLANE2
CPX-III,CPLX3
CPX-IV,CPLX4
CPN1,CPNE1
CPN2,CPNE2
RP11-396F22.1,CPNE8-AS1
CPO,CPOX
CPX,CPOX
HCP,CPOX
LDP,CPQ
PGCP,CPQ
CPSF160,CPSF1
DJ90G24.5,CPSF1P1
CPSF100,CPSF2
KIAA1367,CPSF2
CPSF30,CPSF4
NAR,CPSF4
CFIM,CPSF6
CFIM68,CPSF6
CFIM72,CPSF6
HPBRII-4,CPSF6
HPBRII-7,CPSF6
CPT1,CPT1A
CPT1-L,CPT1A
L-CPT1,CPT1A
CPT1-M,CPT1B
M-CPT1,CPT1B
CATL1,CPT1C
CPT1P,CPT1C
CPTIC,CPT1C
FLJ23809,CPT1C
CPT1,CPT2
CPTASE,CPT2
CT77,CPXCR1
CPX-1,CPXM1
CPX1,CPXM1
CPXM,CPXM1
CPX2,CPXM2
UNQ676,CPXM2
CRABP,CRABP1
CRABP-I,CRABP1
CRABPI,CRABP1
RBP5,CRABP1
C2ORF55,CRACDL
KIAA1211L,CRACDL
MGC42367,CRACDL
EFCAB4B,CRACR2A
MGC4266,CRACR2A
RAB46,CRACR2A
EFCAB4A,CRACR2B
MGC45840,CRACR2B
RAIDD,CRADD
CRAMP1L,CRAMP1
KIAA1426,CRAMP1
CAT1,CRAT
FLJ16786,CRB2
FLJ38464,CRB2
MGC17303,CRB3
C17,CRCP
CGRP-RCP,CRCP
POLR3I,CRCP
RCP,CRCP
RCP9,CRCP
LUMAN,CREB3
LZIP,CREB3
SLZIP,CREB3
OASIS,CREB3L1
CRE-BPA,CREB5
H_GS165L15.1,CREB5
CBP,CREBBP
KAT3A,CREBBP
RSTS,CREBBP
RTS,CREBBP
MGC11256,CRELD2
CRF,CRH
CRH1,CRH
CRF-R,CRHR1
CRF1,CRHR1
CRHR,CRHR1
CRF-RB,CRHR2
CRF2,CRHR2
HM-CRF,CRHR2
S52,CRIM1
CRIP,CRIP1
CRP2,CRIP2
ESP1,CRIP2
BA480N24.2,CRIP3
TLP,CRIP3
TLP-A,CRIP3
AEGL1,CRISP1
ARP,CRISP1
CRISP-1,CRISP1
HSCRISP1D,CRISP1
HSCRISP1G,CRISP1
HUMARP,CRISP1
CRISP-2,CRISP2
CT36,CRISP2
GAPDL5,CRISP2
TPX1,CRISP2
AEG2,CRISP3
CRISP-3,CRISP3
CRS3,CRISP3
DJ442L6.3,CRISP3
SGP28,CRISP3
COCOACRISP,CRISPLD1
DKFZP762F133,CRISPLD1
LCRISP1,CRISPLD1
CRL2,CRLF2
TSLPR,CRLF2
C20ORF155,CRLS1
CLS1,CRLS1
DJ967N21.6,CRLS1
GCD10,CRLS1
C20ORF166-AS1,CRMA
C20ORF200,CRMA
CARMA,CRMA
FLJ30313,CRMA
MIR1-1HG-AS1,CRMA
NCRNA00335,CRMA
CLF,CRNKL1
CLF1,CRNKL1
CRN,CRNKL1
SYF3,CRNKL1
CROCCP,CROCCP1
KIAA1922,CROCCP3
COT,CROT
HCG_1745121,CRPPA
ISPD,CRPPA
NIP,CRPPA
ISPD-AS1,CRPPA-AS1
CD355,CRTAM
FLJ14027,CRTC1
KIAA0616,CRTC1
MECT1,CRTC1
TORC1,CRTC1
PHLL1,CRY1
CRYA1,CRYAA
HSPB4,CRYAA
CRYA2,CRYAB
HSPB5,CRYAB
CCA2,CRYBB2
CRYB2,CRYBB2
CRYB2A,CRYBB2
CRYB3,CRYBB3
AIM1,CRYBG1
ST4,CRYBG1
CRY-G-A,CRYGA
CRYG1,CRYGA
CRYG5,CRYGA
CRYG2,CRYGB
CRYG3,CRYGC
CRYG4,CRYGD
CCL,CRYGEP
CRYG5,CRYGEP
CRYGEP1,CRYGEP
G2,CRYGEP
CRYGGP1,CRYGGP
GDH,CRYL1
LAMBDA-CRY,CRYL1
MGC149525,CRYL1
MGC149526,CRYL1
DFNA40,CRYM
4P11,CRYZL1
QOH-1,CRYZL1
CSAGE,CSAG1
CT24.1,CSAG1
CSAG3A,CSAG3
PIPPIN,CSDC2
CAS,CSE1L
CSE1,CSE1L
XPO2,CSE1L
CSE1L-AS1,CSE1L-DT
M-CSF,CSF1
MCSF,CSF1
MGC31930,CSF1
C-FMS,CSF1R
CD115,CSF1R
CSFR,CSF1R
FMS,CSF1R
GM-CSF,CSF2
GMCSF,CSF2
ALPHAGMR,CSF2RA
CD116,CSF2RA
CSF2R,CSF2RA
BETAGMR,CSF2RB
CD131,CSF2RB
IL3RB,CSF2RB
IL5RB,CSF2RB
CSF2RB2,CSF2RBP1
C17ORF33,CSF3
G-CSF,CSF3
GCSF,CSF3
MGC45931,CSF3
GALNACT-2,CSGALNACT2
GALNACT2,CSGALNACT2
MGC40204,CSGALNACT2
PRO0082,CSGALNACT2
KIAA1890,CSMD1
PPP1R24,CSMD1
CASA,CSN1S1
CSN1,CSN1S1
CSN1S2A,CSN1S2AP
MGC33182,CSNK1A1L
CSNK1A1P,CSNK1A1P1
CKIE,CSNK1E
CKIEPSILON,CSNK1E
HCKIE,CSNK1E
CK1GAMMA1,CSNK1G1
CK1G2,CSNK1G2
C19ORF34,CSNK1G2-AS1
MGC39696,CSNK1G2-AS1
CKA1,CSNK2A1
CKA2,CSNK2A1
CK2ALPHA',CSNK2A2
CSNK2A1,CSNK2A2
CSNK2A1P,CSNK2A3
CKB1,CSNK2B
CKB2,CSNK2B
CSPG4A,CSPG4
HMW-MAA,CSPG4
MCSP,CSPG4
MCSPG,CSPG4
MEL-CSPG,CSPG4
MSK16,CSPG4
NG2,CSPG4
CSPG4LYP1,CSPG4P1Y
CSPG4P1,CSPG4P1Y
CSPG4LYP2,CSPG4P2Y
CSPG4P2,CSPG4P2Y
CSPG4P3,CSPG4P3Y
CSPG4P6Y,CSPG4P3Y
CSPG4P4,CSPG4P4Y
CSPG4P7Y,CSPG4P4Y
CSPP,CSPP1
CSPP-L,CSPP1
FLJ22490,CSPP1
JBTS21,CSPP1
FAM130A2,CSRNP3
FLJ32093,CSRNP3
PPP1R73,CSRNP3
TAIP-2,CSRNP3
CRP2,CSRP2
LMO5,CSRP2
SMLIM,CSRP2
CLP,CSRP3
CMD1M,CSRP3
MLP,CSRP3
CRES,CST8
CTES5,CST8
CLM,CST9
CTES7A,CST9
BA218C14.1,CST9L
CTES7B,CST9L
CTES7C,CST9LP1
CTES7D,CST9LP2
CST8L,CST11
CTES2,CST11
DJ322G13.6,CST11
CST,CST12P
CTES4,CST12P
E2,CST12P
CST6,CSTB
EPM1,CSTB
PME,CSTB
STFB,CSTB
CSTF-64T,CSTF2T
DKFZP434C1013,CSTF2T
KIAA0689,CSTF2T
TAUCSTF-64,CSTF2T
CTES1,CSTL1
DJ322G13.4,CSTL1
DJ850N15.1,CSTP1
C11ORF49,CSTPP1
FLJ22210,CSTPP1
MGC4707,CSTPP1
CT45-1,CT45A1
CT45.1,CT45A1
CT45-2,CT45A2
CT45.2,CT45A2
CT45-3,CT45A3
CT45-4,CT45A3
CT45.3,CT45A3
CT45.4,CT45A3
CT45A4,CT45A3
CT45-5,CT45A5
CT45.5,CT45A5
CT45-6,CT45A6
CT45.6,CT45A6
CT47.1,CT47A1
CT47.2,CT47A2
CT47.3,CT47A3
CT47.4,CT47A4
CT47.5,CT47A5
CT47.6,CT47A6
CT47.7,CT47A7
CT47.8,CT47A8
CT47.9,CT47A9
CT47.10,CT47A10
CT47.11,CT47A11
CT47.12,CT47A12
CT47.13,CT47B1
CXORF48,CT55
FLJ20527,CT55
LEXIS,CT70
CXORF61,CT83
FLJ20611,CT83
FLJ22913,CT83
KK-LC-1,CT83
ESO1,CTAG1A
LAGE2A,CTAG1A
CT6.1,CTAG1B
CTAG,CTAG1B
CTAG1,CTAG1B
ESO1,CTAG1B
LAGE2A,CTAG1B
LAGE2B,CTAG1B
NY-ESO-1,CTAG1B
CAMEL,CTAG2
CT6.2A,CTAG2
CT6.2B,CTAG2
ESO2,CTAG2
LAGE-1,CTAG2
LAGE-1A,CTAG2
LAGE-1B,CTAG2
LAGE1,CTAG2
MGC138724,CTAG2
MGC3803,CTAG2
CT21.1,CTAGE1
CT21.2,CTAGE1
CTAGE,CTAGE1
CTAGE-1,CTAGE1
CTAGE-2,CTAGE1
CTAGE-3,CTAGE3P
CTAGE3,CTAGE3P
CTAGE-4,CTAGE4
FLJ43692,CTAGE4
CTAGE6P,CTAGE6
MGC41943,CTAGE6
BA500G10.2,CTAGE7P
CTAGE7,CTAGE7P
CTAGEP,CTAGE7P
MGC33437,CTAGE7P
RCCTAGE5,CTAGE7P
CTAGE15P,CTAGE15
BORIS,CTCFL
CT27,CTCFL
DJ579F20.2,CTCFL
FCP1,CTDP1
OS4,CTDSP2
PSR2,CTDSP2
SCP2,CTDSP2
FLJ10523,CTDSPL2
HSPC129,CTDSPL2
CT-1,CTF1
CT1,CTF1
NP,CTF2P
KIAA0427,CTIF
CAP102,CTNNA1
CTNNAP1,CTNNA1P1
MGC26194,CTNNA3
VR22,CTNNA3
ALPHA-CATU,CTNNAL1
CLLP,CTNNAL1
C20ORF33,CTNNBL1
FLJ21108,CTNNBL1
NAP,CTNNBL1
NYD-SP19,CTNNBL1
P14,CTNNBL1
P14L,CTNNBL1
GATD5B,CTPS2
KIAA0155,CTR9
P150TSP,CTR9
SH2BP1,CTR9
TSBP,CTR9
CTRB,CTRB1
GSL,CTSA
PPGB,CTSA
CG,CTSG
ACC-4,CTSH
ACC-5,CTSH
ACC4,CTSH
ACC5,CTSH
CPSB,CTSH
CTSL1,CTSL
FLJ31037,CTSL
CTSL1P1,CTSLP1
CTSLL,CTSLP1
CTSLL1,CTSLP1
BA144G6.6,CTSLP2
BA342C24.4,CTSLP2
CTSL1P2,CTSLP2
CTSL1P5,CTSLP2
CTSL1P7,CTSLP2
CTSLL2,CTSLP2
CTSLL5,CTSLP2
CTSLL7,CTSLP2
CTSLP5,CTSLP2
CTSLP7,CTSLP2
BA479O17.1,CTSLP6
CTSL1P6,CTSLP6
CTSLL6,CTSLP6
CTSL1P8,CTSLP8
CTSO1,CTSO
CTSL2,CTSV
CTSU,CTSV
CTSX,CTSZ
EMS1,CTTN
DKFZP547A023,CTTNBP2NL
FLJ25968,CTXN1
LINC01314,CTXND1
GP280,CUBN
IFCR,CUBN
MGA1,CUBN
C10ORF66,CUEDC2
MGC2491,CUEDC2
VACM-1,CUL5
H7AP1,CUL9
KIAA0708,CUL9
PARC,CUL9
ACHAP,CUTA
C6ORF82,CUTA
CDP2,CUX2
CUTL2,CUX2
KIAA0293,CUX2
ERG-1,CUZD1
UO-44,CUZD1
EIF4GL,CWC22
FSAPB,CWC22
KIAA1604,CWC22
NCM,CWC22
CCDC49,CWC25
FLJ20291,CWC25
CWH43-C,CWH43
FLJ21511,CWH43
PGAP2IP,CWH43
ABCD-3,CX3CL1
C3XKINE,CX3CL1
CXC3,CX3CL1
CXC3C,CX3CL1
NTN,CX3CL1
SCYD1,CX3CL1
CAR,CXADR
CAR,CXADRP1
CXADRP,CXADRP1
CKA-3,CXCL6
GCP-2,CXCL6
SCYB6,CXCL6
DCIP1,CXCL17
DMC,CXCL17
UNQ473,CXCL17
VCC1,CXCL17
CD183,CXCR3
CKR-L2,CXCR3
CMKAR3,CXCR3
GPR9,CXCR3
IP10-R,CXCR3
MIGR,CXCR3
MGC39350,CXorf38
CXORF51,CXorf51A
FLJ25444,CXorf58
RP11-35F15.2,CXorf66
SGPX,CXorf66
CFP1,CXXC1
CGBP,CXXC1
HCGBP,CXXC1
HST2645,CXXC1
PCCX1,CXXC1
PHF18,CXXC1
SPP1,CXXC1
ZCGPC1,CXXC1
CYB5,CYB5A
MCB5,CYB5A
CYB5P3,CYB5AP3
PSGB-5-1,CYB5AP3
BA189G24.1,CYB5AP4
CYB5P4,CYB5AP4
PSGB-5-2,CYB5AP4
CYB5P5,CYB5AP5
FLJ32499,CYB5D1
MGC32124,CYB5D2
B5R,CYB5R3
DIA1,CYB5R3
B5+B5R,CYB5R4
DJ676J13.1,CYB5R4
NCB5OR,CYB5R4
CYB561A1,CYB561
FRRS2,CYB561
CGD,CYBB
GP91-PHOX,CYBB
NOX2,CYBB
UQCR4,CYC1
CYC,CYCS
HCS,CYCS
HC5,CYCSP1
HCP36,CYCSP1
HCP5,CYCSP5
HCP6,CYCSP6
HCP10,CYCSP10
HCP11,CYCSP11
CYCSP13,CYCSP12
HCP12,CYCSP12
HCP13,CYCSP12
HCP19,CYCSP19
HCP22,CYCSP22
HCP23,CYCSP23
HC10,CYCSP25
HCP25,CYCSP25
HCP30,CYCSP30
HCP32,CYCSP32
HCP33,CYCSP33
HCP34,CYCSP34
HC8,CYCSP35
HCP35,CYCSP35
HC2,CYCSP38
HCP38,CYCSP38
HC1,CYCSP39
HCP39,CYCSP39
HC7,CYCSP40
HCP40,CYCSP40
CYC1LP4,CYCSP41
HCP41,CYCSP41
CYC1LP5,CYCSP42
HCP43,CYCSP43
HCP44,CYCSP44
HCP45,CYCSP45
HCP46,CYCSP46
HCP47,CYCSP46
HCP48,CYCSP48
CYCSP54,CYCSP49
HCP49,CYCSP49
KIAA0068,CYFIP1
P140SRA-1,CYFIP1
SHYC,CYFIP1
HGB,CYGB
STAP,CYGB
CYLD1,CYLD
KIAA0849,CYLD
USPL2,CYLD
CP12,CYP1A2
P3-450,CYP1A2
CYP1A8P,CYP1D1P
CPA6,CYP2A6
CYP2A,CYP2A6
CYP2A3,CYP2A6
CYP2A18PN,CYP2A7P1
CYP2A7PT,CYP2A7P1
CYP2A18PC,CYP2A7P2
CPAD,CYP2A13
CYP2A,CYP2A13
CPB6,CYP2B6
CYP2B,CYP2B6
CYPIIB6,CYP2B6
CPC8,CYP2C8
CYP2C10,CYP2C9
P450IIC9,CYP2C9
CPCJ,CYP2C19
CYP2C,CYP2C19
P450IIC19,CYP2C19
CYP2C9-DE2C3C,CYP2C59P
CYP2C8-DE6B,CYP2C60P
CYP2C-SE2[1:2],CYP2C61P
CPD6,CYP2D6
CYP2D,CYP2D6
CYP2D7AP,CYP2D6
CYP2D7BP,CYP2D6
CYP2D7P2,CYP2D6
CYP2D8P2,CYP2D6
CYP2DL1,CYP2D6
P450-DB1,CYP2D6
P450C2D,CYP2D6
CYP2D,CYP2D7
CYP2D7P,CYP2D7
CYP2D7P1,CYP2D7
CYP2D@,CYP2D7
CYP2D8P1,CYP2D8P
CYP2DP1,CYP2D8P
CYP2E,CYP2E1
CYP2F,CYP2F1
CYP2F1P,CYP2F2P
CYP2G2,CYP2G2P
CYP2GP2,CYP2G2P
CYP2T2P,CYP2T1P
FLJ20359,CYP2W1
MGC34287,CYP2W1
CP37,CYP3A7
P450-HFLA,CYP3A7
CYP3A5-DE13C,CYP3A51P
CYP3A5-DE1B2B,CYP3A51P
CYP3A5P1,CYP3A51P
CYP3A43-DE4C6C,CYP3A52P
CYP3A-SE1[2],CYP3A54P
CYP3A43-DE1B,CYP3A137P
CYP4F,CYP4F3
LTB4H,CYP4F3
FLJ39501,CYP4F22
CYP4F-SE3[6:7:8],CYP4F27P
C21ORF15,CYP4F29P
CYP4F-SE4[6:7:8],CYP4F29P
CYP4F-SE7[6:7:8],CYP4F34P
CYP4F-SE8[6:7:8],CYP4F35P
CYP4F2-DE12B,CYP4F36P
CYP4F-SE12[6:8],CYP4F44P
CYP7,CYP7A1
SPG5A,CYP7B1
CYP11A,CYP11A1
P450SCC,CYP11A1
CPN1,CYP11B1
CYP11B,CYP11B1
FHI,CYP11B1
P450C11,CYP11B1
ALDOS,CYP11B2
CPN2,CYP11B2
CYP11B,CYP11B2
CYP11BL,CYP11B2
P-450C18,CYP11B2
P450ALDO,CYP11B2
CYP21A,CYP21A1P
CYP21P,CYP21A1P
P450C21A,CYP21A1P
CA21H,CYP21A2
CAH1,CYP21A2
CPS1,CYP21A2
CYP21,CYP21A2
CYP21B,CYP21A2
P450C21B,CYP21A2
CP24,CYP24A1
CYP24,CYP24A1
LNCBCAS1-4_1,CYP24A1
P450-CC24,CYP24A1
CP26,CYP26A1
CYP26,CYP26A1
P450RAI,CYP26A1
P450RAI1,CYP26A1
ENST00000453068,CYP51A1-AS1
LRRD1-AS1,CYP51A1-AS1
CYP51P1,CYP51A1P1
CYP51P2,CYP51A1P2
CYP51P3,CYP51A1P3
CYSLT(1),CYSLTR1
CYSLT1,CYSLTR1
CYSLT1R,CYSLTR1
CYSLT(2),CYSLTR2
CYSLT2R,CYSLTR2
C5ORF32,CYSTM1
ORF1-FL49,CYSTM1
CYT4,CYTH4
CYTOHESIN-4,CYTH4
PSCD4,CYTH4
B3-1,CYTIP
CASP,CYTIP
CYBR,CYTIP
CYTHIP,CYTIP
HE,CYTIP
PSCDBP,CYTIP
C17,CYTL1
C4ORF4,CYTL1
C21ORF95,CYYR1
C1ORF123,CZIB
FLJ20580,CZIB
D2HGD,D2HGDH
FLJ42195,D2HGDH
MGC25181,D2HGDH
KIAA0666,DAAM1
KIAA0381,DAAM2
NPHS24,DAAM2
DACH,DACH1
BA503C24.7,DACT2
C6ORF116,DACT2
DAPPER2,DACT2
DAPPER3,DACT3
MGC15476,DACT3
RRR1,DACT3
OST2,DAD1
C11ORF11,DAGLA
DAGLALPHA,DAGLA
KIAA0659,DAGLA
NSDDR,DAGLA
FLJ10496,DALRD3
AGU2,DANCR
ANCR,DANCR
KIAA0114,DANCR
LNCRNA-ANCR,DANCR
SNHG13,DANCR
DAAO,DAO
DAMOX,DAO
G72,DAOA
DAOA-AS,DAOA-AS1
DAOAAS,DAOA-AS1
G30,DAOA-AS1
DAPK,DAPK1
BAM32,DAPP1
DAP6,DAXX
DAZ,DAZ1
SPGY,DAZ1
MGC126442,DAZ2
PDP1678,DAZ2
MGC19907,DAZAP1
KIAA0058,DAZAP2
DAZH,DAZL
DAZL1,DAZL
DAZLA,DAZL
MGC26406,DAZL
SPGYLA,DAZL
ASKL1,DBF4B
CHIFB,DBF4B
DRF1,DBF4B
FLJ13087,DBF4B
ZDBF1B,DBF4B
ELP1P,DBIL5P2
FLJ12582,DBNDD1
MGC3101,DBNDD1
C20ORF35,DBNDD2
HSMNP1,DBNDD2
ABP1,DBNL
HIP-55,DBNL
SH3P7,DBNL
DABP,DBP
FLJ16139,DBX2
DKFZP434K114,DCAF4
WDR21,DCAF4
WDR21A,DCAF4
WDR21C,DCAF4L2
BCRG2,DCAF5
BCRP2,DCAF5
D14S1461E,DCAF5
KIAA1824,DCAF5
WDR22,DCAF5
WDR42B,DCAF8L1
WDR42C,DCAF8L2
FLJ23201,DCAF10
MGC10765,DCAF10
WDR32,DCAF10
GL014,DCAF11
PRO2389,DCAF11
WDR23,DCAF11
CT102,DCAF12
DKFZP434O125,DCAF12
KIAA1892,DCAF12
MGC1058,DCAF12
TCC52,DCAF12
WDR40A,DCAF12
KIAA1892L,DCAF12L1
WDR40B,DCAF12L1
WDR40C,DCAF12L2
C19ORF72,DCAF15
MGC99481,DCAF15
C4ORF30,DCAF16
FLJ20280,DCAF16
DJ94G16.1,DCBLD1
MGC46341,DCBLD1
IGDCC1,DCC
NTN1R1,DCC
AIDD,DCD
DCD-1,DCD
DSEP,DCD
HCAP,DCD
PIF,DCD
DCDC2A,DCDC2
DFNB66,DCDC2
KIAA1154,DCDC2
NPHP19,DCDC2
RU2,DCDC2
CDH27,DCHS2
CDHJ,DCHS2
CDHR7,DCHS2
FLJ20047,DCHS2
PCDH23,DCHS2
PCDHJ,DCHS2
DCAMKL1,DCLK1
DCDC3A,DCLK1
DCLK,DCLK1
KIAA0369,DCLK1
DCAMKL2,DCLK2
DCDC3,DCLK2
DCDC3B,DCLK2
DCK2,DCLK2
MGC45428,DCLK2
HSNM1,DCLRE1A
KIAA0086,DCLRE1A
PSO2,DCLRE1A
SNM1,DCLRE1A
DSPG2,DCN
SLRR1B,DCN
FLJ31638,DCP1B
HINT-5,DCPS
HINT5,DCPS
HSL1,DCPS
HSPC015,DCPS
DC-STAMP,DCSTAMP
FIND,DCSTAMP
TM7SF4,DCSTAMP
TRP-2,DCT
TRP2,DCT
TYRP2,DCT
DCTN-22,DCTN3
MGC3248,DCTN5
P25,DCTN5
WS-3,DCTN6
CDA03,DCTPP1
MGC5627,DCTPP1
RS21C6,DCTPP1
XTP3TPA,DCTPP1
C13ORF17,DCUN1D2
FLJ10704,DCUN1D2
FLJ20092,DCUN1D2
DCUN1D2-AS2,DCUN1D2-AS
G6A,DDAH2
FLJ36017,DDI1
DIG2,DDIT4
FLJ20500,DDIT4
REDD-1,DDIT4
REDD1,DDIT4
RTP801,DDIT4
REDD2,DDIT4L
RTP801L,DDIT4L
KIAA0749,DDN
DASOX,DDO
DASPO,DDO
CAK,DDR1
CD167,DDR1
EDDR1,DDR1
NEP,DDR1
NTRK4,DDR1
PTK3A,DDR1
RTK6,DDR1
BCX111D4.7,DDR1-DT
BPG70P20.2,DDR1-DT
BQB10J12.1,DDR1-DT
DDR1-AS1,DDR1-DT
TIGD1L,DDR1-DT
C20ORF116,DDRGK1
DJ1187M17.3,DDRGK1
UFBP1,DDRGK1
D-DT,DDT
DDCT,DDT
MIF-2,DDT
MIF2,DDT
TCONS_00012883,DDX3ILA1
DDX3YP1,DDX3P1
DDX3YP2,DDX3P2
DDX3YP3,DDX3P3
DBY,DDX3Y
BA150A6.3,DDX6P1
DDX6-LP,DDX6P1
DDX6P,DDX6P1
CHLR2,DDX12P
DDX12,DDX12P
P72,DDX17
HAS1,DDX18
MRDB,DDX18
DDX19L,DDX19A
FLJ11126,DDX19A
DBP5,DDX19B
DDX19,DDX19B
GU-ALPHA,DDX21
GURDB,DDX21
RH-II/GU,DDX21
DJ686N3.1,DDX27
DRS1,DDX27
FLJ11282,DDX28
MDDX28,DDX28
FLJ13633,DDX31
FLJ14578,DDX31
FLJ23349,DDX31
PPP1R25,DDX31
BAT1L,DDX39A
DDX39,DDX39A
DDXL,DDX39A
URH49,DDX39A
BAT1,DDX39B
D6S81E,DDX39B
UAP56,DDX39B
BAT1P1,DDX39BP1
BAT1P2,DDX39BP2
BPG309N1.15,DDX39BP2
ABS,DDX41
MGC8828,DDX41
CT13,DDX43
DKFZP434H2114,DDX43
HAGE,DDX43
FLJ25329,DDX46
KIAA0801,DDX46
PRP5,DDX46
PRPF5,DDX46
GU2,DDX50
GUB,DDX50
MGC3199,DDX50
RH-II/GUB,DDX50
RH_II/GUBP2,DDX50P2
ROK1,DDX52
CAGE,DDX53
CT26,DDX53
DKFZP564B1023,DDX59
ZNHIT5,DDX59
FLJ20035,DDX60
NUDR,DEAF1
SPN,DEAF1
ZMYND5,DEAF1
PDCR,DECR2
SDR17C1,DECR2
FLJ20186,DEF8
DEF1,DEFA1
DEFA2,DEFA1
HNP-1,DEFA1
MRS,DEFA1
DEF3,DEFA3
HNP-3,DEFA3
DEF4,DEFA4
HP-4,DEFA4
DEF5,DEFA5
HD-5,DEFA5
DEF6,DEFA6
HD-6,DEFA6
DEFA7,DEFA7P
DEFAP1,DEFA8P
DEFAP2,DEFA9P
DEFAP3,DEFA11P
BD1,DEFB1
DEFB-1,DEFB1
DEFB101,DEFB1
HBD-1,DEFB1
HBD1,DEFB1
MGC51822,DEFB1
DEFB-2,DEFB4A
DEFB102,DEFB4A
DEFB2,DEFB4A
DEFB4,DEFB4A
HBD-2,DEFB4A
SAP1,DEFB4A
DEFB4P,DEFB4B
DEFB-3,DEFB103A
DEFB103,DEFB103A
DEFB3,DEFB103A
HBD-3,DEFB103A
HBD3,DEFB103A
HBP-3,DEFB103A
HBP3,DEFB103A
DEFB-4,DEFB104A
DEFB104,DEFB104A
DEFB4,DEFB104A
DEFB-6,DEFB106A
DEFB106,DEFB106A
DEFB-7,DEFB107A
DEFB107,DEFB107A
HST21816,DEFB107B
DEFB108P2,DEFB108C
DEFB108P3,DEFB108D
DEFB108P4,DEFB108E
DEFB108P5,DEFB108F
DEFB-9,DEFB109A
DEFB109,DEFB109A
DEFB109P1,DEFB109A
DEFB109P1B,DEFB109B
DEFB109P3,DEFB109D
DEFB-10,DEFB110
DEFB-11,DEFB110
DEFB111,DEFB110
DEFB-12,DEFB112
DEFB-13,DEFB113
DEFB-14,DEFB114
DEFB-15,DEFB115
DEFB-16,DEFB116
DEFB-17,DEFB117
C20ORF63,DEFB118
DEFB-18,DEFB118
DJ1018D12.3,DEFB118
ESC42,DEFB118
DEFB-19,DEFB119
DEFB-20,DEFB119
DEFB120,DEFB119
DEFB-21,DEFB121
DEFB-22,DEFB122
DEFB122P,DEFB122
DEFB-23,DEFB123
DEFB-24,DEFB124
DEFB-25,DEFB125
BA530N10.1,DEFB126
C20ORF8,DEFB126
DEFB-26,DEFB126
BA530N10.2,DEFB127
C20ORF73,DEFB127
DEF-27,DEFB127
DEFB-28,DEFB128
BA530N10.3,DEFB129
C20ORF87,DEFB129
DEFB-29,DEFB129
DEFB-30,DEFB130A
DEFB130,DEFB130A
DEFB30,DEFB130A
DEFB32,DEFB132
RP5-1103G7.6,DEFB132
DEFB137,DEFB136
D6S231E,DEK
DELE,DELE1
KIAA0141,DELE1
CTS9,DELEC1
DEC1,DELEC1
FAM31C,DENND1C
FLJ22757,DENND1C
FAM31D,DENND2A
KIAA1277,DENND2A
KIAA0870,DENND3
IRLB,DENND4A
MYCPBP,DENND4A
BA513M16.3,DENND4C
C9ORF55,DENND4C
C9ORF55B,DENND4C
FLJ20686,DENND4C
RAB10GEF,DENND4C
AFI1B,DENND6B
FAM116B,DENND6B
MGC33692,DENND6B
FAM45B,DENND10P1
FAM45BP,DENND10P1
HT011,DENND10P1
KIAA1147,DENND11
LCHN,DENND11
DEP.8,DEPDC1
DEPDC1A,DEPDC1
FLJ20354,DEPDC1
SDP35,DEPDC1
DEP.5,DEPDC5
KIAA0645,DEPDC5
C10ORF10,DEPP1
DEPP,DEPP1
FIG,DEPP1
FSEG,DEPP1
DEP.6,DEPTOR
DEPDC6,DEPTOR
FLJ12428,DEPTOR
KB-1471A8.2,DEPTOR-AS1
CGI-26,DERA
DEOC,DERA
DER-1,DERL1
DER1,DERL1
DERLIN-1,DERL1
FLJ13784,DERL1
MGC3067,DERL1
PRO2577,DERL1
C22ORF14,DERL3
DERLIN-3,DERL3
FLJ43842,DERL3
IZP6,DERL3
MGC71803,DERL3
D15WSU75E,DESI1
DESI-1,DESI1
FAM152B,DESI1
POST,DESI1
PPPDE2,DESI1
C1ORF121,DESI2
CGI-146,DESI2
DESI-2,DESI2
FAM152A,DESI2
FLJ21998,DESI2
PNAS-4,DESI2
PPPDE1,DESI2
FLJ10103,DET1
MYLE,DEXI
ARGP1,DGAT1
DGAT,DGAT1
DC3,DGAT2L6
FLJ25989,DGAT2L6
DGS-C,DGCR2
IDD,DGCR2
KIAA0163,DGCR2
LAN,DGCR2
SEZ-12,DGCR2
DGCR10,DGCR5
DGCR9,DGCR5
DGS-A,DGCR5
DGS-B,DGCR5
LINC00037,DGCR5
NCRNA00037,DGCR5
POM121L5P,DGCR5
X91348,DGCR5
FLJ10666,DGCR6L
C22ORF12,DGCR8
DGCRK6,DGCR8
GY1,DGCR8
PASHA,DGCR8
DGS-D,DGCR11
DAGK,DGKA
DAGK1,DGKA
DGK-ALPHA,DGKA
DAGK3,DGKG
DGKETA,DGKH
C14ORF159,DGLUCY
FLJ39975,DGLUCY
DCE,DHCR24
KIAA0018,DHCR24
SELADIN-1,DHCR24
HUM2DD,DHDH
DHFR1,DHFR
HHG-3,DHH
MGC35145,DHH
FLJ25430,DHRS1
MGC20204,DHRS1
SDR19C1,DHRS1
HEP27,DHRS2
SDR25C1,DHRS2
FLJ11008,DHRS4
HUMNRDR,DHRS4
SCAD-SRL,DHRS4
SDR-SRL,DHRS4
SDR25C2,DHRS4
AS1DHRS4,DHRS4-AS1
C14ORF167,DHRS4-AS1
PRO1488,DHRS4-AS1
RETDSR4,DHRS7
SDR34C1,DHRS7
MGC4172,DHRS11
SDR24C1,DHRS11
FLJ13639,DHRS12
SDR40C1,DHRS12
DHRS5X,DHRSX
DHRS5Y,DHRSX
DHRSXY,DHRSX
DHRSY,DHRSX
SDR46C1,DHRSX
SDR7C6,DHRSX
DHRSX-IT,DHRSX-IT1
DHRSXIT1,DHRSX-IT1
DDX9,DHX9
LKP,DHX9
RHA,DHX9
DDX9P,DHX9P1
DHX9P,DHX9P1
DBP1,DHX15
DDX15,DHX15
HRH2,DHX15
PRP43,DHX15
PRPF43,DHX15
PRPP43P,DHX15
DBP2,DHX16
DDX16,DHX16
PRP2,DHX16
PRPF2,DHX16
DDX32,DHX32
DHLP1,DHX32
FLJ10694,DHX32
FLJ10889,DHX32
C20ORF15,DHX35
DDX35,DHX35
FLJ22759,DHX35
KAIA0875,DHX35
DDX36,DHX36
KIAA1488,DHX36
MLEL1,DHX36
RHAU,DHX36
DIA,DIAPH2
DIA2,DIAPH2
POF,DIAPH2
POF2,DIAPH2
AN,DIAPH3
AUNA1,DIAPH3
DRF3,DIAPH3
FLJ34705,DIAPH3
NSDAN,DIAPH3
BYE1,DIDO1
C20ORF158,DIDO1
DATF1,DIDO1
DIO-1,DIDO1
DIO1,DIDO1
DJ885L7.8,DIDO1
FLJ11265,DIDO1
KIAA0333,DIDO1
SELENOY,DIO2
SELY,DIO2
TXDI2,DIO2
C21ORF106,DIP2A
DIP2,DIP2A
KIAA0184,DIP2A
FLJ34278,DIP2B
KIAA1463,DIP2B
C10ORF108,DIP2C-AS1
FLJ38681,DIP2C-AS1
PRR26,DIP2C-AS1
C9ORF136,DIPK1B
FAM69B,DIPK1B
MGC20262,DIPK1B
C18ORF51,DIPK1C
FAM69C,DIPK1C
C3ORF58,DIPK2A
DIA1,DIPK2A
HASF,DIPK2A
MGC33365,DIPK2A
CXORF36,DIPK2B
DIA1R,DIPK2B
FLJ14103,DIPK2B
DIS3P,DIS3
EXOSC11,DIS3
KIAA1008,DIS3
RRP44,DIS3
DIS3L1,DIS3L
FLJ38088,DIS3L
KIAA1955,DIS3L
MGC4562,DIS3L
BOYMAW,DISC1FP1
C15ORF36,DISP2
DISPB,DISP2
HST16908,DISP2
KIAA1742,DISP2
LINC00594,DISP2
KIAA1337,DISP3
PTCHD2,DISP3
DIXIN,DIXDC1
KIAA1735,DIXDC1
CBF5,DKC1
DKC,DKC1
DYSKERIN,DKC1
NAP57,DKC1
NOLA4,DKC1
XAP101,DKC1
DKK-1,DKK1
SK,DKK1
CT34,DKKL1
SGY-1,DKKL1
DJ854E16.1,DKKL1P1
DKKL2,DKKL1P1
DLC-1,DLC1
P122-RHOGAP,DLC1
CFAP81,DLEC1
DLC1,DLEC1
FAP81,DLEC1
BCMS,DLEU1
BCMS1,DLEU1
DLB1,DLEU1
LEU1,DLEU1
LINC00021,DLEU1
NCRNA00021,DLEU1
XTP6,DLEU1
BCMSUN,DLEU2
DLB2,DLEU2
LEU2,DLEU2
LINC00022,DLEU2
MIR15AHG,DLEU2
NCRNA00022,DLEU2
RFP2OS,DLEU2
TRIM13OS,DLEU2
BCMSUNL,DLEU2L
FLJ44882,DLEU7
KIAA0583,DLG5
P-DLG,DLG5
DAP-1,DLGAP1
GKAP,DLGAP1
SAPAP1,DLGAP1
FLJ35776,DLGAP1-AS1
HST914,DLGAP1-AS1
MGC11082,DLGAP1-AS2
C8ORF68,DLGAP2
DAP-2,DLGAP2
DAP3,DLGAP3
SAPAP3,DLGAP3
DAP4,DLGAP4
KIAA0964,DLGAP4
SAPAP4,DLGAP4
CCAT7,DLGAP4-AS1
DLG1,DLGAP5
DLG7,DLGAP5
HURP,DLGAP5
KIAA0008,DLGAP5
DELTA1,DLK1
FA1,DLK1
PG2,DLK1
PREF-1,DLK1
ZOG,DLK1
SCDO1,DLL3
DLTS,DLST
KGD2,DLST
OGDC-E2,DLST
TES-1,DLX2
DLX2-AS1,DLX2-DT
TCONS_00003049,DLX2-DT
C9ORF123,DMAC1
MGC4730,DMAC1
TMEM261,DMAC1
TMEM261P1,DMAC1P1
ATP5SL,DMAC2
FLJ10241,DMAC2
ATP5S,DMAC2L
ATPW,DMAC2L
HSU79253,DMAC2L
GP-340,DMBT1
GP340,DMBT1
SALSA,DMBT1
DMBT1P1,DMBT1L1
LIM15,DMC1
ME2GLYDH,DMGDH
ZD52F10,DMKN
CT154,DMRT1
DMT1,DMRT1
DMRTA3,DMRT3
DMP1,DMTF1
DMTF,DMTF1
HDMP1,DMTF1
MRUL,DMTF1
D19S593E,DMWD
DMR-N9,DMWD
GENE59,DMWD
DFNA71,DMXL2
KIAA0856,DMXL2
RC3,DMXL2
CILD13,DNAAF1
DAU1,DNAAF1
FLJ25330,DNAAF1
LRRC50,DNAAF1
ODA7,DNAAF1
SWT,DNAAF1
CILD25,DNAAF4
DYX1C1,DNAAF4
EKN1,DNAAF4
FLJ37882,DNAAF4
DYX1C1-CCPG1,DNAAF4-CCPG1
CXORF41,DNAAF6
MGC35261,DNAAF6
NYSAR97,DNAAF6
PIH1D3,DNAAF6
TWISTER,DNAAF6
C16ORF71,DNAAF8
DKFZP686H2240,DNAAF8
FLJ43261,DNAAF8
C20ORF194,DNAAF9
DKFZP434N061,DNAAF9
FLJ31741,DNAAF10
MONAD,DNAAF10
WDR92,DNAAF10
CILD19,DNAAF11
LRRC6,DNAAF11
LRTP,DNAAF11
TILB,DNAAF11
TSLRP,DNAAF11
LRRC6P1,DNAAF11P1
DNAHC6,DNAH6
DNHL1,DNAH6
FLJ37357,DNAH6
HL-2,DNAH6
KIAA0944,DNAH7
DNAH17L,DNAH9
DNAHC9,DNAH9
DNAL1,DNAH9
DYH9,DNAH9
HL-20,DNAH9
HL20,DNAH9
KIAA0357,DNAH9
FLJ43808,DNAH10
CILD1,DNAI1
DIC1,DNAI1
PCD,DNAI1
DJ-2,DNAJA1
HDJ-2,DNAJA1
HSJ2,DNAJA1
HSPF4,DNAJA1
NEDD7,DNAJA1
HTID-1,DNAJA3
TID1,DNAJA3
HSP40,DNAJB1
HSPF1,DNAJB1
RSPH16B,DNAJB1
SIS1,DNAJB1
HSC40,DNAJB5
DNAJB5-AS1,DNAJB5-DT
HSC3,DNAJB7
MDG1,DNAJB9
DJ10,DNAJB12
FLJ20027,DNAJB12
RSPH16A,DNAJB13
TSARG6,DNAJB13
FLJ14281,DNAJB14
DNAJL1,DNAJC1
ERDJ1,DNAJC1
MTJ1,DNAJC1
MPHOSPH11,DNAJC2
MPP11,DNAJC2
ZRF1,DNAJC2
ZUO1,DNAJC2
ZUOTIN,DNAJC2
ERDJ6,DNAJC3
HP58,DNAJC3
P58,DNAJC3
P58(IPK),DNAJC3
P58IPK,DNAJC3
PRKRI,DNAJC3
DNAJC3-AS1,DNAJC3-DT
CLN4,DNAJC5
DNAJC5A,DNAJC5
FLJ00118,DNAJC5
FLJ13070,DNAJC5
CSP-BETA,DNAJC5B
MGC26226,DNAJC5B
KIAA0473,DNAJC6
PARK19,DNAJC6
SPF31,DNAJC8
JDD1,DNAJC9
SB73,DNAJC9
BA537A6.3,DNAJC9-AS1
C10ORF103,DNAJC9-AS1
JDP1,DNAJC12
KIAA0678,DNAJC13
RME8,DNAJC13
DNAJD1,DNAJC15
MCJ,DNAJC15
FLJ10634,DNAJC17
MGC29463,DNAJC18
DPH4,DNAJC24
JJJ3,DNAJC24
ZCSL3,DNAJC24
BA16L21.2.1,DNAJC25
C21ORF55,DNAJC28
C21ORF78,DNAJC28
WBSCR18,DNAJC30
DJ327J16,DNAL4
PIG27,DNAL4
DJ423B22.5,DNALI1
HP28,DNALI1
P28,DNALI1
DNAS1L1,DNASE1L1
DNASEX,DNASE1L1
DNL1L,DNASE1L1
XIB,DNASE1L1
MGC34750,DND1
RBMS4,DND1
BET,DNER
UNQ26,DNER
DNM1DN5,DNM1P5
DNM1DN5@,DNM1P5
DNM1DN17,DNM1P17
DNM1DN17@,DNM1P17
DNM1DN15-1,DNM1P24
DNM1DN15@,DNM1P24
DNM1DN3-1,DNM1P28
DNM1DN3-3,DNM1P28
DNM1DN3@,DNM1P28
DNM1DN3-4,DNM1P30
DNM1DN3@,DNM1P30
DNM1DN4-3,DNM1P30
DNM1DN4@,DNM1P30
DNM1DN4-2,DNM1P31
DNM1DN4@,DNM1P31
DNM1DN4-5,DNM1P32
DNM1DN4@,DNM1P32
DNM1DN7-2,DNM1P33
DNM1DN7@,DNM1P33
DNM1DN10-2,DNM1P38
DNM1DN10@,DNM1P38
DNM1DN11-8,DNM1P38
DNM1DN11@,DNM1P38
DNM1P42,DNM1P38
DNM1DN11-6,DNM1P41
DNM1DN11@,DNM1P41
MGC1090,DNMT3L
C6ORF108,DNPH1
DJ330M21.3,DNPH1
RCL,DNPH1
TDT,DNTT
C20ORF167,DNTTIP1
DJ447F3.4,DNTTIP1
TDIF1,DNTTIP1
ERBP,DNTTIP2
HSU15552,DNTTIP2
TDIF2,DNTTIP2
DOC2BL,DOC2B
CED5,DOCK1
DOCK180,DOCK1
KIAA0299,DOCK3
MOCA,DOCK3
PBP,DOCK3
FLJ21034,DOCK5
KIAA1771,DOCK7
ZIR2,DOCK7
FLJ00026,DOCK8
FLJ00152,DOCK8
FLJ00346,DOCK8
ZIR8,DOCK8
C9ORF66,DOCK8-AS1
FLJ31158,DOCK8-AS1
KIAA1058,DOCK9
ZIZ1,DOCK9
DOCK9-AS2,DOCK9-DT
ACG,DOCK11
FLJ32122,DOCK11
FLJ43653,DOCK11
ZIZ2,DOCK11
HLRC1,DOHH
MGC4293,DOHH
DOK-2,DOK2
P56DOK-2,DOK2
C20ORF180,DOK5
DJ805C22.1,DOK5
DOK5L,DOK6
HST3226,DOK6
MGC20785,DOK6
DK1,DOLK
KIAA1094,DOLK
TMEM15,DOLK
LSFR2,DOLPP1
B17,DONSON
C21ORF60,DONSON
C2TA,DONSON
DKFZP434M035,DONSON
C21ORF5,DOP1B
DOPEY2,DOP1B
KIAA0933,DOP1B
DKFZP566F084,DPCD
RP11-529I10.4,DPCD
BAF45C,DPF3
CER-D4,DPF3
CERD4,DPF3
FLJ14079,DPF3
SMARCG3,DPF3
DPH2L,DPH1
DPH2L1,DPH1
OVCA1,DPH1
RP11-667K14.3,DPH1-AS1
C20ORF143,DPH3P1
DJ885L7.5,DPH3P1
DPH3B,DPH3P1
ZCSL1,DPH3P1
ATPBD4,DPH6
MGC14798,DPH6
C9ORF112,DPH7
FLJ90634,DPH7
RRT2,DPH7
WDR85,DPH7
CDGIE,DPM1
MPDS,DPM1
MGC111193,DPM2
MGC21559,DPM2
DP8,DPP8
DPRP1,DPP8
FLJ14920,DPP8
FLJ20283,DPP8
MGC26191,DPP8
MSTP141,DPP8
DPL2,DPP10
DPPY,DPP10
DPRP3,DPP10
CT100,DPPA2
PESCRG1,DPPA2
PGC7,DPPA3
STELLA,DPPA3
ESG1,DPPA5
DKFZP434E092,DPY19L2P2
FLJ36166,DPY19L2P2
DHPDHASE,DPYD
DPD,DPYD
DHPASE,DPYS
CRMP2,DPYSL2
DHPRP2,DPYSL2
DRP-2,DPYSL2
DRP2,DPYSL2
CRMP4,DPYSL3
DRP-3,DPYSL3
ULIP,DPYSL3
CRMP3,DPYSL4
DRP-4,DPYSL4
ULIP4,DPYSL4
DRAM,DRAM1
FLJ11259,DRAM1
NC2-ALPHA,DRAP1
C2ORF39,DRC1
CCDC164,DRC1
CILD21,DRC1
FLJ32660,DRC1
MGC16372,DRC1
C16ORF50,DRC7
CCDC135,DRC7
CFAP50,DRC7
DKFZP434I099,DRC7
FAP50,DRC7
DRD1B,DRD5
DRD1L2,DRD5
NEDD3,DRG1
DRG11,DRGX
PRRXL1,DRGX
C22ORF43,DRICH1
ETOHI2,DROSHA
HSA242976,DROSHA
RN3,DROSHA
RNASE3L,DROSHA
RNASEN,DROSHA
CDHF1,DSC1
CDHF2,DSC2
DSC3,DSC2
CDHF3,DSC3
DSC,DSC3
DSC1,DSC3
DSC2,DSC3
DSC4,DSC3
CHD2-42,DSCAM
CHD2-52,DSCAM
M41,DSCAM-AS1
KIAA1132,DSCAML1
DCC1,DSCC1
HDCC1,DSCC1
MGC5528,DSCC1
DCRB,DSCR4
C21ORF65,DSCR8
CT25.1A,DSCR8
CT25.1B,DSCR8
MMA-1A,DSCR8
MMA-1B,DSCR8
MTAG2,DSCR8
NCRNA00038,DSCR9
DS-EPI1,DSE
DSEPI,DSE
SART2,DSE
C18ORF4,DSEL
DE-EPI2,DSEL
FLJ11477,DSEL
NCAG1,DSEL
CDHF4,DSG1
DSG,DSG1
CDHF5,DSG2
CDHF6,DSG3
CDHF13,DSG4
LAH,DSG4
C20ORF172,DSN1
DJ469A13.2,DSN1
HKNL-3,DSN1
KNL3,DSN1
MIS13,DSN1
ACTDP,DSTN
ADF,DSTN
BA379J5.3,DTD1
BA555E18.1,DTD1
C20ORF88,DTD1
DUEB,DTD1
HARS2,DTD1
MGC119131,DTD1
MGC41905,DTD1
PQN-68,DTD1
FLJ16686,DTHD1
CDT2,DTL
DCAF2,DTL
L2DTL,DTL
RAMP,DTL
D18S892E,DTNA
DRP3,DTNA
DTN,DTNA
DTN-1,DTNA
DTN-2,DTNA
DTN-3,DTNA
BLOC1S8,DTNBP1
DBND,DTNBP1
DYSBINDIN,DTNBP1
HPS7,DTNBP1
MY031,DTNBP1
MDS009,DTWD1
MGC111207,DTWD1
FLJ33977,DTWD2
KIAA1528,DTX2
RNF58,DTX2
FLJ34766,DTX3
RNF154,DTX3
KIAA0937,DTX4
RNF155,DTX4
CDC8,DTYMK
TMPK,DTYMK
TYMK,DTYMK
LNOX1,DUOX1
NOXEF1,DUOX1
THOX1,DUOX1
LNOX2,DUOX2
P138(TOX),DUOX2
P138-TOX,DUOX2
THOX2,DUOX2
FLJ32334,DUOXA1
MOL,DUOXA1
NIP,DUOXA1
NUMBIP,DUOXA1
DUS4,DUS4L
PP35,DUS4L
PAC-1,DUSP2
HVH3,DUSP5
DUSP5P,DUSP5P1
FLJ34941,DUSP5P1
MKP-3,DUSP6
PYST1,DUSP6
C11ORF81,DUSP8
FLJ42958,DUSP8
HB5,DUSP8
HVH-5,DUSP8
DUSP8P,DUSP8P1
DUSP8P3,DUSP8P1
DUSPP,DUSP8P1
HVH4,DUSP8P1
MKP-4,DUSP9
MKP4,DUSP9
MKP-5,DUSP10
MKP5,DUSP10
PIR1,DUSP11
MKP-L,DUSP14
MKP6,DUSP14
BA243J16.5,DUSP15
BA243J16.6,DUSP15
C20ORF57,DUSP15
FLJ20645,DUSP15
VHY,DUSP15
KIAA1700,DUSP16
MKP-7,DUSP16
MKP7,DUSP16
DUSP20,DUSP18
DUSP24,DUSP26
MGC1136,DUSP26
NEAP,DUSP26
DUPD1,DUSP29
DUSP27,DUSP29
DUTPASE,DUT
DUX2,DUX4L8
DUX10,DUX4L10
DUXY1,DUX4L16
DUXY3,DUX4L17
DUXY2,DUX4L18
DUXY4,DUX4L19
DOM3Z,DXO
BA36D19.5,DYDC1
DPY30D1,DYDC1
BA36D19.6,DYDC2
MGC16186,DYDC2
DMC,DYM
FLJ20071,DYM
SMC,DYM
C18ORF26,DYNAP
FLJ39106,DYNAP
CMT2O,DYNC1H1
DHC1,DYNC1H1
DNCH1,DYNC1H1
DNCHC1,DYNC1H1
DNCL,DYNC1H1
DNECL,DYNC1H1
HL-3,DYNC1H1
P22,DYNC1H1
DIC74,DYNC1I2
DNCI2,DYNC1I2
DNCLI1,DYNC1LI1
DNCLI2,DYNC1LI2
CFAP163,DYNC2I1
DIC6,DYNC2I1
FAP163,DYNC2I1
FLJ10300,DYNC2I1
WDR60,DYNC2I1
BA216B9.3,DYNC2I2
CFAP133,DYNC2I2
DIC5,DYNC2I2
FAP133,DYNC2I2
MGC20486,DYNC2I2
WDR34,DYNC2I2
DLC1,DYNLL1
DLC8,DYNLL1
DNCL1,DYNLL1
HDLC1,DYNLL1
LC8,DYNLL1
PIN,DYNLL1
DNCL1P1,DYNLL1P1
DNCL1P2,DYNLL1P2
DLC2,DYNLL2
DNCL1B,DYNLL2
MGC17810,DYNLL2
RSPH22,DYNLL2
DNCL2A,DYNLRB1
DNLC2A,DYNLRB1
ROBLD1,DYNLRB1
DNCL2B,DYNLRB2
DNLC2B,DYNLRB2
ROBLD2,DYNLRB2
TCTEL1,DYNLT1
TCTEX-1,DYNLT1
TCTEX1,DYNLT1
TCTE3,DYNLT2
TCTEX1D3,DYNLT2
TCTEX2,DYNLT2
TCTEX4,DYNLT2
MGC33212,DYNLT2B
TCTEX1D2,DYNLT2B
TCTE1L,DYNLT3
TCTEX1L,DYNLT3
DJ531H16.2,DYNLT3P1
TCTE1P,DYNLT3P1
DYRK,DYRK1A
DYRK1,DYRK1A
MNBH,DYRK1A
MIRK,DYRK1B
ANKRD64,DZANK1
BA189K21.8,DZANK1
C20ORF12,DZANK1
C20ORF84,DZANK1
DJ568F9.2,DZANK1
FLJ10600,DZANK1
FLJ30892,DZANK1
DZIP,DZIP1
KIAA0996,DZIP1
HRUL138,DZIP3
PPP1R66,DZIP3
RBBP3,E2F1
RBP3,E2F1
E2F-2,E2F2
RBAT1,E2F3-IT1
E2F-4,E2F4
FLJ23311,E2F8
KIAA1970,EARS2
MSE1,EARS2
MTGLNRS,EARS2
COE2,EBF2
FLJ11500,EBF2
COE3,EBF3
DKFZP667B0210,EBF3
COE4,EBF4
KIAA1442,EBF4
O/E-4,EBF4
RP5-860F19.3,EBF4
CDPX2,EBP
CHO2,EBP
CPX,EBP
CPXD,EBP
EBRP,EBPL
GCR2,ECD
HSGT1,ECD
HPXEL,ECH1
SCEH,ECHS1
ACBD2,ECI2
DRS1,ECI2
HCA88,ECI2
PECI,ECI2
ECM29,ECPAS
FLJ22036,ECPAS
KIAA0368,ECPAS
ARIA,ECSCR
ECSM2,ECSCR
ARHGEF32,ECT2L
C6ORF91,ECT2L
FBXO49,ECT2L
LFDH,ECT2L
ED1,EDA
ED1-A1,EDA
ED1-A2,EDA
EDA-A1,EDA
EDA-A2,EDA
EDA1,EDA
EDA2,EDA
HED,EDA
ODT1,EDA
XHED,EDA
XLHED,EDA
EDA-A2R,EDA2R
EDAA2R,EDA2R
TNFRSF27,EDA2R
XEDAR,EDA2R
DL,EDAR
ED1R,EDAR
ED3,EDAR
ED5,EDAR
EDA1R,EDAR
EDA3,EDAR
FLJ21128,EDC3
HYJEF_N2-15Q23,EDC3
LSM16,EDC3
YJDC,EDC3
YJEFN2,EDC3
FAM12A,EDDM3A
HE3-ALPHA,EDDM3A
FAM12B,EDDM3B
HE3-BETA,EDDM3B
FAM12CP,EDDM3CP
HE3-GAMMA,EDDM3CP
BA4204.1,EDEM2
C20ORF31,EDEM2
C20ORF49,EDEM2
FLJ10783,EDEM2
CFAP280,EDF1
EDF-1,EDF1
DEL1,EDIL3
ET1,EDN1
ET3,EDN3
ET-A,EDNRA
ETA-R,EDNRA
HET-AR,EDNRA
ETB,EDNRB
HSCR,EDNRB
HSCR2,EDNRB
C10ORF137,EDRF1
DKFZP586F1019,EDRF1
FLJ21617,EDRF1
ZFYVE2,EEA1
EE1A1,EEF1A1
EEF1A,EEF1A1
EF1A,EEF1A1
EF1A1,EEF1A1
EF1ALPHA1,EEF1A1
LENG7,EEF1A1
EEF1A1P,EEF1A1P1
EEF1AL,EEF1A1P3
EEF1AL1,EEF1A1P3
EEF1AL3,EEF1A1P5
EEF1AL5,EEF1A1P7
EEF1AL7,EEF1A1P9
EEF1AL8,EEF1A1P10
EEF1AL9,EEF1A1P11
EEF1AL12,EEF1A1P14
EEF1AL13,EEF1A1P15
EEF1AL,EEF1A2
HS1,EEF1A2
STN,EEF1A2
STNL,EEF1A2
N6AMT2,EEF1AKMT1
DKFZP586D0919,EEF1AKMT3
FAM119B,EEF1AKMT3
METTL21B,EEF1AKMT3
EEF1B1,EEF1B2P1
EEF1B4,EEF1B2P3
EF-1D,EEF1D
FLJ20897,EEF1D
AIMP3,EEF1E1
P18,EEF1E1
EF1G,EEF1G
CAMKIII,EEF2K
EEF-2K,EEF2K
EFM3,EEF2KMT
FAM86A,EEF2KMT
MGC19636,EEF2KMT
SB153,EEF2KMT
EFSEC,EEFSEC
SELB,EEFSEC
BA203J24.7,EEIG1
C9ORF132,EEIG1
EEIG1,EEIG1
FAM102A,EEIG1
SYM-3A,EEIG1
DJ185D5.1,EFCAB6
DJBP,EFCAB6
FLJ23588,EFCAB6
HSCBCIP1,EFCAB6
KIAA1672,EFCAB6
CITF22-123F2.1,EFCAB6-AS1
KIAA1799,EFCAB7
RP4-534K7.1,EFCAB7
C14ORF143,EFCAB11
DHRD,EFEMP1
FBLN3,EFEMP1
FBNL,EFEMP1
MTLV,EFEMP1
S1-5,EFEMP1
FBLN4,EFEMP2
UPH1,EFEMP2
CFAP21,EFHB
FLJ25200,EFHB
EJM,EFHC1
EJM1,EFHC1
FLJ10466,EFHC1
POC9,EFHC1
RIB72,EFHC1
FLJ22843,EFHC2
MRX74,EFHC2
EFTUD1P1,EFL1P1
FAM42B,EFL1P1
HST19321,EFL1P1
EFTUD1P2,EFL1P2
CFNS,EFNB1
ELK-L,EFNB1
EPLG2,EFNB1
LERK2,EFNB1
EPLG5,EFNB2
HTK-L,EFNB2
HTKL,EFNB2
LERK5,EFNB2
MGC126226,EFNB2
MGC126227,EFNB2
MGC126228,EFNB2
EPLG8,EFNB3
LERK-8,EFNB3
KIAA0143,EFR3A
FLJ37871,EFR3B
KIAA0953,EFR3B
CASS3,EFS
EFS1,EFS
EFS2,EFS
HEFS,EFS
SIN,EFS
SNRNP116,EFTUD2
SNRP116,EFTUD2
SNU114,EFTUD2
U5-116KD,EFTUD2
C3ORF50,EGFEM1P
NCRNA00259,EGFEM1P
MAEG,EGFL6
ZNEU1,EGFL7
C6ORF8,EGFL8
NG3,EGFL8
AGRINL,EGFLAM
AGRNL,EGFLAM
FLJ39155,EGFLAM
PIKA,EGFLAM
CTD-2108O9.1,EGFLAM-AS1
LNCRNA-LOWEG,EGFLAM-AS1
LNC-EGFR,EGILA
HIFPH1,EGLN2
PHD1,EGLN2
HIFPH3,EGLN3
PHD3,EGLN3
225,EGR1
AT225,EGR1
G0S30,EGR1
KROX-24,EGR1
NGFI-A,EGR1
TIS8,EGR1
ZIF-268,EGR1
KROX20,EGR2
PILOT,EGR3
NGFI-C,EGR4
PAT133,EGR4
FLJ42622,EHD1
FLJ44618,EHD1
H-PAST,EHD1
HPAST1,EHD1
PAST1,EHD1
PAST2,EHD2
PAST3,EHD3
ESE3,EHF
ESEJ,EHF
ECHD,EHHADH
BA188C12.1,EHMT1
EHMT1-IT1,EHMT1
EU-HMTASE1,EHMT1
FLJ12879,EHMT1
FLJ40292,EHMT1
GLP,EHMT1
KIAA1876,EHMT1
KMT1D,EHMT1
BAT8,EHMT2
C6ORF30,EHMT2
EM:AF134726.3,EHMT2
G9A,EHMT2
KMT1C,EHMT2
NG36/G9A,EHMT2
EPG4,EI24
PIG8,EI24
TP53I8,EI24
C15ORF3,EID1
CRI1,EID1
EID-1,EID1
CRI2,EID2
EID-2,EID2
MGC20452,EID2
EID-3,EID2B
FLJ38944,EID2B
HAPONIN,EIF1AD
MGC11102,EIF1AD
EIF-1A,EIF1AX
EIF-4C,EIF1AX
EIF1A,EIF1AX
EIF4C,EIF1AX
EIF1AP1,EIF1AXP1
EIF-2BBETA,EIF2B2
EIF2B,EIF2B2
EIF2BBETA,EIF2B2
EIF-2B,EIF2B5
EIF2BEPSILON,EIF2B5
EIF-2ALPHA,EIF2S1
EIF2,EIF2S1
EIF2A,EIF2S1
EIF2,EIF2S2
EIF2BETA,EIF2S2
PPP1R67,EIF2S2
EIF2S2P,EIF2S2P1
EIF2,EIF2S3
EIF2G,EIF2S3
EIF2GAMMA,EIF2S3
EIF3-P110,EIF3C
EIF3S8,EIF3C
EIF3-P66,EIF3D
EIF3-ZETA,EIF3D
EIF3S7,EIF3D
EIF3-P48,EIF3E
EIF3S6,EIF3E
INT6,EIF3E
EIF3EP,EIF3EP1
EIF3S6P1,EIF3EP1
INT6P1,EIF3EP1
EIF3-EPSILON,EIF3F
EIF3-P47,EIF3F
EIF3S5,EIF3F
EIF3FP,EIF3FP1
EIF3S5P,EIF3FP1
EIF3-DELTA,EIF3G
EIF3-P44,EIF3G
EIF3S4,EIF3G
EIF3-GAMMA,EIF3H
EIF3-P40,EIF3H
EIF3S3,EIF3H
RG208K23,EIF3IP1
EIF3-ALPHA,EIF3J
EIF3-P35,EIF3J
EIF3S1,EIF3J
ARG134,EIF3K
EIF3S12,EIF3K
HSPC029,EIF3K
M9,EIF3K
PLAC-24,EIF3K
PRO1474,EIF3K
PTD001,EIF3K
EIF3EIP,EIF3L
EIF3S11,EIF3L
EIF3S6IP,EIF3L
HSPC021,EIF3L
HSPC025,EIF3L
EIF3EIPP1,EIF3LP1
EIF3S6IPP,EIF3LP1
EIF3EIPP2,EIF3LP2
EIF3S6IPP2,EIF3LP2
FLJ29030,EIF3M
GA17,EIF3M
HFL-B5,EIF3M
PCID1,EIF3M
TANGO7,EIF3M
EIF4A1P,EIF4A1P1
DDX48,EIF4A3
EIF4AIII,EIF4A3
FAL1,EIF4A3
KIAA0111,EIF4A3
EIF4BP,EIF4BP1
FLJ36951,EIF4E1B
DJ1049G11.3,EIF4E2P1
EIF4EL4,EIF4E2P1
MGC39820,EIF4E3
EIF4EBP1P,EIF4EBP1P1
DJ862K6.3,EIF4EBP2P1
EIF4EBP2P,EIF4EBP2P1
4E-BP3,EIF4EBP3
2610509L04RIK,EIF4ENIF1
4E-T,EIF4ENIF1
CLAST4,EIF4ENIF1
FLJ21601,EIF4ENIF1
DJ1022P6.3,EIF4EP1
EIF4EL2,EIF4EP1
EIF4F,EIF4G1
EIF4G,EIF4G1
P220,EIF4G1
PARK18,EIF4G1
EIF-5A,EIF5A
EIF5A1,EIF5A
MGC104255,EIF5A
MGC99547,EIF5A
BA342M3.3,EIF5AL1
EIF5AP1,EIF5AL1
EIF5AL3,EIF5AP4
B(2)GCN,EIF6
EIF3A,EIF6
ITGB4BP,EIF6
P27BBP,EIF6
TSSC1-IT1,EIPR1-IT1
D29,ELAC1
FLJ10530,ELAC2
HPC2,ELAC2
ELA2,ELANE
HLE,ELANE
HNE,ELANE
NE,ELANE
PMN-E,ELANE
EIG121,ELAPOR1
KIAA1324,ELAPOR1
MABA1,ELAPOR1
EIG121L,ELAPOR2
FLJ31340,ELAPOR2
KIAA1324L,ELAPOR2
HEL-N1,ELAVL2
HUB,ELAVL2
DKFZP547J036,ELAVL3
HUC,ELAVL3
HUCL,ELAVL3
MGC20653,ELAVL3
PLE21,ELAVL3
FABL,ELDR
LINC01156,ELDR
ELFR,ELF4
MEF,ELF4
DJ63G5.3,ELFN2
KIAA1904,ELFN2
ELK2,ELK2AP
ELK2.1,ELK2AP
ELK2P1,ELK2AP
ELK2.2,ELK2BP
ELK2P2,ELK2BP
ERP,ELK3
NET,ELK3
SAP2,ELK3
SAP1,ELK4
MRCCAT1,ELL2
FLJ22637,ELL3
CED-12,ELMO2
CED12,ELMO2
ELMO-2,ELMO2
FLJ11656,ELMO2
KIAA1834,ELMO2
CED-12,ELMO3
CED12,ELMO3
ELMO-3,ELMO3
FLJ13824,ELMO3
DKFZP547C176,ELMOD1
MGC10084,ELMOD2
HST832,ELOA2
TCEB3B,ELOA2
TCEB3L,ELOA2
ELOA3B,ELOA3BP
HST828,ELOA3BP
TCEB3CL,ELOA3BP
ELOA3C,ELOA3CP
ELOA3D,ELOA3DP
TCEB3CL2,ELOA3DP
ELOA3,ELOA3P
ELOA3A,ELOA3P
ELOA3AP,ELOA3P
HST829,ELOA3P
TCEB3C,ELOA3P
TCEB3L2,ELOA3P
TCEB2P1,ELOBP1
TCEB2P3,ELOBP3
SIII,ELOC
TCEB1,ELOC
TCEB1P2,ELOCP2
DJ254P11.1,ELOCP3
TCEB1P3,ELOCP3
TCEB1P4,ELOCP4
TCEB1P5,ELOCP5
TCEB1P6,ELOCP6
TCEB1P7,ELOCP7
TCEB1P8,ELOCP8
TCEB1P9,ELOCP9
TCEB1P10,ELOCP10
TCEB1P11,ELOCP11
TCEB1P12,ELOCP12
TCEB1P13,ELOCP13
TCEB1P14,ELOCP14
TCEB1P15,ELOCP15
TCEB1P16,ELOCP16
TCEB1P17,ELOCP17
TCEB1P18,ELOCP18
TCEB1P19,ELOCP19
TCEB1P20,ELOCP20
TCEB1P22,ELOCP22
TCEB1P23,ELOCP23
TCEB1P24,ELOCP24
TCEB1P25,ELOCP24
TCEB1P26,ELOCP26
TCEB1P27,ELOCP27
TCEB1P28,ELOCP28
TCEB1P30,ELOCP30
TCEB1P34,ELOCP34
TCEB1P35,ELOCP35
CIG-30,ELOVL3
CT118,ELOVL4
SCA34,ELOVL4
STGD2,ELOVL4
STGD3,ELOVL4
DJ483K16.1,ELOVL5
HELO1,ELOVL5
SCA38,ELOVL5
FLJ23378,ELOVL6
LCE,ELOVL6
MGC5487,ELOVL6
FLJ23563,ELOVL7
DYS,ELP1
IKAP,ELP1
IKBKAP,ELP1
IKI3,ELP1
TOT1,ELP1
FLJ10879,ELP2
STATIP1,ELP2
STIP,ELP2
C11ORF19,ELP4
PAXNEB,ELP4
C17ORF81,ELP5
DERP6,ELP5
MGC71745,EMB
KIAA0103,EMC2
TTC35,EMC2
FLJ90746,EMC4
MGC24415,EMC4
PIG17,EMC4
TMEM85,EMC4
C11ORF3,EMC7
C15ORF24,EMC7
C14ORF122,EMC9
CGI-112,EMC9
FAM158A,EMC9
MUC14,EMCN
LEMD5,EMD
STA,EMD
EMI5,EMID1
EMU1,EMID1
HEMU1,EMID1
FLJ33200,EMILIN2
FOAP-10,EMILIN2
C20ORF130,EMILIN3
DJ620E11.4,EMILIN3
EMILIN5,EMILIN3
C19ORF83,EML2-AS1
C2ORF2,EML4
ELP120,EML4
ROPP120,EML4
EMS,EMSLR
EMX2-AS1,EMX2OS
NCRNA00045,EMX2OS
AIH2,ENAM
P11,ENDOU
PP11,ENDOU
PRSS26,ENDOU
C9ORF165,ENHO
UNQ470,ENHO
C10ORF63,ENKUR
CFAP106,ENKUR
ENKURIN,ENKUR
MGC26778,ENKUR
NSE,ENO2
AC023283.3,ENO4
C10ORF134,ENO4
FUCD,ENOSF1
HSRTSBETA,ENOSF1
RTS,ENOSF1
TYMSAS,ENOSF1
CCNOX,ENOX1
CNOX,ENOX1
FLJ10094,ENOX1
PIG38,ENOX1
APK1,ENOX2
COVA1,ENOX2
TNOX,ENOX2
M6S1,ENPP1
NPPS,ENPP1
PC-1,ENPP1
PCA1,ENPP1
PDNP1,ENPP1
ATX,ENPP2
PD-IALPHA,ENPP2
PDNP2,ENPP2
AP3AASE,ENPP4
KIAA0879,ENPP4
NPP4,ENPP4
MGC33971,ENPP6
DJ822J19.1,ENSAP1
ENSAP,ENSAP1
FLJ25421,ENTHD1
ATPDASE,ENTPD1
CD39,ENTPD1
NTPDASE-1,ENTPD1
SPG64,ENTPD1
CD39L1,ENTPD2
NTPDASE-2,ENTPD2
KIAA0392,ENTPD4
LALP70,ENTPD4
LAP70,ENTPD4
LYSAL1,ENTPD4
NTPDASE-4,ENTPD4
UDPASE,ENTPD4
CD39L2,ENTPD6
DJ738P15.3,ENTPD6
IL6ST2,ENTPD6
NTPDASE-6,ENTPD6
NTPDASE-8,ENTPD8
UNQ2492,ENTPD8
NY-CO-3,ENTR1
SDCCAG3,ENTR1
SDCCAG3L,ENTR1P1
SDCCAG3P1,ENTR1P1
C9ORF61,ENTREP1
ENTREP,ENTREP1
FAM189A2,ENTREP1
X123,ENTREP1
FAM189A1,ENTREP2
KIAA0574,ENTREP2
TMEM228,ENTREP2
C1ORF2,ENTREP3
COTE1,ENTREP3
FAM189B,ENTREP3
DC6,ENY2
FLJ20480,ENY2
SUS1,ENY2
CXORF40,EOLA1
CXORF40A,EOLA1
LINC00893,EOLA1-DT
CXORF40B,EOLA2
LINC00894,EOLA2-DT
KAT3B,EP300
P300,EP300
EP400NL,EP400P1
FLJ33915,EP400P1
BHLHE73,EPAS1
HIF2A,EPAS1
HLF,EPAS1
MOP2,EPAS1
PASD2,EPAS1
4.1N,EPB41L1
KIAA0338,EPB41L1
4.1B,EPB41L3
DAL1,EPB41L3
KIAA0987,EPB41L3
NBL4,EPB41L4A
EPB41L4A-AS2,EPB41L4A-DT
FLJ11235,EPB41L4A-DT
BE37,EPB41L5
FLJ12957,EPB41L5
KIAA1548,EPB41L5
LULU,EPB41L5
LULU1,EPB41L5
YMO1,EPB41L5
YRT,EPB41L5
MGC116735,EPB42
MGC116737,EPB42
PA,EPB42
EPL1,EPC1
HEPG5,EPG5
KIAA1632,EPG5
EPH,EPHA1
EPHT,EPHA1
EPHT1,EPHA1
ECK,EPHA2
ETK,EPHA3
ETK1,EPHA3
HEK,EPHA3
HEK4,EPHA3
TYRO4,EPHA3
CEK7,EPHA5
EHK1,EPHA5
HEK7,EPHA5
TYRO4,EPHA5
HEK11,EPHA7
ETK2,EPHB3
HEK2,EPHB3
TYRO6,EPHB3
HTK,EPHB4
TYRO11,EPHB4
HEP,EPHB6
ABHD9,EPHX3
FLJ22408,EPHX3
LNC-EPIC1,EPIC1
LD,EPM2A
LDE,EPM2A
EP,EPO
C17ORF96,EPOP
LOC100170841,EPOP
PRR28,EPOP
CT71,EPPIN
DJ461P17.2,EPPIN
EPPIN1,EPPIN
EPPIN2,EPPIN
EPPIN3,EPPIN
SPINLW1,EPPIN
WAP7,EPPIN
WFDC7,EPPIN
SPINLW1-WFDC6,EPPIN-WFDC6
EPIPL1,EPPK1
EPS15R,EPS15L1
EPS15L2,EPS15P1
PRO1866,EPS15P1
BRESI1,EPSTI1
MGC29634,EPSTI1
EPO,EPX
EPP,EPX
EPX-PEN,EPX
DSPG3,EPYC
PG-LB,EPYC
SLRR3B,EPYC
AFAF,EQTN
C9ORF11,EQTN
EQUATORIN,EQTN
SPACA8,EQTN
A-LAP,ERAP1
ARTS-1,ERAP1
ERAAP1,ERAP1
KIAA0525,ERAP1
PILS-AP,ERAP1
HRAS2,ERAS
HRASP,ERAS
ERCM2,ERCC5
XPGC,ERCC5
ARMD5,ERCC6
CKN2,ERCC6
CSB,ERCC6
RAD26,ERCC6
PE-2,ERF
PE2,ERF
ERG-3,ERG
P55,ERG
C14ORF1,ERG28
NET51,ERG28
C20ORF47,ERGIC3
CGI-54,ERGIC3
ERV46,ERGIC3
NY-BR-84,ERGIC3
PRO0989,ERGIC3
SDBCAG84,ERGIC3
3'HEXO,ERI1
THEX1,ERI1
C19ORF69,ERICH4
LOC100170765,ERICH4
C8ORF47,ERICH5
FLJ39553,ERICH5
C3ORF44,ERICH6
ERICH6A,ERICH6
FAM194A,ERICH6
MGC39662,ERICH6
FAM194B,ERICH6B
FLJ32682,ERICH6B
ELNCRNA1,ERLNC1
TC0101441,ERLNC1
C6ORF70,ERMARD
DJ266L20.3,ERMARD
FLJ11152,ERMARD
FLJ23309,ERMP1
FXNA,ERMP1
KIAA1815,ERMP1
ERO1-ALPHA,ERO1A
ERO1ALPHA,ERO1A
ERO1L,ERO1A
ERP28P,ERP29P1
ERVE1,ERVE-1
HERV-E1,ERVE-1
HERVE1,ERVE-1
TCONS_00025599,ERVE-1
HERV-H4P15.2,ERVH-1
C21ORF105,ERVH48-1
NDUFV3-AS1,ERVH48-1
SUPYN,ERVH48-1
ENVMER34,ERVMER34-1
ENVV2,ERVV-2
ENVW,ERVW-1
ERVWE1,ERVW-1
HERV-7Q,ERVW-1
HERV-W,ERVW-1
HERV-W-ENV,ERVW-1
HERVW,ERVW-1
EFO1,ESCO1
ESO1,ESCO1
KIAA1911,ESCO1
BA526K24.1,ESF1
C20ORF6,ESF1
ER-BETA,ESR2
ERB,ESR2
NR3A2,ESR2
FLJ21918,ESRP2
RBM35B,ESRP2
ESRRAP,ESRRAP1
ESTRRA,ESRRAP2
DFNB35,ESRRB
ERR2,ESRRB
ERRB,ESRRB
ERRBETA,ESRRB
ESRL2,ESRRB
NR3B2,ESRRB
BIS1,ESS2
DGCR13,ESS2
DGCR14,ESS2
DGS-H,ESS2
DGSI,ESS2
ES2,ESS2
ES2EL,ESS2
ESS-2,ESS2
ESX1L,ESX1
ESXR1,ESX1
CHR3SYT,ESYT3
FAM62C,ESYT3
ETAA16,ETAA1
LINC00633,ETDB
HCGVII,ETF1P1
SUP45L2,ETF1P1
SUP45L3,ETF1P2
SUP45L4,ETF1P3
C12ORF72,ETFBKMT
DKFZP451L235,ETFBKMT
METTL20,ETFBKMT
MGC50559,ETFBKMT
ETFQO,ETFDH
EKI,ETNK1
EKI1,ETNK1
AGXT2L1,ETNPPL
ERM,ETV5
TEL,ETV6
TEL-2,ETV7
TEL2,ETV7
FAM176A,EVA1A
FLJ13391,EVA1A
TMEM166,EVA1A
EVA1A-AS1,EVA1A-AS
B18,EVA1C
B19,EVA1C
C21ORF63,EVA1C
C21ORF64,EVA1C
FAM176C,EVA1C
PRED34,EVA1C
LBN,EVC2
CD361,EVI2B
D17S376,EVI2B
EVDB,EVI2B
EVPK,EVPL
EWS,EWSR1
EXDL1,EXD1
MGC33637,EXD1
FLJ20433,EXD3
LOC54932,EXD3
MUT-7,EXD3
NBR,EXD3
FLJ11026,EXOC2
SEC5,EXOC2
SEC5L1,EXOC2
SEC6,EXOC3
SEC6L1,EXOC3
EXOC3L,EXOC3L1
FLJ35539,EXOC3L1
FLJ35587,EXOC3L1
SEC10,EXOC5
SEC10L1,EXOC5
SEC10P,EXOC5
DKFZP761I2124,EXOC6
EXOC6A,EXOC6
FLJ1125,EXOC6
MGC33397,EXOC6
SEC15,EXOC6
SEC15L,EXOC6
SEC15L1,EXOC6
BLOM4,EXOC7
EXO70,EXOC7
EXO70P,EXOC7
KIAA1067,EXOC7
YJL085W,EXOC7
CGI-108,EXOSC1
CSL4,EXOSC1
CSL4P,EXOSC1
HCSL4P,EXOSC1
P13,EXOSC1
SKI4,EXOSC1
SKI4P,EXOSC1
HRRP4P,EXOSC2
P7,EXOSC2
RRP4,EXOSC2
RRP4P,EXOSC2
CGI-102,EXOSC3
HRRP-40,EXOSC3
HRRP40P,EXOSC3
P10,EXOSC3
RRP40,EXOSC3
RRP40P,EXOSC3
EAP4,EXOSC6
HMTR3P,EXOSC6
MTR3,EXOSC6
MTR3P,EXOSC6
P11,EXOSC6
BA421P11.3,EXOSC8
CIP3,EXOSC8
EAP2,EXOSC8
OIP2,EXOSC8
P9,EXOSC8
RRP43,EXOSC8
RRP43P,EXOSC8
P5,EXOSC9
P6,EXOSC9
PM/SCL-75,EXOSC9
PMSCL1,EXOSC9
RRP45,EXOSC9
RRP45P,EXOSC9
LGCR,EXT1
LGS,EXT1
TTV,EXT1
EXTL,EXTL1
MGC70794,EXTL1
EXTL2P,EXTL2P1
C8ORF50,EXTL3-AS1
BOR,EYA1
EAB1,EYA2
DKFZP686C132,EYA3
BA166P24.2,EYS
BA307F22.3,EYS
BA74E24.1,EYS
C6ORF178,EYS
C6ORF179,EYS
C6ORF180,EYS
DJ1018A4.2,EYS
DJ303F19.1,EYS
EGFL10,EYS
EGFL11,EYS
RP25,EYS
SPAM,EYS
CATACOMB,EZHIP
CXORF67,EZHIP
CD142,F3
TF,F3
DXS1253E,F8
F8C,F8
FVIII,F8
HEMA,F8
DXS522E,F8A1
F8A,F8A1
FIX,F9
F13A,F13A1
FXIIIB,F13B
FAAH,FA2H
FAXDC1,FA2H
FLJ25287,FA2H
SPG35,FA2H
AMDD,FAAH2
FAAH-2,FAAH2
FLJ31204,FAAH2
RP11-479E16.1,FAAH2
C17ORF70,FAAP100
FLJ22175,FAAP100
L-FABP,FABP1
FABP11,FABP3
H-FABP,FABP3
MDGI,FABP3
O-FABP,FABP3
FABP3-PS,FABP3P2
FABP3P,FABP3P2
A-FABP,FABP4
AP2,FABP4
E-FABP,FABP5
KFABP,FABP5
PA-FABP,FABP5
FABP5,FABP5P1
FABP5L1,FABP5P1
FABP5L2,FABP5P2
FABP5L3,FABP5P3
TCAG_1781704,FABP5P3
FABP5L4,FABP5P4
FABP5L5,FABP5P5
FABP5L7,FABP5P7
FABP5L8,FABP5P8
FABP5L10,FABP5P10
FABP5L11,FABP5P11
FABP5P1,FABP5P11
FABP5L12,FABP5P12
FABP5L13,FABP5P13
FABP5L15,FABP5P15
I-15P,FABP6
I-BABP,FABP6
I-BALB,FABP6
I-BAP,FABP6
ILBP,FABP6
ILBP3,FABP6
ILLBP,FABP6
B-FABP,FABP7
BLBP,FABP7
PERF,FABP9
PERF15,FABP9
T-FABP,FABP9
D5D,FADS1
FADS6,FADS1
FADSD5,FADS1
LLCDL1,FADS1
TU12,FADS1
FADS2P1,FADS2B
CYB5RP,FADS3
LLCDL3,FADS3
CGI-105,FAHD2A
DKFZP434N062,FAHD2B
2-19,FAM3A
DXS560S,FAM3A
XAP-7,FAM3A
2-21,FAM3B
C21ORF11,FAM3B
C21ORF76,FAM3B
D21M16SJHU19E,FAM3B
ORF9,FAM3B
PANDER,FAM3B
PRED44,FAM3B
GS3876,FAM3C
ILEI,FAM3C
FAM3C2,FAM3C2P
EF7,FAM3D
OIT1,FAM3D
LNC-KCTD6-3,FAM3D-AS1
FAM8A8P,FAM8A4P
TEX39A,FAM9A
TEX39B,FAM9B
TEX39C,FAM9C
ARHGAP48,FAM13A
FAM13A1,FAM13A
KIAA0914,FAM13A
FAM13A1OS,FAM13A-AS1
FAM13AOS,FAM13A-AS1
NCRNA00039,FAM13A-AS1
FAM13C1,FAM13C
DKFZP547D065,FAM20C
DMP4,FAM20C
G-CK,FAM20C
IMAGE:4942737,FAM20C
AC073585.4,FAM24A
AC073585.2,FAM24B
MGC45962,FAM24B
BA96C23.5,FAM25A
BA164N7.4,FAM25C
BA301J7.4,FAM25G
BA12A20.3,FAM27B
FAM27A2,FAM27B
BA374M1.5,FAM27C
BA7G23.5,FAM27C
FAM27A,FAM27C
FAM27A1,FAM27C
FAM27A3,FAM27C
MGC42630,FAM27E3
C14ORF110,FAM30A
HSPC053,FAM30A
KIAA0125,FAM30A
HST16028,FAM30B
KIAA0125P1,FAM30B
HST16041,FAM30C
KIAA0125P2,FAM30C
DKFZP586O0120,FAM32A
OTAG-12,FAM32A
FAM32B,FAM32BP
FAM32C,FAM32CP
FAM32D,FAM32DP
FAM32E,FAM32EP
FAM41AY,FAM41AY1
MGC27003,FAM47A
FLJ35782,FAM47B
9F,FAM50A
DXS9928E,FAM50A
HXC-26,FAM50A
XAP5,FAM50A
D6S2654E,FAM50B
X5L,FAM50B
BA12J10.2,FAM53B
KIAA0140,FAM53B
SMP,FAM53B
C5ORF6,FAM53C
FAM74A5,FAM74A1
OTTHUMG00000067149,FAM74A3
FAM74A2,FAM74A4
FLJ45202,FAM74A4
MGC33371,FAM76B
MGC26690,FAM81A
BJ-TSA-9,FAM83A
MGC14128,FAM83A
AC068228.1,FAM83A-AS2
C6ORF143,FAM83B
FLJ30642,FAM83B
C20ORF128,FAM83C
DJ614O4.7,FAM83C
C20ORF120,FAM83C-AS1
DJ614O4.3,FAM83C-AS1
NCRNA00154,FAM83C-AS1
C20ORF129,FAM83D
CHICA,FAM83D
DJ616B8.3,FAM83D
FLJ46072,FAM83H
LNCRNA-HEIM,FAM85B
FAM86D,FAM86DP
FAM90A3,FAM90A3P
FAM90A7P,FAM90A7
FAM90A9P,FAM90A9
FAM90A10P,FAM90A10
FAM90A14P,FAM90A14
FAM90A16P,FAM90A16
FAM90A19P,FAM90A19
FAM90A20,FAM90A20P
FAM90A22P,FAM90A22
FAM90A23P,FAM90A23
FLJ23790,FAM91A1
FLJ42833,FAM99A
DKFZP781M09150,FAM99B
CXORF44,FAM104B
FLJ20434,FAM104B
FLJ11800,FAM106A
DRR1,FAM107A
TU3A,FAM107A
C10ORF45,FAM107B
FLJ45505,FAM107B
HITS,FAM107B
MGC11034,FAM107B
BA371L19.3,FAM110A
C20ORF55,FAM110A
C8ORF72,FAM110B
MGC39325,FAM110B
FLJ14050,FAM110D
GRRP1,FAM110D
CANP,FAM111B
133K02,FAM114A2
C5ORF3,FAM114A2
BK268H5.C22.4,FAM118A
C22ORF8,FAM118A
FLJ20635,FAM118A
FLJ21103,FAM118B
C9ORF10OS,FAM120AOS
CCPG,FAM120B
KIAA1838,FAM120B
PGCC1,FAM120B
SAN1,FAM120B
CXORF17,FAM120C
FLJ20506,FAM120C
ORF34,FAM120C
FLJ30707,FAM124A
FLJ22746,FAM124B
C3ORF40,FAM131A
MGC21688,FAM131A
CT115,FAM133A
FLJ37659,FAM133A
RP1-32F7.2,FAM133A
MGC40405,FAM133B
FLJ20176,FAM135A
KIAA1411,FAM135A
C6ORF87,FAM136BP
DJ40E16.3,FAM136BP
FAM136B,FAM136BP
F379,FAM138B
F379,FAM138C
F379,FAM138D
F379,FAM138E
F379,FAM138F
KIAA0974,FAM149B1
C1ORF179,FAM151A
MGC27169,FAM151A
UNQ9217,FAM151B
PRO0659,FAM156A
TMEM29,FAM156A
TMEM29B,FAM156B
GTF2IP18,FAM157A
BA86F4.2,FAM162B
C6ORF189,FAM162B
C2ORF70,FAM166C
LOC339778,FAM166C
C8ORF13,FAM167A
DIORA-1,FAM167A
C8ORF12,FAM167A-AS1
FAM169B,FAM169BP
FLJ39743,FAM169BP
KIAA0888L,FAM169BP
APCN,FAM171A1
C10ORF38,FAM171A1
FLJ12884,FAM171A1
C5ORF21,FAM172A
DKFZP564D172,FAM172A
TOUPEE,FAM172A
FAM172B,FAM172BP
FLJ45679,FAM172BP
LOC131909,FAM172BP
NS5ATP6,FAM174A
TMEM157,FAM174A
UNQ1912,FAM174A
LOC51252,FAM178B
HWKM1940,FAM180A
UNQ1940,FAM180A
LOC399888,FAM180B
C14ORF152,FAM181A
C14ORF86,FAM181A-AS1
BB329D4.1,FAM182A
C20ORF91,FAM182A
C20ORF91A,FAM182A
FAM183B,FAM183BP
LOC340286,FAM183BP
C6ORF60,FAM184A
FLJ13942,FAM184A
KIAA1276,FAM184B
LOC121006,FAM186A
FAM192B,FAM192BP
RCNIP30,FAM192BP
FAM197Y1P,FAM197Y1
CYORF16,FAM197Y2
FAM197Y2P,FAM197Y2
FAM197Y4P,FAM197Y4
FAM197Y5P,FAM197Y5
FAM197Y7P,FAM197Y7
CXORF39,FAM199X
C7ORF38,FAM200A
DKFZP727G131,FAM200A
FLJ36794,FAM200A
C4ORF53,FAM200B
BUSTER3,FAM200C
C5ORF54,FAM200C
ZBED8,FAM200C
C9ORF122,FAM201A
BA319I23.1,FAM204A
C10ORF84,FAM204A
FLJ13188,FAM204A
C9ORF144B,FAM205A
FAM205CP,FAM205C
C20ORF106,FAM209A
DJ1153D9.3,FAM209A
C20ORF107,FAM209B
DJ1153D9.4,FAM209B
C18ORF19,FAM210A
HST2329,FAM210A
MGC24180,FAM210A
C20ORF108,FAM210B
DJ1167H4.1,FAM210B
DKFZP434A1114,FAM210B
ARL17A-IT1,FAM215B
C13ORF30,FAM216B
FLJ40919,FAM216B
C6ORF146,FAM217A
MGC43581,FAM217A
C20ORF177,FAM217B
DJ551D2.5,FAM217B
C4ORF39,FAM218A
FLJ31659,FAM218A
TRIM61-AS1,FAM218A
BA573M23.5,FAM219A
C9ORF25,FAM219A
FLJ39031,FAM219A
BA392E22.4,FAM220BP
C9ORF51,FAM220BP
C9ORF128,FAM221B
C12ORF34,FAM222A
FLJ14721,FAM222A
LINC00230A,FAM224A
NCRNA00230A,FAM224A
LINC00230B,FAM224B
NCRNA00230B,FAM224B
C9ORF109,FAM225A
DKFZP686A0127,FAM225A
LINC00256A,FAM225A
NCRNA00256A,FAM225A
C9ORF110,FAM225B
LINC00256B,FAM225B
NCRNA00256B,FAM225B
CXORF50B,FAM226B
LINC00246B,FAM226B
NCRNA00246B,FAM226B
C15ORF33,FAM227B
FLJ32800,FAM227B
C6ORF225,FAM229B
DKFZP586F0922,FAM229B
LOC619208,FAM229B
DGCR15,FAM230A
FLJ46366,FAM230B
DKFZP434B061,FAM230C
LINC00281,FAM230C
NCRNA00281,FAM230C
AC008079.1,FAM230D
LINC02592,FAM230D
LINC01662,FAM230E
LINC01663,FAM230F
AC007731.1,FAM230G
AP000552.1,FAM230H
LINC01658,FAM230I
LINC01660,FAM230J
C16ORF9,FAM234A
DKFZP761D0211,FAM234A
FLJ32603,FAM234A
ITFG3,FAM234A
DMRTC1-AS1,FAM236A
LINC00684,FAM236A
C10ORF35,FAM241B
LINC01598,FAM242A
TCONS_00028363,FAM242A
LINC00864,FAM245A
KIAA1018,FAN1
MTMR15,FAN1
FAAP95,FANCB
FAB,FANCB
FLJ34064,FANCB
C3ORF24,FANCD2OS
MGC40179,FANCD2OS
FAF,FANCF
LOC440905,FAR2P1
CDEP,FARP1
GLCC1,FARP1
MGC87400,FARP1
PLEKHC2,FARP1
PPP1R75,FARP1
FIR,FARP2
FRG,FARP2
KIAA0793,FARP2
PLEKHC3,FARP2
DJ236A3.1,FARS2
FARS1,FARS2
MTPHERS,FARS2
CML33,FARSA
FARSL,FARSA
FARSLA,FARSA
FARSLB,FARSB
FRSB,FARSB
PHEHB,FARSB
KIAA0971,FASTKD2
FLJ23274,FASTKD3
MGC5297,FASTKD3
FLJ13149,FASTKD5
DJ697P8.1,FAT1P1
CDHF14,FAT4
CDHR11,FAT4
FAT-J,FAT4
CT43,FATE1
FATE,FATE1
FAU1P,FAUP1
C6ORF168,FAXC
DJ273F20,FAXC
MGC2817,FAXC
C5ORF4,FAXDC2
FLJ13758,FAXDC2
FIB,FBL
FLRN,FBL
NOP1,FBL
RNU3IP1,FBL
FBLN,FBLN1
FBP,FBP1
FBS,FBRS
FBS1,FBRS
FLJ11618,FBRS
FBL3,FBXL3
FBL3A,FBXL3
FBXL3A,FBXL3
FBL4,FBXL4
FBL5,FBXL4
FBL4,FBXL5
FBL5,FBXL5
FLR1,FBXL5
FBL6,FBXL6
FBL6,FBXL7
FBL7,FBXL7
KIAA0840,FBXL7
FBL8,FBXL8
FBL12,FBXL12
FLJ20188,FBXL12
FBL15,FBXL15
FBXO37,FBXL15
MGC11279,FBXL15
CXXC11,FBXL19
DKFZP434K0410,FBXL19
FBL19,FBXL19
JHDM1C,FBXL19
MGC125469,FBXL19-AS1
MGC125470,FBXL19-AS1
MGC125472,FBXL19-AS1
NCRNA00095,FBXL19-AS1
FBL2,FBXL20
FBL20,FBXL20
MGC15482,FBXL20
FBL21,FBXL21P
FBL3B,FBXL21P
FBXL21,FBXL21P
FBXL3B,FBXL21P
FBXL3P,FBXL21P
FBL22,FBXL22
FLJ39626,FBXL22
FBX4,FBXO4
EMI1,FBXO5
FBX5,FBXO5
FBXO31,FBXO5
FBX,FBXO7
FBX7,FBXO7
PARK15,FBXO7
FBS,FBXO8
FBX8,FBXO8
FBX9,FBXO9
NY-REN-57,FBXO9
FBX10,FBXO10
FBX15,FBXO15
MGC39671,FBXO15
FBG4,FBXO17
FBX17,FBXO17
FBXO26,FBXO17
FLJ11798,FBXO17
FLJ25205,FBXO17
MGC9379,FBXO17
FBX25,FBXO25
FBX30,FBXO30
MGC21674,FBXO30
ATROGIN1,FBXO32
FBX32,FBXO32
MAFBX,FBXO32
FBX34,FBXO34
FLJ20725,FBXO34
CT144,FBXO39
FBX39,FBXO39
MGC35179,FBXO39
FBX42,FBXO42
KIAA1332,FBXO42
FBX43,FBXO43
FBX45,FBXO45
FBW2,FBXW2
FWD2,FBXW2
MD6,FBXW2
DACTYLIN,FBXW4
FBW4,FBXW4
SHFM3,FBXW4
FBW3,FBXW4P1
FBXW3,FBXW4P1
SHFM3P1,FBXW4P1
DKFZP434B205,FBXW5
FBW5,FBXW5
MGC20962,FBXW5
FBW6,FBXW8
FBW8,FBXW8
FBX29,FBXW8
FBXO29,FBXW8
FBW9,FBXW9
MEC-15,FBXW9
MGC10870,FBXW9
C17ORF1,FBXW10
C17ORF1A,FBXW10
FBW10,FBXW10
HREP,FBXW10
SM2SH2,FBXW10
CDRT1,FBXW10B
FBXW10P1,FBXW10B
HREP,FBXW10B
SM25H2,FBXW10B
BTRC2,FBXW11
BTRCP2,FBXW11
FBW11,FBXW11
FBW1B,FBXW11
FBXW1B,FBXW11
HOS,FBXW11
KIAA0696,FBXW11
BTRC2P,FBXW11P1
FBXW1BP,FBXW11P1
FBXW1BP1,FBXW11P1
CD89,FCAR
FCALPHAR,FCAR
FCALPHARI,FCAR
FCE1A,FCER1A
FCEPSILONRIALPHA,FCER1A
FCERIA,FCER1A
CD23,FCER2
CD23A,FCER2
CLEC4J,FCER2
FCE2,FCER2
FCEPSILONRII,FCER2
FCERII,FCER2
BKA,FCF1
C14ORF111,FCF1
CGI-35,FCF1
UTP24,FCF1
FC(GAMMA)BP,FCGBP
FCGAMMABP,FCGBP
FCGAMMARN,FCGRT
FCRN,FCGRT
FLJ00007,FCHSD1
KIAA0769,FCHSD2
SH3MD3,FCHSD2
FLJ39408,FCSK
FUK,FCSK
SQS,FDFT1
CHR39A,FDPSP1
FDPSL1,FDPSP1
FPSL1,FDPSP1
FDPSL2,FDPSP2
FDPSL2A,FDPSP2
FPSL2,FDPSP2
TCAG_1641456,FDPSP2
FDPSL3,FDPSP3
FPSL3,FDPSP3
CHR39B,FDPSP4
FDPSL4,FDPSP4
FPSL4,FDPSP4
CHR39C,FDPSP5
FDPSL5,FDPSP5
FPSL5,FDPSP5
FDPSP,FDPSP6
FDPSL2B,FDPSP7
ADX,FDX1
FDX,FDX1
ADXP1,FDX1P1
FDXP1,FDX1P1
FDXP2,FDX1P2
HCG_2033039,FDXACB1
LOC91893,FDXACB1
FECHP,FECHP1
FEM1DP,FEM1AP1
EUROIMAGE686608,FEM1C
EUROIMAGE783647,FEM1C
FEM1A,FEM1C
KIAA1785,FEM1C
FEN-1,FEN1
MF1,FEN1
RAD2,FEN1
FOXF1-AS1,FENDRR
LINCFOXF1,FENDRR
ONCO-LNCRNA-21,FENDRR
BA563A22B.1,FER1L4
C20ORF124,FER1L4
DJ309K20.1,FER1L4
C8ORFK23,FER1L6
C8ORF54,FER1L6-AS1
FLJ35721,FER1L6-AS1
C8ORF78,FER1L6-AS2
FLJ32770,FER1L6-AS2
C20ORF42,FERMT1
FLJ20116,FERMT1
KIND1,FERMT1
UNC112A,FERMT1
URP1,FERMT1
FERP,FERP1
FERPS,FERP1
FPS,FES
UNC-76,FEZ1
FEZL,FEZF2
FKSG36,FEZF2
FLJ10142,FEZF2
TOF,FEZF2
ZFP312,FEZF2
ZNF312,FEZF2
FFA3R,FFAR3
GPR41,FFAR3
GPR120,FFAR4
GPR129,FFAR4
O3FAR1,FFAR4
PGR4,FFAR4
FGDY,FGD1
ZFYVE3,FGD1
FLJ00004,FGD3
ZFYVE5,FGD3
FLJ00274,FGD5
FLJ39957,FGD5
ZFYVE23,FGD5
FLJ11183,FGD6
ZFYVE24,FGD6
AFGF,FGF1
ECGF,FGF1
ECGF-BETA,FGF1
ECGFA,FGF1
ECGFB,FGF1
FGF-ALPHA,FGF1
FGFA,FGF1
GLIO703,FGF1
HBGF1,FGF1
HBGF-3,FGF3
INT2,FGF3
KGF,FGF7
HST283,FGF7P1
FGF7L,FGF7P2
AIGF,FGF8
RP11-473L15.2,FGF10-AS1
FHF3,FGF11
FLJ16061,FGF11
MGC102953,FGF11
MGC45269,FGF11
FHF4,FGF14
SCA27,FGF14
MF4,FGF16
FGF-13,FGF17
FGF-18,FGF18
ZFGF5,FGF18
FGFBP,FGFBP1
HBP17,FGFBP1
KSP37,FGFBP2
DKFZP564O1863,FGFR1OP2
D84394.2,FGFR3P1
FGFR3P,FGFR3P1
FGFR6,FGFR3P1
HFREP-1,FGL1
HPS,FGL1
PT49,FGL2
T49,FGL2
INF1,FHDC1
KIAA1727,FHDC1
FAM160A1,FHIP1A
FHIP-L,FHIP1A
FLJ43373,FHIP1A
FAM160A1-DT,FHIP1A-DT
RP11-610P16.1,FHIP1A-DT
FAM160B2,FHIP2B
FLJ21801,FHIP2B
RAI16,FHIP2B
BA535K18.1,FHL1
FHL1B,FHL1
FLH1A,FHL1
KYO-T,FHL1
MGC111107,FHL1
SLIM1,FHL1
XMPMA,FHL1
DRAL,FHL2
SLIM3,FHL2
FHOS,FHOD1
FHOS2,FHOD3
FLJ22297,FHOD3
FLJ22717,FHOD3
KIAA1695,FHOD3
FLJ14810,FIBCD1
MGC24932,FIBIN
FGFIBP,FIBP
ALS11,FIG4
CMT4J,FIG4
DJ249I4.1,FIG4
HSAC3,FIG4
KIAA0274,FIG4
SAC3,FIG4
FILIP,FILIP1
KIAA1275,FILIP1
CGI-135,FIS1
H_NH0132A01.6,FIS1
TTC11,FIS1
FIT1,FITM1
C20ORF142,FITM2
DJ881L22.2,FITM2
FIT2,FITM2
FLJ14768,FIZ1
ZNF798,FIZ1
FLJ22416,FJX1
FLJ25593,FJX1
FKBP-12,FKBP1A
FKBP1,FKBP1A
FKBP12,FKBP1A
FKBP12C,FKBP1A
PKC12,FKBP1A
PPIASE,FKBP1A
FKBP1P1,FKBP1AP1
FKBP1P2,FKBP1AP2
FKBP1P3,FKBP1AP3
FKBP1P4,FKBP1AP4
BA184C23.2,FKBP1C
FKBP-13,FKBP2
FKBP13,FKBP2
PPIASE,FKBP2
FKBP4P4,FKBP4P6
FKBP4P5,FKBP4P6
FKBP4P3,FKBP4P7
FKBP51,FKBP5
FKBP54,FKBP5
P54,FKBP5
PPIASE,FKBP5
PTG-10,FKBP5
FKBP19,FKBP11
FKBP22,FKBP14
FLJ20731,FKBP14
FKBP133,FKBP15
KIAA0674,FKBP15
PPP1R76,FKBP15
WAFL,FKBP15
DIR1,FKBPL
NG7,FKBPL
WISP39,FKBPL
FCMD,FKTN
LGMD2M,FKTN
BHD,FLCN
DENND8B,FLCN
MGC17998,FLCN
MGC23445,FLCN
FLG-1,FLG
FLG1,FLG
IFPS,FLG2
FLI,FLII
FLI1,FLII
FLIL,FLII
MGC39265,FLII
ABP-280,FLNA
FLN,FLNA
FLN1,FLNA
OPD1,FLNA
OPD2,FLNA
FLT,FLT1
VEGFR1,FLT1
CD135,FLT3
FLK2,FLT3
STK1,FLT3
C14ORF58,FLVCR2
CCT,FLVCR2
FLJ20371,FLVCR2
MFSD7C,FLVCR2
SLC49A2,FLVCR2
DKFZP761A132,FLYWCH1
C7ORF55,FMC1
HSPC268,FMC1
C7ORF55-LUC7L2,FMC1-LUC7L2
DKFZP686C2281,FMN1
FLJ45135,FMN1
FMN,FMN1
LD,FMN1
MGC125288,FMN1
MGC125289,FMN1
FMRP,FMR1
FRAXA,FMR1
MGC87458,FMR1
POF,FMR1
POF1,FMR1
ASFMR1,FMR1-AS1
FMR1-AS,FMR1-AS1
FMR1AS,FMR1-AS1
FMR4,FMR1-AS1
CT37,FMR1NB
FLJ25736,FMR1NB
NY-SAR-35,FMR1NB
KIAA1014,FNBP4
BA243O10.1,FNDC1
DJ322A24.1,FNDC1
FNDC2,FNDC1
KIAA1866,FNDC1
BA203I16.5,FNDC3A
FNDC3,FNDC3A
KIAA0970,FNDC3A
DKFZP762K137,FNDC3B
FAD104,FNDC3B
FLJ23399,FNDC3B
PRO4979,FNDC3B
YVTM2421,FNDC3B
C5ORF40,FNDC9
MGC27121,FNDC9
C20ORF195,FNDC11
MGC5356,FNDC11
FNIPL,FNIP2
KIAA1450,FNIP2
MAPO1,FNIP2
FPTA,FNTA
PGGT1A,FNTA
PTAR2,FNTA
FNTAL2,FNTAP2
FPTB,FNTB
FLJ20375,FOCAD
KIAA1797,FOCAD
FOLH,FOLH1
GCP2,FOLH1
GCPII,FOLH1
NAALAD1,FOLH1
NAALADASE,FOLH1
PSM,FOLH1
PSMA,FOLH1
FOLR,FOLR1
FRA,FOLR1
FOLR1P,FOLR1P1
AP-1,FOS
C-FOS,FOS
FRA-1,FOSL1
HNF3B,FOXA2
HNF3G,FOXA3
FKH5,FOXB1
HFKH-5,FOXB1
BA159H20.4,FOXB2
ARA,FOXC1
FKHL7,FOXC1
FREAC3,FOXC1
IGDA,FOXC1
IHG1,FOXC1
IRID1,FOXC1
FKHL14,FOXC2
MFH-1,FOXC2
FKHL8,FOXD1
FREAC4,FOXD1
TCONS_00009423,FOXD1-AS1
FKHL9,FOXD4
FOXD4A,FOXD4
FREAC5,FOXD4
FOXD6,FOXD4L3
OTTHUMG00000019959,FOXD4L3
FKHL15,FOXE1
FOXE2,FOXE1
HFKH4,FOXE1
TITF2,FOXE1
TTF-2,FOXE1
FKHL5,FOXF1
FREAC1,FOXF1
FKHL6,FOXF2
FREAC2,FOXF2
FOXG1-AS,FOXG1-AS1
FAST1,FOXH1
FKHL10,FOXI1
FREAC6,FOXI1
FLJ46831,FOXI2
FKHL13,FOXJ1
HFH-4,FOXJ1
HFH4,FOXJ1
KIAA1041,FOXJ3
IMAGE:5164497,FOXK1
ILF,FOXK2
ILF1,FOXK2
FKH6,FOXL1
FKHL11,FOXL1
FREAC7,FOXL1
C14ORF116,FOXN3
CHES1,FOXN3
PRO1768,FOXN3-AS2
FKH1,FOXO1
FKHR,FOXO1
FOXO1A,FOXO1
FKHRP1,FOXO1B
AF6Q21,FOXO3
FKHRL1,FOXO3
FOXO2,FOXO3
FOXO3A,FOXO3
AFX1,FOXO4
MLLT7,FOXO4
HFH1,FOXQ1
FOXN6,FOXR2
MGC21658,FOXR2
ERFAD,FOXRED2
FLJ23322,FOXRED2
FKHL18,FOXS1
FREAC10,FOXS1
ALX,FPR2
ALXR,FPR2
FMLP-R-II,FPR2
FMLPX,FPR2
FPR2A,FPR2
FPRH2,FPR2
FPRL1,FPR2
HM63,FPR2
LXA4R,FPR2
FMLPY,FPR3
FPRH1,FPR3
FPRL2,FPR3
RMLP-R-I,FPR3
C10ORF4,FRA10AC1
C9ORF143,FREM1
C9ORF145,FREM1
C9ORF154,FREM1
DKFZP686M16108,FREM1
FLJ25461,FREM1
TILRR,FREM1
DKFZP686J0811,FREM2
C11ORF94,FREY1
FREY,FREY1
FRG1A,FRG1
FSG1,FRG1
BA348I14.2,FRG1BP
C20ORF80,FRG1BP
FRG1B,FRG1BP
FRG2A,FRG2
LNCRNA-AP001631.9,FRGCA
GTK,FRK
PTK5,FRK
RAK,FRK
EPB41L4O,FRMD3
MGC20553,FRMD3
GRSP1,FRMD4B
KIAA1013,FRMD4B
MGC14161,FRMD5
C14ORF31,FRMD6
EX1,FRMD6
MGC17921,FRMD6
WILLIN,FRMD6
FLJ43346,FRMD7
NYS,FRMD7
NYS1,FRMD7
FKSG43,FRMD8P1
FRMD2,FRMPD1
KIAA0967,FRMPD1
MGC35285,FRMPD2
PDZD5C,FRMPD2
PDZK5C,FRMPD2
KIAA1817,FRMPD3
RP5-1070B1.1,FRMPD3
KIAA0316,FRMPD4
PDZD10,FRMPD4
PDZK10,FRMPD4
C9ORF4,FRRS1L
CG-6,FRRS1L
FRS2B,FRS3
FRS2BETA,FRS3
SNT-2,FRS3
13CDNA73,FRY
BA37E23.1,FRY
C13ORF14,FRY
CG003,FRY
C14ORF155,FSCB
DKFZP434F1017,FSCB
FLJ38511,FSCN1
P55,FSCN1
SNL,FSCN1
RFSN,FSCN2
RP30,FSCN2
CCDC10,FSD1L
CSDUFD1,FSD1L
FSD1CL,FSD1L
FSD1NL,FSD1L
RP11-127F21,FSD2
SPRYD1,FSD2
FSHRO,FSHR
LGR1,FSHR
ODG1,FSHR
FS,FST
DKFZP566D234,FSTL5
KIAA1263,FSTL5
FTHL1,FTH1P1
FTHL2,FTH1P2
FTHL4,FTH1P4
FTHL5,FTH1P5
FTHP1,FTH1P5
FTHL7,FTH1P7
FTHL8,FTH1P8
FTHL10,FTH1P10
FTHL11,FTH1P11
FTHL12,FTH1P12
FTHL13,FTH1P13
FTHP3,FTH1P13
FTHL15,FTH1P15
FTH2,FTH1P16
FTHL16,FTH1P16
FTHL19,FTH1P19
FTHL20,FTH1P20
FTHL21,FTH1P21
FTHP2,FTH1P21
FTHL22,FTH1P22
FTHL25,FTH1P25
FTHL26,FTH1P26
CT38,FTHL17
FTH1P18,FTHL18P
FTHL18,FTHL18P
MGC71996,FTL
NBIA3,FTL
BA465L10.3,FTLP1
FTLP,FTLP1
FTLL2,FTLP2
DJ681N20.2,FTLP3
FTLL1,FTLP3
MTF,FTMT
CDLIV,FTSJ1
JM23,FTSJ1
MRX44,FTSJ1
MRX9,FTSJ1
SPB1,FTSJ1
TRM7,FTSJ1
TRMT7,FTSJ1
DJ20N2.5,FUCA2
MGC1314,FUCA2
MGC51029,FUNDC1
DC44,FUNDC2
HCBP6,FUNDC2
FUNDC2P,FUNDC2P1
C10ORF125,FUOM
FLJ26016,FUOM
FUCM,FUOM
FUCU,FUOM
FUR,FURIN
PACE,FURIN
PCSK3,FURIN
SPC1,FURIN
ALS6,FUS
FUS1,FUS
HNRNP-P2,FUS
HNRNPP2,FUS
TLS,FUS
CD174,FUT3
LE,FUT3
FUC-TIX,FUT9
MGC33202,FUT11
CPLANE3,FUZ
FLJ22688,FUZ
FY,FUZ
CYAY,FXN
FA,FXN
FARR,FXN
FRDA,FXN
X25,FXN
FRDAP,FXNP1
PLM,FXYD1
CHIF,FXYD4
OIT2,FXYD5
FXYD8,FXYD6P3
ADAP,FYB1
FYB,FYB1
FYB-120/130,FYB1
SLAP-130,FYB1
DKFZP564G072,FZD1
FLJ20333,G2E3
KIAA1333,G2E3
PHF7B,G2E3
CAT1647,G2E3-AS1
G3BP,G3BP1
HDH-VIII,G3BP1
KIAA0660,G3BP2
G6PC,G6PC1
G6PT,G6PC1
GSD1A,G6PC1
IGRP,G6PC2
G6PD1,G6PD
APG8L,GABARAPL1
ATG8B,GABARAPL1
ATG8L,GABARAPL1
GEC1,GABARAPL1
ATG8,GABARAPL2
ATG8C,GABARAPL2
GATE-16,GABARAPL2
GATE16,GABARAPL2
GEF2,GABARAPL2
GPRC3A,GABBR1
HGB1A,GABBR1
GABABR2,GABBR2
GPR51,GABBR2
GPRC3B,GABBR2
HG20,GABBR2
E4TF1-60,GABPA
E4TF1A,GABPA
NFT2,GABPA
NRF2,GABPA
NRF2A,GABPA
E4TF1-47,GABPB1
GABPB,GABPB1
GABPB2,GABPB1
FLJ10038,GABPB1-IT1
MGC29891,GABPB2
EJM5,GABRA1
AC096655.1-002,GACAT1
LINC00876,GACAT1
HMLINCRNA717,GACAT2
MTCL1-AS1,GACAT2
GAD65,GAD2
DKFZP566B133,GADD45B
GADD45BETA,GADD45B
MYD118,GADD45B
CR6,GADD45G
DDIT2,GADD45G
GADD45GAMMA,GADD45G
GRP17,GADD45G
CKBBP2,GADD45GIP1
CKBETABP2,GADD45GIP1
CRIF1,GADD45GIP1
MGC4667,GADD45GIP1
MGC4758,GADD45GIP1
PLINP-1,GADD45GIP1
PLINP1,GADD45GIP1
PRG6,GADD45GIP1
CT4.1,GAGE1
CT4.2,GAGE2A
GAGE2,GAGE2A
GAGE8,GAGE2E
OTTHUMG00000024136,GAGE10
OTTHUMG00000024142,GAGE12B
OTTHUMG00000024144,GAGE12C
OTTHUMG00000024145,GAGE12D
OTTHUMG00000024146,GAGE12E
OTTHUMG00000024147,GAGE12F
OTTHUMG00000024148,GAGE12G
OTTHUMG00000024149,GAGE12H
GAGE11,GAGE12J
OTTHUMG00000024137,GAGE12J
GAGE12A,GAGE13
OTTHUMG00000024138,GAGE13
GAL-GMAP,GAL
GALN,GAL
GLNN,GAL
GMAP,GAL
CST,GAL3ST1
GP3ST,GAL3ST2
GAL3ST2,GAL3ST3
FLJ12116,GAL3ST4
GK2,GALK2
GALNAC-T1,GALNT1
GALNAC-T5,GALNT5
GALNAC-T6,GALNT6
GALNAC-T9,GALNT9
GALNAC-T10,GALNT10
GALNAC-T11,GALNT11
GALNAC-T13,GALNT13
KIAA1918,GALNT13
FLJ12691,GALNT14
GALNAC-T10,GALNT14
GALNAC-T14,GALNT14
GALNAC-T18,GALNT18
GALNT15,GALNT18
GALNTL4,GALNT18
MGC71806,GALNT18
GALNR,GALR1
GALNR1,GALR1
GALNR2,GALR2
PIG2,GAMT
TP53I2,GAMT
GAN1,GAN
GIG,GAN
KLHL16,GAN
GAPDHL2,GAPDHP1
GAPDL2,GAPDHP1
GAPDP1,GAPDHP1
DJ585I14.1,GAPDHP2
GAPDP2,GAPDHP2
GAPDP14,GAPDHP14
B55C20.4,GAPDHP15
GAPDH-LP,GAPDHP15
GAPDP15,GAPDHP15
GAPDP16,GAPDHP16
GAPDHP18,GAPDHP17
GAPDHL3,GAPDHP59
GAPDL3,GAPDHP59
GAPDHL4,GAPDHP60
GAPDL4,GAPDHP60
GAPDHL6,GAPDHP61
GAPDL6,GAPDHP61
GAPDHL7,GAPDHP62
GAPDL7,GAPDHP62
GAPDHL8,GAPDHP63
GAPDL8,GAPDHP63
GAPDHL9,GAPDHP64
GAPDL9,GAPDHP64
GAPDHL10,GAPDHP65
GAPDL10,GAPDHP65
GAPDHL11,GAPDHP66
GAPDL11,GAPDHP66
GAPDHL12,GAPDHP67
GAPDL12,GAPDHP67
GAPDHL13,GAPDHP68
GAPDL13,GAPDHP68
GAPDHL14,GAPDHP69
GAPDL14,GAPDHP69
GAPDHL16,GAPDHP71
GAPDL16,GAPDHP71
GAPDHL18,GAPDHP72
GAPDL18,GAPDHP72
GAPDHL19,GAPDHP73
GAPDL19,GAPDHP73
LINC01540,GAPLINC
LNCRNA-UC002KMD.1,GAPLINC
RP11-838N2.4,GAPLINC
TCONS_00026238,GAPLINC
DKFZP434C212,GAPVD1
KIAA1521,GAPVD1
NOLA1,GAR1
C18ORF11,GAREM1
FAM59A,GAREM1
FLJ21610,GAREM1
GAREM,GAREM1
FAM71BP1,GARIN3P1
C19ORF16,GARIN5B
DKFZP434G1729,GARIN5B
FAM71E2,GARIN5B
BA356B19.1,GARNL3
DKFZP761J1523,GARNL3
KIAA0355,GARRE1
CMT2D,GARS1
DSMAV,GARS1
GARS,GARS1
GLYRS,GARS1
SMAD1,GARS1
GARS-AIRS-GART,GART
PGFT,GART
PRGS,GART
GAR22,GAS2L1
AXLLG,GAS6
AXSF,GAS6
DKFZP666G247,GAS6
FLJ34709,GAS6
FLJ44054,GAS6-DT
GAS6-AS2,GAS6-DT
DRC4,GAS8
GAS11,GAS8
C16ORF3,GAS8-AS1
GASL1,GASAL1
C4ORF18,GASK1B
DKFZP434L142,GASK1B
ENED,GASK1B
FAM198B,GASK1B
FLJ38155,GASK1B
FAM198B-AS1,GASK1B-AS1
BB379O24.1,GATA5
GATAS,GATA5
BM742401,GATA6-AS1
LOCUS5689,GATA6-AS1
FLJ22489,GATAD1
ODAG,GATAD1
RG083M05.2,GATAD1
P66BETA,GATAD2B
PET112,GATB
PET112L,GATB
15E1.2,GATC
FLJ37000,GATC
FLJ34283,GATD1
PDDC1,GATD1
C21ORF33,GATD3
D21S2048E,GATD3
ES1,GATD3
GATD3A,GATD3
GT335,GATD3
HES1,GATD3
KNP-I,GATD3
KNP-IA,GATD3
KNPH,GATD3
KNPI,GATD3
AGAT,GATM
GBA,GBA1
GLUC,GBA1
AD035,GBA2
DKFZP762K054,GBA2
KIAA1605,GBA2
SPG46,GBA2
CBGL1,GBA3
GLUC,GBA3
KLRP,GBA3
ARF1GEF,GBF1
KIAA0248,GBF1
A3GALNT,GBGT1
FS,GBGT1
MGC44848,GBGT1
UDP-GALNAC,GBGT1
KBL,GCAT
GCATP,GCATP1
C2ORF3,GCFC2
DNABF,GCFC2
GCF,GCFC2
TCF9,GCFC2
GGR,GCGR
DYT14,GCH1
DYT5,GCH1
DYT5A,GCH1
GCH,GCH1
GTPCH1,GCH1
GFRP,GCHFR
HST16933,GCHFR
GLCLR,GCLM
GCMA,GCM1
HGCMA,GCM1
GCMB,GCM2
HGCMB,GCM2
ACRC,GCNA
NAAR1,GCNA
C2GNT,GCNT1
NACGT2,GCNT1
NAGCT2,GCNT1
BA189K21.2,GCNT1P1
GCNT1P,GCNT1P1
BA360O19.2,GCNT2
BA421M1.1,GCNT2
CCAT,GCNT2
GCNT5,GCNT2
IGNT,GCNT2
II,GCNT2
NACGT1,GCNT2
NAGCT1,GCNT2
ULG3,GCNT2
BA421M1.3,GCNT2P1
GCNT2P,GCNT2P1
GCNT6,GCNT2P1
C20ORF105,GCNT7
DJ1153D9.2,GCNT7
GCET2,GCSAM
HGAL,GCSAM
MGC40441,GCSAM
LNC-ITM2C-1,GCSIR
CYPIN,GDA
GAH,GDA
CMT2K,GDAP1
CMT4,GDAP1
CMT4A,GDAP1
DJ776P7.1,GDAP2
FLJ20142,GDAP2
MACROD3,GDAP2
MIR16,GDE1
BMP-9,GDF2
BMP9,GDF2
BMP14,GDF5
CDMP1,GDF5
GDF5OS,GDF5-AS1
BMP13,GDF6
KFS,GDF6
KFS1,GDF6
SGM1,GDF6
BMP12,GDF7
BMP-3B,GDF10
BMP-11,GDF11
BMP11,GDF11
FLJ41411,GDI1
GDIL,GDI1
MRX41,GDI1
MRX48,GDI1
OPHN2,GDI1
RABGDIA,GDI1
XAP-4,GDI1
RABGDIB,GDI2
ATF1,GDNF
ATF2,GDNF
HFB1-GDNF,GDNF
GDNFOS,GDNF-AS1
FLJ20207,GDPD2
GDE3,GDPD2
OBDPF,GDPD2
MGC4171,GDPD3
GDE2,GDPD5
PP1665,GDPD5
C15ORF58,GDPGP1
KIR,GEM
SIP1,GEMIN2
FLJ23459,GEMIN6
FAM51A1,GEMIN8
FLJ20514,GEMIN8
FAM51A2P,GEMIN8P1
GEMIN8P,GEMIN8P1
FLJ40869,GEN1
GEN,GEN1
CHD5,GET1
WRB,GET1
ARSA-I,GET3
ASNA1,GET3
TRC40,GET3
C7ORF20,GET4
CEE,GET4
CGI-20,GET4
H_NH1244M04.5,GET4
TRC35,GET4
ALR,GFER
ERV1,GFER
HERV1,GFER
HPO1,GFER
HPO2,GFER
HSS,GFER
ZNF163B,GFI1B
ADG-90,GFOD1
C6ORF114,GFOD1
FLJ20330,GFOD1
GFAT2,GFPT2
GDNFR,GFRA1
GDNFRA,GFRA1
GFR-ALPHA-1,GFRA1
RET1L,GFRA1
RETL1,GFRA1
TRNR1,GFRA1
GDNFRB,GFRA2
NTNRA,GFRA2
RETL2,GFRA2
TRNR2,GFRA2
BA360D14.1,GFRAL
C6ORF144,GFRAL
GRAL,GFRAL
UNQ9356,GFRAL
FX,GFUS
P35B,GFUS
SDR4E1,GFUS
TSTA3,GFUS
KIAA1080,GGA2
VEAR,GGA2
A2LD1,GGACT
C7ORF24,GGCT
CRF21,GGCT
GCTG,GGCT
GGC,GGCT
MGC3077,GGCT
GATD10,GGH
DIF-3,GGNBP2
DIF3,GGNBP2
FLJ21230,GGNBP2
FLJ22561,GGNBP2
LZK1,GGNBP2
ZFP403,GGNBP2
ZNF403,GGNBP2
CD224,GGT1
D22S672,GGT1
D22S732,GGT1
GGT,GGT1
GGT,GGT2P
GGT2,GGT2P
GGT3,GGT3P
GGT-REL,GGT5
GGTLA1,GGT5
D20S101,GGT7
DJ18C9.2,GGT7
GGTL3,GGT7
GGTL5,GGT7
FLJ31276,GGT8P
GGT1P1,GGT8P
GGTA,GGTA1
GGTA1P,GGTA1
GLYT2,GGTA1
GGTA1P,GGTA2P
GLYT2L,GGTA2P
GLYT3,GGTA2P
HGT2,GGTA2P
DJ831C21.1,GGTLC1
DJ831C21.2,GGTLC1
GGTLA3,GGTLC1
GGTLA4,GGTLC1
GGTL4,GGTLC2
DERP2,GHITM
HSPC282,GHITM
MY021,GHITM
PTD010,GHITM
TMBIM5,GHITM
GHBP,GHR
GHRF,GHRH
GHRELIN,GHRL
MTLRP,GHRL
OBESTATIN,GHRL
GHRL-AS1,GHRLOS
NCRNA00068,GHRLOS
BA305P22.1,GID8
C20ORF11,GID8
FLJ20602,GID8
TWA1,GID8
LNCRNA-GIHCG,GIHCG
HIMAP1,GIMAP1
IAN2,GIMAP1
IMAP1,GIMAP1
IMAP38,GIMAP1
DKFZP586D0824,GIMAP2
HIMAP2,GIMAP2
IAN12,GIMAP2
IMAP2,GIMAP2
GIMAP3,GIMAP3P
IAN4P,GIMAP3P
C6ORF72,GINM1
DJ12G14.2,GINM1
KIAA0186,GINS1
PSF1,GINS1
PFS2,GINS2
PSF2,GINS2
FLJ13912,GINS3
PSF3,GINS3
C19ORF3,GIPC1
GIPC,GIPC1
GLUT1CBP,GIPC1
HS.6454,GIPC1
NIP,GIPC1
RGS19IP1,GIPC1
SEMCAP,GIPC1
SYNECTIN,GIPC1
TIP-2,GIPC1
FLJ20075,GIPC2
SEMCAP-2,GIPC2
CX46,GJA3
CZP3,GJA3
CX37,GJA4
CX58,GJA9
CX59,GJA9
GJA10,GJA9
CX62,GJA10
CMTX,GJB1
CMTX1,GJB1
CX32,GJB1
CX26,GJB2
DFNA3,GJB2
DFNB1,GJB2
NSRD1,GJB2
CX31,GJB3
DFNA2,GJB3
EKV,GJB3
CX30.3,GJB4
CX31.1,GJB5
CX30,GJB6
DFNA3,GJB6
ED2,GJB6
EDH,GJB6
HED,GJB6
BA136M9.1,GJB7
CX25,GJB7
CX45,GJC1
GJA7,GJC1
CX30.2,GJC3
GJE1,GJC3
CX30.2,GJD3
CX31.9,GJD3
GJA11,GJD3
GJC1,GJD3
CX40.1,GJD4
FLJ90023,GJD4
GK1,GK
GKD,GK
GKP2,GK2
GKTA,GK2
GKP6,GK4P
MGC40579,GK5
FKSG21,GKAP1
GKAP42,GKAP1
FAM117C,GLCCI1
GIG18,GLCCI1
TSSN1,GLCCI1
GCSP,GLDC
NKH,GLDC
GLE1L,GLE1
HGLE1,GLE1
LCCS1,GLE1
CFR-1,GLG1
ESL-1,GLG1
MG-160,GLG1
GLI,GLI1
C9ORF19,GLIPR2
GAPR-1,GLIPR2
NPHP7,GLIS2
MGC33662,GLIS3
ZNF515,GLIS3
C9ORF70,GLIS3-AS1
MGC16153,GLIS3-AS1
STHE,GLRA1
BA500G10.4,GLRX3
GLRX4,GLRX3
GRX3,GLRX3
GRX4,GLRX3
PICOT,GLRX3
TXNL2,GLRX3
C14ORF87,GLRX5
GRX5,GLRX5
PR01238,GLRX5
BA425M5.1,GLRXP1
GLRXP,GLRXP1
GLRXL,GLRXP3
GLTDC1,GLT6D1
GDH,GLUD1
GDH1,GLUD1
GLUD,GLUD1
HGDH1,GLUD1
GLUDP4,GLUD1P4
GLUDP1,GLUD2
GLULP,GLULP4
ACGNAT,GLYAT
GAT,GLYAT
GLYATL1P3,GLYATL1B
BA28H17.2,GLYATL3
C6ORF140,GLYATL3
BM045,GLYR1
HIBDL,GLYR1
N-PAC,GLYR1
NP60,GLYR1
GM2AP,GM2AP1
GMD,GMDS
SDR3E1,GMDS
KIAA1269,GMEB2
P79PIF,GMEB2
PIF79,GMEB2
LY6DL,GML
GEMC1,GMNC
GEM,GMNN
GATD7,GMPS
FBH,GNA11
FBH2,GNA11
FHH2,GNA11
HHC2,GNA11
GEP,GNA12
G13,GNA13
MGC46138,GNA13
GNA16,GNA15
GIP,GNAI2
GNAI2B,GNAI2
GNAI2A,GNAI2P1
GNAI2L,GNAI2P1
G-ALPHA-Q,GNAQ
GAQ,GNAQ
GNAS1,GNAS
GNASXL,GNAS
GPSA,GNAS
NESP,GNAS
NESP55,GNAS
SCG6,GNAS
SGVI,GNAS
GNAS-AS,GNAS-AS1
GNAS1AS,GNAS-AS1
GNASAS,GNAS-AS1
NCRNA00075,GNAS-AS1
NESP-AS,GNAS-AS1
NESPAS,GNAS-AS1
SANG,GNAS-AS1
CSNBAD3,GNAT1
GDCA,GNAT3
GUSTDUCIN,GNAT3
GY2,GNB1L
WDR14,GNB1L
GB5,GNB5
IBM2,GNE
UAE1,GNE
GNG5P2,GNG5B
GNG5P,GNG5P1
FLJ00058,GNG7
GNGT11,GNG11
GNG1,GNGT1
GNG9,GNGT2
HSR1,GNL1
HUMAUANTIG,GNL2
NGP-1,GNL2
NOG2,GNL2
NUG2,GNL2
FLJ10613,GNL3L
GNL3B,GNL3L
FLJ12595,GNL3LP1
GNL3LP,GNL3LP1
GNPDA,GNPDA1
GNPI,GNPDA1
GPI,GNPDA1
HLN,GNPDA1
KIAA0060,GNPDA1
GNPTA,GNPTAB
KIAA1208,GNPTAB
MGC4170,GNPTAB
GRHR,GNRHR
LHRHR,GNRHR
GOLGIN-97,GOLGA1
MGC33154,GOLGA1
GOLGA2LY1,GOLGA2P2Y
GOLGA2P2,GOLGA2P2Y
GOLGA2LY2,GOLGA2P3Y
GOLGA2P3,GOLGA2P3Y
AGSK1,GOLGA2P10
FLJ22795,GOLGA2P10
GOLGIN-84,GOLGA5
GOLIM5,GOLGA5
RET-II,GOLGA5
RFG5,GOLGA5
GLP,GOLGA6A
GOLGA6,GOLGA6A
CT105,GOLGA6L2
FLJ36144,GOLGA6L2
FLJ35171,GOLGA6L5P
FLJ40113,GOLGA6L5P
GOLGA6L5,GOLGA6L5P
GOLGA6L8,GOLGA6L5P
FLJ36131,GOLGA6L6
GOLGA6L20,GOLGA6L9
GOLGA6L18,GOLGA6L10
GOLGA6L15P,GOLGA6L11P
GOLGA6L21P,GOLGA6L17P
GOLGA6L24P,GOLGA6L24
GOLGA6L25P,GOLGA6L25
CFAP286,GOLGA8A
FAP286,GOLGA8A
GM88,GOLGA8A
GOLGIN-67,GOLGA8A
GOLGA8C,GOLGA8CP
GOLGA8D,GOLGA8DP
GOLGA8E,GOLGA8EP
DKFZP434P162,GOLGA8F
DKFZP434K052,GOLGA8G
GOLGA6L11,GOLGA8H
FLJ35785,GOLGA8IP
GOLGA8I,GOLGA8IP
GOLGA9P,GOLGA8IP
GIMPC,GOLIM4
GOLPH4,GOLIM4
GPP130,GOLIM4
P138,GOLIM4
BA379P1.3,GOLM1
C9ORF155,GOLM1
FLJ23608,GOLM1
GOLPH2,GOLM1
GP73,GOLM1
CASC4,GOLM2
DKFZP459F1927,GOLM2
H63,GOLM2
CASC4P1,GOLM2P1
GOPP1,GOLPH3
GPP34,GOLPH3
MIDAS,GOLPH3
VPS74,GOLPH3
C14ORF142,GON7
CAL,GOPC
DJ94G16.2,GOPC
FIG,GOPC
GOPC1,GOPC
PIST,GOPC
GOLIM2,GOSR1
GOS-28,GOSR1
GOS28,GOSR1
GS28,GOSR1
P28,GOSR1
GOT2L1,GOT2P1
GOT2Y,GOT2P5
CD42C,GP1BB
GPIBBETA,GP1BB
GPVI,GP6
A33,GPA33
AD029,GPALPP1
BA245H20.2,GPALPP1
KIAA1704,GPALPP1
LSR7,GPALPP1
GPAT1,GPAM
KIAA1560,GPAM
MGC26846,GPAM
ANKRD59,GPANK1
BAT4,GPANK1
D6S54E,GPANK1
G5,GPANK1
GPATCH10,GPANK1
AGPAT10,GPAT3
AGPAT9,GPAT3
HMFN0839,GPAT3
LPAAT-THETA,GPAT3
MAG1,GPAT3
MGC11324,GPAT3
CT110,GPATCH2
FLJ10252,GPATCH2
GPATC2,GPATCH2
PFA1,GPATCH2
PPP1R30,GPATCH2
C14ORF118,GPATCH2L
FLJ10033,GPATCH2L
FLJ20689,GPATCH2L
DKFZP434F1735,GPATCH4
FLJ20249,GPATCH4
GPATC4,GPATCH4
DKFZP761C169,GPBP1
CEREBROGLYCAN,GPC2
DKFZP547M109,GPC2
FLJ38962,GPC2
DGSX,GPC3
OCI-5,GPC3
SDYS,GPC3
SGB,GPC3
SGBS,GPC3
SGBS1,GPC3
K-GLYPICAN,GPC4
GDE5,GPCPD1
GDPD6,GPCPD1
KIAA1434,GPCPD1
A2,GPHA2
GPA2,GPHA2
MGC126572,GPHA2
ZSIG51,GPHA2
GPB5,GPHB5
ZLUT1,GPHB5
KIAA1385,GPHN
AMF,GPI
NLK,GPI
GPATC5,GPKOW
GPATCH5,GPKOW
MOS2,GPKOW
SPP2,GPKOW
T54,GPKOW
HGFIN,GPNMB
NMB,GPNMB
GPCR21,GPR12
PPP1R84,GPR12
AP-57,GPR15LG
C10ORF99,GPR15LG
CSBF,GPR15LG
FLJ21763,GPR15LG
GPR15L,GPR15LG
RLLV1833,GPR15LG
UNQ1833,GPR15LG
SREB1,GPR27
12-HETER,GPR31
HETER1,GPR31
RVDR1,GPR32
GPR32P,GPR32P1
EDNRBL,GPR37
HET(B)R-LP,GPR37
PAELR,GPR37
H9,GPR50
MEL1C,GPR50
DJ271M21.8,GPR53P
PSIGPR53,GPR53P
PSP24(BETA),GPR63
PSP24B,GPR63
OGR1,GPR68
UNQ192,GPR89A
GPCR2,GPR119
HGPCR2,GPR119
G2A,GPR132
DKFZP762F0713,GPR137C
TM7SF1L2,GPR137C
PGR3,GPR139
OA1,GPR143
GPR143Y,GPR143P
OA1P,GPR143P
PGR8,GPR146
IEDA,GPR149
PGR10,GPR149
R35,GPR149
PGR5,GPR152
FLJ12132,GPR157
KIAA1136,GPR158
A-2,GPR162
GRCA,GPR162
SREB3,GPR173
FKSG79,GPR174
CSNB1E,GPR179
GPR158L1,GPR179
ITR,GPR180
ADMR,GPR182
AM-R,GPR182
G10D,GPR182
HRHAMR,GPR182
EBI2,GPR183
LNCGPR107,GPRACR
GASP,GPRASP1
GASP1,GPRASP1
FLJ37327,GPRASP2
GASP2,GPRASP2
BHLHB9,GPRASP3
GASP3,GPRASP3
KIAA1701,GPRASP3
P60TRP,GPRASP3
RAIG-3,GPRC5C
BA86F4.3,GPRC6A
GRIN1,GPRIN1
KIAA1893,GPRIN1
KIAA0514,GPRIN2
MGC15171,GPRIN2
AGS3,GPSM1
DKFZP727I051,GPSM1
AGS4,GPSM3
C6ORF9,GPSM3
G18,GPSM3
G18.1A,GPSM3
G18.1B,GPSM3
G18.2,GPSM3
NG1,GPSM3
ALT,GPT
ALT1,GPT
GPT1,GPT
SGPT,GPT
GPXL2,GPX1P1
GPXP1,GPX1P1
GPXL1,GPX1P2
GPXL2,GPX1P2
GPXP2,GPX1P2
GPXP2P,GPX1P2
GPXP3,GPX6
FLJ14777,GPX7
GPX6,GPX7
NPGPX,GPX7
EPLA847,GPX8
UNQ847,GPX8
GRAMD2,GRAMD2A
FLJ21313,GRAMD2B
GRAMD3,GRAMD2B
NS3TP2,GRAMD2B
DIP,GRAMD4
KIAA0767,GRAMD4
GADS,GRAP2
GRBLG,GRAP2
GRBX,GRAP2
GRF40,GRAP2
MONA,GRAP2
KIAA0575,GREB1
C18ORF6,GREB1L
FLJ13687,GREB1L
KIAA1772,GREB1L
CKTSF1B1,GREM1
CRAC1,GREM1
DAND2,GREM1
DRM,GREM1
GREMLIN,GREM1
HMPS,GREM1
G029442,GREP1
LINC00514,GREP1
BOM,GRHL2
DFNA28,GRHL2
FLJ13782,GRHL2
TFCP2L3,GRHL2
GLXR,GRHPR
PH2,GRHPR
GLUA3,GRIA3
GLUR3,GRIA3
GLURC,GRIA3
MRX94,GRIA3
GLUD1,GRID1
KIAA1220,GRID1
GLUK1,GRIK1
GLUR5,GRIK1
C21ORF9,GRIK1-AS1
GRIK1-AS,GRIK1-AS1
GRIK1AS,GRIK1-AS1
NCRNA00110,GRIK1-AS1
GLUK3,GRIK3
GLUR7,GRIK3
GLUK4,GRIK4
GRIK,GRIK4
KA1,GRIK4
GLUN3A,GRIN3A
GLUN3B,GRIN3B
HNRGW,GRINA
LFG1,GRINA
NMDARA1,GRINA
TMBIM3,GRINA
KIAA1719,GRIP2
DKFZP434P0630,GRIPAP1
GRASP-1,GRIPAP1
GRASP1,GRIPAP1
KIAA1167,GRIPAP1
MPMGP800B12492Q3,GRIPAP1
GPRK1,GRK1
RHOK,GRK1
RK,GRK1
ADRBK2,GRK3
BARK2,GRK3
GPRK2L,GRK4
GPRK4,GRK4
GPRK6,GRK6
GPRK6L,GRK6P1
GPRK6P,GRK6P1
GRK6PS,GRK6P1
BB2,GRPR
BB2R,GRPR
BRS2,GRPR
FLJ22474,GRTP1
TBC1D6,GRTP1
GRWD,GRWD1
RRB1,GRWD1
WDR28,GRWD1
GSCL,GSC2
FLJ39120,GSDMA
GSDM,GSDMA
GSDM1,GSDMA
MLZE,GSDMC
DF5L,GSDMD
FLJ12150,GSDMD
GSDMDC1,GSDMD
DFNA5,GSDME
ICERE-1,GSDME
KIAA0182,GSE1
KTSR5831,GSG1L
MGC18079,GSG1L
PRO19651,GSG1L
C14ORF129,GSKIP
C9ORF31,GSN-AS1
MOST2,GSN-AS1
ERF3B,GSPT2
FLJ10441,GSPT2
GSTAP1,GSTA6P
GSTAP3,GSTA11P
FLJ13273,GSTCD
DJ984P4.2,GSTM3P1
GSTM3P,GSTM3P1
GSTTLP28,GSTO1
P28,GSTO1
GST3L,GSTP1P1
GSTP1P,GSTP1P1
GSTPL,GSTP1P1
GSTPP,GSTP1P1
LNC712,GSTP1P1
GSTT2P,GSTT2B
GSTTP1,GSTT4
HS322B1A,GSTT4
GSTZ1-1,GSTZ1
MAAI,GSTZ1
MAI,GSTZ1
GSH-1,GSX1
GSH1,GSX1
GSH2,GSX2
TFIIA,GTF2A1
ALF,GTF2A1L
TFIIB,GTF2B
BTF4,GTF2F2
RAP30,GTF2F2
TFIIF,GTF2F2
GTF2F2L,GTF2F2P1
TFIIF,GTF2F2P1
BTF2,GTF2H1
P62,GTF2H1
TFIIH,GTF2H1
BTF2,GTF2H2
BTF2P44,GTF2H2
P44,GTF2H2
T-BTF2P44,GTF2H2
TFIIH,GTF2H2
GTF2H2D,GTF2H2C_2
LOC730394,GTF2H2C_2
P52,GTF2H4
TFB2,GTF2H4
TFIIH,GTF2H4
AP2,GTF3A
TFIIIA,GTF3A
KAT12,GTF3C4
TFIIIC90,GTF3C4
TFIIIC2-63,GTF3C5
TFIIIC63,GTF3C5
TFIIICEPSILON,GTF3C5
BA397G5.3,GTF3C6
C6ORF51,GTF3C6
TFIIIC35,GTF3C6
GP-1,GTPBP1
HSPC018,GTPBP1
CRFG,GTPBP4
FLJ10686,GTPBP4
FLJ10690,GTPBP4
NGB,GTPBP4
NOG1,GTPBP4
FLJ20977,GTPBP6
PGPL,GTPBP6
DKFZP686A10121,GTPBP10
FLJ38242,GTPBP10
OBGH2,GTPBP10
B99,GTSE1
GTSE-1,GTSE1
LNC_BC060912,GTSE1
GTSE1-AS1,GTSE1-DT
CUE110,GTSF1
FAM112B,GTSF1
FLJ32942,GTSF1
C20ORF65,GTSF1L
DJ1028D15.4,GTSF1L
FAM112A,GTSF1L
GCAP2,GUCA1B
RP48,GUCA1B
GCAP3,GUCA1C
GUCA2,GUCA2A
STARA,GUCA2A
C22ORF13,GUCD1
LLN4,GUCD1
MGC1842,GUCD1
GC-SA3,GUCY1A1
GUC1A3,GUCY1A1
GUCY1A3,GUCY1A1
GC-SA2,GUCY1A2
GUC1A2,GUCY1A2
GC-S-BETA-1,GUCY1B1
GC-SB3,GUCY1B1
GUC1B3,GUCY1B1
GUCY1B3,GUCY1B1
GC-SB2,GUCY1B2
CORD6,GUCY2D
CYGD,GUCY2D
GUC1A4,GUCY2D
GUC2D,GUCY2D
LCA,GUCY2D
LCA1,GUCY2D
RETGC,GUCY2D
RETGC-1,GUCY2D
ROS-GC1,GUCY2D
CYGF,GUCY2F
GC-F,GUCY2F
GUC2DL,GUCY2F
RETGC-2,GUCY2F
ROS-GC2,GUCY2F
GUCY2G,GUCY2GP
C6ORF216,GUSBP4
FLJ13549,GUSBP4
GUSBL2,GUSBP4
SMA3-L,GUSBP4
SMAC3L,GUSBP4
FLJ43151,GXYLT1
GLT8D3,GXYLT1
GYG,GYG1
GYG2P,GYG2P1
CD236,GYPC
CD236R,GYPC
GE,GYPC
GPC,GYPC
GYPD,GYPC
DJ322G13.2,GZF1
ZBTB23,GZF1
ZNF336,GZF1
CTLA3,GZMA
HFSP,GZMA
CCPI,GZMB
CGL-1,GZMB
CGL1,GZMB
CSP-B,GZMB
CSPB,GZMB
CTLA1,GZMB
CTSGL1,GZMB
HLP,GZMB
SECT,GZMB
CCP-X,GZMH
CGL-2,GZMH
CSP-C,GZMH
CTLA1,GZMH
CTSGL2,GZMH
PRSS,GZMK
TRYP2,GZMK
H1.0,H1-0
H1F0,H1-0
H1FV,H1-0
H1.1,H1-1
H1A,H1-1
H1F1,H1-1
HIST1H1A,H1-1
H1.2,H1-2
H1C,H1-2
H1F2,H1-2
H1S-1,H1-2
HIST1H1C,H1-2
H1.3,H1-3
H1D,H1-3
H1F3,H1-3
H1S-2,H1-3
HIST1H1D,H1-3
H1.4,H1-4
H1E,H1-4
H1F4,H1-4
H1S-4,H1-4
HIST1H1E,H1-4
H1B,H1-5
H1F5,H1-5
H1S-3,H1-5
HIST1H1B,H1-5
H1FT,H1-6
H1T,H1-6
HIST1H1T,H1-6
DJ34B20.16,H1-12P
FLJ39701,H1-12P
H1F6P,H1-12P
HIST1H1PS1,H1-12P
H2A.B.2,H2AB1
H2AFB1,H2AB1
H2A.B.1,H2AB2
H2AFB2,H2AB2
H2A.B.1,H2AB3
H2AFB,H2AB3
H2AFB3,H2AB3
DJ139G21.2,H2AC3P
H2A/T,H2AC3P
H2AFTP,H2AC3P
HIST1H2APS2,H2AC3P
H2A/M,H2AC4
H2AFM,H2AC4
HIST1H2AB,H2AC4
H2AFFP,H2AC5P
HIST1H2APS5,H2AC5P
PH2A/F,H2AC5P
H2AFL,H2AC6
HIST1H2AC,H2AC6
H2A.3,H2AC7
H2A/G,H2AC7
H2AFG,H2AC7
HIST1H2AD,H2AC7
DJ34B20.8,H2AC9P
H2AFUP,H2AC9P
HIST1H2APS3,H2AC9P
H2A/D,H2AC15
H2AFD,H2AC15
HIST1H2AK,H2AC15
DJ193B12.9,H2AC16
H2A/I,H2AC16
H2AFI,H2AC16
HIST1H2AL,H2AC16
H2A.1,H2AC17
H2A/N,H2AC17
H2AFN,H2AC17
HIST1H2AM,H2AC17
H2AW,H2AC25
HIST3H2A,H2AC25
MGC3165,H2AC25
HIST1H2APS6,H2ACP1
H2AL1SP,H2AL1MP
H2A.L.1,H2AL1Q
H2AL1QP,H2AL1Q
CXORF27,H2AP
HIP17,H2AP
HYPM,H2AP
H2A.Z,H2AZ1
H2AFZ,H2AZ1
H2AZ,H2AZ1
H2AFV,H2AZ2
H2AV,H2AZ2
MGC10170,H2AZ2
MGC10831,H2AZ2
MGC1947,H2AZ2
AC004854.4,H2AZ2-DT
LINC01952,H2AZ2-DT
H2AFZP,H2AZP1
H2AFZP1,H2AZP1
H2AFZP2,H2AZP2
H2AFZP3,H2AZP3
H2AFZP4,H2AZP4
H2AFZP6,H2AZP6
H2B/F,H2BC3
H2BFF,H2BC3
HIST1H2BB,H2BC3
H2B.H,H2BC6
H2B/H,H2BC6
H2BFH,H2BC6
HIST1H2BE,H2BC6
H2B/K,H2BC10
H2BFK,H2BC10
HIST1H2BI,H2BC10
H2BFS,H2BC12L
H2BS1,H2BC12L
H2BFIP,H2BC16P
HIST1H2BPS2,H2BC16P
PH2B/I,H2BC16P
H2B.2,H2BC17
H2B/N,H2BC17
H2BFN,H2BC17
HIST1H2BO,H2BC17
H2BU1,H2BC26
HIST3H2BB,H2BC26
H2BU2P,H2BC27P
HIST3H2BA,H2BC27P
HIST1H2BPS3,H2BP6
H2BFWT,H2BW1
TH2B-175,H2BW1
H3.3B,H3-3B
H3F3B,H3-3B
H3.4,H3-4
H3/G,H3-4
H3C16,H3-4
H3FT,H3-4
H3T,H3-4
HIST3H3,H3-4
H3.3C,H3-5
H3.5,H3-5
H3F3C,H3-5
H3/A,H3C1
H3FA,H3C1
HIST1H3A,H3C1
H3/L,H3C2
H3FL,H3C2
HIST1H3B,H3C2
H3.1,H3C3
H3/C,H3C3
H3FC,H3C3
HIST1H3C,H3C3
H3/B,H3C4
H3FB,H3C4
HIST1H3D,H3C4
H3/I,H3C7
H3FI,H3C7
HIST1H3F,H3C7
DJ45P21.6,H3C9P
H3F3AP1,H3C9P
HIST1H3PS1,H3C9P
P36,H3C9P
H3.F,H3C11
H3/F,H3C11
H3FF,H3C11
HIST1H3I,H3C11
H3/J,H3C12
H3FJ,H3C12
HIST1H3J,H3C12
P12,H3P5
P15,H3P9
P17,H3P11
H3F3AP3,H3P12
P18,H3P12
P27,H3P23
P28,H3P24
H3FEP,H3P26
HIST1H1PS2,H3P26
PH3/E,H3P26
P59,H3P27
P41,H3P29
P43,H3P31
P44,H3P33
H3F3BP1,H3P36
P46,H3P36
P49,H3P39
H3F3BP2,H3P41
P51,H3P41
H3.8,H3P44
H3F3AP5,H3P44
P55,H3P44
P56,H3P45
P57,H3P47
H4FA,H4C1
HIST1H4A,H4C1
DJ221C16.1,H4C3
H4/G,H4C3
H4FG,H4C3
HIST1H4C,H4C3
H4/B,H4C4
H4FB,H4C4
HIST1H4D,H4C4
H4,H4C6
H4/C,H4C6
H4FC,H4C6
HIST1H4F,H4C6
H4/L,H4C7
H4FL,H4C7
HIST1H4G,H4C7
H4.K,H4C13
H4/K,H4C13
H4FK,H4C13
HIST1H4L,H4C13
ASM,H19
ASM1,H19
D11S813E,H19
LINC00008,H19
MIR675HG,H19
NCRNA00008,H19
FSAP,HABP2
HABP,HABP2
HGFAL,HABP2
PHBP,HABP2
CAP,HACD1
PTPLA,HACD1
PTPLB,HACD2
B-IND1,HACD3
HSPC121,HACD3
PTPLAD1,HACD3
EM:AL662879.1,HACD4
OTTHUMG00000021016,HACD4
PTPLAD2,HACD4
KIAA1320,HACE1
GBP,HADHA
LCEH,HADHA
LCHAD,HADHA
MTPA,HADHA
MTPB,HADHB
GLO2,HAGH
GLXII,HAGH
HAGH1,HAGH
HIS,HAL
BHLHA27,HAND1
EHAND,HAND1
HXT,HAND1
THING1,HAND1
BHLHA26,HAND2
DHAND,HAND2
HED,HAND2
THING2,HAND2
GOX,HAO1
GOX1,HAO1
CRTL1,HAPLN1
BRAL1,HAPLN2
EXLD1,HAPLN3
HST19883,HAPLN3
BRAL2,HAPLN4
KIAA1926,HAPLN4
HAR1F,HAR1A
LINC00064,HAR1A
NCRNA00064,HAR1A
HAR1R,HAR1B
LINC00065,HAR1B
NCRNA00065,HAR1B
HARS,HARS1
HISRS,HARS1
USH3B,HARS1
HARSL,HARS2
HARSR,HARS2
HO3,HARS2
HAS,HAS1
HAS2-AS,HAS2-AS1
HAS2AS,HAS2-AS1
HASNT,HAS2-AS1
NCRNA00077,HAS2-AS1
KAT1,HAT1
CCDC5,HAUS1
FLJ40084,HAUS1
HEI-C,HAUS1
HST1461,HAUS1
C14ORF94,HAUS4
FLJ20424,HAUS4
DGT6,HAUS6
FAM29A,HAUS6
FLJ20060,HAUS6
KIAA1574,HAUS6
UCHL5IP,HAUS7
UIP1,HAUS7
HBA-T3,HBA1
HBA-T2,HBA2
HBA-T1,HBAP1
HBA3,HBAP1
HBA3P,HBAP1
BETA-GLOBIN,HBB
CD113T-C,HBB
HBE,HBE1
HBG-T2,HBG1
HBG-T1,HBG2
HBAP2,HBM
HBK,HBM
HBQ,HBQ1
DKFZP434G247,HBS1L
EF-1A,HBS1L
ERF3C,HBS1L
ERFS,HBS1L
HBS1,HBS1L
HSPC276,HBS1L
KIAA1038,HBS1L
HBZ-T1,HBZ
HBZ1,HBZ
HBZ-T2,HBZP1
HBZ2,HBZP1
HBZ2P,HBZP1
HBZP,HBZP1
FJ222407,HCCAT5
HTA,HCCAT5
CCHL,HCCS
MLS,HCCS
CFF,HCFC1
HCF-1,HCFC1
HCF1,HCFC1
HFC1,HCFC1
MGC70925,HCFC1
MRX3,HCFC1
PPP1R89,HCFC1
VCAF,HCFC1
FLJ20568,HCFC1R1
HPIP,HCFC1R1
HCF-2,HCFC2
HCG4P10,HCG4
HCGIV-10,HCG4
HCGIV.9,HCG4
BCX67J3.3,HCG4B
BPG309N1.1,HCG4B
BQB90C11.3,HCG4B
EM:AB023056.16,HCG4B
HCG4P6,HCG4B
HCGIV-06,HCG4B
HCGIV-6,HCG4B
HCGIV.5,HCG4B
HCGIV-08,HCG4P8
HCGIV-8,HCG4P8
HCGIV.7,HCG4P8
HCGIX,HCG9
HCGIX-4,HCG9
HCGIX4,HCG9
PERB11,HCG9
DJ377H14.6,HCG9P5
HCGIX-5,HCG9P5
BK14H9.3,HCG11
FLJ14049,HCG11
FLJ30357,HCG11
DJ111M5.4,HCG14
DJ25J6.6,HCG15
DJ25J6.7,HCG15
HCG16,HCG15
LINC00046,HCG17
NCRNA00046,HCG17
EM:AB014087.1,HCG18
FLJ25550,HCG18
FLJ31598,HCG18
AB023051.1,HCG20
NCRNA00149,HCG20
AB023048.2,HCG21
NCRNA00150,HCG21
FLJ37114,HCG22
PBMUCL2,HCG22
DJ1033B10.15,HCG24
DJ1033B10.16,HCG25
BCX101P6.9,HCG27
BPG299F13.9,HCG27
BQB115I13.2,HCG27
FLJ40123,HCG27
JTK9,HCK
BCNG-1,HCN1
BCNG1,HCN1
HAC-2,HCN1
KIAA1535,HCN3
D6S2650E,HCP5
P5-1,HCP5
ORXR2,HCRTR2
OX2R,HCRTR2
OXR2,HCRTR2
KDAC2,HDAC2
RPD3,HDAC2
YAF1,HDAC2
FLJ16239,HDAC6
HD6,HDAC6
JM21,HDAC6
KIAA0901,HDAC6
PPP1R90,HDAC6
HDACL1,HDAC8
KDAC8,HDAC8
MRXS6,HDAC8
RPD3,HDAC8
WTS,HDAC8
DKFZP761B039,HDAC10
DJ309H15.1,HDGFL1
HDGFRP1,HDGFL1
HRP-1,HDGFL1
PWWP1,HDGFL1
HDGFRP2,HDGFL2
HRP2,HDGFL2
HDGFRP3,HDGFL3
HRP-3,HDGFL3
HDGFP,HDGFP1
DKFZP564D1378,HDHD2
C9ORF158,HDHD3
MGC12904,HDHD3
CECR5,HDHD5
CECR4,HDHD5-AS1
CECR5-AS1,HDHD5-AS1
NCRNA00017,HDHD5-AS1
CXORF43,HDX
FLJ30678,HDX
MGC48595,HEATR4
C17ORF66,HEATR9
FLJ32830,HEATR9
C6ORF34,HEBP2
SOUL,HEBP2
DJ225E12.1,HECA
HDC,HECA
HDCL,HECA
HHDC,HECA
FLJ37306,HECTD2
KIAA0322,HECW1
NEDL1,HECW1
KIAA1301,HECW2
NEDL2,HECW2
HEL308,HELQ
DHRC,HELZ
HUMORF5,HELZ
KIAA0054,HELZ
KIAA1769,HELZ2
PDIP1,HELZ2
PRIC285,HELZ2
CT155,HEMGN
EDAG,HEMGN
NDR,HEMGN
KB-68A7.1,HEPFAL
LINC03038,HEPFAL
CPL,HEPH
KIAA0698,HEPH
DKFZP686F22190,HEPHL1
ZP,HEPHL1
P532,HERC1
P619,HERC1
D15F37S1,HERC2
JDF2,HERC2
P528,HERC2
D15F37S2,HERC2P1
D15F37S3,HERC2P2
FLJ59185,HERC2P9
KIAA0032,HERC3
DKFZP564G092,HERC4
KIAA1593,HERC4
CEB1,HERC5
HERP,HERPUD1
KIAA0025,HERPUD1
MIF1,HERPUD1
SUP,HERPUD1
FLJ22313,HERPUD2
BHLHB39,HES1
FLJ20408,HES1
HES-1,HES1
HRY,HES1
BHLHB38,HES5
BHLHB37,HES7
ANF,HESX1
RPX,HESX1
FLJ23825,HEXD
HEXDC,HEXD
HEXDC-IT1,HEXD-IT1
AKU,HGD
HGO,HGD
DFNB39,HGF
F-TCF,HGF
HGFB,HGF
HPTA,HGF
SF,HGF
BRP16,HGH1
C8ORF30A,HGH1
C8ORF30B,HGH1
FAM203A,HGH1
FAM203B,HGH1
FLJ40907,HGH1
LOC51236,HGH1
FLJ32731,HGSNAT
HGNAT,HGSNAT
TMEM76,HGSNAT
FLJ10724,HHAT
GUP2,HHAT
MART-2,HHAT
MART2,HHAT
RASP,HHAT
SIT,HHAT
SKI,HHAT
SKN,HHAT
HEX,HHEX
HOX11L-PEN,HHEX
PRHX,HHEX
PLA2L,HHLA1
NS5ATP1,HIBADH
ZBTB29,HIC1
ZNF901,HIC1
HRG22,HIC2
KIAA1020,HIC2
ZBTB30,HIC2
ZNF907,HIC2
BHLHE78,HIF1A
HIF-1ALPHA,HIF1A
HIF1,HIF1A
MOP1,HIF1A
PASD8,HIF1A
DKFZP762F1811,HIF1AN
FIH1,HIF1AN
FLJ20615,HIF1AN
FLJ22027,HIF1AN
HIGD1D,HIGD1AP1
HIGD1DP,HIGD1AP1
CLST11240,HIGD1B
CLST11240-15,HIGD1B
HIGD2BP,HIGD2B
C7ORF68,HILPDA
FLJ21076,HILPDA
HIG-2,HILPDA
HIG2,HILPDA
HINT,HINT1
PKCI-1,HINT1
PRKCNH1,HINT1
FLJ33126,HINT3
HINT4,HINT3
FLJ32818,HIPK4
DGCR1,HIRA
TUP1,HIRA
TUPLE1,HIRA
CIRIP,HIVEP1
CRYBP1,HIVEP1
MBP-1,HIVEP1
PRDII-BF1,HIVEP1
SCHNURRI-1,HIVEP1
ZAS1,HIVEP1
ZNF40,HIVEP1
ZNF40A,HIVEP1
FLJ16752,HIVEP3
KBP-1,HIVEP3
KBP1,HIVEP3
KIAA1555,HIVEP3
KRC,HIVEP3
SCHNURRI-3,HIVEP3
SHN3,HIVEP3
ZAS3,HIVEP3
ZNF40C,HIVEP3
HK2P,HK2P1
FLJ22761,HKDC1
FLJ37767,HKDC1
AS,HLA-B
D6S204,HLA-C
HLA-JY3,HLA-C
PSORS1,HLA-C
D6S222E,HLA-DMA
RING6,HLA-DMA
D6S221E,HLA-DMB
RING7,HLA-DMB
HLA-D0-ALPHA,HLA-DOA
HLA-DNA,HLA-DOA
HLA-DZA,HLA-DOA
HLA-DP1A,HLA-DPA1
HLA-DP2A,HLA-DPA2
HLA-DP1B,HLA-DPB1
DP2B,HLA-DPB2
DPB2,HLA-DPB2
HLA-DP2B,HLA-DPB2
CELIAC1,HLA-DQA1
HLA-DQA,HLA-DQA1
HLA-DXA,HLA-DQA2
CELIAC1,HLA-DQB1
HLA-DQB,HLA-DQB1
IDDM1,HLA-DQB1
HLA-DXB,HLA-DQB2
D6S205,HLA-DQB3
D6S205E,HLA-DQB3
DQB3,HLA-DQB3
DVB,HLA-DQB3
HLA-DVB,HLA-DQB3
HLA-DRA1,HLA-DRA
HLA-DR1B,HLA-DRB1
HLA-DR2B,HLA-DRB2
HLA-DR3B,HLA-DRB3
HLA-DR4B,HLA-DRB4
D6S206,HLA-DRB9
D6S206E,HLA-DRB9
HLA-DR1BL,HLA-DRB9
HLA-DRB1L,HLA-DRB9
CDA12,HLA-J
D6S203,HLA-J
HLA-59,HLA-J
HLA-CDA12,HLA-J
HLA-70,HLA-K
HLA70,HLA-K
HLAK,HLA-K
HLA-92,HLA-L
HLA92,HLA-L
HLAL,HLA-L
HLA-30,HLA-N
C6ORF101,HLA-P
DJ377H14.3,HLA-P
HLA-90,HLA-P
HLA-17,HLA-S
HLA-16,HLA-T
EM:AB023056.13,HLA-U
HLA-21,HLA-U
DJ377H14.4,HLA-V
HLA-75,HLA-V
HLA-80,HLA-W
HLA-Z1,HLA-Z
HCS,HLCS
HIP116A,HLTF
HLTF1,HLTF
RNF80,HLTF
SMARCA3,HLTF
SNF2L3,HLTF
DJ324O17.1,HM13
H13,HM13
IMP1,HM13
IMPAS,HM13
PSENL3,HM13
PSL3,HM13
SPP,HM13
SPPL1,HM13
FLJ21616,HMBOX1
HNF1LA,HMBOX1
HOT1,HMBOX1
PBHNF,HMBOX1
DKFZP434P0216,HMCN2
FLJ23816,HMCN2
FLJ10739,HMG20A
HMGX1,HMG20A
HMGXB1,HMG20A
HMGA1L1,HMGA1P1
HMGIYL1,HMGA1P1
HMGA1L2,HMGA1P2
HMGIYL2,HMGA1P2
HMGA1L6,HMGA1P6
DKFZP686A04236,HMGB1
HMG1,HMGB1
HMG3,HMGB1
SBP-1,HMGB1
HMG1L1,HMGB1P1
HMG1L7,HMGB1P1
HMGB1L1,HMGB1P1
HMG1L3,HMGB1P3
HMGB1L3,HMGB1P3
HMG1L6,HMGB1P6
HMGB1L6,HMGB1P6
HMG1L8,HMGB1P8
HMGB1L8,HMGB1P8
HMG1L10,HMGB1P10
HMGB1L10,HMGB1P10
HMGB1L11,HMGB1P11
HMGB1L12,HMGB1P12
HMGB1L13,HMGB1P13
HMGB1L14,HMGB1P14
HMGB1P,HMGB1P14
HMG2,HMGB2
DJ18C9.3,HMGB3P1
HMG4L,HMGB3P1
HMGB3L1,HMGB3P1
DJ550H1.1,HMGB3P2
HMG4L2,HMGB3P2
HMGB3L2,HMGB3P2
BA418P12.1,HMGCLL1
DKFZP434G1411,HMGCLL1
HMGCS,HMGCS1
FLJ27265,HMGN1
FLJ31471,HMGN1
HMG14,HMGN1
MGC104230,HMGN1
MGC117425,HMGN1
HMGN1L1,HMGN1P1
HMG14P,HMGN1P2
HMGN1L2,HMGN1P2
HMGN2L2,HMGN2P2
HMGN2L3,HMGN2P3
HMGN2L5,HMGN2P5
HMGN2L6,HMGN2P6
AC022394.1,HMGN2P8
HMGN2L8,HMGN2P8
DJ388M5.2,HMGN2P9
HMG17L1,HMGN2P9
HMGN2L9,HMGN2P9
BK216E10,HMGN2P10
HMG17L2,HMGN2P10
HMGN2L10,HMGN2P10
EM:AL513423.2,HMGN2P16
HMGN2L,HMGN2P16
C15ORF21,HMGN2P46
D-PCA-2,HMGN2P46
FLJ39426,HMGN2P46
HMG17L3,HMGN4
NHC,HMGN4
NSBP1,HMGN5
HMGX3,HMGXB3
KIAA0194,HMGXB3
SMF,HMGXB3
HMG2L1,HMGXB4
P53N,HMGXB4
THC211630,HMGXB4
BK286B10,HMOX1
HO-1,HMOX1
HO-2,HMOX2
ACC-6,HMSD
ACC6,HMSD
C18ORF53,HMSD
H6,HMX1
NKX5-3,HMX1
NKX5-2,HMX2
NKX5-1,HMX3
HNF1B,HNF1B
HNF1BETA,HNF1B
LFB3,HNF1B
MODY5,HNF1B
TCF2,HNF1B
VHNF1,HNF1B
HNF4,HNF4A
MODY,HNF4A
MODY1,HNF4A
NR2A1,HNF4A
TCF14,HNF4A
UC002XLX,HNF4A-AS1
NR2A2,HNF4G
LOC144983,HNRNPA1L2
DJ372B18.1,HNRNPA1P2
HNRPA1P2,HNRNPA1P2
DJ447F3.1,HNRNPA1P3
HNRPA1P3,HNRNPA1P3
HNRPA1P4,HNRNPA1P4
HNRPA1L3,HNRNPA1P7
D10S102,HNRNPA3P1
FBRNP,HNRNPA3P1
HNRPA3,HNRNPA3P1
HNRPA3P1,HNRNPA3P1
DJ977B1.2,HNRNPA3P2
HNRPA3P,HNRNPA3P2
HNRPA3P2,HNRNPA3P2
HNRPCL1,HNRNPCL1
HNRNPCP5,HNRNPCL2
HNRPCP,HNRNPCP1
AUF1B,HNRNPDP1
AUF1P,HNRNPDP1
HNRNPDP,HNRNPDP1
HNRPDP,HNRNPDP1
HNRPF,HNRNPF
HNRNPH,HNRNPH1
HNRPH1,HNRNPH1
FTP3,HNRNPH2
HNRNPH',HNRNPH2
HNRPH',HNRNPH2
HNRPH2,HNRNPH2
2H9,HNRNPH3
HNRPH3,HNRNPH3
HNRPL,HNRNPL
HNRPLL,HNRNPLL
HNRNP-R,HNRNPR
HNRPR,HNRNPR
HNRPUP,HNRNPUP1
HOMER-1B,HOMER1
SYN47,HOMER1
VES-1,HOMER1
CPD,HOMER2
CUPIDIN,HOMER2
DFNA68,HOMER2
HOMER-2,HOMER2
HOMER-2A,HOMER2
HOMER-2B,HOMER2
VESL-2,HOMER2
HK2,HOOK2
CT46.2,HORMAD2
MGC26710,HORMAD2
MTMR3-AS1,HORMAD2-AS1
NONHSAG033653,HORMAD2-AS1
SDR36C1,HPGD
HGPRT,HPRT1
HPRT,HPRT1
HPRTP2,HPRT1P2
HPRTP3,HPRT1P3
HPRTP4,HPRT1P3
BLOC2S1,HPS3
SUTAL,HPS3
BLOC3S2,HPS4
KIAA1667,HPS4
LE,HPS4
AIBP63,HPS5
BLOC2S2,HPS5
RU2,HPS5
BLOC2S3,HPS6
FLJ22501,HPS6
HPA,HPSE
HPSE1,HPSE
HSE1,HPSE
ALUNC,HR
AU,HR
HRAS1,HRAS
LGLL338,HRCT1
PRO537,HRCT1
UNQ338,HRCT1
GPCR97,HRH3
AXOR35,HRH4
GPCR105,HRH4
GPRV53,HRH4
H4R,HRH4
HH4R,HRH4
"HS1-BP3,FLJ14249",HS1BP3
3OST1,HS3ST1
3OST2,HS3ST2
30ST3A1,HS3ST3A1
3OST3A1,HS3ST3A1
30ST3B1,HS3ST3B1
3OST3B1,HS3ST3B1
3OST4,HS3ST4
HS3ST5,HS3ST6
HS6ST,HS6ST1
HS6ST-2,HS6ST2
FLJ10967,HSBP1L1
MGC189743,HSBP1L1
DNAJC20,HSCB
HSC20,HSCB
JAC1,HSCB
SDR11E2,HSD3B2
C(27)-3BETA-HSD,HSD3B7
SDR11E3,HSD3B7
SDR9C3,HSD11B2
D6S2245E,HSD17B8
FABGL,HSD17B8
H2-KE6,HSD17B8
HKE6,HSD17B8
KE6,HSD17B8
RING2,HSD17B8
SDR30C1,HSD17B8
17B-HSD10,HSD17B10
ABAD,HSD17B10
CAMR,HSD17B10
ERAB,HSD17B10
HADH2,HSD17B10
MHBD,HSD17B10
MRPP2,HSD17B10
MRXS10,HSD17B10
SDR5C1,HSD17B10
17-BETA-HSD11,HSD17B11
17-BETA-HSDXI,HSD17B11
DHRS8,HSD17B11
PAN1B,HSD17B11
RETSDR2,HSD17B11
SDR16C2,HSD17B11
SCDR9,HSD17B13
SDR16C3,HSD17B13
DHRS10,HSD17B14
RETSDR3,HSD17B14
SDR47C1,HSD17B14
SDR12C3,HSDL1
C9ORF99,HSDL2
SDR13C1,HSDL2
HSTF1,HSF1
MEILB2,HSF2BP
FLJ40311,HSF5
LW-1,HSFX1
HSF2L,HSFY1
HSFY,HSFY1
CECR8,HSFY1P1
HSFYL1,HSFY1P1
HSFYP1,HSFY1P1
FLJ25453,HSFY2
HSFYP2,HSFY3P
HSP90AA2,HSP90AA2P
HSP90ALPHA,HSP90AA2P
HSPCA,HSP90AA2P
HSPCAL3,HSP90AA2P
HSPCAL2,HSP90AA4P
HSP90BB,HSP90AB2P
HSPCP1,HSP90AB3P
GRP94C,HSP90B3P
TRA1P2,HSP90B3P
TRAP2,HSP90B3P
HSP70-1,HSPA1A
HSPA1,HSPA1A
HSP70-2,HSPA1B
HSP70-HOM,HSPA1L
HUM70T,HSPA1L
BIP,HSPA5
GRP78,HSPA5
HSC70,HSPA8
HSC71,HSPA8
HSP73,HSPA8
HSPA10,HSPA8
HSPAP1,HSPA8P1
GRP75,HSPA9
HSPA9B,HSPA9
MOT-2,HSPA9
MTHSP75,HSPA9
PBP74,HSPA9
HSPA9BP,HSPA9P1
HSPA9P,HSPA9P1
FLJ13874,HSPA12A
KIAA0417,HSPA12A
C20ORF60,HSPA12B
DJ1009E24.2,HSPA12B
STCH,HSPA13
HSP70-4,HSPA14
HSP70L1,HSPA14
CMT2F,HSPB1
HS.76067,HSPB1
HSP25,HSPB1
HSP27,HSPB1
HSP28,HSPB1
HSPBL2,HSPB1P1
HSPBL3,HSPB1P2
HS.78846,HSPB2
MKBP,HSPB2
HSPL27,HSPB3
FLJ32389,HSPB6
HSP20,HSPB6
PPP1R91,HSPB6
FLJ22623,HSPBAP1
PASS1,HSPBAP1
FES1,HSPBP1
HSPD1-2P,HSPD1P1
HSP60P2,HSPD1P2
HSPD-9P,HSPD1P2
HSPDP2,HSPD1P2
HSP60P1,HSPD1P3
HSP60P3,HSPD1P3
HSP60P4,HSPD1P3
HSPD1-7P,HSPD1P3
HSPDP1,HSPD1P3
HSPDP3,HSPD1P3
HSPDP4,HSPD1P3
HSPD1-6P,HSPD1P6
HSPDP6,HSPD1P6
HSPD1-22P,HSPD1P7
HSPDP7,HSPD1P7
HSPD1-12P,HSPD1P8
HSPD1-14P,HSPD1P9
HSPD1-4P,HSPD1P10
HSPD1-15P,HSPD1P15
HSPD1-13P,HSPD1P16
HSPD1-3P,HSPD1P21
BA101E14.1,HSPE1P1
HSPEP1,HSPE1P1
HSPEP2,HSPE1P2
EPF8,HSPE1P16
HSP105A,HSPH1
HSP105B,HSPH1
KIAA0201,HSPH1
NY-CO-25,HSPH1
TAT-SF1,HTATSF1
DJ1033B10.6,HTATSF1P1
HTATSF1P,HTATSF1P1
TAT-SF1-L,HTATSF1P1
HIS1,HTN1
HIS2,HTN3
5-HT1A,HTR1A
ADRB2RL1,HTR1A
ADRBRL1,HTR1A
5-HT1B,HTR1B
5-HT1DB,HTR1B
HTR1D2,HTR1B
S12,HTR1B
5-HT1E,HTR1E
5-HT2A,HTR2A
HTR2,HTR2A
5-HT2C,HTR2C
5HTR2C,HTR2C
HTR1C,HTR2C
ARMD7,HTRA1
HTRA,HTRA1
IGFBP5-PROTEASE,HTRA1
PRSS11,HTRA1
PRSP,HTRA3
TASP,HTRA3
FLJ90724,HTRA4
HTT-AS1,HTT-AS
HTTAS,HTT-AS
TCONS_00028914,HUNK-AS1
HYAL-1,HYAL1
LUCA1,HYAL1
LUCA-2,HYAL2
LUCA2,HYAL2
HYAL6,HYAL6P
HYALP1,HYAL6P
CILD5,HYDIN
DKFZP434D0513,HYDIN
KIAA1864,HYDIN
PPP1R31,HYDIN
AGPHD1,HYKK
LOC123688,HYKK
NCRNA00020,HYMAI
GRP170,HYOU1
HSP12A,HYOU1
ORP150,HYOU1
C15ORF63,HYPK
FLJ20431,HYPK
HSPC136,HYPK
IARS,IARS1
ILRS,IARS1
BSP,IBSP
BSP-II,IBSP
SP-II,IBSP
BTBD26,IBTK
BTKI,IBTK
DKFZP564B116,IBTK
ICA69,ICA1
ICAP69,ICA1
BB2,ICAM1
CD54,ICAM1
CD242,ICAM4
LW,ICAM4
AC011511.5,ICAM4-AS1
ICR,ICAM4-AS1
LNCRNA-ECM,ICAM4-AS1
KIAA0947,ICE1
BRCC1,ICE2
FLJ11896,ICE2
NARG2,ICE2
NARG2P1,ICE2P1
NARG2P2,ICE2P2
AILIM,ICOS
CD278,ICOS
B7-H2,ICOSLG
B7H,ICOSLG
B7H2,ICOSLG
B7RP-1,ICOSLG
B7RP1,ICOSLG
CD275,ICOSLG
GL50,ICOSLG
ICOS-L,ICOSLG
ICOSL,ICOSLG
KIAA0653,ICOSLG
BHLHB24,ID1
DJ857M17.1.2,ID1
BHLHB25,ID3
HEIR-1,ID3
BHLHB27,ID4
IDH-2,IDH2
RP46,IDH3B
IPPI2,IDI2
BA522I20.2,IDNK
C9ORF103,IDNK
HGNTK,IDNK
IDO,IDO1
INDO,IDO1
ID2S,IDS
SIDS,IDS
IDS2,IDSP1
DIF-2,IER3
IEX-1,IER3
IEX-1L,IER3
PRG1,IER3
BA247A12.2,IER5L
FAM14D,IFI27
ISG12,IFI27
P27,IFI27
FAM14B,IFI27L1
FAM14A,IFI27L2
TLH29,IFI27L2
GILT,IFI30
IFI-30,IFI30
IP-30,IFI30
IP30,IFI30
MGC32056,IFI30
IFP35,IFI35
G10P1,IFIT1
GARG-16,IFIT1
IFI56,IFIT1
IFNAI1,IFIT1
ISG56,IFIT1
BA149I23.6,IFIT1B
IFIT1L,IFIT1B
G13P1,IFIT1P1
IFI56P,IFIT1P1
IFIT1P,IFIT1P1
II56P,IFIT1P1
CIG42,IFIT2
G10P2,IFIT2
GARG-39,IFIT2
IFI-54,IFIT2
IFI54,IFIT2
ISG-54,IFIT2
ISG-54K,IFIT2
CIG-49,IFIT3
GARG-49,IFIT3
IFI60,IFIT3
IFIT4,IFIT3
IRG2,IFIT3
ISG60,IFIT3
RIG-G,IFIT3
DSPA2D,IFITM3P2
DJ377H14.5,IFITM4P
DSPA3,IFITM10
IFN-ALPHAJ,IFNA7
IFNA-J,IFNA7
IFN-ALPHAC,IFNA10
IFN-ALPHAO,IFNA16
IFN-ALPHAI,IFNA21
IFNAR,IFNAR1
IFRC,IFNAR1
IFNABR,IFNAR2
IFB,IFNB1
IFF,IFNB1
IFNB,IFNB1
AF-1,IFNGR2
IFNGT1,IFNGR2
IL-29,IFNL1
IL29,IFNL1
IL-28A,IFNL2
IL28A,IFNL2
IL-28B,IFNL3
IL28B,IFNL3
IL28C,IFNL3
IL28BP1,IFNL3P1
IFNAN,IFNL4
PSEUDO-IFN-ALPHA-M,IFNWP18
PC4,IFRD1
TIS7,IFRD1
CFAP9,IFT22
DKFZP761N0823,IFT22
FAP9,IFT22
FLJ13225,IFT22
FLJ14117,IFT22
RABL5,IFT22
BBS19,IFT27
CFAP156,IFT27
FAP156,IFT27
RABL4,IFT27
RAYL,IFT27
C14ORF179,IFT43
FLJ32173,IFT43
MGC16028,IFT43
C20ORF9,IFT52
CGI-53,IFT52
DJ1028D15.1,IFT52
NGD2,IFT52
NGD5,IFT52
ESRRBL1,IFT57
FLJ10147,IFT57
HIPPI,IFT57
MHS4R2,IFT57
CCDC2,IFT74
CMG-1,IFT74
CMG1,IFT74
FLJ22621,IFT74
D13S1056E,IFT88
HTG737,IFT88
MGC26259,IFT88
TG737,IFT88
TTC10,IFT88
GS114,IFT140
KIAA0590,IFT140
WDTC2,IFT140
A4,IGBP1
IBP1,IGBP1
C14ORF19,IGBP1P1
HST18880,IGDCC3
PUNC,IGDCC3
LOC57722,IGDCC4
NOPE,IGDCC4
CD221,IGF1R
IGFIR,IGF1R
IGFR,IGF1R
JTK13,IGF1R
MGC18216,IGF1R
IMP-1,IGF2BP1
IMP-2,IGF2BP2
P62,IGF2BP2
C3ORF65,IGF2BP2-AS1
FLJ32900,IGF2BP2-AS1
CT98,IGF2BP3
IMP-3,IGF2BP3
IMP3,IGF2BP3
CD222,IGF2R
CI-M6PR,IGF2R
CI-MPR,IGF2R
CIMPR,IGF2R
M6P-R,IGF2R
MPR1,IGF2R
MPR300,IGF2R
MPRI,IGF2R
ALS,IGFALS
BP-4,IGFBP4
HT29-IGFBP,IGFBP4
IBP4,IGFBP4
IGFBP-4,IGFBP4
FSTL2,IGFBP7
IGFBP-7,IGFBP7
MAC25,IGFBP7
PSF,IGFBP7
BA113O24.1,IGFBPL1
UNQ483,IGFL3
FLJ22573,IGFLR1
TMEM149,IGFLR1
U2AF1L4,IGFLR1
AL928768.3,IGHA1
FLJ00382,IGHD
FLJ46727,IGHD
MGC29633,IGHD
IGHD11,IGHD1-1
DM1,IGHD1-7
IGHD17,IGHD1-7
DM2,IGHD1-14
IGHD114,IGHD1-14
IGHD120,IGHD1-20
IGHD126,IGHD1-26
IGHD1/OR15-1A,IGHD1OR15-1A
IGHD1OR151A,IGHD1OR15-1A
IGHD1/OR15-1B,IGHD1OR15-1B
IGHD1OR151B,IGHD1OR15-1B
IGHD22,IGHD2-2
DLR1,IGHD2-8
IGHD28,IGHD2-8
D2,IGHD2-15
IGHD215,IGHD2-15
IGHD221,IGHD2-21
IGHD2/OR15-2A,IGHD2OR15-2A
IGHD2OR152A,IGHD2OR15-2A
IGHD2/OR15-2B,IGHD2OR15-2B
IGHD2OR152B,IGHD2OR15-2B
DXP4,IGHD3-3
IGHD33,IGHD3-3
DXP1,IGHD3-9
IGHD39,IGHD3-9
DXP'1,IGHD3-10
IGHD310,IGHD3-10
IGHD316,IGHD3-16
IGHD322,IGHD3-22
IGHD3/OR15-3A,IGHD3OR15-3A
IGHD3OR153A,IGHD3OR15-3A
IGHD3/OR15-3B,IGHD3OR15-3B
IGHD3OR153B,IGHD3OR15-3B
DA4,IGHD4-4
IGHD44,IGHD4-4
DA1,IGHD4-11
IGHD411,IGHD4-11
IGHD417,IGHD4-17
IGHD423,IGHD4-23
IGHD4/OR15-4A,IGHD4OR15-4A
IGHD4OR154A,IGHD4OR15-4A
IGHD4/OR15-4B,IGHD4OR15-4B
IGHD4OR154B,IGHD4OR15-4B
DK4,IGHD5-5
IGHD55,IGHD5-5
DK1,IGHD5-12
IGHD512,IGHD5-12
IGHD518,IGHD5-18
IGHD524,IGHD5-24
IGHD5/OR15-5A,IGHD5OR15-5A
IGHD5OR155A,IGHD5OR15-5A
IGHD5/OR15-5B,IGHD5OR15-5B
IGHD5OR155B,IGHD5OR15-5B
D(N4),IGHD6-6
IGHD66,IGHD6-6
DN1,IGHD6-13
IGHD613,IGHD6-13
IGHD619,IGHD6-19
IGHD625,IGHD6-25
DHQ52,IGHD7-27
IGHD727,IGHD7-27
IGHGP1,IGHGP
JPSI1,IGHJ1P
JPSI2,IGHJ2P
JPSI3,IGHJ3P
CATF1,IGHMBP2
CMT2S,IGHMBP2
HCSA,IGHMBP2
HMN6,IGHMBP2
SMARD1,IGHMBP2
SMUBP2,IGHMBP2
ZFAND7,IGHMBP2
V35,IGHV1-2
VI-3B,IGHV1-3
IGHV1-E,IGHV1-69
IGHV1-F,IGHV1-69-2
IGHV1/OR15-1,IGHV1OR15-1
IGHV1/OR15-2,IGHV1OR15-2
IGHV1/OR15-3,IGHV1OR15-3
IGHV1/OR15-6,IGHV1OR15-6
IGHV1/OR15-9,IGHV1OR15-9
IGHV1OR159,IGHV1OR15-9
VSIG7,IGHV1OR15-9
IGHV1/OR21-1,IGHV1OR21-1
IGHV3-H,IGHV3-69-1
IGHV3-G,IGHV3-71
IGHV3/OR15-7,IGHV3OR15-7
IGHV5-A,IGHV5-10-1
IGHV(III)-51-1,IGHV8-51-1
IGHVIII-51-1,IGHV8-51-1
IGHV(II)-1-1,IGHVII-1-1
IGHV(II)-15-1,IGHVII-15-1
IGHV(II)-22-1,IGHVII-22-1
IGHV(II)-26-2,IGHVII-26-2
IGHV(II)-28-1,IGHVII-28-1
IGHV(II)-30-1,IGHVII-30-1
IGHV(II)-30-21,IGHVII-30-21
IGHV(II)-33-1,IGHVII-33-1
IGHV(II)-40-1,IGHVII-40-1
IGHV(II)-43-1,IGHVII-43-1
IGHV(II)-44-2,IGHVII-44-2
IGHV(II)-46-1,IGHVII-46-1
IGHV(II)-49-1,IGHVII-49-1
IGHV(II)-51-2,IGHVII-51-2
IGHV(II)-53-1,IGHVII-53-1
IGHV(II)-60-1,IGHVII-60-1
IGHV(II)-62-1,IGHVII-62-1
IGHV(II)-65-1,IGHVII-65-1
IGHV(II)-67-1,IGHVII-67-1
IGHV(II)-74-1,IGHVII-74-1
IGHV(II)-78-1,IGHVII-78-1
IGHV(III)-2-1,IGHVIII-2-1
IGHV(III)-5-1,IGHVIII-5-1
IGHV(III)-5-2,IGHVIII-5-2
IGHV(III)-11-1,IGHVIII-11-1
IGHV(III)-13-1,IGHVIII-13-1
IGHV(III)-16-1,IGHVIII-16-1
IGHV(III)-22-2,IGHVIII-22-2
IGHV(III)-25-1,IGHVIII-25-1
IGHV(III)-26-1,IGHVIII-26-1
IGHV(III)-38-1,IGHVIII-38-1
IGHV(III)-44,IGHVIII-44
IGHV(III)-47-1,IGHVIII-47-1
IGHV(III)-67-2,IGHVIII-67-2
IGHV(III)-67-3,IGHVIII-67-3
IGHV(III)-67-4,IGHVIII-67-4
IGHV(III)-76-1,IGHVIII-76-1
IGHV(III)-82,IGHVIII-82
IGHV(IV)-44-1,IGHVIV-44-1
C5ORF53,IGIP
LOC492311,IGIP
IGKV18,IGKV1-8
L9,IGKV1-8
IGKV19,IGKV1-9
L8,IGKV1-9
IGKV112,IGKV1-12
L19,IGKV1-12
IGKV116,IGKV1-16
L1,IGKV1-16
A30,IGKV1-17
IGKV117,IGKV1-17
A20,IGKV1-27
IGKV127,IGKV1-27
IGKV133,IGKV1-33
O18,IGKV1-33
IGKV137,IGKV1-37
O14,IGKV1-37
IGKV1/OR-2,IGKV1OR-2
IGKVPZ2,IGKV1OR-2
IGKV1/OR-1,IGKV1OR2-1
IGKV1/OR2-1,IGKV1OR2-1
IGKV1OR-1,IGKV1OR2-1
IGKVPZ1,IGKV1OR2-1
IGKV1/OR2-2,IGKV1OR2-2
IGKV1/OR2-3,IGKV1OR2-3
IGKV1/OR2-6,IGKV1OR2-6
IGKV1/OR2-9,IGKV1OR2-9
IGKV1/OR2-11,IGKV1OR2-11
IGKV1/OR2-118,IGKV1OR2-118
IGKV1/OR9-2,IGKV1OR9-2
IGKV1/OR10-1,IGKV1OR10-1
IGKV1/OR22-1,IGKV1OR22-1
IGKVP5,IGKV1OR22-1
IGKV1/OR22-5,IGKV1OR22-5
IGKV1/OR22-5A,IGKV1OR22-5
IGKV1OR22-5A,IGKV1OR22-5
IGKVP7,IGKV1OR22-5
IGKV2/OR2-1,IGKV2OR2-1
IGKV2/OR2-1A,IGKV2OR2-1
IGKV2OR2-1A,IGKV2OR2-1
IGKV2/OR2-2,IGKV2OR2-2
IGKV2/OR2-7,IGKV2OR2-7
IGKV2/OR2-7D,IGKV2OR2-7D
IGKV2/OR2-8,IGKV2OR2-8
IGKV2/OR2-10,IGKV2OR2-10
IGKV2/OR22-3,IGKV2OR22-3
IGKVP4,IGKV2OR22-3
IGKV2/OR22-4,IGKV2OR22-4
IGKVP6,IGKV2OR22-4
IGKV3/OR2-5,IGKV3OR2-5
IGKV268,IGKV3OR2-268
IGKV3/OR2-268,IGKV3OR2-268
IGKV3/OR2-268A,IGKV3OR2-268
IGKV3OR2-268A,IGKV3OR2-268
IGKV3/OR22-2,IGKV3OR22-2
IGKVP3,IGKV3OR22-2
B2,IGKV5-2
IGKV52,IGKV5-2
A26,IGKV6-21
IGKV621,IGKV6-21
IGLC,IGLC1
IGLC,IGLC2
IGLC,IGLC3
IGLC,IGLC4
IGLC,IGLC5
IGLC,IGLC6
IGLC/OR22-1,IGLCOR22-1
IGLC/OR22-2,IGLCOR22-2
IGLJ-C/OR18,IGLJCOR18
IGLJ-COR18,IGLJCOR18
14.1,IGLL1
CD179B,IGLL1
IGL5,IGLL1
IGLL,IGLL1
IGVPB,IGLL1
16.1,IGLL3P
IGLL3,IGLL3P
IGLL4,IGLL4P
IGLV8/OR8-1,IGLV8OR8-1
IGLV(I)-20,IGLVI-20
IGLV(I)-38,IGLVI-38
IGLV(I)-42,IGLVI-42
IGLV(I)-56,IGLVI-56
IGLV(I)-63,IGLVI-63
IGLV(I)-68,IGLVI-68
IGLV(I)-70,IGLVI-70
IGLV(IV)-53,IGLVIV-53
IGLV(IV)-59,IGLVIV-59
IGLV(IV)-64,IGLVIV-64
IGLV(IV)-65,IGLVIV-65
IGLV(IV)-66-1,IGLVIV-66-1
IGLV(IV)/OR22-1,IGLVIVOR22-1
IGLV(IV)/OR22-2,IGLVIVOR22-2
IGLV(V)-58,IGLVV-58
IGLV(V)-66,IGLVV-66
IGLV(VI)-22-1,IGLVVI-22-1
IGLV(VI)-25-1,IGLVVI-25-1
IGLV(VII)-41-1,IGLVVII-41-1
IGCD1,IGSF1
IGDC1,IGSF1
INHBP,IGSF1
KIAA0364,IGSF1
MGC75490,IGSF1
PGSF2,IGSF1
JAM4,IGSF5
DORA,IGSF6
CD316,IGSF8
CD81P3,IGSF8
EWI2,IGSF8
PGRL,IGSF8
KIAA1030,IGSF9B
LINC00947,IGSF9B
LOC283174,IGSF9B
MIR4697HG,IGSF9B
BT-IGSF,IGSF11
CT119,IGSF11
IGSF13,IGSF11
MGC35227,IGSF11
VSIG3,IGSF11
MGC15730,IGSF21
RP11-121A23.1,IGSF21
FLJ31051,IKBIP
IKIP,IKBIP
IKK-BETA,IKBKB
IKK2,IKBKB
IKKB,IKBKB
NFKBIKB,IKBKB
ALAL-1,IKBKB-DT
RP11-231D20.2,IKBKB-DT
FIP-3,IKBKG
FIP3,IKBKG
FIP3P,IKBKG
IKK-GAMMA,IKBKG
IKKAP1,IKBKG
IKKG,IKBKG
IP1,IKBKG
IP2,IKBKG
NEMO,IKBKG
ZC2HC9,IKBKG
DELTANEMO,IKBKGP1
IKBKGP,IKBKGP1
AIOLOS,IKZF3
ZNFN1A3,IKZF3
FLJ22973,IKZF5
PEGASUS,IKZF5
ZNFN1A5,IKZF5
IL-1B,IL1B
IL1-BETA,IL1B
IL1F2,IL1B
IL-2,IL2
TCGF,IL2
CD122,IL2RB
IL15RB,IL2RB
CD132,IL2RG
CIDX,IL2RG
IMD4,IL2RG
SCIDX1,IL2RG
IL-3,IL3
MCGF,IL3
MGC79398,IL3
MGC79399,IL3
MULTI-CSF,IL3
CD123,IL3RA
BCGF-1,IL4
BCGF1,IL4
BSF1,IL4
IL-4,IL4
MGC79402,IL4
FIG1,IL4I1
EDF,IL5
IL-5,IL5
TRF,IL5
IL6RL1,IL6RP1
IL6STP,IL6STP1
CD127,IL7R
IL7RA,IL7R
LNC-IL7R,IL7R
HP40,IL9
IL-9,IL9
P40,IL9
CD129,IL9R
CDW210B,IL10RB
CRF2-4,IL10RB
CRFB4,IL10RB
D21S58,IL10RB
D21S66,IL10RB
IL-10R2,IL10RB
IFNAR2-AS1,IL10RB-DT
IL10RB-AS1,IL10RB-DT
AGIF,IL11
IL-11,IL11
ILAS1-AS1,IL12A-AS1
CD212,IL12RB1
IL12RB,IL12RB1
CD213A2,IL13RA2
CT19,IL13RA2
IL-13R,IL13RA2
IL13BP,IL13RA2
IL-15,IL15
MGC9721,IL15
FLJ30846,IL17D
IL-17D,IL17D
IL-27,IL17D
IL27,IL17D
CD217,IL17RA
CDW217,IL17RA
HIL-17R,IL17RA
IL-17RA,IL17RA
IL17R,IL17RA
FLJ35755,IL17RD
IL-17RD,IL17RD
IL17RLM,IL17RD
SEF,IL17RD
FLJ41993,IL17REL
IGIF,IL18
IL-18,IL18
IL-1G,IL18
IL1F4,IL18
DIRS1,IL20RB
FNDC6,IL20RB
IL-20R2,IL20RB
MGC34923,IL20RB
IL-21,IL21
ZA11,IL21
IL-27,IL27
IL-27A,IL27
IL27A,IL27
IL27P28,IL27
IL30,IL27
MGC71873,IL27
P28,IL27
CRL1,IL27RA
IL-27R,IL27RA
TCCR,IL27RA
WSX-1,IL27RA
WSX1,IL27RA
ZCYTOR1,IL27RA
IL-31,IL31
C9ORF26,IL33
DKFZP586H0523,IL33
DVS27,IL33
IL1F11,IL33
NF-HEV,IL33
DFNB42,ILDR1
MGC50831,ILDR1
C1ORF32,ILDR2
NF45,ILF2
209L8,ILVBL
AHAS,ILVBL
FLJ39061,ILVBL
HACL1L,ILVBL
ILV2H,ILVBL
MGC1269,ILVBL
MGC19535,ILVBL
FLJ25059,IMMP1L
IMMP1,IMMP1L
IMMP2L-IT1,IMMP2L
IMP2,IMMP2L
IMMTP,IMMTP1
BRMS2,IMP3
C15ORF12,IMP3
FLJ10968,IMP3
MRPS4,IMP3
BXDC4,IMP4
MGC19606,IMP4
IMPA,IMPA1
RWDD5,IMPACT
IMPDHL1,IMPDH1P11
GP147,IMPG1
IPM150,IMPG1
SPACR,IMPG1
IPM200,IMPG2
RP56,IMPG2
SPACRCAN,IMPG2
NEF5,INA
NF-66,INA
LINC00984,INAFM2
OGU1,INAFM2
NCRNA00010,INE1
NCRNA00011,INE2
C14ORF151,INF2
C14ORF173,INF2
MGC13251,INF2
P24ING1C,ING1
P33,ING1
P33ING1,ING1
P33ING1B,ING1
P47,ING1
P47ING1A,ING1
ING1L,ING2
P33ING2,ING2
EAF4,ING3
FLJ20089,ING3
MEAF4,ING3
P47ING3,ING3
MY036,ING4
P29ING4,ING4
ING1-LIKE,INGX
ING2,INGX
C18ORF37,INO80C
FLJ38183,INO80C
HIES6,INO80C
IES6,INO80C
FLJ20309,INO80D
AC007383.2,INO80D-AS1
INO80D-AS2,INO80D-AS1
CCDC95,INO80E
FLJ90652,INO80E
5PTASE,INPP5A
HP51CN,INPP5D
SHIP,INPP5D
SHIP1,INPP5D
CORS1,INPP5E
JBTS1,INPP5E
PHARBIN,INPP5E
PPI5PIV,INPP5E
INPP5,INPP5J
PIB5PA,INPP5J
PIPP,INPP5J
SKIP,INPP5K
CL-6,INSIG1
MGC1405,INSIG1
IA-1,INSM1
IA1,INSM1
IA-6,INSM2
MLT1,INSM2
CD220,INSR
C15ORF59,INSYN1
LOC388135,INSYN1
MGC131524,INSYN1
C15ORF59-AS1,INSYN1-AS1
TCONS_00023459,INSYN1-AS1
C10ORF141,INSYN2A
FAM196A,INSYN2A
FLJ45557,INSYN2A
INSYN2,INSYN2A
DKFZP586J0619,INTS1
INT1,INTS1
KIAA1440,INTS1
NET28,INTS1
C1ORF60,INTS3
FLJ21919,INTS3
INT3,INTS3
SOSS-A,INTS3
DBI-1,INTS6
DDX26,INTS6
DDX26A,INTS6
DICE1,INTS6
HDB,INTS6
INT6,INTS6
NOTCHL2,INTS6
DDX26B,INTS6L
FLJ41215,INTS6L
DDX26B-AS1,INTS6L-AS1
C1ORF73,INTS7
DKFZP434B168,INTS7
INT7,INTS7
C8ORF52,INTS8
FLJ20530,INTS8
INT8,INTS8
MGC131633,INTS8
CPSF2L,INTS9
FLJ10871,INTS9
RC-74,INTS9
ENST00000520055,INTS9-AS1
ASUN,INTS13
C12ORF11,INTS13
FLJ10637,INTS13
MAT89BB,INTS13
NET48,INTS13
SPATA30,INTS13
CPLANE4,INTU
KIAA1284,INTU
PDZD6,INTU
PDZK6,INTU
NPHP2,INVS
IHPK1,IP6K1
KIAA0263,IP6K1
FLJ23338,IPO4
IMP4,IPO4
IMB3,IPO5
KPNB3,IPO5
MGC2068,IPO5
PSE1,IPO5
RANBP5,IPO5
IMP8,IPO8
RANBP8,IPO8
RANBP11,IPO11
FAM83H-AS1,IQANK1
ONCO-LNCRNA-3,IQANK1
DRC11,IQCA1
FLJ22527,IQCA1
IQCA,IQCA1
IQCA1P1,IQCA1L
TCAG_9762,IQCA1L
DJ313I6.1,IQCB2P
IQCB1P1,IQCB2P
FLJ12476,IQCH
HUMORFA01,IQGAP1
KIAA0051,IQGAP1
P195,IQGAP1
SAR1,IQGAP1
KIAA1110,IQSEC3
MGC30156,IQSEC3
FLJ35834,IQUB
IRP2,IREB2
MAR,IRF1
C5ORF56,IRF1-AS1
DKFZP434M154,IRF2BP1
IRF-2BP1,IRF2BP1
C14ORF4,IRF2BPL
EAP1,IRF2BPL
KIAA1865,IRF2BPL
ISGF3G,IRF9
CINEMA,IRGC
IIGP5,IRGC
IRGC1,IRGC
IRS-4,IRS4
PY160,IRS4
IRX-5,IRX1
IRX-3,IRX6
IRX7,IRX6
HBLD2,ISCA1
HISCA,ISCA1
HISCA1,ISCA1
ISA1,ISCA1
MGC4276,ISCA1
ISCA1L,ISCA1P1
HBLD1,ISCA2
ISA2,ISCA2
CD25,ISG20
HEM45,ISG20
ISL-1,ISL1
ISLET1,ISL1
HST17563,ISLR
BA149I18.1,ISM1
C20ORF82,ISM1
FLJ23469,ISOC2
RAXLX,ISX
INO1,ISYNA1
INOS,ISYNA1
IPS,ISYNA1
AIP4,ITCH
CDA08,ITFG1
LNKN-1,ITFG1
TIP,ITFG1
CD49A,ITGA1
VLA1,ITGA1
CD49B,ITGA2
GPIA,ITGA2
HPA-5,ITGA2
VLAA2,ITGA2
I2ALR,ITGA2-AS1
CD49E,ITGA5
FNRA,ITGA5
ALPHA-RLC,ITGA9
ITGA4L,ITGA9
RLC,ITGA9
HST18964,ITGA11
ADB2,ITGAD
CD11D,ITGAD
CD11A,ITGAL
LFA-1,ITGAL
LFA1A,ITGAL
CD11B,ITGAM
CR3A,ITGAM
MAC-1,ITGAM
CD11C,ITGAX
CHORDC3,ITGB1BP2
FNRBL,ITGB1P1
ITGB1L,ITGB1P1
CD18,ITGB2
LFA-1,ITGB2
MAC-1,ITGB2
MFI7,ITGB2
OSCP,ITGBL1
TIED,ITGBL1
H2P,ITIH2
MGC10848,ITIH5
ITIH5L,ITIH6
UNQ6369,ITIH6
HL-2,ITLN2
BRICD2A,ITM2A
E25A,ITM2A
BRI,ITM2B
BRI2,ITM2B
BRICD2B,ITM2B
E25B,ITM2B
E3-16,ITM2B
BRI3,ITM2C
BRICD2C,ITM2C
E25,ITM2C
HRPC.1050_D_4,ITM2C
ITM3,ITM2C
C20ORF37,ITPA
DJ794I6.3,ITPA
HLC14-06-P,ITPA
C14ORF85,ITPK1-AS1
ITPK1-AS,ITPK1-AS1
ITPK1AS,ITPK1-AS1
NCRNA00203,ITPK1-AS1
IP3-3KA,ITPKA
IP3KA,ITPKA
CFAP48,ITPR2
IP3R2,ITPR2
CS-1,ITPRID2
KIAA1927,ITPRID2
KRAP,ITPRID2
SPAG13,ITPRID2
SSFA2,ITPRID2
BA127L20.2,ITPRIP
DANGER,ITPRIP
KIAA1754,ITPRIP
ITSN,ITSN1
MGC134948,ITSN1
MGC134949,ITSN1
SH3D1A,ITSN1
SH3P17,ITSN1
ACAD2,IVD
IVDH,IVD
ARA3,IVNS1ABP
HSPC068,IVNS1ABP
KIAA0850,IVNS1ABP
KLHL39,IVNS1ABP
ND1,IVNS1ABP
NS-1,IVNS1ABP
NS1-BP,IVNS1ABP
C6ORF71,IYD
DEHAL1,IYD
DJ422F24.1,IYD
IZUMO,IZUMO1
MGC34799,IZUMO1
OBF,IZUMO1
BA20A20.1,IZUMO3
C9ORF134,IZUMO3
JADE-1,JADE1
PHF17,JADE1
JADE-3,JADE3
KIAA0215,JADE3
PHF16,JADE3
LINC00915,JADRR
LNCRNA-JADE,JADRR
AGS,JAG1
AHD,JAG1
AWS,JAG1
CD339,JAG1
HJ1,JAG1
JAGL1,JAG1
JTK10,JAK2
JAMIP2,JAKMIP2
KIAA0555,JAKMIP2
BA140A10.5,JAKMIP3
C10ORF14,JAKMIP3
C10ORF39,JAKMIP3
FLJ37857,JAKMIP3
KIAA4091,JAKMIP3
NECC2,JAKMIP3
C21ORF43,JAM2
CD322,JAM2
JAM-2,JAM2
JAM-B,JAM2
JAMB,JAM2
VE-JAM,JAM2
JMJ,JARID2
KIAA1462,JCAD
IGCJ,JCHAIN
IGJ,JCHAIN
JCH,JCHAIN
IGJP1,JCHAINP1
JUNDM2,JDP2
C11ORF63,JHY
FLJ23554,JHY
C14ORF100,JKAMP
CDA06,JKAMP
HSPC213,JKAMP
HSPC327,JKAMP
JAMP,JKAMP
DKFZP761F0118,JMJD1C
FLJ14374,JMJD1C
KDM3C,JMJD1C
KIAA1380,JMJD1C
TRIP8,JMJD1C
KIAA0585,JMJD6
PTDSR,JMJD6
PTDSR1,JMJD6
FLJ37870,JMY
WHAMM2,JMY
KIAA0063,JOSD1
SBBI54,JOSD2
JP-1,JPH1
JP-2,JPH2
CAGL237,JPH3
HDL2,JPH3
JP-3,JPH3
JP3,JPH3
TNRC22,JPH3
JPHL1,JPH4
KIAA1831,JPH4
C16ORF34,JPT2
FLJ13092,JPT2
HN1L,JPT2
KIAA1426,JPT2
L11,JPT2
DCBALD06,JPX
ENOX,JPX
LINC00183,JPX
NCRNA00183,JPX
JERKY,JRK
JH8,JRK
FLJ32416,JSRP1
JP-45,JSRP1
AP-1,JUND
ANKRD15,KANK1
KANK,KANK1
KIAA0172,KANK1
ANKRD38,KANK4
KIAA0172,KANK4
CENP-36,KANSL1
DKFZP727C091,KANSL1
KIAA1267,KANSL1
MSL1V1,KANSL1
NSL1,KANSL1
C2ORF67,KANSL1L
FLJ23861,KANSL1L
FLJ32349,KANSL1L
KIAA1267L,KANSL1L
MSL1V2,KANSL1L
DFNB89,KARS1
KARS,KARS1
KARS2,KARS1
KARSP1,KARS1P1
KARSP2,KARS1P2
CCDC155,KASH5
FLJ32658,KASH5
GCN5,KAT2B
GCN5L,KAT2B
P/CAF,KAT2B
PCAF,KAT2B
MOZ,KAT6A
MYST3,KAT6A
RUNXBP2,KAT6A
ZC2HC6A,KAT6A
ZNF220,KAT6A
MORF,KAT6B
MOZ2,KAT6B
MYST4,KAT6B
QKF,KAT6B
QUERKOPF,KAT6B
ZC2HC6B,KAT6B
FLJ14040,KAT8
HMOF,KAT8
MOF,KAT8
MYST1,KAT8
ZC2HC8,KAT8
ATAC2,KAT14
CRP2BP,KAT14
CSRP2BP,KAT14
DJ717M23.1,KAT14
PRO1194,KAT14
MGC2599,KATNAL1
DKFZP667C165,KATNAL2
MGC33211,KATNAL2
C15ORF29,KATNBL1
FLJ22557,KATNBL1
FKSG28,KAZALD1
FKSG40,KAZALD1
C1ORF196,KAZN
FLJ43806,KAZN
KAZRIN,KAZN
KIAA1026,KAZN
ENST00000447908,KAZN-AS1
BKLHD4,KBTBD4
FLJ10450,KBTBD4
HSPC252,KBTBD4
DKFZP547E1912,KBTBD6
DKFZP434E2318,KBTBD7
KIAA1842,KBTBD8
TA-KRP,KBTBD8
KIAA0711,KBTBD11
KLHDC7C,KBTBD11
HCG_1645727,KBTBD13
NEM6,KBTBD13
DEBT91,KCMF1
DKFZP434L1021,KCMF1
PCMF,KCMF1
ZZZ1,KCMF1
HK1,KCNA4
HPCN2,KCNA4
KCNA4L,KCNA4
KV1.4,KCNA4
PCN2,KCNA4
HK2,KCNA5
HPCN1,KCNA5
KV1.5,KCNA5
KV2.1,KCNB1
KV2.2,KCNB2
KV3.1,KCNC1
KV3.2,KCNC2
KCNC4-AS1,KCNC4-DT
LINC02586,KCNC4-DT
KV4.1,KCND1
KIAA1044,KCND2
KV4.2,KCND2
RK5,KCND2
ISK,KCNE1
JLNS2,KCNE1
LQT5,KCNE1
MINK,KCNE1
LQT6,KCNE2
MIRP1,KCNE2
KCNE1L,KCNE5
K13,KCNG1
KCNG,KCNG1
KH2,KCNG1
KV6.1,KCNG1
KCNF2,KCNG2
KV6.2,KCNG2
KV6.3,KCNG3
EAG2,KCNH5
H-EAG2,KCNH5
HEAG2,KCNH5
KV10.2,KCNH5
ELK3,KCNH8
KV12.1,KCNH8
KCHIP2,KCNIP2
CALP,KCNIP4
KCHIP4,KCNIP4
MGC44947,KCNIP4
KIR1.1,KCNJ1
ROMK1,KCNJ1
IRK1,KCNJ2
KIR2.1,KCNJ2
LQT7,KCNJ2
GIRK1,KCNJ3
KGA,KCNJ3
KIR3.1,KCNJ3
HIR,KCNJ4
HIRK2,KCNJ4
HRK1,KCNJ4
IRK3,KCNJ4
KIR2.3,KCNJ4
CIR,KCNJ5
GIRK4,KCNJ5
KATP1,KCNJ5
KIR3.4,KCNJ5
LQT13,KCNJ5
BIR1,KCNJ6
GIRK2,KCNJ6
HIGIRK2,KCNJ6
KATP2,KCNJ6
KCNJ7,KCNJ6
KIR3.2,KCNJ6
KCNJ6-IT1,KCNJ6-AS1
GIRK3,KCNJ9
KIR3.3,KCNJ9
KIR1.2,KCNJ10
KIR4.1,KCNJ10
IRK4,KCNJ14
KIR2.4,KCNJ14
IRKK,KCNJ15
KIR1.3,KCNJ15
KIR4.2,KCNJ15
K2P9.1,KCNK9
TASK-3,KCNK9
TASK3,KCNK9
K2P13.1,KCNK13
THIK-1,KCNK13
THIK1,KCNK13
DJ781B1.1,KCNK15
K2P15.1,KCNK15
KCNK11,KCNK15
KCNK14,KCNK15
KIAA0237,KCNK15
KT3.3,KCNK15
TASK-5,KCNK15
TASK5,KCNK15
RP11-445H22.4,KCNK15-AS1
K2P16.1,KCNK16
TALK-1,KCNK16
TALK1,KCNK16
K2P17.1,KCNK17
TALK-2,KCNK17
TALK2,KCNK17
TASK-4,KCNK17
TASK4,KCNK17
K2P18.1,KCNK18
TRESK,KCNK18
TRESK-2,KCNK18
TRESK2,KCNK18
TRIK,KCNK18
HSLO-BETA,KCNMB1
RP11-385J1.2,KCNMB2-AS1
KCNMB2L,KCNMB3P1
KCNMB3L,KCNMB3P1
KCNMB3L1,KCNMB3P1
KCNMBLP,KCNMB3P1
JLNS1,KCNQ1
KCNA8,KCNQ1
KCNA9,KCNQ1
KV7.1,KCNQ1
KVLQT1,KCNQ1
LQT,KCNQ1
LQT1,KCNQ1
BWRT,KCNQ1DN
HSA404617,KCNQ1DN
BFNC,KCNQ2
EBN,KCNQ2
EBN1,KCNQ2
ENB1,KCNQ2
HNSPC,KCNQ2
KCNA11,KCNQ2
KV7.2,KCNQ2
CATG00000088862.1,KCNQ5-DT
KV9.1,KCNS1
KV9.2,KCNS2
KV9.3,KCNS3
KCA4.1,KCNT1
KIAA1422,KCNT1
SLACK,KCNT1
SLO2.2,KCNT1
KCA4.2,KCNT2
SLICK,KCNT2
SLO2.1,KCNT2
KCA5.1,KCNU1
KCNMA3,KCNU1
KCNMC1,KCNU1
SLO3,KCNU1
KV8.1,KCNV1
KV8.2,KCNV2
C18ORF5,KCTD1
KIAA0176,KCTD2
BA321C24.3,KCTD4
FLJ20040,KCTD5
KCASH3,KCTD6
MGC27385,KCTD6
C17ORF36,KCTD11
KCASH1,KCTD11
REN,KCTD11
C13ORF2,KCTD12
KIAA1778,KCTD12
PFET1,KCTD12
KIAA1317,KCTD16
FLJ12242,KCTD17
FLJ40162,KCTD19
C6ORF69,KCTD20
DJ108K11.3,KCTD20
MGC14254,KCTD20
ERD2,KDELR1
ERD2.1,KDELR1
HDEL,KDELR1
AOF1,KDM1B
BA204B7.3,KDM1B
C6ORF193,KDM1B
DJ298J15.2,KDM1B
FLJ33898,KDM1B
FLJ34109,KDM1B
FLJ43328,KDM1B
LSD2,KDM1B
CXXC8,KDM2A
DKFZP434M1735,KDM2A
FBL11,KDM2A
FBL7,KDM2A
FBXL11,KDM2A
FLJ00115,KDM2A
JHDM1A,KDM2A
KIAA1004,KDM2A
LILINA,KDM2A
JHDM3A,KDM4A
JMJD2,KDM4A
JMJD2A,KDM4A
KIAA0677,KDM4A
TDRD14A,KDM4A
JMJD2B,KDM4B
KIAA0876,KDM4B
TDRD14B,KDM4B
GASC1,KDM4C
JMJD2C,KDM4C
KIAA0780,KDM4C
TDRD14C,KDM4C
DXS1272E,KDM5C
JARID1C,KDM5C
MRX13,KDM5C
SMCX,KDM5C
XE169,KDM5C
HY,KDM5D
HYA,KDM5D
JARID1D,KDM5D
KIAA0234,KDM5D
SMCY,KDM5D
SMCYP,KDM5DP1
JHDM1D,KDM7A
KIAA1718,KDM7A
JHDM1D-AS1,KDM7A-DT
FLJ13798,KDM8
JMJD5,KDM8
CD309,KDR
FLK1,KDR
VEGFR,KDR
VEGFR2,KDR
DHSR,KDSR
FVT1,KDSR
SDR35C1,KDSR
CD238,KEL
ECE3,KEL
LNC-KHDC3L-2,KHDC1-AS1
RP11-257K9.7,KHDC1L
C6ORF221,KHDC3L
ECAT1,KHDC3L
MGC26664,KHDRBS2
SLM-1,KHDRBS2
SLM1,KHDRBS2
KHDRBS2-OT,KHDRBS2-OT1
KIAA0323,KHNYN
NMIG,KIAA0319
JBTS23,KIAA0586
TALPID3,KIAA0586
MNR,KIAA0753
OFIP,KIAA0753
BK268H5.C22.1,KIAA0930
C22ORF9,KIAA0930
QUO,KIAA1755
RP5-1054A22.3,KIAA1755
FLJ39294,KIAA1958
FLJ20375,KIAA2026
FLA10,KIF3A
KLP-20,KIF3A
FLA8,KIF3B
KIAA0359,KIF3B
KLP-11,KIF3B
FLJ12530,KIF4A
FLJ12655,KIF4A
FLJ14204,KIF4A
FLJ20631,KIF4A
HSA271784,KIF4A
KIF4,KIF4A
KIF4-G1,KIF4A
MRX100,KIF4A
KIF4P1,KIF4CP
KNS,KIF5B
KNS1,KIF5B
UKHC,KIF5B
NKHC2,KIF5C
C6ORF102,KIF6
DJ1043E3.1,KIF6
DJ137F1.4,KIF6
DJ188D3.1,KIF6
DKFZP451I2418,KIF6
MGC33317,KIF6
EG5,KIF11
HKSP,KIF11
KNSL1,KIF11
TRIP5,KIF11
BA500C11.2,KIF13A
RBKIN,KIF13A
GAKIN,KIF13B
KIAA0639,KIF13B
HKLP2,KIF15
KNSL7,KIF15
NY-BR-62,KIF15
C20ORF23,KIF16B
DJ971B4.1,KIF16B
FLJ20135,KIF16B
SNX23,KIF16B
DKFZP434G2226,KIF18A
PPP1R99,KIF18A
MKLP2,KIF20A
RAB6KIFL,KIF20A
KNSL5,KIF23
MKLP-1,KIF23
MKLP1,KIF23
BA571F15.4,KIF24
C9ORF48,KIF24
FLJ10933,KIF24
FLJ43884,KIF24
C6ORF54,KIF25-AS1
HGC6.1.1,KIF25-AS1
NCRNA00300,KIF25-AS1
FLJ10157,KIF26B
DKFZP434D0917,KIF27
KLP-6,KIF28P
FLA3,KIFAP3
KAP-1,KIFAP3
KAP3,KIFAP3
SMAP,KIFAP3
DKFZP586B0923,KIFBP
KBP,KIFBP
KIAA1279,KIFBP
KIF1BP,KIFBP
TTC20,KIFBP
HSET,KIFC1
KNSL2,KIFC1
KIN17,KIN
RTS2,KIN
47.11,KIR2DL1
CD158A,KIR2DL1
CL-42,KIR2DL1
NKAT1,KIR2DL1
P58.1,KIR2DL1
CD158B1,KIR2DL2
CD158K,KIR2DL2
CL-43,KIR2DL2
NKAT6,KIR2DL2
CD158B2,KIR2DL3
CL-6,KIR2DL3
NKAT2,KIR2DL3
NKAT2A,KIR2DL3
NKAT2B,KIR2DL3
P58,KIR2DL3
103AS,KIR2DL4
15.212,KIR2DL4
CD158D,KIR2DL4
CD158F,KIR2DL5A
KIR2DL5,KIR2DL5A
KIR2DL5.1,KIR2DL5A
KIR2DL5,KIR2DL5B
KIR2DL5.2,KIR2DL5B
KIR2DL5.3,KIR2DL5B
KIR2DL5.4,KIR2DL5B
KIR15,KIR2DP1
KIR2DL6,KIR2DP1
KIRY,KIR2DP1
KIRZ,KIR2DP1
CD158H,KIR2DS1
EB6ACTI,KIR2DS1
EB6ACTII,KIR2DS1
183ACTI,KIR2DS2
CD158J,KIR2DS2
CL-49,KIR2DS2
NKAT5,KIR2DS2
NKAT7,KIR2DS3
CD158I,KIR2DS4
CL-39,KIR2DS4
KKA3,KIR2DS4
NKAT8,KIR2DS4
CD158G,KIR2DS5
CD158G,KIR2DL5A
NKAT9,KIR2DS5
NKAT9,KIR2DL5A
AMB11,KIR3DL1
CD158E1,KIR3DL1
CD158E1/2,KIR3DL1
CD158E2,KIR3DL1
CL-11,KIR3DL1
CL-2,KIR3DL1
KIR,KIR3DL1
NKAT3,KIR3DL1
NKB1,KIR3DL1
NKB1B,KIR3DL1
CD158K,KIR3DL2
CL-5,KIR3DL2
NKAT4,KIR3DL2
NKAT4A,KIR3DL2
NKAT4B,KIR3DL2
CD158Z,KIR3DL3
KIR3DL7,KIR3DL3
KIR44,KIR3DL3
KIRC1,KIR3DL3
CD158C,KIR3DP1
KIR2DS6,KIR3DP1
KIR3DS2P,KIR3DP1
KIR48,KIR3DP1
KIRX,KIR3DP1
NKAT10,KIR3DS1
FLJ00060,KIR3DX1
LENG12,KIR3DX1
KIAA1867,KIRREL3
KIRRE,KIRREL3
NEPH2,KIRREL3
DFNA69,KITLG
FPH2,KITLG
KITL,KITLG
KL-1,KITLG
MGF,KITLG
SCF,KITLG
SF,KITLG
SLF,KITLG
C20ORF19,KIZ
HT013,KIZ
NCRNA00153,KIZ
PLK1S1,KIZ
KLA,KL
FLJ12387,KLC2
BA387M24.3,KLC4
KNSL8,KLC4
LKLF,KLF2
BKLF,KLF3
EZF,KLF4
GKLF,KLF4
BTEB2,KLF5
CKLF,KLF5
IKLF,KLF5
BCD1,KLF6
COPEB,KLF6
CPBP,KLF6
GBF,KLF6
PAC1,KLF6
ST12,KLF6
ZF9,KLF6
KLF7P,KLF7P1
BKLF3,KLF8
DXS741,KLF8
ZNF741,KLF8
BTEB1,KLF9
EGRA,KLF10
TIEG,KLF10
TIEG1,KLF10
AP-2REP,KLF12
AP2REP,KLF12
HSPC122,KLF12
BTEB3,KLF13
FKLF-2,KLF13
NSLP1,KLF13
RFLAT-1,KLF13
BTEB4,KLF16
DRRF,KLF16
NSLP2,KLF16
FLJ40160,KLF17
ZFP393,KLF17
ZNF393,KLF17
DKFZP434G0522,KLHDC4
MGC16635,KLHDC7B
KIAA0265,KLHDC10
SLIM,KLHDC10
FLJ30047,KLHL1
KIAA1490,KLHL1
MRP2,KLHL1
MAV,KLHL2
DKELCHL,KLHL4
KHL4,KLHL4
KIAA1687,KLHL4
FLJ00029,KLHL6
KLHL6,KLHL7
RP42,KLHL7
SBBI26,KLHL7
KIAA1378,KLHL8
KIAA1384,KLHL14
KIAA1677,KLHL15
FLJ14360,KLHL22
KELCHL,KLHL22
DRE1,KLHL24
FLJ20059,KLHL24
KRIP6,KLHL24
ENC-2,KLHL25
ENC2,KLHL25
FLJ12587,KLHL25
BTBD5,KLHL28
FLJ20081,KLHL28
BKLHD5,KLHL32
KIAA1900,KLHL32
FLJ34960,KLHL34
RP11-450P7.3,KLHL34
C16ORF44,KLHL36
FLJ12543,KLHL36
C8ORFK36,KLHL38
KLK6,KLK1
KILLIN,KLLN
NKG2-E,KLRC3
CD94,KLRD1
2F1,KLRG1
CLEC15A,KLRG1
MAFA,KLRG1
MAFA-L,KLRG1
CLEC15B,KLRG2
FLJ44186,KLRG2
CD314,KLRK1
D12S2489E,KLRK1
KLR,KLRK1
NKG2-D,KLRK1
NKG2D,KLRK1
LOC101928100,KLRK1-AS1
TP53LC04,KLRK1-AS1
SET07P,KMT5AP1
SETD8P1,KMT5AP1
MGC2705,KMT5C
SUV420H2,KMT5C
BB439H18.3,KNDC1
C10ORF23,KNDC1
FLJ25027,KNDC1
KIAA1768,KNDC1
RASGEF2,KNDC1
V-KIND,KNDC1
VERY-KIND,KNDC1
HSRP1,KPNA3
IPOA4,KPNA3
SRP1GAMMA,KPNA3
SRP4,KPNA3
IPOA8,KPNA7
IMB1,KPNB1
IMPNB,KPNB1
IPO1,KPNB1
IPOB,KPNB1
MGC2155,KPNB1
MGC2156,KPNB1
MGC2157,KPNB1
NTF97,KPNB1
KRAS1P,KRASP1
FLJ20344,KRBOX4
ZNF673,KRBOX4
ZNF720P1,KRBOX5P1
FLJ22333,KRCC1
KREMEN,KREMEN1
KRM1,KREMEN1
EHK1,KRT1
KRT1A,KRT1
KRT2A,KRT2
KRTE,KRT2
OTTHUMG00000135122,KRT8P2
K12,KRT12
KRT14P,KRT16P1
DJ25J6.3,KRT18P1
OTTHUMG00000078062,KRT18P2
BA359G22.1,KRT18P3
OTTHUMG00000032046,KRT18P3
DJ963K23.1,KRT18P4
OTTHUMG00000032705,KRT18P4
KRT18L1,KRT18P11
KRT18L3,KRT18P13
KRT18L4,KRT18P14
CK20,KRT20
K20,KRT20
MGC35423,KRT20
CK23,KRT23
DKFZP434G032,KRT23
HAIK1,KRT23
K23,KRT23
MGC26158,KRT23
HA-1,KRT31
KRTHA1,KRT31
HA-3I,KRT33A
KRT1-3,KRT33A
KRTHA3A,KRT33A
HA-3II,KRT33B
KRTHA3B,KRT33B
HA-4,KRT34
KRTHA4,KRT34
KRTHA7,KRT37
KA35,KRT39
FLJ36600,KRT40
KA36,KRT40
HHAA,KRT41P
KRTHAP1,KRT41P
PHIHHAA,KRT41P
HUMCYT2A,KRT76
KRT2B,KRT76
KRT2P,KRT76
KRT1B,KRT77
KRT3P1,KRT127P
HB2A,KRTAP1-1
KAP1.1,KRTAP1-1
KAP1.1A,KRTAP1-1
KAP1.1B,KRTAP1-1
KAP1.3,KRTAP1-3
KAP1.4,KRTAP1-4
KAP1.5,KRTAP1-5
KAP2.1A,KRTAP2-1
KAP2.2,KRTAP2-2
KAP2.3,KRTAP2-3
KAP2.4,KRTAP2-4
KAP2A,KRTAP2-5P
KRTAP2P1,KRTAP2-5P
KAP3.1,KRTAP3-1
KAP3.2,KRTAP3-2
KAP3.3,KRTAP3-3
KAP3A,KRTAP3-4P
KRTAP3P1,KRTAP3-4P
KAP4.2,KRTAP4-2
KAP4.13,KRTAP4-4
KAP4.4,KRTAP4-4
KRTAP4-13,KRTAP4-4
KAP4.5,KRTAP4-5
KAP4.15,KRTAP4-6
KAP4.6,KRTAP4-6
KRTAP4-15,KRTAP4-6
KAP4.7,KRTAP4-7
KAP4.8,KRTAP4-8
KAP4.9,KRTAP4-9
KAP4.11,KRTAP4-11
KAP4.14,KRTAP4-11
KRTAP4-14,KRTAP4-11
KAP4.12,KRTAP4-12
KAP4A,KRTAP4-16
KRTAP4-16P,KRTAP4-16
KRTAP4P1,KRTAP4-16
KRTAP4P3,KRTAP4-17P
KRN1L,KRTAP5-1
KRTAP5.1,KRTAP5-1
KRTAP5-8,KRTAP5-2
KRTAP5.2,KRTAP5-2
KRTAP5-9,KRTAP5-3
KRTAP5.3,KRTAP5-3
KRTAP5.4,KRTAP5-4
KRTAP5-11,KRTAP5-5
KRTAP5.5,KRTAP5-5
KRTAP5.6,KRTAP5-6
C21ORF103,KRTAP6-1
KAP6.1,KRTAP6-1
KAP6.2,KRTAP6-2
KAP6.3,KRTAP6-3
KAP7.1,KRTAP7-1
KAP8.1,KRTAP8-1
KAP8A,KRTAP8-2P
KRTAP8P1,KRTAP8-2P
KAP8B,KRTAP8-3P
KRTAP8P2,KRTAP8-3P
KAP9.2,KRTAP9-2
KAP9.3,KRTAP9-3
KAP9.4,KRTAP9-4
KAP9.6,KRTAP9-6
KRTAP9L2,KRTAP9-6
KAP9.7,KRTAP9-7
KRTAP9L1,KRTAP9-7
KAP9.8,KRTAP9-8
KAP9.5,KRTAP9-9
KAP9.9,KRTAP9-9
KRTAP9-5,KRTAP9-9
KAP9A,KRTAP9-11P
KRTAP9P1,KRTAP9-11P
KAP10.1,KRTAP10-1
KAP18.1,KRTAP10-1
KRTAP18-1,KRTAP10-1
KAP10.2,KRTAP10-2
KAP18.2,KRTAP10-2
KRTAP18-2,KRTAP10-2
KAP10.3,KRTAP10-3
KAP18.3,KRTAP10-3
KRTAP18-3,KRTAP10-3
KAP10.4,KRTAP10-4
KRTAP18-4,KRTAP10-4
KRTAP18.4,KRTAP10-4
KAP10.5,KRTAP10-5
KAP18.5,KRTAP10-5
KRTAP18-5,KRTAP10-5
KAP10.6,KRTAP10-6
KAP18.6,KRTAP10-6
KRTAP18-6,KRTAP10-6
KRTAP18.6,KRTAP10-6
KAP10.7,KRTAP10-7
KAP18.7,KRTAP10-7
KRTAP18-7,KRTAP10-7
KAP10.8,KRTAP10-8
KRTAP18-8,KRTAP10-8
KRTAP18.8,KRTAP10-8
KAP10.9,KRTAP10-9
KAP18.9,KRTAP10-9
KRTAP18-9,KRTAP10-9
KAP10.10,KRTAP10-10
KAP18.10,KRTAP10-10
KRTAP18-10,KRTAP10-10
KAP10.11,KRTAP10-11
KAP18.11,KRTAP10-11
KRTAP18-11,KRTAP10-11
KRTAP18.11,KRTAP10-11
KAP10.12,KRTAP10-12
KRTAP18-12,KRTAP10-12
KRTAP18.12,KRTAP10-12
KAP11.1,KRTAP11-1
KAP12.1,KRTAP12-1
KRTAP12.1,KRTAP12-1
KAP12.2,KRTAP12-2
KRTAP12.2,KRTAP12-2
KRTAP12.3,KRTAP12-3
KRTAP12.4,KRTAP12-4
KRTAP12-6P,KRTAP12-5P
KRTAP12P1,KRTAP12-5P
KAP13.1,KRTAP13-1
KAP13-2,KRTAP13-2
KAP13.3,KRTAP13-3
KAP13.4,KRTAP13-4
KAP13A,KRTAP13-5P
KRTAP13P1,KRTAP13-5P
KAP13B,KRTAP13-6P
KRTAP13P2,KRTAP13-6P
KAP15.1,KRTAP15-1
KAP16.1,KRTAP16-1
KAP17.1,KRTAP17-1
KAP19.1,KRTAP19-1
KAP19.2,KRTAP19-2
KAP19.3,KRTAP19-3
KAP19.4,KRTAP19-4
KAP19.5,KRTAP19-5
KAP19.6,KRTAP19-6
KAP19.7,KRTAP19-7
KAP19A,KRTAP19-9P
KRTAP19P1,KRTAP19-9P
KAP19B,KRTAP19-10P
KRTAP19P2,KRTAP19-10P
KAP19C,KRTAP19-11P
KRTAP19P3,KRTAP19-11P
KAP20.1,KRTAP20-1
KAP20.2,KRTAP20-2
KAP19D,KRTAP20-3
KAP20.3,KRTAP20-3
KRTAP19P4,KRTAP20-3
KAP20.4,KRTAP20-4
KAP21.1,KRTAP21-1
KAP21.2,KRTAP21-2
KAP21A,KRTAP21-4P
KRTAP21P1,KRTAP21-4P
KAP22.1,KRTAP22-1
KAP22.2,KRTAP22-2
KAP23.1,KRTAP23-1
KAP24.1,KRTAP24-1
KAP25.1,KRTAP25-1
KAP29.2,KRTAP29-1
KDAP,KRTDAP
UNQ467,KRTDAP
MGC20419,KTI12
SBBI81,KTI12
TOT4,KTI12
CG1,KTN1
KIAA0004,KTN1
KNT,KTN1
FLJ33207,KY
CCBL1,KYAT1
GTK,KYAT1
KATI,KYAT1
CCBL2,KYAT3
KAT3,KYAT3
KATIII,KYAT3
RBM1,KYAT3
RP11-82K18.3,KYAT3
CAML1,L1CAM
CD171,L1CAM
HSAS,L1CAM
HSAS1,L1CAM
MASA,L1CAM
MIC5,L1CAM
NCAM-L1,L1CAM
S10,L1CAM
SPG1,L1CAM
LCA10,L1CAM-AS1
ECAT11,L1TD1
FLJ10884,L1TD1
C14ORF160,L2HGDH
FLJ12618,L2HGDH
C14ORF149,L3HYPDH
FLJ25436,L3HYPDH
DJ138B7.3,L3MBTL1
DKFZP586P1522,L3MBTL1
KIAA0681,L3MBTL1
L3MBTL,L3MBTL1
ZC2HC3,L3MBTL1
DJ756G23.3,L3MBTL2
DKFZP761I141,L3MBTL2
H-L(3)MBT-L,L3MBTL2
KIAA1798,L3MBTL3
FLJ35936,L3MBTL4
HST1031,L3MBTL4
C13ORF31,LACC1
FAMIN,LACC1
FLJ38725,LACC1
LACRITIN,LACRT
CGI-83,LACTB2
CD223,LAG3
CVG5,LAGE3
DXS9879E,LAGE3
DXS9951E,LAGE3
ESO3,LAGE3
ITBA2,LAGE3
PCC1,LAGE3
CD305,LAIR1
LAIR-1,LAIR1
CD306,LAIR2
LAIR-2,LAIR2
LAMA,LAMA1
BM600-150KDA,LAMA3
EPILIGRIN,LAMA3
KALININ-165KDA,LAMA3
LAMNA,LAMA3
NICEIN-150KDA,LAMA3
LAMA3,LAMA4
CLM,LAMB1
LAMB2,LAMC1
LNC-LAMC2-1:1,LAMC1-AS1
BM600-100KDA,LAMC2
EBR2,LAMC2
EBR2A,LAMC2
KALININ-105KDA,LAMC2
LAMB2T,LAMC2
LAMNB2,LAMC2
NICEIN-100KDA,LAMC2
DKFZP434E202,LAMC3
CD107A,LAMP1
BAD-LAMP,LAMP5
C20ORF103,LAMP5
DJ1119D9.3,LAMP5
UNC-46,LAMP5
C11ORF59,LAMTOR1
FLJ20625,LAMTOR1
P18,LAMTOR1
P27RF-RHO,LAMTOR1
PDRO,LAMTOR1
RAGULATOR1,LAMTOR1
MAP2K1IP1,LAMTOR3
MAPBP,LAMTOR3
MAPKSP1,LAMTOR3
MP1,LAMTOR3
RAGULATOR3,LAMTOR3
HBXIPL,LAMTOR5P1
HBXIPP1,LAMTOR5P1
FLJ42925,LANCL3
HUMORF13,LAPTM4A
KIAA0108,LAPTM4A
LAPTM4,LAPTM4A
MBNT,LAPTM4A
MTRP,LAPTM4A
LC27,LAPTM4B
KIAA0609,LARGE1
LARGE,LARGE1
FLJ35207,LARGE2
GYLTL1B,LARGE2
PP5656,LARGE2
DJ221C16.7,LARP1P1
HCG10P,LARP1P1
KIAA0217,LARP4B
LARP5,LARP4B
ACHERON,LARP6
FLJ11196,LARP6
FLJ12525,LAS1L
LAS1,LAS1L
LINC02657,LASTR
HSPC046,LAT2
LAB,LAT2
NTAL,LAT2
WBSCR15,LAT2
WBSCR5,LAT2
WSCR5,LAT2
WARTS,LATS1
BPIFD2,LBP
HPX6,LBX1
LBX1H,LBX1
FLJ41350,LBX1-AS1
C6ORF152,LCA5
C21ORF13,LCA5L
MGC33295,LCA5L
LINC00653,LCDR
KIAA0547,LCMT2
MGC9534,LCMT2
PPM2,LCMT2
TYW4,LCMT2
BA430N14.2,LCN1P1
LCN1L1,LCN1P1
BA244N20.11,LCN1P2
LCN1L2,LCN1P2
24P3,LCN2
NGAL,LCN2
LCN5,LCN8
MGC48935,LCN12
PRO6093,LCN15
UNQ2541,LCN15
FLJ45224,LCNL1
C10ORF12,LCOR
DKFZP564P1916,LCOR
FLJ13022,LCOR
FLJ38026,LCOR
KIAA1795,LCOR
MLR2,LCOR
CP64,LCP1
L-PLASTIN,LCP1
LC64P,LCP1
PLS2,LCP1
SLP-76,LCP2
SLP76,LCP2
PROMETHIN,LDAF1
TMEM159,LDAF1
C2ORF43,LDAH
FLJ21820,LDAH
CLIM2,LDB1
NLI,LDB1
CLIM1,LDB2
LDB1,LDB2
CMD1C,LDB3
KIAA0613,LDB3
PDLIM6,LDB3
ZASP,LDB3
LINC01225,LDC1P
LDH6B,LDHAL6B
LDHAL6,LDHAL6B
LDHL,LDHAL6B
LDH6C,LDHAL6CP
LDHAL1,LDHAP1
LDHAL3,LDHAP3
LDHAL4,LDHAP4
LDHAL7,LDHAP7
LDHBL1,LDHBP1
LDHBL2,LDHBP2
LDHBP,LDHBP2
LRAD3,LDLRAD3
C18ORF1,LDLRAD4
ARH,LDLRAP1
ARH2,LDLRAP1
DKFZP586D0624,LDLRAP1
FHCB1,LDLRAP1
FHCB2,LDLRAP1
MGC34705,LDLRAP1
BCUR1,LDOC1
MAR7,LDOC1
MART7,LDOC1
RTL7,LDOC1
SIRH7,LDOC1
CHM-II,LECT2
CHM2,LECT2
TCF10,LEF1
TCF1ALPHA,LEF1
TCF7L3,LEF1
KIAA1932,LENG8
MGC40108,LENG8
PP13842,LENG8
FLJ90360,LEPROT
OB-RGRP,LEPROT
OBRGRP,LEPROT
VPS55,LEPROT
MY047,LEPROTL1
VPS55,LEPROTL1
MDM38,LETM1
SLC55A1.,LETM1
FLJ25409,LETM2
SLC55A2,LETM2
GBP,LGALS1
HL14,LGALS2
GALIG,LGALS3
LGALS2,LGALS3
MAC-2,LGALS3
GAL4,LGALS4
GAL7,LGALS7
LGALS7A,LGALS7
PIG1,LGALS7
TP53I1,LGALS7
GAL7,LGALS7B
GRIP1,LGALS12
EPITEMPIN,LGI1
EPT,LGI1
ETL1,LGI1
IB1099,LGI1
FLJ10675,LGI2
KIAA1916,LGI2
LGMN1,LGMN
PRSC1,LGMN
LGMN2P,LGMNP1
GPR48,LGR4
FEX,LGR5
GPR49,LGR5
GPR67,LGR5
HG38,LGR5
GLULD1,LGSN
LGS,LGSN
CGB4,LHB
HLHB,LHB
LSH-B,LHB
HHG,LHCGR
LCGR,LHCGR
LGR2,LHCGR
LHR,LHCGR
ULG5,LHCGR
KIAA0206,LHFPL2
LHFP,LHFPL6
MGC22429,LHFPL6
BA9F11.1,LHFPL7
TMEM211,LHFPL7
HDHD2B,LHPP
LIM-1,LHX1
LIM1,LHX1
HLHX2,LHX2
LH-2,LHX2
LAS,LIAS
CDF,LIF
DIA,LIF
HILDA,LIF
LNC-LIF-AS,LIF-AS1
TP53LC08,LIF-AS2
CD118,LIFR
LIG2,LIG3
LIG3ALPHA,LIG3
CD85I,LILRA1
LIR-6,LILRA1
LIR6,LILRA1
CD85H,LILRA2
ILT1,LILRA2
LIR-7,LILRA2
LIR7,LILRA2
CD85E,LILRA3
HM31,LILRA3
HM43,LILRA3
ILT6,LILRA3
LIR-4,LILRA3
LIR4,LILRA3
CD85G,LILRA4
ILT7,LILRA4
CD85,LILRA5
CD85F,LILRA5
ILT11,LILRA5
LILRB7,LILRA5
LIR9,LILRA5
CD85B,LILRA6
ILT8,LILRA6
LILRB6,LILRA6
CD85,LILRB1
CD85J,LILRB1
ILT2,LILRB1
LIR-1,LILRB1
LIR1,LILRB1
MIR-7,LILRB1
PIR-B,LILRB1
PIRB,LILRB1
AC009892.10,LILRB1-AS1
CD85D,LILRB2
ILT4,LILRB2
LIR-2,LILRB2
LIR2,LILRB2
MIR-10,LILRB2
MIR10,LILRB2
CD85A,LILRB3
HL9,LILRB3
ILT5,LILRB3
LIR-3,LILRB3
LIR3,LILRB3
PIR-B,LILRB3
PIRB,LILRB3
CD85K,LILRB4
HM18,LILRB4
ILT3,LILRB4
LIR-5,LILRB4
LIR5,LILRB4
CD85C,LILRB5
LIR-8,LILRB5
LIR8,LILRB5
CD85L,LILRP1
ILT9,LILRP1
LILRA6P,LILRP1
CD85M,LILRP2
ILT10,LILRP2
AC011511.2,LIMASI
LASI,LIMASI
MGC10986,LIMD2
DJ583P15.4,LIME1
FLJ20406,LIME1
LIME,LIME1
LIMK,LIMK1
LIN-7B,LIN7B
MALS-2,LIN7B
VELI2,LIN7B
FLJ11215,LIN7C
LIN-7-C,LIN7C
LIN-7C,LIN7C
MALS-3,LIN7C
VELI3,LIN7C
CSDD2,LIN28B
FLJ16517,LIN28B
C6ORF220,LIN28B-AS1
DJ439I14.1,LIN28B-AS1
LINC00577,LIN28B-AS1
F25965,LIN37
LIN-37,LIN37
ZK418.4,LIN37
CXCDC1,LIN54
DKFZP686L1814,LIN54
JC8.6,LIN54
MIP120,LIN54
TCX1,LIN54
LINCRNA-ROR,LINC-ROR
LINCRNA-ST8SIA3,LINC-ROR
ROR,LINC-ROR
C20ORF93,LINC00028
DJ1093G12.6,LINC00028
NCRNA00028,LINC00028
BA305P22.4,LINC00029
C20ORF51,LINC00029
NCRNA00029,LINC00029
C8ORF43,LINC00051
NCRNA00051,LINC00051
FLJ31461,LINC00052
NCRNA00052,LINC00052
TMEM83,LINC00052
NCRNA00102,LINC00102
OTTHUMT00000055623,LINC00102
CXYORF8,LINC00106
NCRNA00106,LINC00106
OTTHUMG00000021061,LINC00106
C21ORF21,LINC00111
NCRNA00111,LINC00111
C21ORF22,LINC00112
NCRNA00112,LINC00112
C21ORF23,LINC00113
NCRNA00113,LINC00113
SLERCC,LINC00113
C21ORF24,LINC00114
NCRNA00114,LINC00114
C21ORF42,LINC00158
NCRNA00158,LINC00158
C21ORF44,LINC00159
NCRNA00159,LINC00159
C21ORF52,LINC00160
NCRNA00160,LINC00160
C21ORF100,LINC00161
NCRNA00161,LINC00161
C21ORF134,LINC00163
NCRNA00163,LINC00163
NLC1-A,LINC00163
NLC1A,LINC00163
C21ORF135,LINC00165
NCRNA00165,LINC00165
NLC1-B,LINC00165
C21ORF109,LINC00189
NCRNA00189,LINC00189
C10ORF139,LINC00200
FLJ40354,LINC00200
NCRNA00200,LINC00200
LVBU,LINC00205
NCRNA00205,LINC00205
NCRNA00207,LINC00207
C8ORF14,LINC00208
NCRNA00208,LINC00208
NCRNA00210,LINC00210
RP11-72L13.1,LINC00210
C14ORF98,LINC00221
NCRNA00221,LINC00221
C6ORF181,LINC00222
DJ354J5.2,LINC00222
NCRNA00222,LINC00222
C14ORF97,LINC00226
NCRNA00226,LINC00226
C22ORF10,LINC00229
DJ474I12.C22.2,LINC00229
NCRNA00229,LINC00229
C16ORF10,LINC00235
NCRNA00235,LINC00235
NCRNA00237,LINC00237
C6ORF122,LINC00242
DJ266L20.5,LINC00242
FLJ31451,LINC00242
NCRNA00242,LINC00242
C8ORF25,LINC00251
NCRNA00251,LINC00251
C16ORF32,LINC00254
NCRNA00254,LINC00254
ALIEN,LINC00261
BA216C10.1,LINC00261
C20ORF56,LINC00261
DEANR1,LINC00261
FALCOR,LINC00261
HCCDR1,LINC00261
LCAL62,LINC00261
NCRNA00261,LINC00261
ONCO-LNCRNA-17,LINC00261
TCONS_00027846,LINC00261
NCRNA00265,LINC00265
NCRNA00265-1,LINC00265
NCRNA00265-2P,LINC00265-2P
NCRNA00265B,LINC00265-2P
NCRNA00265-3P,LINC00265-3P
NCRNA00265C,LINC00265-3P
CXORF62,LINC00269
FLJ33610,LINC00269
NCRNA00269,LINC00269
NCRNA00273,LINC00273
NCRNA00273-1,LINC00273
TOP,LINC00273
NCRNA00276,LINC00276
NCRNA00278,LINC00278
YY1BM,LINC00278
NCRNA00279,LINC00279
NCRNA00280,LINC00280
NCRNA00290,LINC00290
BEYLA,LINC00293
NCRNA00293,LINC00293
NCRNA00297,LINC00297
C1ORF157,LINC00303
FLJ40343,LINC00303
NCRNA00303,LINC00303
C16ORF81,LINC00304
FLJ36701,LINC00304
NCRNA00304,LINC00304
C18ORF20,LINC00305
HST1235,LINC00305
MGC39571,LINC00305
NCRNA00305,LINC00305
D21S2091E,LINC00307
NCRNA00307,LINC00307
C21ORF74,LINC00308
NCRNA00308,LINC00308
PRED16,LINC00308
C21ORF82,LINC00310
NCRNA00310,LINC00310
C21ORF84,LINC00313
NCRNA00313,LINC00313
C21ORF94,LINC00314
NCRNA00314,LINC00314
C21ORF93,LINC00315
NCRNA00315,LINC00315
C21ORF111,LINC00316
NCRNA00316,LINC00316
PRED59,LINC00316
C21ORF117,LINC00317
NCRNA00317,LINC00317
PRED89,LINC00317
C21ORF125,LINC00319
FLJ38036,LINC00319
NCRNA00319,LINC00319
PRED49,LINC00319
C21ORF131,LINC00320
FLJ37539,LINC00320
NCRNA00320,LINC00320
PRED14,LINC00320
C21ORF136,LINC00322
FLJ16545,LINC00322
NCRNA00322,LINC00322
C21ORF130,LINC00323
FLJ37173,LINC00323
NCRNA00323,LINC00323
PRED42,LINC00323
NCRNA00327,LINC00327
NCRNA00328-2P,LINC00328-2P
NCRNA00328B,LINC00328-2P
NCRNA00330,LINC00330
NCRNA00331,LINC00331
NCRNA00332,LINC00332
NCRNA00333,LINC00333
C21ORF89,LINC00334
NCRNA00334,LINC00334
LINC00344,LINC00343
NCRNA00343,LINC00343
NCRNA00344,LINC00343
TCONS_00021586,LINC00363
LNCRNA00364,LINC00364
RP11-527N12.1,LINC00376
TCONS_00021861,LINC00377
TCONS_00021685,LINC00380
TCONS_00021500,LINC00382
LINC00401,LINC00383
TCONS_00021641,LINC00390
TCONS_00021582,LINC00397
TCONS_00021596,LINC00399
TCONS_00021581,LINC00430
TCONS_00021639,LINC00437
LINC00453,LINC00452
ES3,LINC00458
LNCRNA-ES3,LINC00458
AMER2-AS1,LINC00463
TCONS_L2_00007499,LINC00463
C17ORF54,LINC00469
FLJ40319,LINC00469
C18ORF2,LINC00470
C9ORF27,LINC00474
EST-YD1,LINC00474
C21ORF129,LINC00479
FLJ32835,LINC00479
PRED76,LINC00479
C9ORF73,LINC00484
C3ORF66,LINC00488
FLJ41232,LINC00488
C6ORF218,LINC00518
LENOX,LINC00518
MGC40222,LINC00518
C14ORF30,LINC00519
C14ORF34,LINC00520
LASSIE,LINC00520
LEENE,LINC00520
LNCRNA00520,LINC00520
C14ORF70,LINC00523
C18ORF18,LINC00526
HST959,LINC00526
MGC17515,LINC00526
TP53LC13,LINC00526
C22ORF37,LINC00528
FLJ40542,LINC00528
C8ORF8,LINC00529
BA373N24.1,LINC00533
C6ORF38,LINC00533
C6ORF39,LINC00533
LINC00422,LINC00539
FLJ34747,LINC00547
LNCZIC2,LINC00554
C6ORF208,LINC00574
CRALA,LINC00574
DJ182D15.1,LINC00574
FLJ13162,LINC00574
C4ORF11,LINC00575
C9ORF146,LINC00583
BA785H23.1,LINC00587
C9ORF107,LINC00587
C8ORF71,LINC00588
DKFZP434F122,LINC00588
C8ORF75,LINC00589
TSLNC8,LINC00589
C10ORF101,LINC00595
C14ORF165,LINC00596
CNSLT1I7G,LINC00596
LNCFOXO1,LINC00598
TTL,LINC00598
C12ORF33,LINC00612
FLJ41814,LINC00612
MGC40170,LINC00612
C12ORF37,LINC00615
FLJ25378,LINC00615
ARST,LINC00632
ASINC,LINC00632
CDR1-AS,LINC00632
CDR1AS,LINC00632
CDR1NAT,LINC00632
CIRS-7,LINC00632
MGC23270,LINC00638
LNC-ITSN1-2,LINC00649
TCONS_00028768,LINC00649
HSPC072,LINC00652
C14ORF74,LINC00677
CXYORF10,LINC00685
NCRNA00107,LINC00685
OTTHUMT00000055574,LINC00685
PPP2R3B-AS1,LINC00685
BA93B14.2,LINC00686
C20ORF90,LINC00686
C20ORF61,LINC00687
DJ1012F16.1,LINC00687
STORM,LINC00689
LINC01263,LINC00824
KUCG1,LINC00850
DZANK1-AS1,LINC00851
C3ORF42,LINC00852
GHRL-AS2,LINC00852
GHRLOS2,LINC00852
NAG73,LINC00852
HUMT,LINC00857
CRCAL-2,LINC00858
RP11-1A16.1,LINC00871
FLJ46446,LINC00891
FLJ32575,LINC00896
LNC-LALC,LINC00922
TCONS_00028834,LINC00945
FLJ12334,LINC00954
CTD-2021J15.2,LINC00973
DKFZP686I15217,LINC01011
KCNMB2-IT1,LINC01014
TCONS_00025127,LINC01028
TCONS_00015085,LINC01030
TCONS_00021570,LINC01034
TCONS_00021682,LINC01040
TCONS_00021856,LINC01080
TCONS_00024764,LINC01081
FLJ14816,LINC01101
LNCRNA-ES1,LINC01108
LNCRNA-N1,LINC01109
LOC284998,LINC01114
PANCAT,LINC01114
LINK-A,LINC01139
TCONS_00000027,LINC01139
LOC283585,LINC01148
XXBAC-BPG181B23.4,LINC01149
2G7,LINC01150
TCONS_00019134,LINC01150
CMPD,LINC01152
RP11-84E24.3,LINC01152
TCONS_00025128,LINC01152
TCONS_00017722,LINC01163
TCONS_00004057,LINC01173
FLJ10489,LINC01181
KIDR,LINC01187
LNC-ACTR3,LINC01191
VIN,LINC01191
CT64,LINC01192
CT60,LINC01193
LOC348120,LINC01193
CT49,LINC01194
TAG,LINC01194
TCONS_00017091,LINC01201
EMCN-IT3,LINC01216
EMCN-IT2,LINC01217
EMCN-IT1,LINC01218
TCONS_00000366,LINC01221
TCONS_00000112,LINC01222
LINCRNA-DYNLRB2-2,LINC01228
TCONS_00024480,LINC01229
LINC-DMRT2,LINC01230
LNC-DRMT2,LINC01230
TCONS_00015639,LINC01230
FLJ41590,LINC01232
TCONS_00021520,LINC01232
XLOC_013014,LINC01233
FLJ41200,LINC01235
FLJ40615,LINC01238
FLJ37991,LINC01250
TCONS_L2_00021715,LINC01256
RP11-462G22.1,LINC01262
TCONS_L2_00021807,LINC01262
RP11-124O11.2,LINC01264
TCONS_L2_00027522,LINC01287
TCONS_00014671,LINC01288
AC104135.4,LINC01293
TCONS_00002938,LINC01293
RP11-157N3.1,LINC01307
TCONS_L2_00007459,LINC01309
WI2-81516E3.1,LINC01310
MGC34034,LINC01312
C22ORF32-1,LINC01315
LNC-C22ORF32-1,LINC01315
TCONS_00005874,LINC01323
TCONS_00005878,LINC01326
TCONS_00005644,LINC01327
TCONS_00009701,LINC01332
HYPAL,LINC01355
HI-LNC25,LINC01370
TCONS_00018278,LINC01374
TCONS_00009424,LINC01385
C18ORF64,LINC01387
TCONS_L2_00029888,LINC01388
TCONS_00012639,LINC01394
TCONS_00019178,LINC01395
TCONS_00015805,LINC01400
TCONS_00026208,LINC01415
PRLH1,LINC01419
TCONS_00014497,LINC01419
LOC728228,LINC01433
RP11-215N21.1,LINC01435
TCONS_00018040,LINC01435
AP000688.8,LINC01436
TCONS_00007593,LINC01438
C12ORF61,LINC01465
FLJ25590,LINC01465
RP11-59J16.2,LINC01472
XLOC_000303,LINC01507
RP11-325I22.2,LINC01511
LNC-MAN1A2-1,LINC01525
LNC-FAM46A-1,LINC01526
RP11-909B2.1,LINC01538
TCONS_00026184,LINC01538
TCONS_00026302,LINC01543
TCONS_00026194,LINC01544
CXORF31,LINC01545
OTTHUMG00000021429,LINC01545
CXORF28,LINC01546
VAL,LINC01546
C21ORF67,LINC01547
C21ORF69,LINC01547
C21ORF54,LINC01548
C21ORF37,LINC01549
C6ORF100,LINC01556
DJ25J6.5,LINC01556
CXORF24,LINC01560
C10ORF85,LINC01561
EM:AC023282.2,LINC01561
FLJ37402,LINC01561
C3ORF27,LINC01565
GR6,LINC01565
TCONS_00023827,LINC01582
TCONS_00024001,LINC01584
TCONS_00023252,LINC01586
AC1,LINC01587
C4ORF6,LINC01587
CTA-941F9.9,LINC01589
TCONS_00029353,LINC01589
TCONS_00003364,LINC01593
TCONS_00007705,LINC01596
T1560,LINC01602
TCONS_L2_00027778,LINC01606
TCONS_00015136,LINC01608
RP1-90L14.1,LINC01611
TCONS_L2_00025430,LINC01611
N341773,LINC01613
N341006,LINC01616
LOC152578,LINC01618
C20ORF62,LINC01620
DJ1013A22.3,LINC01620
TCONS_00011202,LINC01622
TCONS_00011425,LINC01624
RP11-397D12.4,LINC01627
AC007403.1,LINC01628
LOC100287225,LINC01630
AP001626.1,LINC01671
BC041455,LINC01671
LNC-JAM2-6,LINC01684
AP000469.2,LINC01689
RP11-400N13.3,LINC01705
MGC4294,LINC01711
IRENA,LINC01727
ENSG00000226029,LINC01772
LNC-MKI67IP-3,LINC01826
EIF2B5-IT1,LINC01839
EIF2B5-AS1,LINC01840
LOC101926975,LINC01844
ENST00000434223,LINC01852
CTD-2171N6.1,LINC01929
FLJ31836,LINC02011
RP11-567G11.1,LINC02041
FLJ35934,LINC02076
RP11-702B10.1,LINC02098
AC145110.1,LINC02099
FLJ33360,LINC02145
ENST00000566208,LINC02152
ENST00000517573,LINC02153
GS1-600G8.5,LINC02154
MALR,LINC02154
RP11-705O24.1,LINC02155
RP1-90J4.1,LINC02156
RP11-327J17.1,LINC02157
FLJ26245,LINC02167
RP11-189E14.4,LINC02179
FAM183CP,LINC02209
C17ORF69,LINC02210
CRHR1-IT1,LINC02210
FLJ25168,LINC02210
BRCAT107,LINC02224
ENST00000505706,LINC02224
RP11-6C14.1,LINC02233
RP11-455B3.1,LINC02234
RP11-354A14.1,LINC02235
RP11-1101K5.1,LINC02237
RP4-788P17.1,LINC02238
RP11-20G13.3,LINC02244
ENST00000418954,LINC02246
ENST00000417135,LINC02247
TCONS_00023273,LINC02250
RP11-248E9.5,LINC02258
TRMP,LINC02303
LVCAT8,LINC02365
FLJ37505,LINC02393
ENST00000550337.1,LINC02402
CRAT8,LINC02441
RP11-400N13.2,LINC02474
LVCAT1,LINC02475
LNC-TSPAN12,LINC02476
LVCAT5,LINC02476
TP53LC14,LINC02525
RP11-890B15.2,LINC02551
RP11-445P17.8,LINC02561
RP11-44F21.5,LINC02562
LNC-SOX5,LINC02566
TCONS_00011283,LINC02569
XXBAC-BPG27H4.8,LINC02570
AP001065.15,LINC02575
AC002384.1,LINC02577
CLAN,LINC02577
SLINKY,LINC02577
RP11-127L21.1,LINC02578
CTD-2354A18.1,LINC02582
277P12.9,LINC02598
RP11,LINC02598
AC026904.1,LINC02599
ENST00000539009,LINC02617
BCRT1,LINC02620
AC092620.3,LINC02631
TCONS_00018174,LINC02633
XLOC_008466,LINC02633
LNC-SOX6-1,LINC02682
TCONS_00019584,LINC02682
C14ORF144,LINC02691
C9ORF141,LINC02692
PRR31,LINC02692
LNCMER52A,LINC02835
C7ORF71,LINC02860
RP11-462G12.2,LINC02861
RP11-169F17.1,LINC02864
C1ORF137,LINC02868
C20ORF187,LINC02871
DJ727I10.1,LINC02871
C9ORF170,LINC02872
FLJ45537,LINC02872
C11ORF44,LINC02873
FLJ39058,LINC02873
C17ORF112,LINC02876
C3ORF79,LINC02877
BREA2,LINC02878
FLJ34503,LINC02880
C10ORF142,LINC02881
RP11-81H3.2,LINC02882
KMU15,LINC02883
ISX-AS1,LINC02885
RP11-697M17.1,LINC02886
KCCAT333,LINC02888
LNC-RTN4R-1,LINC02891
AL513318.2,LINC02893
C2ORF91,LINC02898
C5ORF17,LINC02899
FLJ34836,LINC02899
C7ORF66,LINC02903
C8ORF31,LINC02904
FLJ37131,LINC02904
C8ORF87,LINC02906
C9ORF139,LINC02908
FLJ36268,LINC02908
FLJ42909,LINC02908
C20ORF197,LINC02910
FLJ33860,LINC02910
C16ORF97,LINC02911
FLJ36105,LINC02912
TMEM75,LINC02912
C14ORF177,LINC02914
FLJ25773,LINC02914
TCONS_00018175,LINC02916
RP3-439F8.1,LINC02925
RP11-115N4.1,LINC02932
AC017074.1,LINC02936
AC004704.1,LINC02945
RMEL1,LINC02946
CTC-523E23.5,LINC02965
AL035661.1,LINC02967
AL683807.1,LINC02968
AC092490.1,LINC02972
AC010904.2,LINC02973
AP005671.1,LINC02974
RP3-475N16.1,LINC02976
RP11-4O1.2,LINC02977
RP11-703I16.1,LINC02979
AC156455.1,LINC02985
LNC-MICAL2-1,LINC02989
RP11-909N17.2,LINC02990
LINCR-0001,LINC03022
FLJ22447,LINC03033
LNCRNA-CAF,LINC03033
TP53LC01,LINC03036
C6ORF223,LINC03040
MGC45491,LINC03040
C9ORF92,LINC03041
EM:AL513424.1,LINC03041
C8ORF86,LINC03042
FLJ43582,LINC03042
C7ORF77,LINC03043
LNC524369,LINC03044
AC010789.1,LINC03046
CTC-523E23.11,LINC03049
AC007389.3,LINC03050
AC092198.1,LINC03053
AC022915.1,LINC03054
AL133371.2,LINC03058
RP11-219E7.1,LINC03058
RP11-108M12.3,LINC03059
RP11-54H7.4,LINC03061
AC010999.2,LINC03065
AC026412.3,LINC03067
AL451069.3,LINC03068
CTD-2008L17.2,LINC03069
AC110995.1,LINC03070
AC115837.2,LINC03071
AC090114.2,LINC03072
AL139351.1,LINC03079
AL133465.1,LINC03083
LINC-ADAL,LINCADL
FLJ14594,LINGO1
LERN1,LINGO1
LRRN6A,LINGO1
LINS,LINS1
MRT27,LINS1
WINS1,LINS1
CESD,LIPA
LAL,LIPA
HL,LIPC
HTGL,LIPC
HSL,LIPE
HGL,LIPF
HLAL,LIPF
EDL,LIPG
LPDLR,LIPH
MPA-PLA1,LIPH
MPA-PLA1ALPHA,LIPH
PLA1B,LIPH
CT17,LIPI
LPDL,LIPI
MPA-PLA1BETA,LIPI
PLA1C,LIPI
PRED5,LIPI
BA186O14.2,LIPK
LIPL2,LIPK
BA304I5.1,LIPM
LIPL3,LIPM
BA186O14.3,LIPN
LIPL4,LIPN
LNC18Q22.2,LIVAR
C20ORF201,LKAAEAR1
C7ORF34,LLCFC1
CTM-1,LLCFC1
ERGIC-53,LMAN1
ERGIC53,LMAN1
F5F8D,LMAN1
FMFD1,LMAN1
GP58,LMAN1
MCFD1,LMAN1
MR60,LMAN1
ERGIC-53L,LMAN1L
ERGL,LMAN1L
BA810I22.1,LMBRD1
C6ORF209,LMBRD1
CBLF,LMBRD1
FLJ11240,LMBRD1
DKFZP434H2226,LMBRD2
C16ORF26,LMF1
FLJ12681,LMF1
FLJ22302,LMF1
JFP11,LMF1
TMEM112,LMF1
TMEM112A,LMF1
TMEM112B,LMF2
TMEM153,LMF2
LMN2,LMNB2
C11ORF35,LMNTD2
MGC35138,LMNTD2
FBX20,LMO7
FBXO20,LMO7
KIAA0858,LMO7
UCHL3-AS1,LMO7-AS1
C13ORF45,LMO7DN
C13ORF45-IT1,LMO7DN-IT1
TCONS_00021569,LMO7DN-IT1
AATYK2,LMTK2
BREK,LMTK2
CPRK,LMTK2
KIAA1079,LMTK2
KPI-2,LMTK2
KPI2,LMTK2
LMR2,LMTK2
PPP1R100,LMTK2
LMX1,LMX1A
LMX1.1,LMX1A
NPS1,LMX1B
LBCS,LNC-LBCS
LNC-TALC,LNCARSR
LINCR-0003,LNCBRM
LNCBRM,LNCBRM
YYLNCT,LNCDAT
LNCHR1,LNCHR1
LINC01384,LNCNEF
LNCRNA-NEF,LNCNEF
LINC02407,LNCOG
LNCRNA-OG,LNCOG
RP11-54A9.1,LNCOG
LNCRNA-POIR,LNCPOIR
POIR,LNCPOIR
LNC-TSI,LNCTSI
NP3,LNP1
KIAA1715,LNPK
LNP,LNPK
LNP1,LNPK
UL,LNPK
MGC46315,LNX2
PDZRN1,LNX2
LOH2CR12,LOH12CR2
LONP,LONP2
LONPL,LONP2
MGC4840,LONP2
FLJ23749,LONRF1
RNF191,LONRF1
FLJ22612,LONRF3
RNF127,LONRF3
DFNB77,LOXHD1
FLJ32670,LOXHD1
LH2D1,LOXHD1
LOL,LOXL1
LOXL,LOXL1
LOR,LOXL2
WS9-14,LOXL2
AC090197.1,LOXL2-AS1
FLJ21889,LOXL4
LOXC,LOXL4
EDG-2,LPAR1
EDG2,LPAR1
GPCR26,LPAR1
LPA1,LPAR1
MREC1.3,LPAR1
REC.1.3,LPAR1
VZG-1,LPAR1
EDG-7,LPAR3
EDG7,LPAR3
HOFNH30,LPAR3
LP-A3,LPAR3
LPA3,LPAR3
RP4-678I3,LPAR3
GPR23,LPAR4
LPA4,LPAR4
P2RY9,LPAR4
P2Y5-LIKE,LPAR4
P2Y9,LPAR4
GPR92,LPAR5
GPR93,LPAR5
KPG_010,LPAR5
LPA5,LPAR5
P2RY5,LPAR6
P2Y5,LPAR6
AGPAT10,LPCAT1
AGPAT9,LPCAT1
AYTL2,LPCAT1
FLJ12443,LPCAT1
LPLAT8,LPCAT1
AGPAT11,LPCAT2
AYTL1,LPCAT2
FLJ20481,LPCAT2
LPLAT9,LPCAT2
LYSOPAFAT,LPCAT2
C3F,LPCAT3
LPLAT12,LPCAT3
MBOAT5,LPCAT3
NESSY,LPCAT3
OACT5,LPCAT3
AGPAT7,LPCAT4
AYTL3,LPCAT4
FLJ10257,LPCAT4
LPAAT-ETA,LPCAT4
LPEAT2,LPCAT4
LPLAT10,LPCAT4
KIAA0249,LPIN2
LIPN3L,LPIN3
SMP2,LPIN3
LDPL,LPXN
LCA14,LRAT
FAM84A,LRATD1
FLJ35392,LRATD1
NSE1,LRATD1
CHDC1,LRCH1
KIAA1016,LRCH1
KIAA1495,LRCH2
MGC4126,LRCH3
KIAA1484,LRFN1
SALM2,LRFN1
C14ORF146,LRFN5
FIGLER8,LRFN5
SALM5,LRFN5
LRG,LRG1
KIAA0806,LRIG2
DKFZP434K091,LRIT1
FIGLER9,LRIT1
LRRC21,LRIT1
PAL,LRIT1
AC022389.4,LRIT2
LRRC22,LRIT2
CSNB1F,LRIT3
FIGLER4,LRIT3
FLJ44691,LRIT3
A2MR,LRP1
APOER,LRP1
APR,LRP1
CD91,LRP1
IGFBP-3R,LRP1
IGFBP3R1,LRP1
LRP,LRP1
LRP1A,LRP1
LRP-DIT,LRP1B
LRPDIT,LRP1B
DKFZP761O0113,LRP2BP
DKFZP434O0213,LRP5L
ADCAD2,LRP6
APOER2,LRP8
HSZ75190,LRP8
LRP-8,LRP8
MCI1,LRP8
LINC01771,LRP8-DT
DKFZP564C1940,LRP10
LRP9,LRP10
MGC8675,LRP10
MST087,LRP10
MSTP087,LRP10
FLJ12929,LRP12
ST7,LRP12
LUZP3,LRRC2-AS1
LUZP3P,LRRC2-AS1
LUZPP1,LRRC2-AS1
C21ORF102,LRRC3
C21ORF30,LRRC3
DKFZP434C128,LRRC3
LRRC3DN,LRRC3
LRRC3-AS1,LRRC3-DT
DKFZP761A179,LRRC4B
HSM,LRRC4B
LRIG4,LRRC4B
KIAA1580,LRRC4C
NGL-1,LRRC4C
FLJ10337,LRRC8A
KIAA1437,LRRC8A
LRRC8,LRRC8A
SWELL1,LRRC8A
FLJ10470,LRRC8D
LRRC5,LRRC8D
FLJ23420,LRRC8E
HRLRRP,LRRC10
LRRC10A,LRRC10
KIAA0014,LRRC14
LRRC14A,LRRC14
FLJ21302,LRRC19
FLJ10751,LRRC20
FLJ10844,LRRC20
B7,LRRC23
LRPB7,LRRC23
LRRC14OS,LRRC24
FLJ38116,LRRC25
MAPA,LRRC25
BA350O14.10,LRRC26
OTTHUMG00000020980,LRRC26
KIAA1674,LRRC27
FLJ34269,LRRC28
FLJ45242,LRRC28
MGC24976,LRRC28
FLJ11004,LRRC36
KIAA0563,LRRC37A
FLJ45049,LRRC37A2
FLJ34306,LRRC37A3
KIAA0563,LRRC37A3
FLJ10120,LRRC37A4P
LRRC37A4,LRRC37A4P
LRRC37E,LRRC37A6P
MGC8974,LRRC42
MGC35140,LRRC43
CSTPP2,LRRC49
FLJ20156,LRRC49
PGS4,LRRC49
FLJ45686,LRRC55
DKFZP761L1518,LRRC56
DNAAF12,LRRC56
FLJ00101,LRRC56
FLJ31392,LRRC61
HSPC295,LRRC61
MGC3036,LRRC61
RP11-139H14.4,LRRC63
LOC100130733,LRRC70
SLRN,LRRC70
CFAP279,LRRC72
FAP279,LRRC72
C14ORF166B,LRRC74A
LRRC74,LRRC74A
C17ORF76,LRRC75A
FAM211A,LRRC75A
FLJ35696,LRRC75A
C22ORF36,LRRC75B
FAM211B,LRRC75B
MGC131773,LRRC75B
LINC02618,LRRC78P
CLERC,LRRCC1
KIAA1764,LRRCC1
VFL1,LRRCC1
HUFI-2,LRRFIP2
FLJ12303,LRRIQ1
KIAA1801,LRRIQ1
FLJ23119,LRRK1
KIAA1790,LRRK1
RIPK6,LRRK1
ROCO1,LRRK1
FIGLER3,LRRN1
FIGLER5,LRRN3
FLJ11129,LRRN3
NLRR3,LRRN3
C20ORF75,LRRN4
DJ1056H1.1,LRRN4
NLRR4,LRRN4
KIAA0416,LRRTM2
CMT2P,LRSAM1
FLJ31641,LRSAM1
RIFLE,LRSAM1
TAL,LRSAM1
CENP-33,LRWD1
DKFZP434K1815,LRWD1
ORCA,LRWD1
C6ORF28,LSM2
G7B,LSM2
YBL026W,LSM2
SMX4,LSM3
USS2,LSM3
YLR438C,LSM3
YER112W,LSM4
YER146W,LSM5
YNL147W,LSM7
FLJ38273,LSM11
LSM12P,LSM12P1
C19ORF13,LSM14A
DKFZP434D1335,LSM14A
FAM61A,LSM14A
RAP55,LSM14A
RAP55A,LSM14A
BA11M20.3,LSM14B
C20ORF40,LSM14B
FAM61B,LSM14B
FLJ25473,LSM14B
FT005,LSM14B
LSM13,LSM14B
RAP55B,LSM14B
C7ORF53,LSMEM1
FLJ39575,LSMEM1
WP34,LSP1
OSC,LSS
B144,LST1
D6S49E,LST1
LST-1,LST1
LT,LTA
TNFB,LTA
TNFSF1,LTA
P33,LTB
TNFC,LTB
TNFSF3,LTB
BLTR,LTB4R
CMKRL1,LTB4R
GPR16,LTB4R
LTB4R1,LTB4R
P2RY7,LTB4R
P2Y7,LTB4R
BLT2,LTB4R2
BLTR2,LTB4R2
JULF2,LTB4R2
NOP9,LTB4R2
C14ORF141,LTBP2
LTBP3,LTBP2
FLJ46318,LTBP4
FLJ90018,LTBP4
LTBP-4,LTBP4
LTBP-4L,LTBP4
MGC33147,LTC4S
TYK1,LTK
C21ORF10,LTN1
C21ORF98,LTN1
FLJ11053,LTN1
KIAA0714,LTN1
LISTERIN,LTN1
RNF160,LTN1
ZNF294,LTN1
C6ORF93,LTV1
DJ468K18.4,LTV1
FLJ14909,LTV1
LNCRNA#32,LUARIS
SCAT6,LUARIS
HLUC7B1,LUC7L
LUC7,LUC7L
LUC7B1,LUC7L
CGI-59,LUC7L2
CGI-74,LUC7L2
FLJ10657,LUC7L2
HLUC7B2,LUC7L2
H_NH0792N18.3,LUC7L2
LUC7B2,LUC7L2
CRA,LUC7L3
CREAP-1,LUC7L3
CROP,LUC7L3
FLJ11063,LUC7L3
HLUC7A,LUC7L3
LUC7A,LUC7L3
OA48-18,LUC7L3
LDC,LUM
SLRR2D,LUM
BA3L8.2,LURAP1L
C9ORF150,LURAP1L
FLJ38505,LURAP1L
LRAP35B,LURAP1L
MGC46502,LURAP1L
CT-8,LUZP4
CT28,LUZP4
HOM-TES-85,LUZP4
E48,LY6D
RIG-E,LY6E
SCA-2,LY6E
TSA-1,LY6E
LOC100133669,LY6E-DT
C6ORF19,LY6G5B
G5B,LY6G5B
C6ORF20,LY6G5C
G5C,LY6G5C
NG33,LY6G5C
C6ORF24,LY6G6C
G6C,LY6G6C
NG24,LY6G6C
C6ORF23,LY6G6D
G6D,LY6G6D
LY6-D,LY6G6D
MEGT1,LY6G6D
NG25,LY6G6D
C6ORF22,LY6G6E
G6E,LY6G6E
C6ORF21,LY6G6F
G6F,LY6G6F
LY6G6D,LY6G6F
NG32,LY6G6F
G6F-LY6G6D,LY6G6F-LY6G6D
MEGT-1,LY6G6F-LY6G6D
MEGT1,LY6G6F-LY6G6D
NMLY6,LY6H
CT97,LY6K
FLJ35226,LY6K
HSJ001348,LY6K
CD229,LY9
HLY9,LY9
MLY9,LY9
SLAMF3,LY9
CD205,LY75
CLEC13B,LY75
DEC-205,LY75
MD-2,LY96
BHLHA18,LYL1
JTK8,LYN
SLURP2,LYNX1
LYPDC1,LYPD1
MGC29643,LYPD1
LYPDC2,LYPD2
RGTR430,LYPD2
UNQ430,LYPD2
APT,LYPLA2P1
DJ570F3.6,LYPLA2P1
LYPLA2L,LYPLA2P1
Q96AV0,LYPLAL1
C6ORF149,LYRM4
CGI-203,LYRM4
ISD11,LYRM4
C5ORF31,LYRM7
FLJ20796,LYRM7
MZM1L,LYRM7
C14ORF109,LYSET
DKFZP564F1123,LYSET
GCAF,LYSET
TMEM251,LYSET
TMEM251P1,LYSETP1
MGC35223,LYSMD1
RP11-68I18.5,LYSMD1
SB145,LYSMD1
MGC35274,LYSMD2
FLJ13542,LYSMD3
LYVE-1,LYVE1
XLKD1,LYVE1
LYC2,LYZL1
MGC33408,LYZL1
LYC1,LYZL6
PRO1485,LYZL6
TKAL754,LYZL6
BTBD29,LZTR1
LZTR-1,LZTR1
KIAA1813,LZTS2
LAPSER1,LZTS2
KIAA0552,LZTS3
PROSAPIP1,LZTS3
CD-M6PR,M6PR
CD-MPR,M6PR
CAGR1,MAB21L1
7A5,MACC1
SH3BP4L,MACC1
LRP16,MACROD1
C20ORF133,MACROD2
DJ631M13.5,MACROD2
BA318C17.1,MACROD2-AS1
NCRNA00186,MACROD2-AS1
BA467D7.4,MACROD2-IT1
C20ORF68,MACROD2-IT1
NCRNA00227,MACROD2-IT1
H2AFY2,MACROH2A2
HSMAD2,MAD2L1
MAD2,MAD2L1
CMT2,MAD2L1BP
DJ261G23.1,MAD2L1BP
KIAA0110,MAD2L1BP
MAD2L1P,MAD2L1P1
EMP,MAEA
GID9,MAEA
HLC-10,MAEA
P44EMLP,MAEA
C-MAF,MAF
DKFZP586G1123,MAF1
HMAFA,MAFA
RIPE3B1,MAFA
RP11-909N17.3,MAFA-AS1
TCONS_00014882,MAFA-AS1
KRML,MAFB
HMAFF,MAFF
FLJ00219,MAFIP
FLJ35473,MAFIP
FLJ39633,MAFIP
MIP,MAFIP
PP5644,MAFIP
TEKT4P4,MAFIP
CT1.1,MAGEA1
MAGE1,MAGEA1
MGC9326,MAGEA1
CT1.2,MAGEA2
MAGE2,MAGEA2
MAGEA2A,MAGEA2
MAGE2,MAGEA2B
MAGEA2,MAGEA2B
MGC16973,MAGEA2B
CT1.3,MAGEA3
HIP8,MAGEA3
HYPD,MAGEA3
MAGE3,MAGEA3
MGC14613,MAGEA3
CT1.4,MAGEA4
MAGE-41,MAGEA4
MAGE-X2,MAGEA4
MAGE4,MAGEA4
MAGE4A,MAGEA4
MAGE4B,MAGEA4
MGC21336,MAGEA4
CT1.6,MAGEA6
MAGE-3B,MAGEA6
MAGE3B,MAGEA6
MAGE6,MAGEA6
MAGE7,MAGEA7P
MAGEA7,MAGEA7P
CT1.8,MAGEA8
MAGE8,MAGEA8
MGC2182,MAGEA8
RP5-869M20.2,MAGEA8-AS1
CT1.9,MAGEA9
MAGE9,MAGEA9
MGC8421,MAGEA9
CT1.10,MAGEA10
MAGE10,MAGEA10
MGC10599,MAGEA10
CT1.11,MAGEA11
MAGE-11,MAGEA11
MAGE11,MAGEA11
MAGEA-11,MAGEA11
MGC10511,MAGEA11
CT1.12,MAGEA12
MAGE12,MAGEA12
CT3.1,MAGEB1
DAM10,MAGEB1
MAGE-XP,MAGEB1
MAGEL1,MAGEB1
MGC9322,MAGEB1
CT3.2,MAGEB2
DAM6,MAGEB2
MAGE-XP-2,MAGEB2
MGC26438,MAGEB2
CT3.5,MAGEB3
CT3.6,MAGEB4
MGC33144,MAGEB4
CT3.3,MAGEB5
MAGE-B5,MAGEB5
CT3.4,MAGEB6
FLJ40242,MAGEB6
MAGE-B6,MAGEB6
MAGEB6A,MAGEB6
FLJ32965,MAGEB10
MGC33889,MAGEB18
CT7,MAGEC1
CT7.1,MAGEC1
MAGE-C1,MAGEC1
MGC39366,MAGEC1
CT10,MAGEC2
HCA587,MAGEC2
MAGE-C2,MAGEC2
MAGEE1,MAGEC2
CT7.2,MAGEC3
HCA2,MAGEC3
MAGE-C3,MAGEC3
DLXIN-1,MAGED1
NRAGE,MAGED1
11B6,MAGED2
BCG1,MAGED2
HCA10,MAGED2
JCL-1,MAGED2
MAGE-D2,MAGED2
MAGED,MAGED2
MGC8386,MAGED2
KIAA1859,MAGED4
MAGE-E1,MAGED4
MAGE1,MAGED4
MGC3210,MAGED4
DAMAGE,MAGEE1
KIAA1587,MAGEE1
HCA3,MAGEE2
APR1,MAGEH1
NDNL1,MAGEL2
NM15,MAGEL2
MAGI-3,MAGI3
FLJ21687,MAGIX
JM10,MAGIX
PDZX,MAGIX
MAGOH1,MAGOH
MAGOHA,MAGOH
MAGOH2,MAGOH2P
MAGOHP,MAGOH3P
MAGOHP1,MAGOH3P
FLJ10292,MAGOHB
MGN2,MAGOHB
DKFZP564K142,MAGT1
IAP,MAGT1
MRX95,MAGT1
OST3B,MAGT1
SLC58A1,MAGT1
AZIN1-AS1,MAILR
H22954,MAILR
MAIL1,MAILR
C11ORF85,MAJIN
DJ417M14.2,MAK
RP62,MAK
MAK16L,MAK16
RBM13,MAK16
LINC01024,MALINC1
MA-LINC1,MALINC1
BA265G8.2,MALRD1
C10ORF112,MALRD1
DIET1,MALRD1
C7ORF30,MALSU1
MTRSFA,MALSU1
MLT,MALT1
PCASP1,MALT1
MGC21981,MAMDC2
AEGP,MAMDC4
DKFZP434M1411,MAMDC4
EDTB,MAMDC4
KIAA0200,MAML1
MAM-1,MAML1
CG1,MAMLD1
CXORF6,MAMLD1
F18,MAMLD1
FLJ36070,MAMSTR
MASTR,MAMSTR
MAN1B,MAN1A2
ERMAN1,MAN1B1
ERMANI,MAN1B1
MANA-ER,MAN1B1
MRT15,MAN1B1
MAN1B1-AS1,MAN1B1-DT
HST19662,MAN2A2
MANA2X,MAN2A2
LAMAN,MAN2B1
MANB,MAN2B1
DJ1141E15.2,MANBAL
FLJ10298,MANSC1
LOH12CR3,MANSC1
MAP5,MAP1B
PPP1R102,MAP1B
ATG8E,MAP1LC3A
LC3,MAP1LC3A
LC3A,MAP1LC3A
MAP1ALC3,MAP1LC3A
MAP1BLC3,MAP1LC3A
ATG8G,MAP1LC3B2
HST312,MAP1LC3P
MAPKK1,MAP2K1
MEK1,MAP2K1
PRKMK1,MAP2K1
JNKK1,MAP2K4
MEK4,MAP2K4
MKK4,MAP2K4
PRKMK4,MAP2K4
SERK1,MAP2K4
HST17454,MAP2K5
MAPKK5,MAP2K5
MEK5,MAP2K5
PRKMK5,MAP2K5
JNKK2,MAP2K7
MKK7,MAP2K7
PRKMK7,MAP2K7
MAPKKK3,MAP3K3
MEKK3,MAP3K3
C21ORF7,MAP3K7CL
TAK1L,MAP3K7CL
TAKL,MAP3K7CL
TAKL-1,MAP3K7CL
TAKL-2,MAP3K7CL
TAKL-4,MAP3K7CL
C-COT,MAP3K8
COT,MAP3K8
EST,MAP3K8
ESTF,MAP3K8
MEKK8,MAP3K8
TPL-2,MAP3K8
MEKK9,MAP3K9
MLK1,MAP3K9
PRKE1,MAP3K9
LZK,MAP3K13
MEKK13,MAP3K13
FTDCR1B,MAP3K14
HS,MAP3K14
HSNIK,MAP3K14
NIK,MAP3K14
ASK3,MAP3K15
BA723P2.3,MAP3K15
FLJ16518,MAP3K15
MLK7,MAP3K20
MLTK,MAP3K20
MLTKALPHA,MAP3K20
MLTKBETA,MAP3K20
MRK,MAP3K20
ZAK,MAP3K20
MLK7-AS1,MAP3K20-AS1
BL44,MAP4K2
GCK,MAP4K2
RAB8IP,MAP4K2
GCKR,MAP4K5
KHS,MAP4K5
KHS1,MAP4K5
FLJ12748,MAP6D1
SL21,MAP6D1
FLJ14503,MAP7D2
FLJ12649,MAP7D3
ASAP,MAP9
FLJ21159,MAP9
ERK,MAPK1
ERK2,MAPK1
MAPK2,MAPK1
P41MAPK,MAPK1
PRKM1,MAPK1
PRKM2,MAPK1
ERK1,MAPK3
P44ERK1,MAPK3
P44MAPK,MAPK3
PRKM3,MAPK3
ERK3-RELATED,MAPK4
ERK4,MAPK4
PRKM4,MAPK4
LNCMAPK6,MAPK6-DT
ERK3PS1,MAPK6P1
MAPK6PS1,MAPK6P1
MAPK6PS2,MAPK6P2
MAPK6PS3,MAPK6P3
ERK3PS4,MAPK6P4
MAPK6PS4,MAPK6P4
MAPK6PS5,MAPK6P5
MAPK6PS6,MAPK6P6
BMK1,MAPK7
ERK5,MAPK7
PRKM7,MAPK7
JNK,MAPK8
JNK1,MAPK8
PRKM8,MAPK8
SAPK1,MAPK8
IB1,MAPK8IP1
JIP-1,MAPK8IP1
JIP1,MAPK8IP1
PRKM8IP,MAPK8IP1
MAPK8IPP,MAPK8IP1P1
PRKM8IPP,MAPK8IP1P1
IB2,MAPK8IP2
JIP2,MAPK8IP2
PRKM8IPL,MAPK8IP2
JNK2,MAPK9
P54A,MAPK9
PRKM9,MAPK9
SAPK,MAPK9
JNK3,MAPK10
P493F12,MAPK10
P54BSAPK,MAPK10
PRKM10,MAPK10
P38-2,MAPK11
P38BETA,MAPK11
PRKM11,MAPK11
SAPK2,MAPK11
ERK6,MAPK12
P38GAMMA,MAPK12
PRKM12,MAPK12
SAPK-3,MAPK12
SAPK3,MAPK12
P38DELTA,MAPK13
PRKM13,MAPK13
SAPK4,MAPK13
ERK7,MAPK15
ERK8,MAPK15
MGC2745,MAPKAP1
MIP1,MAPKAP1
SIN1,MAPKAP1
3PK,MAPKAPK3
MAPKAP3,MAPKAPK3
MK-3,MAPKAPK3
MK3,MAPKAPK3
KIAA0596,MAPKBP1
NPHP20,MAPKBP1
EB1,MAPRE1
EB1,MAPRE2
EB2,MAPRE2
RP1,MAPRE2
DDPAC,MAPT
FLJ31424,MAPT
FTDP-17,MAPT
MAPTL,MAPT
MGC138549,MAPT
MSTD,MAPT
MTBT1,MAPT
MTBT2,MAPT
PPND,MAPT
PPP1R103,MAPT
TAU,MAPT
TAU-40,MAPT
TAU-PHF6,MAPT
MARCH-III,MARCHF3
MARCH3,MARCHF3
MGC48332,MARCHF3
RNF173,MARCHF3
KIAA1399,MARCHF4
MARCH-IV,MARCHF4
MARCH4,MARCHF4
RNF174,MARCHF4
FLJ20445,MARCHF5
MARCH-V,MARCHF5
MARCH5,MARCHF5
MITOL,MARCHF5
RNF153,MARCHF5
AXOT,MARCHF7
MARCH-VII,MARCHF7
MARCH7,MARCHF7
RNF177,MARCHF7
C-MIR,MARCHF8
CMIR,MARCHF8
MARCH-VIII,MARCHF8
MARCH8,MARCHF8
MIR,MARCHF8
RNF178,MARCHF8
FLJ36578,MARCHF9
MARCH9,MARCHF9
RNF179,MARCHF9
FLJ35757,MARCHF10
MARCH-X,MARCHF10
MARCH10,MARCHF10
RNF190,MARCHF10
MARCH10-DT,MARCHF10-DT
MARCH-XI,MARCHF11
MARCH11,MARCHF11
RNF226,MARCHF11
80K-L,MARCKS
MACS,MARCKS
PKCSL,MARCKS
KIAA0430,MARF1
LKAP,MARF1
LMKB,MARF1
PPP1R34,MARF1
CTAK1,MARK3
KP78,MARK3
PAR-1A,MARK3
CMT2U,MARS1
MARS,MARS1
METRS,MARS1
SPG70,MARS1
DFNB49,MARVELD2
FLJ30532,MARVELD2
MRVLDC2,MARVELD2
TRIC,MARVELD2
DJ994E9.2,MAS1L
MAS-L,MAS1L
MRG,MAS1L
MAS1LP,MAS1LP1
OTTHUMG00000086553,MAS1LP1
CRARF,MASP1
MAP-1,MASP1
MAP44,MASP1
MASP,MASP1
MASP-3,MASP1
PRSS5,MASP1
FLJ14813,MASTL
GWL,MASTL
THC2,MASTL
MAT,MAT1A
MATA1,MAT1A
SAMS,MAT1A
SAMS1,MAT1A
KIAA0895L,MATCAP1
LOC653319,MATCAP1
CHK,MATK
CTK,MATK
DKFZP434N1212,MATK
HHYLTK,MATK
HYL,MATK
HYLTK,MATK
LSK,MATK
MGC1708,MATK
MGC2101,MATK
EDM5,MATN3
HOA,MATN3
KIAA0723,MATR3
MGC9105,MATR3
CARDIF,MAVS
IPS-1,MAVS
KIAA1271,MAVS
VISA,MAVS
PVALB,MB
C3ORF59,MB21D2
CXXC3,MBD1
PCM1,MBD1
MBD3L,MBD3L1
KIAA1887,MBD6
COLEC3P,MBL1P
MBL1P1,MBL1P
COLEC1,MBL2
MBL,MBL2
MBP,MBL2
MBP-C,MBL2
MBP1,MBL2
COLEC2,MBL3P
MGC49416,MBLAC1
DKFZP686P15118,MBLAC2
MGC46734,MBLAC2
MBLL,MBNL2
MBLL39,MBNL2
CHCR,MBNL3
FLJ11316,MBNL3
MBLX39,MBNL3
MBXL,MBNL3
DJ434O11.1,MBOAT1
LPEAT1,MBOAT1
LPLAT14,MBOAT1
MGC44669,MBOAT1
OACT1,MBOAT1
FKSG89,MBOAT4
GOAT,MBOAT4
OACT4,MBOAT4
BB1,MBOAT7
HMBOA-7,MBOAT7
LENG4,MBOAT7
LPIAT1,MBOAT7
LPLAT,MBOAT7
LPLAT11,MBOAT7
FLJ20055,MBTD1
SA49P01,MBTD1
KFSD,MBTPS2
S2P,MBTPS2
MSH-R,MC1R
ACTHR,MC2R
MC3,MC3R
FABD,MCAT
FASN2C,MCAT
MCT,MCAT
MCT1,MCAT
MT,MCAT
NET62,MCAT
MCCB,MCCC2
MCCCB,MCCC2
OTTHUMG00000130506,MCCD1P1
BPG309N1.16,MCCD1P2
ARHGEF14,MCF2L
DBS,MCF2L
KIAA0362,MCF2L
OST,MCF2L
GPR24,MCHR1
MCH1R,MCHR1
SLC1,MCHR1
GPR145,MCHR2
MCH2,MCHR2
MCH2R,MCHR2
SLT,MCHR2
IDAS,MCIDAS
MCI,MCIDAS
MCIN,MCIDAS
GANP,MCM3AP
KIAA0572,MCM3AP
MAP80,MCM3AP
SAC3,MCM3AP
C21ORF85,MCM3AP-AS1
FLJ10508,MCM3AP-AS1
MCM3AP-AS,MCM3AP-AS1
MCM3APAS,MCM3AP-AS1
NCRNA00031,MCM3AP-AS1
CDC46,MCM5
C20ORF154,MCM8
DJ967N21.5,MCM8
MGC119522,MCM8
MGC119523,MCM8
MGC12866,MCM8
MGC4816,MCM8
REC,MCM8
C6ORF61,MCM9
DJ329L24.3,MCM9
FLJ20170,MCM9
MCMDC1,MCM9
MGC35304,MCM9
C10ORF119,MCMBP
FLJ13081,MCMBP
MCM-BP,MCMBP
C8ORF45,MCMDC2
FLJ25692,MCMDC2
ML4,MCOLN1
MLIV,MCOLN1
MST080,MCOLN1
MSTP080,MCOLN1
TRPM-L1,MCOLN1
TRPML1,MCOLN1
FLJ36691,MCOLN2
TRP-ML2,MCOLN2
TRPML2,MCOLN2
BRIT1,MCPH1
FLJ12847,MCPH1
FAM195B,MCRIP1
GRAN2,MCRIP1
MCRIP,MCRIP1
FAM195CP,MCRIP2P1
ENST00000503710,MCTP1-AS1
MCT-1,MCTS1
MCTS2P,MCTS2
PSIMCT-1,MCTS2
C10ORF42,MCU
CCDC109A,MCU
FLJ46135,MCU
CCDC109B,MCUB
FLJ20647,MCUB
C17ORF23,MCUR1P1
CCDC90AP1,MCUR1P1
EM:AB023051.5,MDC1
KIAA0170,MDC1
NFBD1,MDC1
MDC1-AS,MDC1-AS1
GPIM,MDGA1
MAMDC3,MDGA1
FLJ25341,MDH1B
RP11-95H11,MDH1B
FN6PASE,MDP1
MGC5987,MDP1
MEA,MEA1
KIAA1609,MEAK7
MEAK-7,MEAK7
TLDC1,MEAK7
EVI1,MECOM
KMT8E,MECOM
MDS1,MECOM
MDS1-EVI1,MECOM
PRDM3,MECOM
DRIP36,MED4
HSPC126,MED4
TRAP36,MED4
VDRIP,MED4
MED4-AS,MED4-AS1
NY-REN-28,MED6
FLJ10193,MED9
MED25,MED9
L6,MED10
MGC5309,MED10
NUT2,MED10
TRG20,MED10
ARC240,MED12
CAGH45,MED12
FGS1,MED12
HOPA,MED12
KIAA0192,MED12
KTO,MED12
OKS,MED12
OPA1,MED12
TNRC11,MED12
TRAP230,MED12
CRSP150,MED14
CRSP2,MED14
CSRP,MED14
CXORF4,MED14
EXLM1,MED14
RGR1,MED14
TRAP170,MED14
MED14-AS1,MED14OS
CRSP2P,MED14P1
CXORF4P,MED14P1
MED14P,MED14P1
ARC105,MED15
CAG7A,MED15
PCQAP,MED15
TIG-1,MED15
TNRC7,MED15
CCDC74B-AS1,MED15P9
MED15P2,MED15P9
DRIP92,MED16
THRAP5,MED16
TRAP95,MED16
CRSP6,MED17
CRSP77,MED17
DRIP80,MED17
SRB4,MED17
TRAP80,MED17
FLJ20045,MED18
P28B,MED18
SRB5,MED18
SRB7,MED21
SURB7,MED21
MED24,MED22
SRB6,MED22
SURF5,MED22
ACID1,MED25
ARC92,MED25
DKFZP434K0512,MED25
TCBAP0758,MED25
CRSP7,MED26
CRSP70,MED26
CRSP34,MED27
CRSP8,MED27
MED3,MED27
TRAP37,MED27
DKFZP434N185,MED28
EG1,MED28
MAGICIN,MED28
AC006160.1,MED28-DT
LAP3-AS1,MED28-DT
DKFZP434H247,MED29
IXL,MED29
MED2,MED29
THRAP6,MED30
TRAP25,MED30
CGI-125,MED31
SOH1,MED31
AWMS3,MEDAG
C13ORF33,MEDAG
FLJ14834,MEDAG
MEDA-4,MEDAG
RSRFR2,MEF2B
GTL2,MEG3
LINC00023,MEG3
NCRNA00023,MEG3
ONCO-LNCRNA-83,MEG3
AL132709.8,MEG8
BSR,MEG8
IRM,MEG8
LINC00024,MEG8
LNC-MGC,MEG8
NCRNA00024,MEG8
RIAN,MEG8
SNHG23,MEG8
SNHG24,MEG8
C19ORF49,MEGF8
EGFL4,MEGF8
FLJ22365,MEGF8
SBP1,MEGF8
EGFL5,MEGF9
KIAA1780,MEGF10
SR-F3,MEGF10
DKFZP434L121,MEGF11
KIAA1781,MEGF11
MGC40042,MEI1
SPATA38,MEI1
SPO13,MEIKIN
C16ORF73,MEIOB
MGC35212,MEIOB
C17ORF104,MEIOC
FLJ35848,MEIOC
BHMG1,MEIOSIN
HMGDC,MEIOSIN
MEIS1-AS1,MEIS1-AS2
MEIS3,MEIS3P1
MEIS4,MEIS3P1
MRG2,MEIS3P1
KIAA0175,MELK
C21ORF19,MEMO1P1
MEMO1P,MEMO1P1
GAX,MEOX2
MOX2,MEOX2
PPHA,MEP1A
MEP1AL1,MEP1AP1
BOCA,MESD
KIAA0081,MESD
MESDC2,MESD
BHLHC6,MESP2
SCDO2,MESP2
PEG1,MEST
MEST-AS1,MESTIT1
MEST-IT1,MESTIT1
NCRNA00040,MESTIT1
MAP1D,METAP1D
METAP1L,METAP1D
MAP2,METAP2
MNPEP,METAP2
P67,METAP2
C16ORF23,METRN
MGC2601,METRN
C12ORF1,METTL1
TRM8,METTL1
TRMT8,METTL1
FLJ11350,METTL2B
METL,METTL2B
METTL2,METTL2B
M6A,METTL3
MT-A70,METTL3
SPO8,METTL3
FLJ23017,METTL4
HST661,METTL4
DREV1,METTL9
FLJ33979,METTL15
METT5D1,METTL15
METT5D2,METTL15P1
METT10D,METTL16
MGC3329,METTL16
FLJ20859,METTL17
METT11D1,METTL17
ASTP2,METTL18
C1ORF156,METTL18
HPM1,METTL18
MGC9084,METTL18
C13ORF39,METTL21C
LOC196541,METTL21C
METTL21CP1,METTL21EP
C16ORF68,METTL22
"FLJ12433,MGC2654",METTL22
C17ORF95,METTL23
LOC124512,METTL23
C12ORF26,METTL25
FLJ22789,METTL25
WBSCR27,METTL27
FLJ38871,MEX3C
RKHD2,MEX3C
RNF194,MEX3C
AMP,MFAP1
KIAA0626,MFAP3L
NYD-SP9,MFAP3L
MAGP2,MFAP5
MP25,MFAP5
LRRC65,MFHAS1
MASL1,MFHAS1
FLJ20693,MFN1
DKFZP761N1114,MFSD4A
FLJ25004,MFSD4A
FLJ34577,MFSD4A
MFSD4,MFSD4A
SLC60A1,MFSD4A
UNQ3064,MFSD4A
FLJ35773,MFSD6L
MGC11332,MFSD9
IT10C3,MFSD10
TETRAN,MFSD10
BA18I14.8,MFSD13A
C10ORF77,MFSD13A
FLJ22529,MFSD13A
TMEM180,MFSD13A
FLJ14753,MFSD14B
HIATL1,MFSD14B
MGA,MGAM
C4ORF49,MGARP
CESP-1,MGARP
HUMMR,MGARP
OSAP,MGARP
GLCNAC-TI,MGAT1
GLYT1,MGAT1
GNT-1,MGAT1
GNTI,MGAT1
MGAT,MGAT1
GNT-III,MGAT3
TAPSAKI,MGAT3-AS1
GNT-4A,MGAT4A
GNT-IVA,MGAT4A
GNT-IVB,MGAT4B
GNT1IP,MGAT4D
GNT-V,MGAT5
MGAT5A,MGAT5
BA504H3.4,MGME1
C20ORF72,MGME1
DDK1,MGME1
KIAA0544,MGRN1
RNF156,MGRN1
GST12,MGST1
MGST-I,MGST1
PMAN,MGST1
GST-III,MGST3
C22ORF35,MIAT
FLJ25967,MIAT
GOMAFU,MIAT
LINC00066,MIAT
LNCRNA-MIAT,MIAT
NCRNA00066,MIAT
RNCR2,MIAT
DIP-1,MIB1
KIAA1323,MIB1
MIB,MIB1
ZZANK2,MIB1
ZZZ6,MIB1
PERB11.1,MICA
KIAA0819,MICAL3
KIAA1668,MICALL1
MICAL-L1,MICALL1
MIRAB13,MICALL1
FLJ23471,MICALL2
JRAB,MICALL2
MGC46023,MICALL2
MICAL-L2,MICALL2
PERB11.2,MICB
PERB11.3,MICC
PERB11.4,MICD
DJ377H14.7,MICE
PERB11.5,MICE
MINOS1P4,MICOS10P4
CALC,MICU1
CBARA1,MICU1
EFHA3,MICU1
FLJ12684,MICU1
EFHA1,MICU2
FLJ10386,MID1IP1
G12-LIKE,MID1IP1
MIG12,MID1IP1
STRAIT11499,MID1IP1
THRSPL,MID1IP1
FXY2,MID2
MRX101,MID2
RNF60,MID2
TRIM1,MID2
FLJ20232,MIEF1
L0R8F8,MIEF1
MID51,MIEF1
SMCR7L,MIEF1
MGC23130,MIEF2
MID49,MIEF2
SMCR7,MIEF2
C17ORF37,MIEN1
C35,MIEN1
MGC14832,MIEN1
ORB3,MIEN1
RDX12,MIEN1
XTP4,MIEN1
DKFZP686L09111,MIER3
DKFZP781I1119,MIER3
FLJ35954,MIER3
GIF,MIF
GLIF,MIF
LOC284889,MIF-AS1
MIF-AS,MIF-AS1
C9ORF54,MIGA2
FAM73B,MIGA2
FLJ00199,MIGA2
FLJ14596,MIGA2
KIAA1024,MINAR1
UBTOR,MINAR1
KIAA1024L,MINAR2
FAM63B,MINDY2
KIAA1164,MINDY2
C10ORF97,MINDY3
CARP,MINDY3
DERP5,MINDY3
FAM188A,MINDY3
FLJ13397,MINDY3
MY042,MINDY3
C3ORF76,MINDY4B
FAM188B2,MINDY4B
MIPP,MINPP1
FLJ20323,MIOS
MIO,MIOS
SEA4,MIOS
YULINK,MIOS
ALDRL6,MIOX
MIP,MIPEP
HSA-MIR-1-1,MIR1-1
MIRN1-1,MIR1-1
C20ORF166,MIR1-1HG
DJ353C17.1,MIR1-1HG
MIR133A2HG,MIR1-1HG
HSA-MIR-1-2,MIR1-2
MIRN1-2,MIR1-2
HSA-MIR-7-1,MIR7-1
MIRN7-1,MIR7-1
HSA-MIR-7-2,MIR7-2
MIRN7-2,MIR7-2
HSA-MIR-9-3,MIR9-3
MIRN9-3,MIR9-3
HSA-MIR-15A,MIR15A
MIRN15A,MIR15A
HSA-MIR-16-1,MIR16-1
MIRN16-1,MIR16-1
HSA-MIR-17,MIR17
MIRN17,MIR17
C13ORF25,MIR17HG
FLJ14178,MIR17HG
LINC00048,MIR17HG
MIHG1,MIR17HG
MIR-17-92,MIR17HG
MIRH1,MIR17HG
MIRHG1,MIR17HG
NCRNA00048,MIR17HG
HSA-MIR-18,MIR18A
HSA-MIR-18A,MIR18A
MIRN18,MIR18A
MIRN18A,MIR18A
HSA-MIR-19A,MIR19A
MIRN19A,MIR19A
HSA-MIR-19B-1,MIR19B1
MIRN19B1,MIR19B1
HSA-MIR-20,MIR20A
HSA-MIR-20A,MIR20A
MIRN20,MIR20A
MIRN20A,MIR20A
HSA-MIR-22,MIR22
MIRN22,MIR22
C17ORF91,MIR22HG
DKFZP686O06159,MIR22HG
MGC14376,MIR22HG
HSA-MIR-23A,MIR23A
MIRN23A,MIR23A
LOC284454,MIR23AHG
SMYCA,MIR23AHG
HSA-MIR-23B,MIR23B
MIRN23B,MIR23B
HSA-MIR-23C,MIR23C
HSA-MIR-24-1,MIR24-1
MIRN24-1,MIR24-1
HSA-MIR-24-2,MIR24-2
MIRN24-2,MIR24-2
HSA-MIR-25,MIR25
MIRN25,MIR25
HSA-MIR-27A,MIR27A
MIRN27A,MIR27A
HSA-MIR-27B,MIR27B
MIR-27B,MIR27B
MIRN27B,MIR27B
HSA-MIR-32,MIR32
MIRN32,MIR32
HSA-MIR-33,MIR33A
HSA-MIR-33A,MIR33A
MIRN33,MIR33A
MIRN33A,MIR33A
HSA-MIR-92-1,MIR92A1
HSA-MIR-92A-1,MIR92A1
MIRN92-1,MIR92A1
MIRN92A1,MIR92A1
HSA-MIR-93,MIR93
MIRN93,MIR93
HSA-MIR-95,MIR95
MIRN95,MIR95
HSA-MIR-98,MIR98
MIRLET7L,MIR98
MIRN98,MIR98
HSA-MIR-99A,MIR99A
MIRN99A,MIR99A
C21ORF34,MIR99AHG
C21ORF35,MIR99AHG
DILA1,MIR99AHG
FLJ38295,MIR99AHG
LINC00478,MIR99AHG
MONC,MIR99AHG
HSA-MIR-99B,MIR99B
MIRN99B,MIR99B
HSA-MIR-101-2,MIR101-2
MIRN101-2,MIR101-2
HSA-MIR-103-2,MIR103A2
HSA-MIR-103A-2,MIR103A2
MIR103-2,MIR103A2
MIRN103-2,MIR103A2
HSA-MIR-103-2-AS,MIR103B2
HSA-MIR-103B-2,MIR103B2
MIR103-2AS,MIR103B2
MIRN103-2AS,MIR103B2
HSA-MIR-105-1,MIR105-1
MIRN105-1,MIR105-1
HSA-MIR-105-2,MIR105-2
MIRN105-2,MIR105-2
HSA-MIR-106B,MIR106B
MIRN106B,MIR106B
HSA-MIR-107,MIR107
MIRN107,MIR107
HSA-MIR-122,MIR122
HSA-MIR-122A,MIR122
MIR-122,MIR122
MIRN122,MIR122
MIRN122A,MIR122
LNC-PRI-MIR-122,MIR122HG
HSA-MIR-124-1,MIR124-1
HSA-MIR-124A-1,MIR124-1
MIRN124-1,MIR124-1
MIRN124A1,MIR124-1
LINC00599,MIR124-1HG
NEUROLNC,MIR124-1HG
RNCR3,MIR124-1HG
HSA-MIR-124-2,MIR124-2
HSA-MIR-124A-2,MIR124-2
MIRN124-2,MIR124-2
MIRN124A2,MIR124-2
HSA-MIR-124-3,MIR124-3
HSA-MIR-124A-3,MIR124-3
MIRN124-3,MIR124-3
MIRN124A3,MIR124-3
HSA-MIR-125A,MIR125A
MIRN125A,MIR125A
HSA-MIR-125B-2,MIR125B2
MIRN125B2,MIR125B2
HSA-MIR-126,MIR126
MIRN126,MIR126
HSA-MIR-127,MIR127
MIRN127,MIR127
HSA-MIR-128-2,MIR128-2
HSA-MIR-128B,MIR128-2
MIRN128-2,MIR128-2
MIRN128B,MIR128-2
HSA-MIR-130A,MIR130A
MIRN130A,MIR130A
HSA-MIR-130B,MIR130B
MIRN130B,MIR130B
HSA-MIR-132,MIR132
MIRN132,MIR132
HSA-MIR-133A-1,MIR133A1
MIRN133A1,MIR133A1
MIR1-2HG,MIR133A1HG
HSA-MIR-133A-2,MIR133A2
MIRN133A2,MIR133A2
HSA-MIR-134,MIR134
MIRN134,MIR134
HSA-MIR-135-2,MIR135A2
HSA-MIR-135A-2,MIR135A2
MIRN135-2,MIR135A2
MIRN135A2,MIR135A2
HSA-MIR-136,MIR136
MIRN136,MIR136
HSA-MIR-138-1,MIR138-1
MIRN138-1,MIR138-1
HSA-MIR-138-2,MIR138-2
MIRN138-2,MIR138-2
HSA-MIR-141,MIR141
MIRN141,MIR141
HSA-MIR-146,MIR146A
HSA-MIR-146A,MIR146A
MIRN146,MIR146A
MIRN146A,MIR146A
HSA-MIR-146B,MIR146B
MIRN146B,MIR146B
HSA-MIR-147,MIR147A
MIR147,MIR147A
MIRN147,MIR147A
HSA-MIR-147B,MIR147B
MIRN147B,MIR147B
HSA-MIR-150,MIR150
MIRN150,MIR150
HSA-MIR-154,MIR154
MIRN154,MIR154
HSA-MIR-155,MIR155
MIRN155,MIR155
BIC,MIR155HG
MIPEP155,MIR155HG
MIRHG2,MIR155HG
NCRNA00172,MIR155HG
HSA-MIR-181A,MIR181A2
MIRN181A,MIR181A2
MIRN181A2,MIR181A2
HSA-MIR-181B-2,MIR181B2
MIRN181B2,MIR181B2
HSA-MIR-181C,MIR181C
MIRN181C,MIR181C
HSA-MIR-181D,MIR181D
MIRN181D,MIR181D
HSA-MIR-184,MIR184
MIRN184,MIR184
HSA-MIR-185,MIR185
MIRN185,MIR185
HSA-MIR-187,MIR187
MIRN187,MIR187
HSA-MIR-188,MIR188
MIRN188,MIR188
HSA-MIR-191,MIR191
MIRN191,MIR191
HSA-MIR-192,MIR192
MIRN192,MIR192
HSA-MIR-194-2,MIR194-2
MIRN194-2,MIR194-2
HSA-MIR-199B,MIR199B
MIRN199B,MIR199B
HSA-MIR-200C,MIR200C
MIRN200C,MIR200C
HSA-MIR-202,MIR202
MIRN202,MIR202
HSA-MIR-204,MIR204
MIRN204,MIR204
HSA-MIR-210,MIR210
MIRN210,MIR210
HSA-MIR-211,MIR211
MIRN211,MIR211
HSA-MIR-212,MIR212
MIRN212,MIR212
HSA-MIR-219-1,MIR219A1
MIR219-1,MIR219A1
MIRN219-1,MIR219A1
HSA-MIR-219-2,MIR219A2
MIR219-2,MIR219A2
MIRN219-2,MIR219A2
HSA-MIR-2964A,MIR219B
MIR2964A,MIR219B
HSA-MIR-221,MIR221
MIRN221,MIR221
HSA-MIR-222,MIR222
MIRN222,MIR222
HSA-MIR-223,MIR223
MIRN223,MIR223
HSA-MIR-224,MIR224
MIRN224,MIR224
HSA-MIR-296,MIR296
MIRN296,MIR296
HSA-MIR-297,MIR297
MIRN297,MIR297
HSA-MIR-298,MIR298
MIRN298,MIR298
HSA-MIR-299,MIR299
MIRN299,MIR299
HSA-MIR-300,MIR300
MIRN300,MIR300
HSA-MIR-301,MIR301A
HSA-MIR-301A,MIR301A
MIRN301,MIR301A
MIRN301A,MIR301A
HSA-MIR-301B,MIR301B
MIRN301B,MIR301B
HSA-MIR-302E,MIR302E
MIRN302E,MIR302E
HSA-MIR-302F,MIR302F
MIRN302F,MIR302F
HSA-MIR-320,MIR320A
MIRN320,MIR320A
MIRN320A,MIR320A
HSA-MIR-320C-1,MIR320C1
MIRN320C1,MIR320C1
HSA-MIR-320C-2,MIR320C2
MIRN320C2,MIR320C2
HSA-MIR-320D-1,MIR320D1
MIRN320D1,MIR320D1
HSA-MIR-320D-2,MIR320D2
MIRN320D2,MIR320D2
HSA-MIR-320E,MIR320E
HSA-MIR-323,MIR323A
MIR323,MIR323A
MIRN323,MIR323A
HSA-MIR-323B,MIR323B
HSA-MIR-453,MIR323B
MIR453,MIR323B
MIRN453,MIR323B
HSA-MIR-325,MIR325
MIRN325,MIR325
HSA-MIR-326,MIR326
MIRN326,MIR326
HSA-MIR-328,MIR328
MIRN328,MIR328
HSA-MIR-329-1,MIR329-1
MIRN329-1,MIR329-1
HSA-MIR-329-2,MIR329-2
MIRN329-2,MIR329-2
HSA-MIR-331,MIR331
MIRN331,MIR331
HSA-MIR-335,MIR335
MIRN335,MIR335
HSA-MIR-337,MIR337
MIRN337,MIR337
HSA-MIR-339,MIR339
MIRN339,MIR339
HSA-MIR-340,MIR340
MIRN340,MIR340
HSA-MIR-346,MIR346
MIRN346,MIR346
HSA-MIR-361,MIR361
MIRN361,MIR361
HSA-MIR-362,MIR362
MIRN362,MIR362
HSA-MIR-369,MIR369
MIRN369,MIR369
HSA-MIR-370,MIR370
MIRN370,MIR370
HSA-MIR-376A,MIR376A1
HSA-MIR-376A-1,MIR376A1
MIRN376A,MIR376A1
MIRN376A1,MIR376A1
HSA-MIR-376A-2,MIR376A2
MIRN376A2,MIR376A2
HSA-MIR-376B,MIR376B
MIRN376B,MIR376B
HSA-MIR-368,MIR376C
HSA-MIR-376C,MIR376C
MIRN368,MIR376C
MIRN376C,MIR376C
HSA-MIR-377,MIR377
MIRN377,MIR377
HSA-MIR-378,MIR378A
MIR378,MIR378A
MIRN378,MIR378A
HSA-MIR-378B,MIR378B
HSA-MIR-378C,MIR378C
HSA-MIR-378D-2,MIR378D2
HSA-MIR-378H,MIR378H
HSA-MIR-378I,MIR378I
HSA-MIR-379,MIR379
MIRN379,MIR379
HSA-MIR-380,MIR380
MIRN380,MIR380
HSA-MIR-381,MIR381
MIRN381,MIR381
HSA-MIR-382,MIR382
MIRN382,MIR382
HSA-MIR-383,MIR383
MIRN383,MIR383
HSA-MIR-384,MIR384
MIRN384,MIR384
HSA-MIR-409,MIR409
MIRN409,MIR409
HSA-MIR-410,MIR410
MIRN410,MIR410
HSA-MIR-411,MIR411
MIRN411,MIR411
HSA-MIR-412,MIR412
MIRN412,MIR412
HSA-MIR-422A,MIR422A
MIRN422A,MIR422A
HSA-MIR-423,MIR423
MIRN423,MIR423
HSA-MIR-424,MIR424
MIRN424,MIR424
HSA-MIR-425,MIR425
MIRN425,MIR425
HSA-MIR-431,MIR431
MIRN431,MIR431
HSA-MIR-432,MIR432
MIRN432,MIR432
HSA-MIR-433,MIR433
MIRN433,MIR433
HSA-MIR-448,MIR448
MIRN448,MIR448
HSA-MIR-449,MIR449A
HSA-MIR-449A,MIR449A
MIRN449,MIR449A
MIRN449A,MIR449A
HSA-MIR-449B,MIR449B
MIRN449B,MIR449B
HSA-MIR-449C,MIR449C
HSA-MIR-450,MIR450A1
HSA-MIR-450-1,MIR450A1
HSA-MIR-450A-1,MIR450A1
MIRN450,MIR450A1
MIRN450-1,MIR450A1
MIRN450A1,MIR450A1
HSA-MIR-450-2,MIR450A2
HSA-MIR-450A-2,MIR450A2
MIRN450-2,MIR450A2
MIRN450A2,MIR450A2
HSA-MIR-450B,MIR450B
MIRN450B,MIR450B
HSA-MIR-452,MIR452
MIRN452,MIR452
HSA-MIR-454,MIR454
MIRN454,MIR454
HSA-MIR-455,MIR455
MIRN455,MIR455
HSA-MIR-466,MIR466
HSA-MIR-484,MIR484
MIRN484,MIR484
HSA-MIR-485,MIR485
MIRN485,MIR485
HSA-MIR-487,MIR487A
HSA-MIR-487A,MIR487A
MIRN487,MIR487A
MIRN487A,MIR487A
HSA-MIR-487B,MIR487B
MIRN487B,MIR487B
HSA-MIR-489,MIR489
MIRN489,MIR489
HSA-MIR-491,MIR491
MIRN491,MIR491
HSA-MIR-493,MIR493
MIRN493,MIR493
HSA-MIR-494,MIR494
MIRN494,MIR494
HSA-MIR-495,MIR495
MIRN495,MIR495
HSA-MIR-496,MIR496
MIRN496,MIR496
HSA-MIR-498,MIR498
MIRN498,MIR498
HSA-MIR-499,MIR499A
MIR499,MIR499A
MIRN499,MIR499A
HSA-MIR-499A,MIR499B
MIR499A,MIR499B
HSA-MIR-500,MIR500A
MIR500,MIR500A
MIRN500,MIR500A
HSA-MIR-500B,MIR500B
HSA-MIR-501,MIR501
MIRN501,MIR501
HSA-MIR-502,MIR502
MIRN502,MIR502
HSA-MIR-503,MIR503
MIRN503,MIR503
H19X,MIR503HG
MGC16121,MIR503HG
HSA-MIR-505,MIR505
MIRN505,MIR505
HSA-MIR-506,MIR506
MIRN506,MIR506
HSA-MIR-507,MIR507
MIRN507,MIR507
HSA-MIR-508,MIR508
MIRN508,MIR508
HSA-MIR-509,MIR509-1
HSA-MIR-509-1,MIR509-1
MIRN509,MIR509-1
MIRN509-1,MIR509-1
HSA-MIR-509-2,MIR509-2
MIRN509-2,MIR509-2
HSA-MIR-509-3,MIR509-3
MIRN509-3,MIR509-3
HSA-MIR-510,MIR510
MIRN510,MIR510
HSA-MIR-511-1,MIR511
HSA-MIR-511-2,MIR511
MIR511-1,MIR511
MIR511-2,MIR511
MIRN511-1,MIR511
MIRN511-2,MIR511
HSA-MIR-512-1,MIR512-1
MIRN512-1,MIR512-1
HSA-MIR-512-2,MIR512-2
MIRN512-2,MIR512-2
HSA-MIR-513-1,MIR513A1
HSA-MIR-513A-1,MIR513A1
MIRN513-1,MIR513A1
MIRN513A1,MIR513A1
HSA-MIR-513-2,MIR513A2
MIRN513-2,MIR513A2
MIRN513A-2,MIR513A2
MIRN513A2,MIR513A2
HSA-MIR-513B,MIR513B
MIRN513B,MIR513B
HSA-MIR-513C,MIR513C
MIRN513C,MIR513C
HSA-MIR-514-1,MIR514A1
MIR514-1,MIR514A1
MIRN514-1,MIR514A1
HSA-MIR-514-2,MIR514A2
MIR514-2,MIR514A2
MIRN514-2,MIR514A2
HSA-MIR-514-3,MIR514A3
MIR514-3,MIR514A3
MIRN514-3,MIR514A3
HSA-MIR-514B,MIR514B
HSA-MIR-515-1,MIR515-1
MIRN515-1,MIR515-1
HSA-MIR-515-2,MIR515-2
MIRN515-2,MIR515-2
HSA-MIR-516-1,MIR516A1
HSA-MIR-516A-1,MIR516A1
MIRN516-1,MIR516A1
MIRN516A1,MIR516A1
HSA-MIR-516-2,MIR516A2
HSA-MIR-516A-2,MIR516A2
MIRN516-2,MIR516A2
MIRN516A2,MIR516A2
HSA-MIR-516-4,MIR516B1
HSA-MIR-516B-1,MIR516B1
MIRN516-4,MIR516B1
MIRN516B1,MIR516B1
HSA-MIR-516-3,MIR516B2
HSA-MIR-516B-2,MIR516B2
MIRN516-3,MIR516B2
MIRN516B2,MIR516B2
HSA-MIR-517A,MIR517A
MIRN517A,MIR517A
HSA-MIR-517B,MIR517B
MIRN517B,MIR517B
HSA-MIR-517C,MIR517C
MIRN517C,MIR517C
HSA-MIR-518A-1,MIR518A1
MIRN518A-1,MIR518A1
MIRN518A1,MIR518A1
HSA-MIR-518A-2,MIR518A2
MIRN518A-2,MIR518A2
MIRN518A2,MIR518A2
HSA-MIR-518B,MIR518B
MIRN518B,MIR518B
HSA-MIR-518C,MIR518C
MIRN518C,MIR518C
HSA-MIR-518D,MIR518D
MIRN518D,MIR518D
HSA-MIR-518E,MIR518E
MIRN518E,MIR518E
HSA-MIR-518F,MIR518F
MIRN518F,MIR518F
HSA-MIR-519A-1,MIR519A1
MIRN519A-1,MIR519A1
MIRN519A1,MIR519A1
HSA-MIR-519A-2,MIR519A2
MIRN519A-2,MIR519A2
MIRN519A2,MIR519A2
HSA-MIR-519B,MIR519B
MIRN519B,MIR519B
HSA-MIR-519C,MIR519C
MIRN519C,MIR519C
HSA-MIR-519D,MIR519D
MIRN519D,MIR519D
HSA-MIR-519E,MIR519E
MIRN519E,MIR519E
HSA-MIR-520A,MIR520A
MIRN520A,MIR520A
HSA-MIR-520B,MIR520B
MIRN520B,MIR520B
HSA-MIR-520C,MIR520C
MIRN520C,MIR520C
HSA-MIR-520D,MIR520D
MIRN520D,MIR520D
HSA-MIR-520E,MIR520E
MIRN520E,MIR520E
HSA-MIR-520F,MIR520F
MIRN520F,MIR520F
HSA-MIR-520G,MIR520G
MIRN520G,MIR520G
HSA-MIR-520H,MIR520H
MIRN520H,MIR520H
HSA-MIR-521-1,MIR521-1
MIRN521-1,MIR521-1
HSA-MIR-521-2,MIR521-2
MIRN521-2,MIR521-2
HSA-MIR-522,MIR522
MIRN522,MIR522
HSA-MIR-523,MIR523
MIRN523,MIR523
HSA-MIR-524,MIR524
MIRN524,MIR524
HSA-MIR-525,MIR525
MIRN525,MIR525
HSA-MIR-526A-1,MIR526A1
MIRN526A-1,MIR526A1
MIRN526A1,MIR526A1
HSA-MIR-526A-2,MIR526A2
MIRN526A-2,MIR526A2
MIRN526A2,MIR526A2
HSA-MIR-526B,MIR526B
MIRN526B,MIR526B
HSA-MIR-527,MIR527
MIRN527,MIR527
HSA-MIR-532,MIR532
MIRN532,MIR532
HSA-MIR-539,MIR539
MIRN539,MIR539
HSA-MIR-541,MIR541
MIRN541,MIR541
HSA-MIR-542,MIR542
MIRN542,MIR542
HSA-MIR-543,MIR543
MIRN543,MIR543
HSA-MIR-544,MIR544A
MIR544,MIR544A
MIRN544,MIR544A
HSA-MIR-548A-1,MIR548A1
MIRN548A1,MIR548A1
HSA-MIR-548A-2,MIR548A2
MIRN548A2,MIR548A2
HSA-MIR-548A-3,MIR548A3
MIRN548A3,MIR548A3
HSA-MIR-548AA-1,MIR548AA1
HSA-MIR-548AB,MIR548AB
HSA-MIR-548AG-1,MIR548AG1
HSA-MIR-548AG-2,MIR548AG2
HSA-MIR-548AI,MIR548AI
HSA-MIR-548AJ-2,MIR548AJ2
HSA-MIR-548AM,MIR548AM
HSA-MIR-548AN,MIR548AN
HSA-MIR-548AO,MIR548AO
HSA-MIR-548AP,MIR548AP
HSA-MIR-548AR,MIR548AR
HSA-MIR-548AS,MIR548AS
HSA-MIR-548AU,MIR548AU
HSA-MIR-548AV,MIR548AV
HSA-MIR-548AW,MIR548AW
HSA-MIR-548AX,MIR548AX
HSA-MIR-548AY,MIR548AY
HSA-MIR-548AZ,MIR548AZ
HSA-MIR-548B,MIR548B
MIRN548B,MIR548B
HSA-MIR-548D-1,MIR548D1
MIRN548D1,MIR548D1
HSA-MIR-548E,MIR548E
MIRN548E,MIR548E
HSA-MIR-548F-1,MIR548F1
MIRN548F1,MIR548F1
HSA-MIR-548F-3,MIR548F3
MIRN548F3,MIR548F3
HSA-MIR-548F-4,MIR548F4
MIRN548F4,MIR548F4
HSA-MIR-548F-5,MIR548F5
MIRN548F5,MIR548F5
HSA-MIR-548G,MIR548G
MIRN548G,MIR548G
HSA-MIR-548H-1,MIR548H1
MIRN548H1,MIR548H1
HSA-MIR-548H-2,MIR548H2
MIRN548H2,MIR548H2
HSA-MIR-548H-3,MIR548H3
MIRN548H3,MIR548H3
HSA-MIR-548H-4,MIR548H4
MIRN548H4,MIR548H4
HSA-MIR-548H-5,MIR548H5
HSA-MIR-548I-2,MIR548I2
MIRN548I2,MIR548I2
HSA-MIR-548I-3,MIR548I3
MIRN548I3,MIR548I3
HSA-MIR-548J,MIR548J
MIRN548J,MIR548J
HSA-MIR-548K,MIR548K
MIRN548K,MIR548K
HSA-MIR-548M,MIR548M
MIRN548M,MIR548M
HSA-MIR-548O,MIR548O
MIRN548O,MIR548O
HSA-MIR-548O-2,MIR548O2
HSA-MIR-548P,MIR548P
MIRN548P,MIR548P
HSA-MIR-548Q,MIR548Q
HSA-MIR-548T,MIR548T
HSA-MIR-548U,MIR548U
HSA-MIR-548V,MIR548V
HSA-MIR-548W,MIR548W
HSA-MIR-548X,MIR548X
HSA-MIR-548X-2,MIR548X2
HSA-MIR-549,MIR549A
MIR549,MIR549A
MIRN549,MIR549A
HSA-MIR-550-1,MIR550A1
MIR550-1,MIR550A1
MIRN550-1,MIR550A1
HSA-MIR-550-2,MIR550A2
HSA-MIR-550A-2,MIR550A2
MIR550-2,MIR550A2
MIRN550-2,MIR550A2
HSA-MIR-550B-1,MIR550B1
HSA-MIR-550B-2,MIR550B2
HSA-MIR-551B,MIR551B
MIRN551B,MIR551B
HSA-MIR-563,MIR563
MIRN563,MIR563
HSA-MIR-564,MIR564
MIRN564,MIR564
HSA-MIR-567,MIR567
MIRN567,MIR567
HSA-MIR-568,MIR568
MIRN568,MIR568
HSA-MIR-569,MIR569
MIRN569,MIR569
HSA-MIR-572,MIR572
MIRN572,MIR572
HSA-MIR-573,MIR573
MIRN573,MIR573
HSA-MIR-575,MIR575
MIRN575,MIR575
HSA-MIR-576,MIR576
MIRN576,MIR576
HSA-MIR-577,MIR577
MIRN577,MIR577
HSA-MIR-579,MIR579
MIRN579,MIR579
HSA-MIR-580,MIR580
MIRN580,MIR580
HSA-MIR-581,MIR581
MIRN581,MIR581
HSA-MIR-583,MIR583
MIRN583,MIR583
HSA-MIR-584,MIR584
MIRN584,MIR584
HSA-MIR-587,MIR587
MIRN587,MIR587
HSA-MIR-588,MIR588
MIRN588,MIR588
HSA-MIR-589,MIR589
MIRN589,MIR589
HSA-MIR-590,MIR590
MIRN590,MIR590
HSA-MIR-591,MIR591
MIRN591,MIR591
HSA-MIR-596,MIR596
MIRN596,MIR596
HSA-MIR-597,MIR597
MIRN597,MIR597
HSA-MIR-598,MIR598
MIRN598,MIR598
HSA-MIR-599,MIR599
MIRN599,MIR599
HSA-MIR-600,MIR600
MIRN600,MIR600
C9ORF45,MIR600HG
FLJ22161,MIR600HG
GL012,MIR600HG
NCRNA00287,MIR600HG
HSA-MIR-601,MIR601
MIRN601,MIR601
HSA-MIR-602,MIR602
MIRN602,MIR602
HSA-MIR-604,MIR604
MIRN604,MIR604
HSA-MIR-605,MIR605
MIRN605,MIR605
HSA-MIR-607,MIR607
MIRN607,MIR607
HSA-MIR-608,MIR608
MIRN608,MIR608
HSA-MIR-609,MIR609
MIRN609,MIR609
HSA-MIR-610,MIR610
MIRN610,MIR610
HSA-MIR-611,MIR611
MIRN611,MIR611
HSA-MIR-616,MIR616
MIRN616,MIR616
HSA-MIR-617,MIR617
MIRN617,MIR617
HSA-MIR-618,MIR618
MIRN618,MIR618
HSA-MIR-619,MIR619
MIRN619,MIR619
HSA-MIR-620,MIR620
MIRN620,MIR620
HSA-MIR-621,MIR621
MIRN621,MIR621
HSA-MIR-622,MIR622
MIRN622,MIR622
HSA-MIR-623,MIR623
MIRN623,MIR623
HSA-MIR-624,MIR624
MIRN624,MIR624
HSA-MIR-625,MIR625
MIRN625,MIR625
HSA-MIR-626,MIR626
MIRN626,MIR626
HSA-MIR-628,MIR628
MIRN628,MIR628
HSA-MIR-629,MIR629
MIRN629,MIR629
HSA-MIR-630,MIR630
MIRN630,MIR630
HSA-MIR-634,MIR634
MIRN634,MIR634
HSA-MIR-635,MIR635
MIRN635,MIR635
HSA-MIR-636,MIR636
MIRN636,MIR636
HSA-MIR-639,MIR639
MIRN639,MIR639
HSA-MIR-640,MIR640
MIRN640,MIR640
HSA-MIR-644,MIR644A
MIR644,MIR644A
MIRN644,MIR644A
HSA-MIR-645,MIR645
MIRN645,MIR645
HSA-MIR-646,MIR646
MIRN646,MIR646
HSA-MIR-647,MIR647
MIRN647,MIR647
HSA-MIR-648,MIR648
MIRN648,MIR648
HSA-MIR-649,MIR649
MIRN649,MIR649
HSA-MIR-650,MIR650
MIRN650,MIR650
HSA-MIR-651,MIR651
MIRN651,MIR651
HSA-MIR-652,MIR652
MIRN652,MIR652
HSA-MIR-653,MIR653
MIRN653,MIR653
HSA-MIR-654,MIR654
MIRN654,MIR654
HSA-MIR-655,MIR655
MIRN655,MIR655
HSA-MIR-656,MIR656
MIRN656,MIR656
HSA-MIR-658,MIR658
MIRN658,MIR658
HSA-MIR-659,MIR659
MIRN659,MIR659
HSA-MIR-660,MIR660
MIRN660,MIR660
HSA-MIR-661,MIR661
MIRN661,MIR661
HSA-MIR-662,MIR662
MIRN662,MIR662
HSA-MIR-663,MIR663A
MIR-663A,MIR663A
MIR663,MIR663A
MIRN663,MIR663A
RP3-410C9.1,MIR663AHG
HSA-MIR-664B,MIR664B
MIR644B,MIR664B
HSA-MIR-665,MIR665
MIRN665,MIR665
HSA-MIR-668,MIR668
MIRN668,MIR668
HSA-MIR-675,MIR675
MIRN675,MIR675
HSA-MIR-676,MIR676
HSA-MIR-708,MIR708
MIRN708,MIR708
HSA-MIR-718,MIR718
HSA-MIR-744,MIR744
MIRN744,MIR744
HSA-MIR-758,MIR758
MIRN758,MIR758
HSA-MIR-759,MIR759
HSA-MIR-762,MIR762
HSA-MIR-764,MIR764
HSA-MIR-766,MIR766
MIRN766,MIR766
HSA-MIR-767,MIR767
MIRN767,MIR767
HSA-MIR-769,MIR769
MIRN769,MIR769
HSA-MIR-770,MIR770
MIRN770,MIR770
HSA-MIR-802,MIR802
MIRN802,MIR802
HSA-MIR-875,MIR875
MIRN875,MIR875
HSA-MIR-877,MIR877
MIRN877,MIR877
HSA-MIR-887,MIR887
MIRN887,MIR887
HSA-MIR-888,MIR888
MIRN888,MIR888
HSA-MIR-889,MIR889
MIRN889,MIR889
HSA-MIR-890,MIR890
MIRN890,MIR890
HSA-MIR-891A,MIR891A
MIRN891A,MIR891A
HSA-MIR-891B,MIR891B
MIRN891B,MIR891B
HSA-MIR-892A,MIR892A
MIRN892A,MIR892A
HSA-MIR-892B,MIR892B
MIRN892B,MIR892B
HSA-MIR-892C,MIR892C
HSA-MIR-924,MIR924
MIRN924,MIR924
LINC00669,MIR924HG
HSA-MIR-934,MIR934
MIRN934,MIR934
HSA-MIR-937,MIR937
MIRN937,MIR937
HSA-MIR-938,MIR938
MIRN938,MIR938
HSA-MIR-939,MIR939
MIRN939,MIR939
HSA-MIR-941-1,MIR941-1
MIRN941-1,MIR941-1
HSA-MIR-941-2,MIR941-2
MIRN941-2,MIR941-2
HSA-MIR-941-3,MIR941-3
MIRN941-3,MIR941-3
HSA-MIR-941-4,MIR941-4
MIRN941-4,MIR941-4
HSA-MIR-943,MIR943
MIRN943,MIR943
HSA-MIR-944,MIR944
MIRN944,MIR944
HSA-MIR-1179,MIR1179
MIRN1179,MIR1179
HSA-MIR-1180,MIR1180
MIRN1180,MIR1180
HSA-MIR-1181,MIR1181
MIRN1181,MIR1181
HSA-MIR-1183,MIR1183
MIRN1183,MIR1183
HSA-MIR-1184,MIR1184-1
MIR1184,MIR1184-1
MIRN1184,MIR1184-1
HSA-MIR-1184-2,MIR1184-2
HSA-MIR-1184-3,MIR1184-3
HSA-MIR-1185-1,MIR1185-1
MIRN1185-1,MIR1185-1
HSA-MIR-1185-2,MIR1185-2
MIRN1185-2,MIR1185-2
HSA-MIR-1193,MIR1193
HSA-MIR-1197,MIR1197
MIRN1197,MIR1197
HSA-MIR-1199,MIR1199
HSA-MIR-1200,MIR1200
MIRN1200,MIR1200
HSA-MIR-1202,MIR1202
MIRN1202,MIR1202
HSA-MIR-1203,MIR1203
MIRN1203,MIR1203
HSA-MIR-1205,MIR1205
MIRN1205,MIR1205
HSA-MIR-1206,MIR1206
MIRN1206,MIR1206
HSA-MIR-1207,MIR1207
MIRN1207,MIR1207
HSA-MIR-1208,MIR1208
MIRN1208,MIR1208
HSA-MIR-1224,MIR1224
MIRN1224,MIR1224
HSA-MIR-1228,MIR1228
MIRN1228,MIR1228
HSA-MIR-1229,MIR1229
MIRN1229,MIR1229
HSA-MIR-1233,MIR1233-1
MIR1233,MIR1233-1
MIRN1233,MIR1233-1
HSA-MIR-1233-2,MIR1233-2
HSA-MIR-1234,MIR1234
MIRN1234,MIR1234
HSA-MIR-1236,MIR1236
MIRN1236,MIR1236
HSA-MIR-1237,MIR1237
MIRN1237,MIR1237
HSA-MIR-1243,MIR1243
MIRN1243,MIR1243
HSA-MIR-1244-2,MIR1244-2
HSA-MIR-1244-3,MIR1244-3
HSA-MIR-1245,MIR1245A
MIR1245,MIR1245A
MIRN1245,MIR1245A
HSA-MIR-1245B,MIR1245B
HSA-MIR-1249,MIR1249
MIRN1249,MIR1249
HSA-MIR-1251,MIR1251
MIRN1251,MIR1251
HSA-MIR-1253,MIR1253
MIRN1253,MIR1253
HSA-MIR-1255A,MIR1255A
MIRN1255A,MIR1255A
HSA-MIR-1255B-1,MIR1255B1
MIRN1255B1,MIR1255B1
HSA-MIR-1257,MIR1257
MIRN1257,MIR1257
HSA-MIR-1260,MIR1260A
MIR1260,MIR1260A
MIRN1260,MIR1260A
HSA-MIR-1261,MIR1261
MIRN1261,MIR1261
HSA-MIR-1263,MIR1263
MIRN1263,MIR1263
HSA-MIR-1264,MIR1264
MIRN1264,MIR1264
HSA-MIR-1266,MIR1266
MIRN1266,MIR1266
HSA-MIR-1267,MIR1267
MIRN1267,MIR1267
HSA-MIR-1268B,MIR1268B
HSA-MIR-1269,MIR1269A
MIR1269,MIR1269A
MIRN1269,MIR1269A
HSA-MIR-1269B,MIR1269B
HSA-MIR-1270,MIR1270
HSA-MIR-1270-2,MIR1270
MIR1270-1,MIR1270
MIR1270-2,MIR1270
MIRN1270,MIR1270
HSA-MIR-1273C,MIR1273C
HSA-MIR-1276,MIR1276
MIRN1276,MIR1276
HSA-MIR-1277,MIR1277
MIRN1277,MIR1277
HSA-MIR-1279,MIR1279
MIRN1279,MIR1279
HSA-MIR-1281,MIR1281
MIRN1281,MIR1281
HSA-MIR-1282,MIR1282
MIRN1282,MIR1282
HSA-MIR-1283-1,MIR1283-1
MIRN1283-1,MIR1283-1
HSA-MIR-1283-2,MIR1283-2
MIRN1283-2,MIR1283-2
HSA-MIR-1285-1,MIR1285-1
MIRN1285-1,MIR1285-1
HSA-MIR-1286,MIR1286
MIRN1286,MIR1286
HSA-MIR-1287,MIR1287
MIRN1287,MIR1287
HSA-MIR-1289-1,MIR1289-1
MIRN1289-1,MIR1289-1
HSA-MIR-1292,MIR1292
MIRN1292,MIR1292
HSA-MIR-1293,MIR1293
MIRN1293,MIR1293
HSA-MIR-1294,MIR1294
MIRN1294,MIR1294
HSA-MIR-1296,MIR1296
MIRN1296,MIR1296
HSA-MIR-1297,MIR1297
MIRN1297,MIR1297
HSA-MIR-1298,MIR1298
MIRN1298,MIR1298
HSA-MIR-1302-1,MIR1302-1
MIRN1302-1,MIR1302-1
HSA-MIR-1302-5,MIR1302-5
MIRN1302-5,MIR1302-5
HSA-MIR-1302-6,MIR1302-6
MIRN1302-6,MIR1302-6
HSA-MIR-1302-7,MIR1302-7
MIRN1302-7,MIR1302-7
HSA-MIR-1302-9,MIR1302-9
HSA-MIR-1302-10,MIR1302-10
HSA-MIR-1302-11,MIR1302-11
HSA-MIR-1303,MIR1303
MIRN1303,MIR1303
HSA-MIR-1304,MIR1304
MIRN1304,MIR1304
HSA-MIR-1305,MIR1305
MIRN1305,MIR1305
HSA-MIR-1306,MIR1306
MIRN1306,MIR1306
HSA-MIR-1307,MIR1307
MIRN1307,MIR1307
HSA-MIR-1321,MIR1321
MIRN1321,MIR1321
HSA-MIR-1322,MIR1322
MIRN1322,MIR1322
HSA-MIR-1323,MIR1323
MIRN1323,MIR1323
HSA-MIR-1324,MIR1324
MIRN1324,MIR1324
HSA-MIR-1343,MIR1343
HSA-MIR-1468,MIR1468
MIRN1468,MIR1468
HSA-MIR-1469,MIR1469
MIRN1469,MIR1469
HSA-MIR-1470,MIR1470
MIRN1470,MIR1470
HSA-MIR-1538,MIR1538
MIRN1538,MIR1538
HSA-MIR-1539,MIR1539
MIRN1539,MIR1539
HSA-MIR-1587,MIR1587
HSA-MIR-1825,MIR1825
MIRN1825,MIR1825
HSA-MIR-1827,MIR1827
MIRN1827,MIR1827
HSA-MIR-1908,MIR1908
MIRN1908,MIR1908
HSA-MIR-1909,MIR1909
MIRN1909,MIR1909
HSA-MIR-1911,MIR1911
MIRN1911,MIR1911
HSA-MIR-1912,MIR1912
MIRN1912,MIR1912
HSA-MIR-1913,MIR1913
MIRN1913,MIR1913
HSA-MIR-1914,MIR1914
MIRN1914,MIR1914
HSA-MIR-1915,MIR1915
MIRN1915,MIR1915
HSA-MIR-1972-2,MIR1972-2
HSA-MIR-1976,MIR1976
HSA-MIR-2052,MIR2052
HSA-MIR-2053,MIR2053
HSA-MIR-2054,MIR2054
HSA-MIR-2110,MIR2110
HSA-MIR-2113,MIR2113
HSA-MIR-2114,MIR2114
HSA-MIR-2116,MIR2116
HSA-MIR-2276,MIR2276
HSA-MIR-2278,MIR2278
HSA-MIR-2392,MIR2392
HSA-MIR-2681,MIR2681
HSA-MIR-2861,MIR2861
HSA-MIR-3074,MIR3074
HSA-MIR-3118-1,MIR3118-1
HSA-MIR-3118-2,MIR3118-2
HSA-MIR-3118-3,MIR3118-3
HSA-MIR-3118-4,MIR3118-4
HSA-MIR-3135,MIR3135A
MIR3135,MIR3135A
HSA-MIR-3135B,MIR3135B
HSA-MIR-3141,MIR3141
HSA-MIR-3142,MIR3142
HSA-MIR-3144,MIR3144
HSA-MIR-3145,MIR3145
HSA-MIR-3147,MIR3147
HSA-MIR-3148,MIR3148
HSA-MIR-3149,MIR3149
HSA-MIR-3152,MIR3152
HSA-MIR-3154,MIR3154
HSA-MIR-3156-1,MIR3156-1
HSA-MIR-3156-2,MIR3156-2
HSA-MIR-3156-3,MIR3156-3
HSA-MIR-3157,MIR3157
HSA-MIR-3158-1,MIR3158-1
HSA-MIR-3158-2,MIR3158-2
HSA-MIR-3159,MIR3159
HSA-MIR-3162,MIR3162
HSA-MIR-3165,MIR3165
HSA-MIR-3168,MIR3168
HSA-MIR-3169,MIR3169
HSA-MIR-3170,MIR3170
HSA-MIR-3171,MIR3171
HSA-MIR-3173,MIR3173
HSA-MIR-3174,MIR3174
HSA-MIR-3177,MIR3177
HSA-MIR-3178,MIR3178
HSA-MIR-3179-2,MIR3179-2
HSA-MIR-3180-2,MIR3180-2
HSA-MIR-3181,MIR3181
HSA-MIR-3184,MIR3184
HSA-MIR-3185,MIR3185
HSA-MIR-3186,MIR3186
HSA-MIR-3187,MIR3187
HSA-MIR-3192,MIR3192
HSA-MIR-3193,MIR3193
HSA-MIR-3194,MIR3194
HSA-MIR-3195,MIR3195
HSA-MIR-3196,MIR3196
HSA-MIR-3197,MIR3197
HSA-MIR-3198-1,MIR3198-1
MIR3198,MIR3198-1
HSA-MIR-3199-1,MIR3199-1
HSA-MIR-3199-2,MIR3199-2
HSA-MIR-3200,MIR3200
HSA-MIR-3201,MIR3201
HSA-MIR-3202-1,MIR3202-1
HSA-MIR-3202-2,MIR3202-2
HSA-MIR-3529,MIR3529
HSA-MIR-122B,MIR3591
HSA-MIR-3591,MIR3591
HSA-MIR-3606,MIR3606
HSA-MIR-3609,MIR3609
HSA-MIR-3610,MIR3610
HSA-MIR-3611,MIR3611
HSA-MIR-3612,MIR3612
HSA-MIR-3613,MIR3613
HSA-MIR-3614,MIR3614
HSA-MIR-3616,MIR3616
HSA-MIR-3617,MIR3617
HSA-MIR-3618,MIR3618
HSA-MIR-3619,MIR3619
HSA-MIR-3646,MIR3646
HSA-MIR-3648,MIR3648-1
MIR3648,MIR3648-1
HSA-MIR-3649,MIR3649
HSA-MIR-3650,MIR3650
HSA-MIR-3651,MIR3651
HSA-MIR-3654,MIR3654
HSA-MIR-3660,MIR3660
HSA-MIR-3662,MIR3662
HSA-MIR-3663,MIR3663
HSA-MIR-3665,MIR3665
HSA-MIR-3666,MIR3666
HSA-MIR-3667,MIR3667
C22ORF34,MIR3667HG
HSA-MIR-3668,MIR3668
HSA-MIR-3670-2,MIR3670-2
HSA-MIR-3672,MIR3672
HSA-MIR-3674,MIR3674
HSA-MIR-3680-2,MIR3680-2
HSA-MIR-3683,MIR3683
HSA-MIR-3685,MIR3685
HSA-MIR-3686,MIR3686
HSA-MIR-3690,MIR3690
HSA-MIR-3690-2,MIR3690
MIR3690-1,MIR3690
MIR3690-2,MIR3690
HSA-MIR-3691,MIR3691
HSA-MIR-3692,MIR3692
HSA-MIR-3713,MIR3713
HSA-MIR-3714,MIR3714
HSA-MIR-3907,MIR3907
HSA-MIR-3909,MIR3909
HSA-MIR-3910-1,MIR3910-1
HSA-MIR-3910-2,MIR3910-2
HSA-MIR-3911,MIR3911
HSA-MIR-3912,MIR3912
HSA-MIR-3913-1,MIR3913-1
HSA-MIR-3913-2,MIR3913-2
HSA-MIR-3915,MIR3915
HSA-MIR-3918,MIR3918
HSA-MIR-3920,MIR3920
HSA-MIR-3921,MIR3921
HSA-MIR-3922,MIR3922
HSA-MIR-3923,MIR3923
HSA-MIR-3924,MIR3924
HSA-MIR-3925,MIR3925
HSA-MIR-3926-1,MIR3926-1
HSA-MIR-3926-2,MIR3926-2
HSA-MIR-3927,MIR3927
HSA-MIR-3928,MIR3928
HSA-MIR-3929,MIR3929
HSA-MIR-3935,MIR3935
HSA-MIR-3936,MIR3936
LOC553103,MIR3936HG
SLC22A5-AS1,MIR3936HG
HSA-MIR-3937,MIR3937
HSA-MIR-3939,MIR3939
HSA-MIR-3941,MIR3941
HSA-MIR-3942,MIR3942
HSA-MIR-3943,MIR3943
HSA-MIR-3944,MIR3944
HSA-MIR-3945,MIR3945
HSA-MIR-3960,MIR3960
HSA-MIR-3972,MIR3972
HSA-MIR-3973,MIR3973
HSA-MIR-3974,MIR3974
HSA-MIR-3975,MIR3975
HSA-MIR-3976,MIR3976
LINC01469,MIR3976HG
HSA-MIR-3977,MIR3977
HSA-MIR-3978,MIR3978
HSA-MIR-4272,MIR4272
HSA-MIR-4273,MIR4273
HSA-MIR-4274,MIR4274
HSA-MIR-4275,MIR4275
HSA-MIR-4276,MIR4276
HSA-MIR-4277,MIR4277
HSA-MIR-4278,MIR4278
HSA-MIR-4279,MIR4279
HSA-MIR-4280,MIR4280
HSA-MIR-4281,MIR4281
HSA-MIR-4282,MIR4282
HSA-MIR-4283-1,MIR4283-1
HSA-MIR-4284,MIR4284
HSA-MIR-4286,MIR4286
HSA-MIR-4288,MIR4288
HSA-MIR-4289,MIR4289
HSA-MIR-4290,MIR4290
HSA-MIR-4291,MIR4291
HSA-MIR-4292,MIR4292
HSA-MIR-4297,MIR4297
HSA-MIR-4298,MIR4298
HSA-MIR-4299,MIR4299
HSA-MIR-4300,MIR4300
HSA-MIR-4302,MIR4302
HSA-MIR-4303,MIR4303
HSA-MIR-4305,MIR4305
HSA-MIR-4306,MIR4306
HSA-MIR-4307,MIR4307
HSA-MIR-4308,MIR4308
HSA-MIR-4310,MIR4310
HSA-MIR-4311,MIR4311
HSA-MIR-4314,MIR4314
HSA-MIR-4315-2,MIR4315-2
HSA-MIR-4316,MIR4316
HSA-MIR-4317,MIR4317
HSA-MIR-4318,MIR4318
HSA-MIR-4319,MIR4319
HSA-MIR-4320,MIR4320
HSA-MIR-4322,MIR4322
HSA-MIR-4324,MIR4324
HSA-MIR-4325,MIR4325
HSA-MIR-4326,MIR4326
HSA-MIR-4327,MIR4327
HSA-MIR-4328,MIR4328
HSA-MIR-4329,MIR4329
HSA-MIR-4330,MIR4330
RP11-101C11.1,MIR4422HG
AGD2,MIR4435-2HG
AK001796,MIR4435-2HG
LINC00978,MIR4435-2HG
LNCRNA-AWPPH,MIR4435-2HG
MIR4435-1HG,MIR4435-2HG
MORRBID,MIR4435-2HG
HSA-MIR-4442,MIR4442
HSA-MIR-4445,MIR4445
HSA-MIR-4446,MIR4446
HSA-MIR-4449,MIR4449
HSA-MIR-4451,MIR4451
HSA-MIR-4452,MIR4452
HSA-MIR-4454,MIR4454
HSA-MIR-4455,MIR4455
HSA-MIR-4456,MIR4456
HSA-MIR-4458,MIR4458
HSA-MIR-4460,MIR4460
HSA-MIR-4462,MIR4462
HSA-MIR-4463,MIR4463
HSA-MIR-4464,MIR4464
HSA-MIR-4465,MIR4465
HSA-MIR-4467,MIR4467
HSA-MIR-4468,MIR4468
HSA-MIR-4471,MIR4471
HSA-MIR-4472-1,MIR4472-1
HSA-MIR-4472-2,MIR4472-2
HSA-MIR-4473,MIR4473
HSA-MIR-4474,MIR4474
HSA-MIR-4475,MIR4475
HSA-MIR-4476,MIR4476
HSA-MIR-4477A,MIR4477A
HSA-MIR-4477B,MIR4477B
HSA-MIR-4478,MIR4478
HSA-MIR-4479,MIR4479
HSA-MIR-4480,MIR4480
HSA-MIR-4481,MIR4481
HSA-MIR-4482,MIR4482
MIR4482-1,MIR4482
HSA-MIR-4483,MIR4483
HSA-MIR-4484,MIR4484
HSA-MIR-4485,MIR4485
HSA-MIR-4486,MIR4486
HSA-MIR-4490,MIR4490
HSA-MIR-4493,MIR4493
HSA-MIR-4495,MIR4495
HSA-MIR-4497,MIR4497
HSA-MIR-4499,MIR4499
HSA-MIR-4500,MIR4500
HSA-MIR-4501,MIR4501
HSA-MIR-4502,MIR4502
HSA-MIR-4504,MIR4504
HSA-MIR-4507,MIR4507
HSA-MIR-4508,MIR4508
HSA-MIR-4509-1,MIR4509-1
HSA-MIR-4510,MIR4510
HSA-MIR-4511,MIR4511
HSA-MIR-4512,MIR4512
HSA-MIR-4513,MIR4513
HSA-MIR-4514,MIR4514
HSA-MIR-4515,MIR4515
HSA-MIR-4517,MIR4517
HSA-MIR-4518,MIR4518
HSA-MIR-4519,MIR4519
HSA-MIR-4520A,MIR4520-1
MIR4520A,MIR4520-1
HSA-MIR-4520B,MIR4520-2
MIR4520B,MIR4520-2
HSA-MIR-4521,MIR4521
HSA-MIR-4522,MIR4522
HSA-MIR-4526,MIR4526
HSA-MIR-4527,MIR4527
HSA-MIR-4528,MIR4528
HSA-MIR-4529,MIR4529
HSA-MIR-4530,MIR4530
HSA-MIR-4533,MIR4533
HSA-MIR-4534,MIR4534
HSA-MIR-4535,MIR4535
HSA-MIR-4536,MIR4536-1
MIR4536,MIR4536-1
HSA-MIR-4536-2,MIR4536-2
HSA-MIR-4537,MIR4537
HSA-MIR-4538,MIR4538
HSA-MIR-4539,MIR4539
HSA-MIR-4540,MIR4540
HSA-MIR-4634,MIR4634
HSA-MIR-4636,MIR4636
HSA-MIR-4639,MIR4639
HSA-MIR-4640,MIR4640
HSA-MIR-4641,MIR4641
HSA-MIR-4643,MIR4643
HSA-MIR-4644,MIR4644
HSA-MIR-4645,MIR4645
HSA-MIR-4646,MIR4646
HSA-MIR-4649,MIR4649
HSA-MIR-4652,MIR4652
HSA-MIR-4653,MIR4653
HSA-MIR-4656,MIR4656
HSA-MIR-4657,MIR4657
HSA-MIR-4658,MIR4658
HSA-MIR-4659A,MIR4659A
HSA-MIR-4659B,MIR4659B
HSA-MIR-4660,MIR4660
HSA-MIR-4662A,MIR4662A
HSA-MIR-4662B,MIR4662B
HSA-MIR-4663,MIR4663
HSA-MIR-4664,MIR4664
HSA-MIR-4665,MIR4665
HSA-MIR-4666,MIR4666A
MIR4666,MIR4666A
HSA-MIR-4667,MIR4667
HSA-MIR-4668,MIR4668
HSA-MIR-4669,MIR4669
HSA-MIR-4670,MIR4670
HSA-MIR-4672,MIR4672
HSA-MIR-4675,MIR4675
HSA-MIR-4676,MIR4676
HSA-MIR-4678,MIR4678
HSA-MIR-4679-1,MIR4679-1
HSA-MIR-4679-2,MIR4679-2
HSA-MIR-4680,MIR4680
HSA-MIR-4682,MIR4682
HSA-MIR-4683,MIR4683
HSA-MIR-4685,MIR4685
HSA-MIR-4688,MIR4688
HSA-MIR-4693,MIR4693
HSA-MIR-4694,MIR4694
HSA-MIR-4697,MIR4697
HSA-MIR-4699,MIR4699
HSA-MIR-4703,MIR4703
HSA-MIR-4704,MIR4704
HSA-MIR-4705,MIR4705
HSA-MIR-4706,MIR4706
HSA-MIR-4708,MIR4708
HSA-MIR-4709,MIR4709
HSA-MIR-4710,MIR4710
HSA-MIR-4712,MIR4712
HSA-MIR-4715,MIR4715
HSA-MIR-4716,MIR4716
HSA-MIR-4719,MIR4719
HSA-MIR-4720,MIR4720
HSA-MIR-4721,MIR4721
HSA-MIR-4723,MIR4723
HSA-MIR-4728,MIR4728
HSA-MIR-4731,MIR4731
HSA-MIR-4733,MIR4733
HSA-MIR-4735,MIR4735
HSA-MIR-4738,MIR4738
HSA-MIR-4740,MIR4740
HSA-MIR-4741,MIR4741
HSA-MIR-4743,MIR4743
HSA-MIR-4744,MIR4744
HSA-MIR-4745,MIR4745
HSA-MIR-4746,MIR4746
HSA-MIR-4749,MIR4749
HSA-MIR-4750,MIR4750
HSA-MIR-4751,MIR4751
HSA-MIR-4755,MIR4755
HSA-MIR-4756,MIR4756
HSA-MIR-4758,MIR4758
HSA-MIR-4759,MIR4759
HSA-MIR-4760,MIR4760
HSA-MIR-4761,MIR4761
HSA-MIR-4762,MIR4762
HSA-MIR-4763,MIR4763
HSA-MIR-4764,MIR4764
HSA-MIR-4766,MIR4766
HSA-MIR-4767,MIR4767
HSA-MIR-4768,MIR4768
HSA-MIR-4769,MIR4769
HSA-MIR-4770,MIR4770
HSA-MIR-4787,MIR4787
HSA-MIR-4789,MIR4789
HSA-MIR-4791,MIR4791
HSA-MIR-4796,MIR4796
HSA-MIR-4799,MIR4799
HSA-MIR-4801,MIR4801
HSA-MIR-4803,MIR4803
HSA-MIR-4999,MIR4999
HSA-MIR-5002,MIR5002
HSA-MIR-5003,MIR5003
HSA-MIR-5006,MIR5006
HSA-MIR-5007,MIR5007
HSA-MIR-5009,MIR5009
HSA-MIR-5011,MIR5011
HSA-MIR-5088,MIR5088
HSA-MIR-5090,MIR5090
HSA-MIR-5094,MIR5094
HSA-MIR-5100,MIR5100
HSA-MIR-5190,MIR5190
HSA-MIR-5195,MIR5195
HSA-MIR-5197,MIR5197
HSA-MIR-5571,MIR5571
HSA-MIR-5572,MIR5572
HSA-MIR-5579,MIR5579
HSA-MIR-5580,MIR5580
HSA-MIR-5583-1,MIR5583-1
HSA-MIR-5583-2,MIR5583-2
HSA-MIR-5586,MIR5586
HSA-MIR-5589,MIR5589
HSA-MIR-5591,MIR5591
HSA-MIR-5680,MIR5680
HSA-MIR-5681A,MIR5681A
HSA-MIR-5681B,MIR5681B
HSA-MIR-5683,MIR5683
HSA-MIR-5684,MIR5684
HSA-MIR-5685,MIR5685
HSA-MIR-5687,MIR5687
HSA-MIR-5689,MIR5689
HSA-MIR-5690,MIR5690
HSA-MIR-5692A-1,MIR5692A1
HSA-MIR-5692A-2,MIR5692A2
HSA-MIR-5692B,MIR5692B
HSA-MIR-5692C-2,MIR5692C2
HSA-MIR-5693,MIR5693
HSA-MIR-5694,MIR5694
HSA-MIR-5695,MIR5695
HSA-MIR-5699,MIR5699
HSA-MIR-5700,MIR5700
HSA-MIR-5701-1,MIR5701-1
HSA-MIR-5701-2,MIR5701-2
HSA-MIR-5705,MIR5705
HSA-MIR-5706,MIR5706
HSA-MIR-5708,MIR5708
HSA-MIR-5739,MIR5739
HSA-MIR-6069,MIR6069
HSA-MIR-6070,MIR6070
HSA-MIR-6072,MIR6072
HSA-MIR-6073,MIR6073
HSA-MIR-6078,MIR6078
HSA-MIR-6080,MIR6080
HSA-MIR-6081,MIR6081
HSA-MIR-6082,MIR6082
HSA-MIR-6086,MIR6086
HSA-MIR-6089-1,MIR6089
MIR6089-1,MIR6089
MIR6089-2,MIR6089
HSA-MIR-6124,MIR6124
HSA-MIR-6125,MIR6125
HSA-MIR-6126,MIR6126
HSA-MIR-6128,MIR6128
HSA-MIR-6129,MIR6129
HSA-MIR-6130,MIR6130
HSA-MIR-6132,MIR6132
HSA-MIR-6165,MIR6165
HSA-MIR-6501,MIR6501
HSA-MIR-6504,MIR6504
HSA-MIR-6506,MIR6506
HSA-MIR-6508,MIR6508
HSA-MIR-6511A-2,MIR6511A2
HSA-MIR-6511A-3,MIR6511A3
HSA-MIR-6514,MIR6514
HSA-MIR-6515,MIR6515
HSA-MIR-6516,MIR6516
HSA-MIR-6715A,MIR6715A
HSA-MIR-6715B,MIR6715B
HSA-MIR-6717,MIR6717
HSA-MIR-6718,MIR6718
HSA-MIR-6719,MIR6719
HSA-MIR-6720,MIR6720
HSA-MIR-6721,MIR6721
HSA-MIR-6722,MIR6722
HSA-MIR-6744,MIR6744
HSA-MIR-6746,MIR6746
HSA-MIR-6748,MIR6748
HSA-MIR-6749,MIR6749
HSA-MIR-6750,MIR6750
HSA-MIR-6755,MIR6755
HSA-MIR-6757,MIR6757
HSA-MIR-6758,MIR6758
HSA-MIR-6759,MIR6759
HSA-MIR-6760,MIR6760
HSA-MIR-6765,MIR6765
HSA-MIR-6766,MIR6766
HSA-MIR-6767,MIR6767
HSA-MIR-6768,MIR6768
HSA-MIR-6769A,MIR6769A
HSA-MIR-6770-2,MIR6770-2
HSA-MIR-6771,MIR6771
HSA-MIR-6772,MIR6772
HSA-MIR-6773,MIR6773
HSA-MIR-6775,MIR6775
HSA-MIR-6776,MIR6776
HSA-MIR-6778,MIR6778
HSA-MIR-6781,MIR6781
HSA-MIR-6786,MIR6786
HSA-MIR-6788,MIR6788
HSA-MIR-6791,MIR6791
HSA-MIR-6792,MIR6792
HSA-MIR-6794,MIR6794
HSA-MIR-6795,MIR6795
HSA-MIR-6796,MIR6796
HSA-MIR-6798,MIR6798
HSA-MIR-6799,MIR6799
HSA-MIR-6800,MIR6800
HSA-MIR-6805,MIR6805
HSA-MIR-6812,MIR6812
HSA-MIR-6813,MIR6813
HSA-MIR-6814,MIR6814
HSA-MIR-6815,MIR6815
HSA-MIR-6816,MIR6816
HSA-MIR-6817,MIR6817
HSA-MIR-6818,MIR6818
HSA-MIR-6819,MIR6819
HSA-MIR-6820,MIR6820
HSA-MIR-6821,MIR6821
HSA-MIR-6825,MIR6825
HSA-MIR-6830,MIR6830
HSA-MIR-6832,MIR6832
HSA-MIR-6833,MIR6833
HSA-MIR-6834,MIR6834
HSA-MIR-6837,MIR6837
HSA-MIR-6838,MIR6838
HSA-MIR-6840,MIR6840
HSA-MIR-6841,MIR6841
HSA-MIR-6844,MIR6844
HSA-MIR-6845,MIR6845
HSA-MIR-6846,MIR6846
HSA-MIR-6847,MIR6847
HSA-MIR-6848,MIR6848
HSA-MIR-6849,MIR6849
HSA-MIR-6850,MIR6850
HSA-MIR-6851,MIR6851
HSA-MIR-6852,MIR6852
HSA-MIR-6853,MIR6853
HSA-MIR-6856,MIR6856
HSA-MIR-6857,MIR6857
HSA-MIR-6858,MIR6858
HSA-MIR-6859-2,MIR6859-3
HSA-MIR-6859-2,MIR6859-4
HSA-MIR-6859-3,MIR6859-3
HSA-MIR-6860,MIR6860
HSA-MIR-6862-1,MIR6862-1
HSA-MIR-6862-2,MIR6862-2
HSA-MIR-6863,MIR6863
HSA-MIR-6866,MIR6866
HSA-MIR-6867,MIR6867
HSA-MIR-6868,MIR6868
HSA-MIR-6869,MIR6869
HSA-MIR-6870,MIR6870
HSA-MIR-6871,MIR6871
HSA-MIR-6873,MIR6873
HSA-MIR-6874,MIR6874
HSA-MIR-6877,MIR6877
HSA-MIR-6879,MIR6879
HSA-MIR-6881,MIR6881
HSA-MIR-6882,MIR6882
HSA-MIR-6883,MIR6883
HSA-MIR-6884,MIR6884
HSA-MIR-6886,MIR6886
HSA-MIR-6887,MIR6887
HSA-MIR-6889,MIR6889
HSA-MIR-6891,MIR6891
HSA-MIR-6892,MIR6892
HSA-MIR-6893,MIR6893
HSA-MIR-6894,MIR6894
HSA-MIR-6895,MIR6895
HSA-MIR-7107,MIR7107
HSA-MIR-7108,MIR7108
HSA-MIR-7109,MIR7109
HSA-MIR-7110,MIR7110
HSA-MIR-7111,MIR7111
HSA-MIR-7112-1,MIR7112
HSA-MIR-7112-2,MIR7112
MIR7112-1,MIR7112
MIR7112-2,MIR7112
HSA-MIR-7114,MIR7114
HSA-MIR-7150,MIR7150
HSA-MIR-7151,MIR7151
HSA-MIR-7152,MIR7152
HSA-MIR-7153,MIR7153
HSA-MIR-7154,MIR7154
HSA-MIR-7155,MIR7155
HSA-MIR-7160,MIR7160
HSA-MIR-7161,MIR7161
HSA-MIR-7162,MIR7162
HSA-MIR-7702,MIR7702
HSA-MIR-7703,MIR7703
HSA-MIR-7705,MIR7705
HSA-MIR-7843,MIR7843
HSA-MIR-7844,MIR7844
HSA-MIR-7847,MIR7847
HSA-MIR-7848,MIR7848
HSA-MIR-7850,MIR7850
HSA-MIR-7853,MIR7853
HSA-MIR-7854,MIR7854
HSA-MIR-7855,MIR7855
HSA-MIR-7973-1,MIR7973-1
HSA-MIR-7973-2,MIR7973-2
HSA-MIR-7976,MIR7976
HSA-MIR-7977,MIR7977
HSA-MIR-8052,MIR8052
HSA-MIR-8053,MIR8053
HSA-MIR-8054,MIR8054
HSA-MIR-8055,MIR8055
HSA-MIR-8056,MIR8056
HSA-MIR-8057,MIR8057
HSA-MIR-8059,MIR8059
HSA-MIR-8062,MIR8062
HSA-MIR-8063,MIR8063
HSA-MIR-8065,MIR8065
HSA-MIR-8066,MIR8066
HSA-MIR-8068,MIR8068
MIR8069-2,MIR8069
HSA-MIR-8070,MIR8070
HSA-MIR-8071-1,MIR8071-1
HSA-MIR-8071-2,MIR8071-2
HSA-MIR-8073,MIR8073
HSA-MIR-8075,MIR8075
HSA-MIR-8076,MIR8076
HSA-MIR-8077,MIR8077
HSA-MIR-8078,MIR8078
HSA-MIR-8079,MIR8079
HSA-MIR-8081,MIR8081
HSA-MIR-8082,MIR8082
HSA-MIR-8084,MIR8084
HSA-MIR-8086,MIR8086
HSA-MIR-8087,MIR8087
HSA-MIR-8088,MIR8088
HSA-MIR-8089,MIR8089
HSA-LET-7A-3,MIRLET7A3
MIRNLET7A3,MIRLET7A3
HSA-LET-7B,MIRLET7B
MIRNLET7B,MIRLET7B
LINC-PPARA,MIRLET7BHG
HSA-LET-7C,MIRLET7C
MIRNLET7C,MIRLET7C
HSA-LET-7E,MIRLET7E
MIRNLET7E,MIRLET7E
HSA-LET-7F-2,MIRLET7F2
MIRNLET7F2,MIRLET7F2
HSA-LET-7I,MIRLET7I
MIRNLET7I,MIRLET7I
B28,MIS18A
C21ORF45,MIS18A
C21ORF46,MIS18A
FASP1,MIS18A
HMIS18ALPHA,MIS18A
C19ORF21,MISP
CAPRICE,MISP
DKFZP686H18209,MISP
MISP1,MISP
CCDC58P1,MIX23P1
CCDC58P3,MIX23P3
CCDC58P5,MIX23P5
TWA2,MKLN1
RNF61,MKRN1
D15S9,MKRN3
MGC88288,MKRN3
RNF63,MKRN3
ZFP127,MKRN3
ZNF127,MKRN3
MKRN4,MKRN4P
MKRNP5,MKRN4P
RNF64,MKRN4P
ZNF-XP,MKRN4P
ZNF127L1,MKRN4P
MKRNP1,MKRN5P
ZNF-XQ,MKRN5P
ZNF127L2,MKRN5P
MKRNP2,MKRN6P
MKRNP3,MKRN7P
ZNF127L5,MKRN7P
MKRN5,MKRN9P
MKRN9,MKRN9P
MKRNP6,MKRN9P
RNF65,MKRN9P
ZNF127L3,MKRN9P
BBS13,MKS1
FLJ20345,MKS1
MKS,MKS1
POC12,MKS1
C10ORF48,MKX
IRXL1,MKX
MGC39616,MKX
MART-1,MLANA
MART1,MLANA
KIAA0027,MLC1
LVM,MLC1
MLC,MLC1
VL,MLC1
FLJ34389,MLKL
AF-9,MLLT3
AF9,MLLT3
YEATS3,MLLT3
AF17,MLLT6
FLJ23480,MLLT6
AF10,MLLT10
BA348I14.3,MLLT10P1
MLLT10L,MLLT10P1
GPR38,MLNR
BHLHE36,MLXIP
KIAA0867,MLXIP
MIR,MLXIP
MONDOA,MLXIP
HMCD,MLYCD
MCD,MLYCD
CBLA,MMAA
MMEL2,MMEL1
NEPII,MMEL1
NL1,MMEL1
NL2,MMEL1
SEP,MMEL1
CLG4,MMP2
CLG4A,MMP2
TBE-1,MMP2
ENST00000569037,MMP2-AS1
CLG1,MMP8
CLG4B,MMP9
STMY3,MMP11
MT1-MMP,MMP14
C8ORF57,MMP16
DKFZP761D112,MMP16
MT3-MMP,MMP16
MMP18,MMP19
RASI-1,MMP19
MT5-MMP,MMP24
MMP24-AS1,MMP24OS
EPILYSIN,MMP28
MM28,MMP28
MMP-25,MMP28
MMP-28,MMP28
EMILIN3,MMRN2
ENDOGLYX-1,MMRN2
FLJ13465,MMRN2
CIAO4,MMS19
HMMS19,MMS19
MET18,MMS19
MMS19L,MMS19
MCM,MMUT
MUT,MMUT
MGCR,MN1
MGCR1,MN1
MGCR1-PEN,MN1
MAT1,MNAT1
RNF66,MNAT1
GAJ,MND1
FLJ11222,MNS1
SPATA40,MNS1
BHLHD3,MNT
LNCRNA-HAL,MNT
MAD6,MNT
MXD6,MNT
ROX,MNT
MAP-1,MOAP1
PNMA4,MOAP1
MOBKL1BP1,MOB1AP1
MOBKL1BP2,MOB1AP2
MOB4A,MOB1B
MOBKL1A,MOB1B
HCCA2,MOB2
FLJ20733,MOCOS
HMCS,MOCOS
MOS,MOCOS
MOCOD,MOCS1
MOCS1P2,MOCS1P1
MOCO1,MOCS2
MOCS2A,MOCS2
MOCS2B,MOCS2
DJ914P20.3,MOCS3
UBA4,MOCS3
BTN6,MOG
BTNL11,MOG
DGAT2L5,MOGAT2
FLJ22644,MOGAT2
MGAT2,MOGAT2
DC7,MOGAT3
DGAT2L2,MOGAT3
MGAT3,MOGAT3
RAGE,MOK
RAGE1,MOK
STK30,MOK
HSRG1,MON1B
KIAA0872,MON1B
SAND2,MON1B
KIAA1040,MON2
CT33,MORC1
MORC,MORC1
ZCW6,MORC1
AC004542.C22.1,MORC2
KIAA0852,MORC2
ZCW3,MORC2
ZCWCC1,MORC2
C22ORF27,MORC2-AS1
FLJ35801,MORC2-AS1
NCRNA00325,MORC2-AS1
KIAA0136,MORC3
NXP2,MORC3
ZCW5,MORC3
ZCWCC3,MORC3
FLJ11565,MORC4
ZCW4,MORC4
ZCWCC2,MORC4
SEN,MORF4
SEN1,MORF4
EAF3,MORF4L1
HST17725,MORF4L1
MEAF3,MORF4L1
MORFRG15,MORF4L1
MRG15,MORF4L1
MORF4LP3,MORF4L1P3
MRG11,MORF4L1P3
MORF4LP5,MORF4L1P5
KIAA0026,MORF4L2
MRGX,MORF4L2
FLJ13941,MORN1
C9ORF113,MORN5
C9ORF18,MORN5
FLJ46909,MORN5
ATTHOG,MOSMO
BC030336,MOSMO
C16ORF52,MOSMO
MGC26706,MOSPD2
CDS3,MOSPD3
NET30,MOSPD3
CHAMP,MOV10L1
DJ402G11.8,MOV10L1
DKFZP434B0717,MOV10L1
DJ248E1.1,MOXD1
DKFZP564G202,MOXD1
MOX,MOXD1
MOXD2,MOXD2P
SLC54A3,MPC1L
BRP44,MPC2
DKFZP564B167,MPC2
SLC54A2,MPC2
CDGIF,MPDU1
LEC35,MPDU1
PQLC5,MPDU1
SL15,MPDU1
SLC66A5,MPDU1
MUPP1,MPDZ
MPG1,MPEG1
HSMPP8,MPHOSPH8
MPP8,MPHOSPH8
C6ORF25,MPIG6B
G6B,MPIG6B
G6B-B,MPIG6B
NG31,MPIG6B
C7ORF11,MPLKIP
ORF20,MPLKIP
TTDN1,MPLKIP
FLJ14981,MPND
DXS552E,MPP1
PEMP,MPP1
FLJ32798,MPP7
CDC1,MPPE1
PGAP5,MPPE1
MPPE1P,MPPE1P1
239AB,MPPED1
C22ORF1,MPPED1
FAM1A,MPPED1
M-RIP,MPRIP
P116RIP,MPRIP
RHOIP3,MPRIP
MST,MPST
TST2,MPST
TUM1,MPST
FLJ39599,MPV17L
MLPH1,MPV17L
MLPH2,MPV17L
MPV17L1,MPV17L
FKSG24,MPV17L2
MGC12972,MPV17L2
FLJ21047,MPZL1
PZR,MPZL1
EVA,MPZL2
EVA1,MPZL2
B27,MRAP
C21ORF61,MRAP
FALP,MRAP
M-RAS,MRAS
R-RAS3,MRAS
RRAS3,MRAS
BA541I19.1,MRC1
CD206,MRC1
CLEC13D,MRC1
CLEC13DL,MRC1
MRC1L1,MRC1
MRE11B,MRE11P1
C20ORF20,MRGBP
EAF7,MRGBP
FLJ10914,MRGBP
MRG15BP,MRGBP
MRGD,MRGPRD
GPR167,MRGPRE
MRGE,MRGPRE
GPR169,MRGPRG
MRGG,MRGPRG
C11ORF36,MRGPRG-AS1
FLJ36102,MRGPRG-AS1
HSD-40,MRGPRG-AS1
MRGX4,MRGPRX4
LINC-RAM,MRLN
LINC00948,MRLN
M1,MRLN
MLN,MRLN
MUSER1,MRLN
FLJ22578,MRM1
RNMTL1P1,MRM3P1
RNMTL1P2,MRM3P2
C5ORF45,MRNIP
DKFZP686L2452,MRNIP
LOC51149,MRNIP
MGC65027,MRNIP
MGC78537,MRNIP
B29,MRO
C18ORF3,MRO
FLJ30140,MRO
HEATR7A,MROH1
KIAA1833,MROH1
FLJ43860,MROH5
C8ORF73,MROH6
C1ORF175,MROH7
FLJ46354,MROH7
HEATR8,MROH7
C20ORF131,MROH8
C20ORF132,MROH8
DJ621N11.3,MROH8
DJ621N11.4,MROH8
BM022,MRPL1
CGI-22,MRPL2
MRP-L14,MRPL2
RPML14,MRPL2
CGI-28,MRPL4
MRPL7,MRPL12
MRPL7/L12,MRPL12
RPML12,MRPL12
L13,MRPL13
L13A,MRPL13
L13MT,MRPL13
RPL13,MRPL13
RPML13,MRPL13
MRP-L32,MRPL14
RPML32,MRPL14
FLJ20484,MRPL16
PNAS-111,MRPL16
HSPC071,MRPL18
KIAA0104,MRPL19
MRP-L15,MRPL19
RLX1,MRPL19
RPML15,MRPL19
HSPC158,MRPL22
MRP-L25,MRPL22
RPML25,MRPL22
L23MRP,MRPL23
RPL23L,MRPL23
TP53LC10,MRPL23-AS1
BMRP-59B,MRPL32
HSPC283,MRPL32
L32MT,MRPL32
MRP-L32,MRPL32
L36MT,MRPL36
MRP-L36,MRPL36
PRPL36,MRPL36
RPMJ,MRPL36
HST4307,MRPL37P1
HSPC262,MRPL38
MGC4810,MRPL38
MRP-L3,MRPL38
RPML3,MRPL38
C21ORF92,MRPL39
FLJ20451,MRPL39
L39MT,MRPL39
MGC104174,MRPL39
MGC3400,MRPL39
MRP-L5,MRPL39
MSTP003,MRPL39
PRED22,MRPL39
PRED66,MRPL39
RPML5,MRPL39
MRP-L22,MRPL40
NLVCF,MRPL40
BMRP,MRPL41
MRP-L27,MRPL41
MRPL27,MRPL41
PIG3,MRPL41
RPML27,MRPL41
BMRP36A,MRPL43
MBA1,MRPL45
MGC11321,MRPL45
C15ORF4,MRPL46
LIECG2,MRPL46
P2ECSL,MRPL46
CGI-118,MRPL48
DJ290I10.4,MRPL48P1
MRPL48L1,MRPL48P1
FLJ20493,MRPL50
MRP-L50,MRPL50
MRP63,MRPL57
MRP63P3,MRPL57P3
MRP63P6,MRPL57P6
MRP63P7,MRPL57P7
C21ORF101,MRPS6
MRP-S6,MRPS6
RPMS6,MRPS6
MRP-S9,MRPS9
RPMS9,MRPS9
S9MT,MRPS9
FLJ10567,MRPS10
FLJ22512,MRPS11
FLJ23406,MRPS11
HCC-2,MRPS11
DJ746H2.1,MRPS11P1
RPMS12,MRPS12
RPS12,MRPS12
RPSM12,MRPS12
CGI-132,MRPS16
BA379F14.1,MRPS16P2
MRPS16P,MRPS16P2
HSPC011,MRPS17
MRP-S17,MRPS17
RPMS17,MRPS17
FLJ10548,MRPS18A
MRPS18-3,MRPS18A
C6ORF14,MRPS18B
HSPC183,MRPS18B
MRPS18-2,MRPS18B
PTD017,MRPS18B
CGI-134,MRPS18C
FLJ11146,MRPS18C
FLJ22967,MRPS18C
MRPS18-1,MRPS18C
CGI-138,MRPS23
HSPC329,MRPS23
MRP-S23,MRPS23
C20ORF193,MRPS26
DJ534B8.3,MRPS26
MRP-S13,MRPS26
MRP-S26,MRPS26
RPMS13,MRPS26
HSPC007,MRPS28
MRP-S28,MRPS28
MRPS35,MRPS28
PAP,MRPS30
PDCD9,MRPS30
BRCAT54,MRPS30-DT
IMOGN38,MRPS31
CGI-139,MRPS33
MGC2616,MRPS34
MRP-S12,MRPS34
DC47,MRPS36
MRP-S36,MRPS36
RRF,MRRF
MRRFP,MRRFP1
MRS2L,MRS2
MRS2LP1,MRS2P1
BSAC,MRTFA
KIAA1438,MRTFA
MAL,MRTFA
MKL,MRTFA
MKL1,MRTFA
MRTF-A,MRTFA
FLJ31823,MRTFB
MKL2,MRTFB
MRTF-B,MRTFB
CD20L,MS4A3
HTM4,MS4A3
CD20L2,MS4A5
CD20L4,MS4A7
CFFM4,MS4A7
MS4A8,MS4A7
DKFZP434H092,MS4A14
FLJ32856,MS4A14
MS4A16,MS4A14
NYD-SP21,MS4A14
C4ORF44,MSANTD1
LOC345222,MSANTD1
C9ORF30,MSANTD3
MGC17337,MSANTD3
C9ORF30-TMEFF1,MSANTD3-TMEFF1
PMESOGENIN1,MSGN1
DUP,MSH3
MRP1,MSH3
G7,MSH5
MSH5-C6ORF26,MSH5-SAPCD1
DKFZP686P24239,MSL1
HMSL1,MSL1
MSL-1,MSL1
MSL3L1,MSL3
CAK1,MSLN
MPF,MSLN
IGBF,MSMB
MSP,MSMB
MSPB,MSMB
PN44,MSMB
PRPS,MSMB
PSP,MSMB
PSP-94,MSMB
PSP57,MSMB
PSP94,MSMB
PC-3,MSMP
PSMP,MSMP
MSNL1,MSNP1
CD204,MSR1
SCARA1,MSR1
SR-A,MSR1
SR-AI,MSR1
SR-AII,MSR1
SR-AIII,MSR1
SELENOR,MSRB1
SELENOX,MSRB1
SELR,MSRB1
SELX,MSRB1
SEPR,MSRB1
SEPX1,MSRB1
CBS-1,MSRB2
CBS1,MSRB2
CGI-131,MSRB2
MSRB,MSRB2
PILB,MSRB2
DFNB74,MSRB3
DKFZP686C1178,MSRB3
FLJ36866,MSRB3
RP11-230G5.2,MSRB3-AS1
FLJ39565,MSS51
ZMYND17,MSS51
HOX7,MSX1
HYD1,MSX1
OFC5,MSX1
CRS2,MSX2
FPP,MSX2
HOX8,MSX2
MSH,MSX2
PFM,MSX2
PFM1,MSX2
HPX5,MSX2P1
HSHPX5,MSX2P1
MSX2P,MSX2P1
ATP6,MT-ATP6
ATPASE-6,MT-ATP6
MTATP6,MT-ATP6
RP,MT-ATP6
SU6M,MT-ATP6
A6L,MT-ATP8
ATP8,MT-ATP8
MTATP8,MT-ATP8
URFA6L,MT-ATP8
COI,MT-CO1
COX1,MT-CO1
MTCO1,MT-CO1
CO2,MT-CO2
COX2,MT-CO2
MTCO2,MT-CO2
CO3,MT-CO3
COIII,MT-CO3
COX3,MT-CO3
MTCO3,MT-CO3
COB,MT-CYB
CYTB,MT-CYB
MTCYB,MT-CYB
UQCR3,MT-CYB
MTND1,MT-ND1
NAD1,MT-ND1
ND1,MT-ND1
MTND2,MT-ND2
NAD2,MT-ND2
ND2,MT-ND2
MTND3,MT-ND3
NAD3,MT-ND3
ND3,MT-ND3
LHON,MT-ND4
MTND4,MT-ND4
NAD4,MT-ND4
ND4,MT-ND4
MTND4L,MT-ND4L
NAD4L,MT-ND4L
ND4L,MT-ND4L
MTND5,MT-ND5
NAD5,MT-ND5
ND5,MT-ND5
MTND6,MT-ND6
NAD6,MT-ND6
ND6,MT-ND6
12S,MT-RNR1
MOTS-C,MT-RNR1
MTRNR1,MT-RNR1
16S,MT-RNR2
HN,MT-RNR2
MTRNR2,MT-RNR2
MTTA,MT-TA
TRNA,MT-TA
MTTC,MT-TC
TRNC,MT-TC
MTTD,MT-TD
TRND,MT-TD
MTTE,MT-TE
TRNE,MT-TE
MTTF,MT-TF
TRNF,MT-TF
MTTG,MT-TG
TRNG,MT-TG
MTTH,MT-TH
TRNH,MT-TH
MTTI,MT-TI
TRNI,MT-TI
MERRF,MT-TK
MTTK,MT-TK
TRNK,MT-TK
MTTL1,MT-TL1
TRNL1,MT-TL1
MTTL2,MT-TL2
TRNL2,MT-TL2
MTTM,MT-TM
TRNM,MT-TM
MTTN,MT-TN
TRNN,MT-TN
MTTP,MT-TP
TRNP,MT-TP
MTTQ,MT-TQ
TRNQ,MT-TQ
MTTR,MT-TR
TRNR,MT-TR
MTTS1,MT-TS1
TRNS1,MT-TS1
MTTS2,MT-TS2
RP8,MT-TS2
TRNS2,MT-TS2
LIMM,MT-TT
MTTT,MT-TT
TRNT,MT-TT
MTTV,MT-TV
TRNV,MT-TV
MTTW,MT-TW
TRNW,MT-TW
MTTY,MT-TY
TRNY,MT-TY
MT1,MT1A
MT1S,MT1A
MT1,MT1B
MT1Q,MT1B
MT1,MT1E
MTD,MT1E
MT1,MT1F
MT1,MT1H
MT1,MT1M
MT1K,MT1M
BA435O5.3,MT1P1
C20ORF127,MT1P3
DJ614O4.6,MT1P3
MTL4,MT1P3
MT-1L,MT1X
MT1,MT1X
MTL1,MT1XP1
MT2,MT2A
GIF,MT3
MTIV,MT4
AL928654.1,MTA1-DT
SLC25A50,MTCH2
CCDC165,MTCL1
KIAA0802,MTCL1
SOGA2,MTCL1
CCDC165P1,MTCL1P1
SOGA2P1,MTCL1P1
DJ342K12.1,MTCO2P1
MTCO2L,MTCO2P1
HST4010,MTCO2P2
U92032.1,MTCO3P1
P13MTCP1,MTCP1
P8MTCP1,MTCP1
TCL1C,MTCP1
3D3,MTDH
AEG-1,MTDH
LYRIC,MTDH
MTERF,MTERF1
FLJ14062,MTERF2
MTERFD3,MTERF2
CGI-12,MTERF3
FLJ10939,MTERF3
MTERFD1,MTERF3
FMT1,MTFMT
HSPC242,MTFP1
MTP18,MTFP1
CHPPR,MTFR1
FAM54A2,MTFR1
KIAA0009,MTFR1
DUFD1,MTFR2
FAM54A,MTFR2
MTFR2P1,MTFR2P2
GTPBP7,MTG1
DJ1005F21.2,MTG2
FLJ10741,MTG2
GTPBP5,MTG2
OBGH1,MTG2
DKFZP586G1517,MTHFD1L
FLJ21145,MTHFD1L
FTHFSDC1,MTHFD1L
MTHFDL1,MTHFD1P1
MTHFDP1,MTHFD1P1
HST19268,MTHFS
FLJ12998,MTHFSD
IF-3MT,MTIF3
IF3(MT),MTIF3
MTL3,MTL3P
CMT4B,MTMR2
KIAA1073,MTMR2
FYVE-DSP1,MTMR3
KIAA0371,MTMR3
ZFYVE10,MTMR3
FLJ20126,MTMR8
C8ORF9,MTMR9
DKFZP434K171,MTMR9
LIP-STYX,MTMR9
MTMR8,MTMR9
FLJ20313,MTMR10
3-PAP,MTMR12
3PAP,MTMR12
FLJ20476,MTMR12
KIAA1682,MTMR12
PIP3AP,MTMR12
MTND4L2,MTND4LP1
FLJ10486,MTPAP
PAPD1,MTPAP
SPAX4,MTPAP
TENT6,MTPAP
GCDP,MTPN
MYOTROPHIN,MTPN
V-1,MTPN
C6ORF203,MTRES1
HSPC230,MTRES1
PRED31,MTRES1
DOB1,MTREX
FSAP118,MTREX
KIAA0052,MTREX
MTR4,MTREX
SKIV2L2,MTREX
MGC47721,MTRF1
MTTRF1,MTRF1
RF1,MTRF1
HMRF1L,MTRF1L
MTRF1A,MTRF1L
CBLE,MTRR
KIAA0429,MTSS1
MIM,MTSS1
MIMA,MTSS1
MIMB,MTSS1
ABL,MTTP
MTP,MTTP
ATBP,MTUS1
ATIP1,MTUS1
ATIP3,MTUS1
DKFZP586D1519,MTUS1
FLJ14295,MTUS1
ICIS,MTUS1
KIAA1288,MTUS1
MP44,MTUS1
MTSG1,MTUS1
CAZIP,MTUS2
ICIS,MTUS2
KIAA0774,MTUS2
TIP150,MTUS2
MTX1P,MTX1P1
MTXP,MTX1P1
MUC5,MUC5AC
MG1,MUC5B
MUC5,MUC5B
FLJ27047,MUC7
MG2,MUC7
CA-125,MUC16
CA125,MUC16
FLJ14303,MUC16
FLJ14408,MUC20
KIAA1359,MUC20
BCX31G15.2,MUC21
C6ORF205,MUC21
PBMUCL1,MUC22
BCX105N19.6,MUCL3
C6ORF37,MUCL3
DPCR1,MUCL3
PBLT,MUCL3
C9ORF28,MVB12B
FAM125B,MVB12B
FLJ00001,MVB12B
IFI-78K,MX1
LNCMX1-215,MX1
MXA,MX1
MXB,MX2
BHLHC11,MXI1
MAD2,MXI1
MXD2,MXI1
MXI,MXI1
DKFZP564I1922,MXRA5
ADLICANP,MXRA5Y
MXRA5P,MXRA5Y
MXRA5P1,MXRA5Y
MYB-AS,MYB-AS1
MYBAS,MYB-AS1
NCRNA00209,MYB-AS1
RP1-32B1.3,MYB-AS1
A-MYB,MYBL1
AMYB,MYBL1
B-MYB,MYBL2
BMYB,MYBL2
SSMYBP-C,MYBPC1
AMY-1,MYCBP
FLJ10106,MYCBP2
KIAA0916,MYCBP2
PAM,MYCBP2
PHR1,MYCBP2
MYCL1P1,MYCLP1
MYCL2,MYCLP1
C19ORF10,MYDGF
IL-25,MYDGF
IL-27,MYDGF
IL25,MYDGF
IL27,MYDGF
IL27W,MYDGF
R33729_1,MYDGF
SF20,MYDGF
BHLHC2,MYF5
BHLHC4,MYF6
MRF4,MYF6
C12ORF10,MYG1
GAMM1,MYG1
MYG,MYG1
MGC133384,MYH1
MYHA,MYH1
MYHC-2X/D,MYH1
MYHSA1,MYH1
IBM3,MYH2
MYH2A,MYH2
MYHAS8,MYH2
MYHC-2A,MYH2
MYHC-IIA,MYH2
MYHSA2,MYH2
HEMHC,MYH3
MYHC-EMB,MYH3
MYHSE1,MYH3
SMHCE,MYH3
MYH2B,MYH4
MYHC-2B,MYH4
MYHC-IIB,MYH4
DJ756N5.1,MYH7B
KIAA1512,MYH7B
MHC14,MYH7B
MYH14,MYH7B
MYHC-PERI,MYH8
MYHC-PN,MYH8
DFNA17,MYH9
EPSTS,MYH9
FTNS,MYH9
MHA,MYH9
NMHC-II-A,MYH9
NMMHCA,MYH9
SMHC,MYH11
SMMHC,MYH11
SMMS-1,MYH11
MYHC-EO,MYH13
MHC20,MYH16
MYH16P,MYH16
MYH5,MYH16
LINC-MYH,MYHAS
MLC-1,MYL1
MLC1,MYL1
MLC1/3,MYL1
MLC1F,MYL1
MLC3F,MYL1
CMH10,MYL2
MYL6P,MYL6P1
MYL2A,MYL7
MYLC2A,MYL7
LC20,MYL9
MLC2,MYL9
MRLC1,MYL9
MYRL2,MYL9
MLCB,MYL12A
MRCL3,MYL12A
MRLC3,MYL12A
MYL2B,MYL12A
MRLC2,MYL12B
BING3,MYL12BP3
MYL8P,MYL12BP3
IDOL,MYLIP
MIR,MYLIP
KMLC,MYLK2
MLCK2,MYLK2
SKMLCK,MYLK2
BBMI,MYO1A
DFNA48,MYO1A
MYHL,MYO1A
MYR1,MYO1B
MYOIC,MYO1C
MYR2,MYO1C
NMI,MYO1C
HUNCM-IC,MYO1E
MGC104638,MYO1E
MYO1C,MYO1E
HA-2,MYO1G
DFNB30,MYO3A
GS1,MYO5A
MYH12,MYO5A
MYO5,MYO5A
MYR12,MYO5A
KIAA1119,MYO5B
MGC74969,MYO5C
KIAA0799,MYO10
MYOX,MYO10
KIAA0865,MYO16
MYO16B,MYO16
MYR8,MYO16
NYAP3,MYO16
PPP1R107,MYO16
BK125H2.1,MYO18B
FLJ22865,MYO19
MYOHD1,MYO19
MYCD,MYOCD
BHLHC1,MYOD1
MYF3,MYOD1
MYOD,MYOD1
PUM,MYOD1
FER1L3,MYOF
KIAA1207,MYOF
KIAA1161,MYORG
NET37,MYORG
CS-2,MYOZ1
FATZ,MYOZ1
MYOZ,MYOZ1
C4ORF5,MYOZ2
CS-1,MYOZ2
FATZ-2,MYOZ2
MYOP,MYPN
P42POP,MYPOP
C11ORF9,MYRF
MRF,MYRF
NDT80,MYRF
PQN-47,MYRF
DKFZP434K028,MYRF-AS1
BCM1377,MYRFL
C12ORF15,MYRFL
C12ORF28,MYRFL
FLJ25056,MYRFL
DKFZP586F1018,MYRIP
EXOPHILIN-8,MYRIP
SLAC2-C,MYRIP
SLAC2C,MYRIP
MTF1,MYT1
MYTI,MYT1
NZF2,MYT1
PLPB1,MYT1
ZC2H2C1,MYT1
ZC2HC4A,MYT1
HSPC190,MZB1
MEDA-7,MZB1
MGC29506,MZB1
PACAP,MZB1
PERP1,MZB1
MZF-1,MZF1
MZF1B,MZF1
ZFP98,MZF1
ZNF42,MZF1
ZSCAN6,MZF1
C13ORF37,MZT1
FLJ21869,MZT1
LOC440145,MZT1
MGC150539,MZT1
MOZART1,MZT1
RP11-11C5.2,MZT1
FAM128B,MZT2B
FLJ14346,MZT2B
MOZART2B,MZT2B
CG018,N4BP2L1
CG005,N4BP2L2
PFAAP5,N4BP2L2
CG030,N4BP2L2-IT2
C21ORF127,N6AMT1
HEMK2,N6AMT1
KMT9,N6AMT1
MTQ2,N6AMT1
N6AMT,N6AMT1
PRED28,N6AMT1
PRMC,N6AMT1
ARD1B,NAA11
ARD2,NAA11
HARD2,NAA11
FLJ22054,NAA16
MGC40612,NAA16
NARG1L,NAA16
PRO2435,NAA16
DJ1002M8.1,NAA20
NAT3,NAA20
NAT5,NAA20
C14ORF35,NAA30
FLJ35355,NAA30
MAK3,NAA30
MAK3P,NAA30
NAT12,NAA30
BA379P1.1,NAA35
FLJ21613,NAA35
FLJ22643,NAA35
MAK10,NAA35
FLJ13848,NAA40
NAT11,NAA40
FLJ14154,NAA60
HAT4,NAA60
HNAA60,NAA60
NAT15,NAA60
NATF,NAA60
ASAHL,NAAA
GCPIII,NAALAD2
NAALADASE2,NAALAD2
NACA3,NACA3P
FKSG17,NACA4P
NACAP1,NACA4P
KIAA0363,NACAD
NACAP3,NACAP8
C5ORF33,NADK2
FLJ30596,NADK2
MNADK,NADK2
NADKD1,NADK2
NADKD1-AS1,NADK2-AS1
D22S674,NAGA
APAA,NAGPA
UCE,NAGPA
BA379C10.2,NAIF1
C9ORF90,NAIF1
DKFZP762G199,NAIF1
BIRC1,NAIP
NLRB1,NAIP
BA430M15.1,NALCN
CANION,NALCN
VGCNL1,NALCN
FAM155A,NALF1
NLF-1,NALF1
FAM155A-IT1,NALF1-IT1
CXORF63,NALF2
FAM155B,NALF2
TED,NALF2
TMEM28,NALF2
BA92J19.4,NAMPTP1
NAMPTL,NAMPTP1
PBEF2,NAMPTP1
FLJ12581,NANOG
FLJ40451,NANOG
NANOGP4,NANOGP2
NANOGP3,NANOGP7
NOS2,NANOS2
ZC2HC12B,NANOS2
NANOS1L,NANOS3
NOS3,NANOS3
ZC2HC12C,NANOS3
C20ORF147,NANP
DJ694B14.3,NANP
HDHD4,NANP
MGC26833,NANP
MGC23410,NAP1L1
MGC8688,NAP1L1
NAP1,NAP1L1
NAP1L,NAP1L1
NRP,NAP1L1
BPX,NAP1L2
MGC26243,NAP1L2
MB20,NAP1L3
MGC26312,NAP1L3
NPL3,NAP1L3
NAP2,NAP1L4
DRLM,NAP1L5
FLJ33596,NAP1L6P
LNCNAP1L6,NAP1L6P
NAP1L6,NAP1L6P
SNAP-BETA,NAPB
SNAPB,NAPB
C7ORF18,NAPEPLD
FMP30,NAPEPLD
NAPE-PLD,NAPEPLD
NAPRT1,NAPRT
PP3856,NAPRT
ENST00000582249.1,NARF-AS1
NARF-OT1,NARF-IT1
ASNRS,NARS1
NARS,NARS1
NARSP2,NARS1P2
AAC1,NAT1
ATASE2,NAT8
GLA,NAT8
HCML1,NAT8
TSC501,NAT8
CML2,NAT8B
HCML2,NAT8B
NAT8BP,NAT8B
FLJ37478,NAT8L
HCML3,NAT8L
SHATI,NAT8L
KLP1,NAT14
C7ORF52,NAT16
FLJ39237,NAT16
AACP,NATP
NATP1,NATP
KIAA0938,NAV3
POMFIL1,NAV3
CARKD,NAXD
FLJ10769,NAXD
LP3298,NAXD
AL139385.1,NAXD-AS1
CASC14,NBAT1
NBAT-1,NBAT1
LINC01420,NBDY
NOBODY,NBDY
BCL8B,NBEA
FLJ10197,NBEA
KIAA1544,NBEA
LYST2,NBEA
KIAA0540,NBEAL2
BCL8C,NBEAP3
FLJ20719,NBPF1
KIAA1693,NBPF1
NBPF23,NBPF17P
NBPF23P,NBPF17P
MGC51008,NCAM2
NCAM21,NCAM2
CSPG3,NCAN
CAP-G,NCAPG
FLJ12450,NCAPG
HCAP-G,NCAPG
YCG1,NCAPG
CAP-G2,NCAPG2
FLJ20311,NCAPG2
HCAP-G2,NCAPG2
LUZP5,NCAPG2
MTB,NCAPG2
BRRN1,NCAPH
CAP-H,NCAPH
HCAP-H,NCAPH
384D8-2,NCAPH2
CAP-H2,NCAPH2
HCAP-H2,NCAPH2
CBP80,NCBP1
NCBP,NCBP1
STO1,NCBP1
C17ORF85,NCBP3
ELG,NCBP3
HSA277841,NCBP3
FBXO50,NCCRP1
LOC342897,NCCRP1
NCCRP-1,NCCRP1
AADACL1,NCEH1
KIAA1363,NCEH1
NCEH,NCEH1
P40PHOX,NCF4
SH3PXD4,NCF4
CTA-833B7.2,NCF4-AS1
NCK,NCK1
NCKALPHA,NCK1
NCKBETA,NCK2
HEM1,NCKAP1L
NET59,NCLN
NICALIN,NCLN
BA85L21.1,NCLP2
BHLHE75,NCOA2
GRIP1,NCOA2
KAT13C,NCOA2
NCOA-2,NCOA2
TIF2,NCOA2
ACTR,NCOA3
AIB1,NCOA3
BHLHE42,NCOA3
CAGH16,NCOA3
KAT13B,NCOA3
P/CIP,NCOA3
RAC3,NCOA3
SRC-3,NCOA3
SRC3,NCOA3
TNRC16,NCOA3
TRAM-1,NCOA3
ARA70,NCOA4
DKFZP762E1112,NCOA4
ELE1,NCOA4
PTC3,NCOA4
RFG,NCOA4
NCOA4P,NCOA4P1
BA465L10.6,NCOA5
CIA,NCOA5
AIB3,NCOA6
ASC2,NCOA6
KIAA0181,NCOA6
NRC,NCOA6
PRIP,NCOA6
RAP250,NCOA6
TRBP,NCOA6
DJ187J11.3,NCOA7
ERAP140,NCOA7
TLDC4,NCOA7
BB329D4.2,NCOR1P1
C20ORF191,NCOR1P1
CD335,NCR1
LY94,NCR1
NK-P46,NCR1
NKP46,NCR1
CD336,NCR2
LY95,NCR2
NK-P44,NCR2
1C7,NCR3
CD337,NCR3
LY117,NCR3
NKP30,NCR3
FREQ,NCS1
NCS-1,NCS1
HEC,NDC80
HEC1,NDC80
HSNDC80,NDC80
KNTC2,NDC80
TID3,NDC80
FLJ20101,NDE1
NDE,NDE1
NUDE,NDE1
MITAP1,NDEL1
NDE1L1,NDEL1
NDE2,NDEL1
NUDEL,NDEL1
MGC10924,NDFIP1
N4WBP5,NDFIP1
KIAA1165,NDFIP2
N4WBP5A,NDFIP2
HST16328,NDN
PWCR,NDN
C4ORF31,NDNF
FLJ23191,NDNF
BA350O14.9,NDOR1
CIAE1,NDOR1
NR1,NDOR1
EVR2,NDP
NORRIN,NDP
CAP43,NDRG1
DRG1,NDRG1
NDR1,NDRG1
RTP,NDRG1
TDD5,NDRG1
KIAA1248,NDRG2
SYLD,NDRG2
HSST,NDST1
NST1,NDST1
HSST2,NDST2
NST2,NDST2
HSST3,NDST3
CI-MWFE,NDUFA1
MWFE,NDUFA1
B8,NDUFA2
B9,NDUFA3
CI-9K,NDUFA4
COXFA4,NDUFA4
MISTR1,NDUFA4
MLRQ,NDUFA4
MRCAF1,NDUFA4
BCM1723,NDUFA4P2
NDUFA4L,NDUFA4P2
B13,NDUFA5
CI-13KB,NDUFA5
CI-13KD-B,NDUFA5
NUFM,NDUFA5
UQOR13,NDUFA5
B14,NDUFA6
CI-B14,NDUFA6
LYRM6,NDUFA6
NADHB14,NDUFA6
NDUFA6-AS1,NDUFA6-DT
B14.5A,NDUFA7
MGC793,NDUFA8
PGIV,NDUFA8
DJ106I20.2,NDUFA9P1
B14.7,NDUFA11
B16.6,NDUFA13
CDA016,NDUFA13
CGI-39,NDUFA13
GRIM-19,NDUFA13
GRIM19,NDUFA13
ACP,NDUFAB1
ACP1,NDUFAB1
FASN2A,NDUFAB1
SDAP,NDUFAB1
CGI-65,NDUFAF1
CIA30,NDUFAF1
B17.2L,NDUFAF2
MIMITIN,NDUFAF2
MMTN,NDUFAF2
NDUFA12L,NDUFAF2
2P1,NDUFAF3
C3ORF60,NDUFAF3
DKFZP564J0123,NDUFAF3
E3-3,NDUFAF3
MGC10527,NDUFAF3
BA22L21.1,NDUFAF4
C6ORF66,NDUFAF4
HRPAP20,NDUFAF4
HSPC125,NDUFAF4
MY013,NDUFAF4
C20ORF7,NDUFAF5
DJ842G6.1,NDUFAF5
C17ORF89,NDUFAF8
CI-MNLL,NDUFB1
MNLL,NDUFB1
AGGG,NDUFB2
CI-AGGG,NDUFB2
B17,NDUFB6
CI,NDUFB6
B18,NDUFB7
CI-B18,NDUFB7
MGC2480,NDUFB7
ASHI,NDUFB8
CI-ASHI,NDUFB8
B22,NDUFB9
LYRM3,NDUFB9
UQOR22,NDUFB9
PDSW,NDUFB10
ESSS,NDUFB11
NP15,NDUFB11
NP17.3,NDUFB11
NDUFB11P,NDUFB11P1
KFYI,NDUFC1
CI-75K,NDUFS1
AQDQ,NDUFS4
CI-18,NDUFS4
CI-13KA,NDUFS6
CI-24K,NDUFV2
CI-10K,NDUFV3
BA165O3.1,NEBL
C10ORF113,NEBL
LASP2,NEBL
LNEBL,NEBL
EFCBP1,NECAB1
APBA2BP,NECAB3
DJ63M2.4,NECAB3
DJ63M2.5,NECAB3
EFCBP3,NECAB3
NIP1,NECAB3
SYTIP2,NECAB3
XB51,NECAB3
FLJ10420,NECAP2
CD113,NECTIN3
CDW113,NECTIN3
DKFZP566B0846,NECTIN3
NECTIN-3,NECTIN3
PPR3,NECTIN3
PVRL3,NECTIN3
PVRR3,NECTIN3
GCP-WD,NEDD1
TUBGCP7,NEDD1
KIAA0093,NEDD4
MGC176705,NEDD4
NEDD4-1,NEDD4
RPF1,NEDD4
KIAA0439,NEDD4L
NEDD4-2,NEDD4L
RSP5,NEDD4L
NEDD-8,NEDD8
NF-H,NEFH
NFH,NEFH
NEFHL,NEFHP1
CMT1F,NEFL
CMT2E,NEFL
NF68,NEFL
NFL,NEFL
PPP1R110,NEFL
NEF3,NEFM
NF-M,NEFM
NFM,NEFM
IGLON4,NEGR1
KILON,NEGR1
MGC46680,NEGR1
NTRA,NEGR1
FLJ31644,NEIL2
MGC2832,NEIL2
MGC4505,NEIL2
NEH2,NEIL2
FLJ10858,NEIL3
FPG2,NEIL3
HFPG2,NEIL3
HNEI3,NEIL3
ZGRF3,NEIL3
NEK2A,NEK2
NLK1,NEK2
PPP1R111,NEK2
RP67,NEK2
HSPK36,NEK3
MGC29949,NEK3
NPHP9,NEK8
DKFZP434D0935,NEK9
MGC16714,NEK9
NEK8,NEK9
NERCC,NEK9
NERCC1,NEK9
FLJ23495,NEK11
NELF-A,NELFA
WHSC2,NELFA
COBRA1,NELFB
KIAA1182,NELFB
NELF-B,NELFB
HSPC130,NELFCD
NELF-C,NELFCD
NELF-D,NELFCD
TH1,NELFCD
TH1L,NELFCD
D6S45,NELFE
NELF-E,NELFE
RD,NELFE
RDBP,NELFE
RDP,NELFE
FLJ45906,NELL1
IDH3GL,NELL1
KIAA0286,NEMP1
TMEM194,NEMP1
TMEM194A,NEMP1
HST17534,NEO1
IGDCC2,NEO1
NGN,NEO1
NTN1R2,NEO1
NEPN,NEPNP
NPN,NEPNP
ARHGEF8,NET1
NET1A,NET1
BCTL1,NETO1
BTCL1,NETO1
FLJ10430,NETO2
NEOT2,NETO2
NEU,NEU1
H-NEU,NEURL1
NEU-1,NEURL1
NEURL,NEURL1
RNF67,NEURL1
DKFZP761M1511,NEURL1B
NEUR2,NEURL1B
RNF67B,NEURL1B
C20ORF163,NEURL2
DJ337O18.6,NEURL2
FLJ30259,NEURL2
OZZ,NEURL2
OZZ-E3,NEURL2
LINCR,NEURL3
LOC93082,NEURL3
RNF132,NEURL3
KIAA1787,NEURL4
BHLHA1,NEUROD2
NDRF,NEUROD2
KIAA2022,NEXMIF
KIDLIA,NEXMIF
MRX98,NEXMIF
XPN,NEXMIF
NF1HHS,NF1P1
NF1L1,NF1P3
NF1L4,NF1P4
NF1L5,NF1P5
EM:AP000532.C22.1,NF1P6
NF1L6,NF1P6
ACN,NF2
BANF,NF2
MERLIN,NF2
MERLIN-1,NF2
SCH,NF2
CNAIP,NFAM1
NF-ATC,NFATC1
NFAT2,NFATC1
NFATC,NFATC1
NF-ATP,NFATC2
NFAT1,NFATC2
NFATP,NFATC2
N339260,NFATC3
NFAT4,NFATC3
NFATX,NFATC3
NFAT3,NFATC4
NRF3,NFE2L3
CTF,NFIC
CTF5,NFIC
NF-I,NFIC
NFI,NFIC
E4BP4,NFIL3
IL3BP1,NFIL3
NF-IL3A,NFIL3
NFIL3A,NFIL3
IKBB,NFKBIB
TRIP9,NFKBIB
IKBL,NFKBIL1
NFKBIL,NFKBIL1
ISCS,NFS1
NIFS,NFS1
MGC20369,NFX1
NFX2,NFX1
TEG-42,NFX1
TEX42,NFX1
HOZFP,NFXL1
NFYAP,NFYAP1
FLJ11005,NGLY1
PNG-1,NGLY1
PNG1,NGLY1
DSC92,NGRN
BA204B7.2,NHLRC1
EPM2B,NHLRC1
DKFZP779F115,NHLRC2
FLJ20147,NHLRC2
FLJ25621,NHLRC2
FLJ33312,NHLRC2
MGC45492,NHLRC2
BA360G10.4,NHP2P1
NOLA2P1,NHP2P1
FLJ46906,NHSL1-AS1
C1ORF24,NIBAN1
FAM129A,NIBAN1
GIG39,NIBAN1
NIBAN,NIBAN1
BA356B19.6,NIBAN2
C9ORF88,NIBAN2
DKFZP434H0820,NIBAN2
FAM129B,NIBAN2
FLJ13518,NIBAN2
FLJ22151,NIBAN2
FLJ22298,NIBAN2
MINERVA,NIBAN2
ENTACTIN,NID1
NID,NID1
MKI67IPP1,NIFKP1
MKI67IPP2,NIFKP2
MKI67IPP3,NIFKP3
LINC02163,NIHCOLE
RP11-138J23.1,NIHCOLE
MGC42105,NIM1K
NIM1,NIM1K
NIN1,NINJ1
KIAA0980,NINL
NLP,NINL
CGI-37,NIP7
FLJ10296,NIP7
HSPC031,NIP7
KD93,NIP7
MGC35570,NIPA1
SLC57A1,NIPA1
SPG6,NIPA1
DKFZP686A06115,NIPAL1
NPAL1,NIPAL1
SLC57A3,NIPAL1
FLJ13955,NIPAL2
NPAL2,NIPAL2
SLC57A4,NIPAL2
ICHYN,NIPAL4
SLC57A6,NIPAL4
DKFZP434L1319,NIPBL
FLJ11203,NIPBL
FLJ12597,NIPBL
FLJ13354,NIPBL
FLJ13648,NIPBL
IDN3,NIPBL
SCC2,NIPBL
NIPBL-AS,NIPBL-DT
NIPBL-AS1,NIPBL-DT
GBAS,NIPSNAP2
DKFZP564D177,NIPSNAP3A
FLJ13953,NIPSNAP3A
HSPC299,NIPSNAP3A
MGC14553,NIPSNAP3A
NIPSNAP4,NIPSNAP3A
TASSC,NIPSNAP3A
FLJ11275,NIPSNAP3B
NIPSNAP3,NIPSNAP3B
SNAP1,NIPSNAP3B
FAM77C,NKAIN1
FLJ12650,NKAIN1
FAM77D,NKAIN3
FLJ39630,NKAIN3
NKAIN3-IT1,NKAIN3
BA261N11.2,NKAIN4
C20ORF58,NKAIN4
FAM77A,NKAIN4
FLJ22626,NKAP
C11ORF57,NKAPD1
FLJ10726,NKAPD1
NAKED2,NKD2
ITBA4,NKRF
NRF,NKRF
HSPX153,NKX1-1
SAX2,NKX1-1
BB238F13.2,NKX1-2
C10ORF121,NKX1-2
BCH,NKX2-1
NKX2A,NKX2-1
TITF1,NKX2-1
TTF-1,NKX2-1
TTF1,NKX2-1
NKX2.2,NKX2-2
NKX2B,NKX2-2
NKX2-2AS,NKX2-2-AS1
NKX2.4,NKX2-4
NKX2D,NKX2-4
CSX,NKX2-5
CSX1,NKX2-5
NKX2.5,NKX2-5
NKX2E,NKX2-5
NKX4-1,NKX2-5
CSX2,NKX2-6
NKX4-2,NKX2-6
NKX2-9,NKX2-8
NKX2.8,NKX2-8
NKX2H,NKX2-8
BAPX2,NKX3-1
NKX3.1,NKX3-1
NKX3A,NKX3-1
KIAA1366,NLGN2
ASPGX1,NLGN3
AUTSX1,NLGN3
HNL3,NLGN3
KIAA1480,NLGN3
HLNX,NLGN4X
KIAA1260,NLGN4X
NLGN,NLGN4X
NLGN4,NLGN4X
KIAA0951,NLGN4Y
NLGN4Y-AS,NLGN4Y-AS1
NLGN4YAS,NLGN4Y-AS1
AGTBP,NLN
KIAA1226,NLN
CLR16.2,NLRC3
FLJ00348,NLRC3
NOD3,NLRC3
CLR19.9,NLRP2
FLJ20510,NLRP2
NALP2,NLRP2
NBS1,NLRP2
PAN1,NLRP2
PYPAF2,NLRP2
CLRX.1,NLRP2B
NALP2P,NLRP2B
NLRP2P,NLRP2B
NOD24,NLRP2B
POP4,NLRP2B
NLRP3P,NLRP3P1
NOD13,NLRP3P1
CLR19.5,NLRP4
CT58,NLRP4
FLJ32126,NLRP4
NALP4,NLRP4
PAN2,NLRP4
PYPAF4,NLRP4
RNH2,NLRP4
CLR19.4,NLRP7
NALP7,NLRP7
NOD12,NLRP7
PAN7,NLRP7
PYPAF3,NLRP7
CLR19.1,NLRP9
NALP9,NLRP9
NOD6,NLRP9
PAN12,NLRP9
CLR11.1,NLRP10
NALP10,NLRP10
NOD8,NLRP10
PAN5,NLRP10
PYNOD,NLRP10
CLR11.2,NLRP14
GC-LRR,NLRP14
NALP-IOTA,NLRP14
NALP14,NLRP14
NOD5,NLRP14
PAN8,NLRP14
MGC17211,NMB
MGC2277,NMB
MGC3936,NMB
RP11-137J7.2,NMBR-AS1
NDPKA,NME1
NM23,NME1
NM23-H1,NME1
NM23-LV,NME1-NME2
NMELV,NME1-NME2
NDPKB,NME2
NM23-H2,NME2
CFAP67,NME7
FLJ37194,NME7
NM23-H7,NME7
LCA9,NMNAT1
NMNAT,NMNAT1
PNAT1,NMNAT1
NMNATP,NMNAT1P1
C1ORF15,NMNAT2
KIAA0479,NMNAT2
PNAT2,NMNAT2
FLJ25918,NMRAL1
HSCARG,NMRAL1
SDR48A1,NMRAL1
BA235O14.2,NMRK1
C9ORF95,NMRK1
FLJ20559,NMRK1
NRK1,NMRK1
NMT-TRNA-GLN-TTG-12-1,NMTRQ-TTG12-1
TRNAQ41P,NMTRQ-TTG12-1
NMU2R,NMUR2
PEG5,NNAT
RP11-159F24.1,NNT-AS1
C4ORF14,NOA1
HATNOS1,NOA1
HNOA1,NOA1
MGC3232,NOA1
MTG3,NOA1
OG2,NOBOX
OG2X,NOBOX
AD24,NOC3L
C10ORF117,NOC3L
FAD24,NOC3L
FLJ12820,NOC3L
MGC3162,NOC4L
NET49,NOC4L
NOC4,NOC4L
UTP19,NOC4L
CCR4C,NOCT
CCR4L,NOCT
CCRN4L,NOCT
NOC,NOCT
CARD4,NOD1
CLR7.1,NOD1
NLRC1,NOD1
CT125,NOL4
HRIHFB2255,NOL4
NOLP,NOL4
C20ORF112,NOL4L
C20ORF113,NOL4L
DJ1184F4.2,NOL4L
DJ1184F4.4,NOL4L
DKFZP566G1424,NOL4L
BA311H10.1,NOL6
FLJ21959,NOL6
MGC14896,NOL6
MGC14921,NOL6
MGC20838,NOL6
NRAP,NOL6
UTP22,NOL6
C6ORF90,NOL7
DJ223E5.2,NOL7
NOP27,NOL7
PQBP3,NOL7
RARG-1,NOL7
C9ORF34,NOL8
FLJ20736,NOL8
NOP132,NOL8
DKFZP586L0724,NOL11
MGC3731,NOL12
NOP25,NOL12
RRP17,NOL12
KIAA0035,NOLC1
NOPP130,NOLC1
NOPP140,NOLC1
P130,NOLC1
SRP40,NOLC1
PM5,NOMO1
NMT55,NONO
NRB54,NONO
P54,NONO
P54NRB,NONO
PPP1R114,NONO
C14ORF21,NOP9
MGC70651,NOP10
NOLA3,NOP10
NOP10P,NOP10
C4ORF9,NOP14
NOL14,NOP14
RES4-25,NOP14
UTP2,NOP14
GLTSCR2,NOP53
PICT-1,NOP53
PICT1,NOP53
GLTSCR2-AS1,NOP53-AS1
NOL5A,NOP56
SCA36,NOP56
DJ207F6.1,NOP56P1
NOL5B,NOP56P1
NOL5BP,NOP56P1
NOP56-L,NOP56P1
C12ORF45,NOPCHAP1
DDSR1,NOPCHAP1
MGC40397,NOPCHAP1
LINC00657,NORAD
NOS2B,NOS2P2
ECNOS,NOS3
ENOS,NOS3
CGI-25,NOSIP
MGC20702,NOSTRIN
TAN1,NOTCH1
CADASIL,NOTCH3
CASIL,NOTCH3
INT3,NOTCH4
NOVA-1,NOVA1
C14ORF22,NOVA1-DT
LINC02588,NOVA1-DT
NOVA1-AS1,NOVA1-DT
ANOVA,NOVA2
NOVA-2,NOVA2
NOVA3,NOVA2
GP91-3,NOX3
KOX,NOX4
KOX-1,NOX4
FLJ25475,NOXA1
NY-CO-31,NOXA1
SDCCAG31,NOXA1
P41NOXA,NOXO1
P41NOXB,NOXO1
P41NOXC,NOXO1
SH3PXD5,NOXO1
SNX28,NOXO1
C15ORF2,NPAP1
BHLHE9,NPAS2
MOP4,NPAS2
PASD4,NPAS2
E14,NPAT
P220,NPAT
GPR7,NPBWR1
GPR8,NPBWR2
SLC65A1,NPC1
EDDM1,NPC2
HE1,NPC2
NP-C2,NPC2
CAB-,NPDC1
CAB1,NPDC1
DKFZP586J0523,NPDC1
BA261P9.2,NPEPL1
FLJ11583,NPEPL1
GPR147,NPFFR1
NPFF1R1,NPFFR1
OT7T022,NPFFR1
NCRNA00119,NPHP3-AS1
KIAA0673,NPHP4
POC10,NPHP4
SLSN4,NPHP4
MORPHEUS,NPIPA1
NPIP,NPIPA1
B23,NPM1
NPM,NPM1
NG1-1.6,NPM1P1
NPMP1,NPM1P1
NG2-6,NPM1P2
NPMP2,NPM1P2
NG3-3,NPM1P3
NPM1P15,NPM1P3
NPMP3,NPM1P3
NG4-5,NPM1P4
NPMP4,NPM1P4
NG5-4,NPM1P5
NPMP5,NPM1P5
NG6-4,NPM1P6
NPMP6,NPM1P6
EGFL6L,NPNT
POEM,NPNT
AMDM,NPR2
ANPB,NPR2
ANPRB,NPR2
GC-B,NPR2
GUCY2B,NPR2
NPRB,NPR2
ANPRC,NPR3
C5ORF23,NPR3
FLJ14054,NPR3
GUCY2B,NPR3
NPRC,NPR3
NPR2,NPRL2
NPR2L,NPRL2
TUSC4,NPRL2
C16ORF35,NPRL3
CGTHBA,NPRL3
HS-40,NPRL3
MARE,NPRL3
NPR3,NPRL3
RMD11,NPRL3
GPR154,NPSR1
GPRA,NPSR1
PGR14,NPSR1
AAA1,NPSR1-AS1
IMAGE:4827585,NPSR1-AS1
GP55,NPTN
GP65,NPTN
NP55,NPTN
NP65,NPTN
SDFR1,NPTN
SDR1,NPTN
LNCRNA-LET,NPTN-IT1
C7ORF9,NPVF
RFRP,NPVF
PPL8,NPW
PYY4,NPY
NPYR,NPY1R
PP1,NPY4R
PPYR1,NPY4R
Y4,NPY4R
CH17-360D5.1,NPY4R2
NPYR5,NPY5R
DHQV,NQO2
DIA6,NQO2
NMOR2,NQO2
QR2,NQO2
EAR-1,NR1D1
HREV,NR1D1
REV-ERBAALPHA,NR1D1
REVERBA,NR1D1
REVERBALPHA,NR1D1
THRA1,NR1D1
THRAL,NR1D1
FXR,NR1H4
HRR-1,NR1H4
HRR1,NR1H4
RIP14,NR1H4
FXRB,NR1H5P
NR1H5,NR1H5P
TRA16,NR2C2AP
ARP1,NR2F2
COUP-TFII,NR2F2
COUPTF2,NR2F2
COUPTFB,NR2F2
NF-E3,NR2F2
SVP40,NR2F2
TFCOUP2,NR2F2
GR,NR3C1
GRL,NR3C1
MLR,NR3C2
MR,NR3C2
CHN,NR4A3
CSMF,NR4A3
MINOR,NR4A3
NOR1,NR4A3
B1F2,NR5A2
FTF,NR5A2
FTZ-F1,NR5A2
FTZ-F1BETA,NR5A2
HB1F,NR5A2
HB1F-2,NR5A2
LRH-1,NR5A2
LRH1,NR5A2
CT150,NR6A1
GCNF,NR6A1
GCNF1,NR6A1
RTR,NR6A1
LINC00284,NRAD1
NCRNA00284,NRAD1
MGC61598,NRARP
COPR1,NRBF2
COPR2,NRBF2
DKFZP564C1664,NRBF2
FLJ30395,NRBF2
DKFZP434P086,NRBP2
C14ORF102,NRDE2
FLJ14051,NRDE2
C5ORF13,NREP
D4S114,NREP
P311,NREP
PRO1873,NREP
PTZ17,NREP
SEZ17,NREP
DON-1,NRG2
HRG2,NRG2
NTAK,NRG2
C10ORF100,NRG3-AS1
EM:AC010157.1,NRG3-AS1
RIP140,NRIP1
D14S46E,NRL
NRL-MAF,NRL
RP27,NRL
NRM29,NRM
NRN,NRN1
NCRNA00194,NRON
CD304,NRP1
NRP,NRP1
VEGF165R,NRP1
P24,NRSN1
VMP,NRSN1
C20ORF98,NRSN2
DJ1103G7.6,NRSN2
C14ORF60,NRXN3
KIAA0743,NRXN3
KMT3G,NSD2
MMSET,NSD2
WHSC1,NSD2
FLJ20353,NSD3
KMT3F,NSD3
WHISTLE,NSD3
WHSC1L1,NSD3
H105E3,NSDHL
SDR31E1,NSDHL
XAP104,NSDHL
SEC18,NSF
SKD2,NSF
DJ776F14.1,NSFL1C
P47,NSFL1C
UBX1,NSFL1C
UBXD10,NSFL1C
UBXN2C,NSFL1C
NSFP,NSFP1
CALY3,NSG2
HMP19,NSG2
FAN,NSMAF
GRAMD5,NSMAF
C8ORF36,NSMCE2
FLJ32440,NSMCE2
MMS21,NSMCE2
NSE2,NSMCE2
ZMIZ7,NSMCE2
HCA4,NSMCE3
MAGEG1,NSMCE3
MAGEL3,NSMCE3
NDNL2,NSMCE3
NSE3,NSMCE3
BA500G22.3,NSMCE4A
C10ORF86,NSMCE4A
FLJ20003,NSMCE4A
NSE4A,NSMCE4A
NELF,NSMF
CCDC55,NSRP1
DKFZP434K1421,NSRP1
NSRP70,NSRP1
FLJ20303,NSUN2
MISU,NSUN2
MRT5,NSUN2
SAKI,NSUN2
TRM4,NSUN2
NT5C3P1,NT5C3AP1
UMPH1P,NT5C3AP1
DJ486I3.1,NT5DC1
MGC24302,NT5DC1
NT5C2L1,NT5DC1
FLJ11266,NT5DC3
TU12B1-TY,NT5DC3
DNT-2,NT5M
DNT2,NT5M
MDN,NT5M
C8ORF32,NTAQ1
FLJ10204,NTAQ1
WDYHV1,NTAQ1
NGF2,NTF3
NTF5P,NTF6A
NTF6,NTF6A
PSI-NT4,NTF6A
AD-003,NTMT1
C9ORF32,NTMT1
HOMT1A,NTMT1
METTL11A,NTMT1
NRMT,NTMT1
NRMT1,NTMT1
NET1,NTN1
NTN1L,NTN1
NTN2L,NTN3
KIAA1857,NTNG2
LMNT2,NTNG2
NTNG1,NTNG2
TRKB,NTRK2
NTR,NTSR1
NTR2,NTSR2
CIAO5,NUBP1
NBP1,NUBP1
NBP35,NUBP1
CFD1,NUBP2
CIAO6,NUBP2
C14ORF127,NUBPL
FLJ12660,NUBPL
HUIND1,NUBPL
IND1,NUBPL
CML66,NUDCD1
FLJ14991,NUDCD1
APAH1,NUDT2
DIPP2,NUDT4
DIPP2ALPHA,NUDT4
DIPP2BETA,NUDT4
HDCMB47P,NUDT4
KIAA0487,NUDT4
FGF-AS,NUDT6
FGF2AS,NUDT6
GFG,NUDT6
GFG-1,NUDT6
MGC3037,NUDT9
DIPP3A,NUDT10
HDIPP3ALPHA,NUDT10
DIPP3B,NUDT11
FLJ10628,NUDT11
HDIPP3BETA,NUDT11
DKFZP761I172,NUDT12
DKFZP586P2219,NUDT13
UGPP,NUDT14
FLJ10956,NUDT15
MTH2,NUDT15
FLJ31265,NUDT16
FLJ22494,NUDT18
MTH3,NUDT18
MGC13045,NUDT22
CDCA1,NUF2
CT106,NUF2
NUF2R,NUF2
NUFIP,NUFIP1
RSA1,NUFIP1
NUFIP1P,NUFIP1P1
FLJ22618,NUP37
MGC5585,NUP37
NPAP60L,NUP50
NUP50-AS1,NUP50-DT
NUP50P,NUP50P1
KIAA0410,NUP58
NUP45,NUP58
NUPL1,NUP58
NUPL1P1,NUP58P1
FLJ20130,NUP62CL
KIAA0095,NUP93
NUP84,NUP107
HNUP153,NUP153
KIAA0791,NUP155
N155,NUP155
KIAA0169,NUP188
C7ORF14,NUP205
KIAA0225,NUP205
COM1,NUPR1
P8,NUPR1
NUPR1L,NUPR2
P8,NUPR2
C6ORF68,NUS1
MGC7199,NUS1
NGBR,NUS1
TANGO14,NUS1
YDD19,NUS1P3
ANKT,NUSAP1
BM037,NUSAP1
FLJ13421,NUSAP1
LNP,NUSAP1
PRO0310P1,NUSAP1
Q0310,NUSAP1
SAPL,NUSAP1
C15ORF55,NUTM1
DKFZP434O192,NUTM1
FAM22H,NUTM1
NUT,NUTM1
FAM22A,NUTM2A
FAM22D,NUTM2D
FAM22E,NUTM2E
DKFZP434I1117,NUTM2F
FAM22F,NUTM2F
FAM22G,NUTM2G
KIAA1239,NWD2
DKFZP667O0311,NXF1
MEX67,NXF1
TAP,NXF1
CT39,NXF2
TAPL-2,NXF2
FLJ12614,NXN
NRX,NXN
C9ORF121,NXNL2
RDCVF2,NXNL2
C11ORF33,NXPE4
FAM55D,NXPE4
FLJ20127,NXPE4
NPH2,NXPH2
NPH3,NXPH3
NPH4,NXPH4
MTR2,NXT1
P15,NXT1
P15-2,NXT2
CGIN1,NYNRIN
FLJ11811,NYNRIN
KIAA1305,NYNRIN
CLRP,NYX
CSNB1,NYX
CSNB1A,NYX
CSNB4,NYX
ACYL3P,OACYLP
MGC52117,OAF
C6ORF130,OARD1
DJ34B21.3,OARD1
MGC19570,OARD1
TARG1,OARD1
HOGA,OAT
C13ORF7,OBI1
FLJ13449,OBI1
RNF219,OBI1
POU4F1-AS1,OBI1-AS1
RNF219-AS1,OBI1-AS1
HOBPIIB,OBP2B
LCN14,OBP2B
PLA2L,OC90
BEY,OCA2
BEY1,OCA2
BEY2,OCA2
D15S12,OCA2
EYCL,OCA2
EYCL2,OCA2
EYCL3,OCA2
P,OCA2
FLJ22709,OCEL1
ASRIJ,OCIAD1
FLJ20455,OCIAD1
OCIA,OCIAD1
TPA018,OCIAD1
MGC45416,OCIAD2
PPP1R115,OCLN
DENT-2,OCRL
OCRL1,OCRL
C20ORF123,OCSTAMP
DJ257E24.3,OCSTAMP
ARMC4,ODAD2
CILD23,ODAD2
DKFZP434P1735,ODAD2
FLJ10376,ODAD2
FLJ10817,ODAD2
GUDU,ODAD2
ARMC4P1,ODAD2P1
CCDC151,ODAD3
MGC20983,ODAD3
ODA10,ODAD3
AI2A4,ODAPH
C4ORF26,ODAPH
FLJ23657,ODAPH
CT133,ODF1
HSPB10,ODF1
ODF27,ODF1
ODFPG,ODF1
RT7,ODF1
FAP123,ODF3B
CT136,ODF4
OPPO1,ODF4
MRDS1,OFCC1
OPO,OFCC1
71-7A,OFD1
CXORF5,OFD1
JBTS10,OFD1
RP23,OFD1
OFD1P1,OFD1P1Y
OFDYP1,OFD1P1Y
OFD1P2,OFD1P2Y
OFD1PY2,OFD1P2Y
OFDYP2,OFD1P2Y
OFD1P19,OFD1P3Y
OFD1P19Y,OFD1P3Y
OFD1P3,OFD1P3Y
OFD1PY19,OFD1P3Y
OFD1PY3,OFD1P3Y
OFDYP3,OFD1P3Y
OFD1P4,OFD1P4Y
OFD1PY4,OFD1P4Y
OFDYP4,OFD1P4Y
OFD1P5,OFD1P5Y
OFD1PY5,OFD1P5Y
OFDYP5,OFD1P5Y
OFD1P2,OFD1P6Y
OFD1P6,OFD1P6Y
OFD1PY6,OFD1P6Y
OFDYP6,OFD1P6Y
OFD1P7,OFD1P7Y
OFD1PY7,OFD1P7Y
OFDYP7,OFD1P7Y
OFD1P8,OFD1P8Y
OFD1PY8,OFD1P8Y
OFDYP8,OFD1P8Y
OFD1P9,OFD1P9Y
OFD1PY9,OFD1P9Y
OFDYP9,OFD1P9Y
OFD1P10,OFD1P10Y
OFD1PY10,OFD1P10Y
OFDYP10,OFD1P10Y
OFD1P11,OFD1P11Y
OFD1PY11,OFD1P11Y
OFDYP11,OFD1P11Y
OFD1P12,OFD1P12Y
OFD1PY12,OFD1P12Y
OFDYP12,OFD1P12Y
OFD1P13,OFD1P13Y
OFD1PY13,OFD1P13Y
OFDYP13,OFD1P13Y
OFD1P15,OFD1P15Y
OFD1PY15,OFD1P15Y
OFDYP15,OFD1P15Y
OFD1P16,OFD1P16Y
OFD1PY16,OFD1P16Y
OFDYP16,OFD1P16Y
71-7A3,OFD1P17
71-7A5,OFD1P17
C5ORF1,OFD1P17
OFD1P1,OFD1P17
71-7A2,OFD1P18Y
CYORF1,OFD1P18Y
OFD1P18,OFD1P18Y
OFD1PY18,OFD1P18Y
MEA5,OGA
MGEA5,OGA
NCOAT,OGA
FLJ10851,OGDHL
FLJ10826,OGFOD1
KIAA1612,OGFOD1
TPA1,OGFOD1
C17ORF101,OGFOD3
FLJ22222,OGFOD3
7-60,OGFR
MIMECAN,OGN
OIF,OGN
SLRR3A,OGN
CT86,OIP5
HMIS18BETA,OIP5
MIS18B,OIP5
FLJ11106,OLAH
SAST,OLAH
THEDC1,OLAH
AMY,OLFM1
NOE1,OLFM1
NOELIN,OLFM1
OLFA,OLFM1
GC1,OLFM4
GW112,OLFM4
OLFD,OLFM4
FLJ00237,OLFML2A
HNOEL-ISO,OLFML3
OLF44,OLFML3
BHLHB6,OLIG1
BHLHE21,OLIG1
BHLHB1,OLIG2
BHLHE19,OLIG2
OLIGO2,OLIG2
PRKCBP2,OLIG2
RACK17,OLIG2
BHLHB7,OLIG3
BHLHE20,OLIG3
CLEC8A,OLR1
LOX-1,OLR1
SCARE1,OLR1
FLJ33782,OMA1
MPRP-1,OMA1
YKR087C,OMA1
ZMPOMA1,OMA1
OSTEOADHERIN,OMD
SLRR2C,OMD
OMGP,OMG
HNF-6,ONECUT1
HNF6,ONECUT1
HNF6A,ONECUT1
OC-2,ONECUT2
C6ORF156,OOEP
EM:AC019205.2,OOEP
KHDC2,OOEP
OOEP-AS,OOEP-AS1
FLJ36198,OOSP2
OOSP2A,OOSP2
PLAC1L,OOSP2
TMEM122,OOSP2
HTMP10,OPALIN
TMEM10,OPALIN
TMP10,OPALIN
ARHGAP41,OPHN1
MRX60,OPHN1
OPN1,OPHN1
5-OPASE,OPLAH
OPLA,OPLAH
CBBM,OPN1LW
CBP,OPN1LW
COD5,OPN1LW
RCP,OPN1LW
CBBM,OPN1MW
CBD,OPN1MW
COD5,OPN1MW
GCP,OPN1MW
OPN1MW1,OPN1MW
MELANOPSIN,OPN4
MOP,OPN4
KOR-3,OPRL1
NOCIR,OPRL1
NOPR,OPRL1
OOR,OPRL1
ORL1,OPRL1
PNOCR,OPRL1
MOP,OPRM1
MOR1,OPRM1
BPLP,OPRPN
PRL1,OPRPN
PROL1,OPRPN
OR11-13,OR1D3P
OR11-22,OR1D3P
OR17-23,OR1D3P
OR1D6P,OR1D3P
OR1D7P,OR1D3P
OR17-31,OR1D5
OR17-210,OR1E3
OR1E3P,OR1E3
OLFMF2,OR1F2P
OR1F2,OR1F2P
OR1F3P,OR1F2P
OR1H1,OR1H1P
OST26,OR1H1P
HG32,OR1J1
OR1J3,OR1J2
OR1J5,OR1J2
OST044,OR1J2
HSHTPCRX01,OR1J4
HTPCRX01,OR1J4
HG99,OR1K1
MNAB,OR1K1
OR1L2,OR1L1
OR9-C,OR1L1
OR9-D,OR1L3
OR17-208,OR1P1
OR1P1P,OR1P1
HSTPCR106,OR1Q1
OR1Q2,OR1Q1
OR1Q3,OR1Q1
OR9-A,OR1Q1
OST226,OR1Q1
OST226OR9-A,OR1Q1
TPCR106,OR1Q1
OR2A17P,OR2A2
OR2A2P,OR2A2
OST008,OR2A2
OR2A10,OR2A4
OR2A26,OR2A5
OR2A8,OR2A5
OR7-138,OR2A5
OR7-141,OR2A5
HSDJ0798C17,OR2A7
OR2A12P,OR2A12
OR2A14P,OR2A14
OR2A6,OR2A14
OST182,OR2A14
OR2A25P,OR2A25
OR2A27,OR2A25
HS6M1-8P,OR2AD1P
OR2AD1,OR2AD1P
OR2AF2P,OR2AF1P
HS6M1-10,OR2B2
OR2B2Q,OR2B2
OR2B9,OR2B2
OR6-1,OR2B2
OR2B3P,OR2B3
OR6-4,OR2B3
DJ408B20.2,OR2B6
OR2B1,OR2B6
OR2B1P,OR2B6
OR2B5,OR2B6
OR2B6P,OR2B6
OR5-40,OR2B6
OR5-41,OR2B6
OR6-31,OR2B6
HS6M1-31P,OR2B7P
HS6M1-29P,OR2B8P
OR2B8,OR2B8P
OLFMF3,OR2C1
OR2C2P,OR2C1
HS29K1,OR2E1P
HS6M1-9,OR2E1P
HS6M1-9P,OR2E1P
HSNH0569I24,OR2E1P
OR2E1,OR2E1P
OR2E2,OR2E1P
OLF3,OR2F1
OR14-60,OR2F1
OR2F3,OR2F1
OR2F3P,OR2F1
OR2F4,OR2F1
OR2F5,OR2F1
OR7-139,OR2F1
OR7-140,OR2F1
OR7-1,OR2F2
HS6M1-25,OR2G1P
OST619,OR2G1P
OR2H6,OR2H1
OR2H8,OR2H1
OR6-2,OR2H1
HS6M1-12,OR2H2
DJ80I19.6,OR2H4P
HS6M1-7,OR2H4P
OR2H4,OR2H4P
OR6-3,OR2H4P
HS271M21,OR2H5P
HS6M1-13,OR2H5P
OR2H5,OR2H5P
HS6M1-14,OR2I1P
OR2I1,OR2I1P
OR2I2,OR2I1P
OR2I3P,OR2I1P
OR2I4P,OR2I1P
DJ80I19.2,OR2J1
HS6M1-4,OR2J1
OR2J1P,OR2J1
OR6-5,OR2J1
DJ80I19.4,OR2J2
HS6M1-6,OR2J2
OR6-8,OR2J2
OR6-6,OR2J3
DJ80I19.5,OR2J4P
HS6M1-5,OR2J4P
OR6-9,OR2J4P
HSHTPCRH06,OR2K2
HTPCRH06,OR2K2
OR2AR1P,OR2K2
OR6-7,OR2N1P
HS6M1-26,OR2P1P
OR7-2,OR2Q1P
OR2R1,OR2R1P
OST058,OR2R1P
OR1-25,OR2T1
OR2T2P,OR2T2
OR2T4Q,OR2T4
OR2T6P,OR2T6
OR2T9,OR2T6
OST703,OR2T6
OR2T7P,OR2T7
OST723,OR2T7
OR2T11Q,OR2T11
HS6M1-24,OR2U1P
OR2AU1P,OR2U1P
HS6M1-23,OR2U2P
HS6M1-15,OR2W1
HS6M1-30P,OR2W2P
OR2W7P,OR2W6P
OR11-30,OR4A1P
OR4A20P,OR4A1P
OR4A4,OR4A4P
OR4A8P,OR4A8
OR4A25P,OR4A10P
OR4A22P,OR4A17P
OST724,OR4D7P
OR4D11P,OR4D11
HSDJ0609N19,OR4F1P
OR4F1,OR4F1P
OR4F18,OR4F4
OR4F10,OR4F7P
OR4F20P,OR4F8P
OR4F9P,OR4F8P
OR4F21P,OR4F21
OR4G7P,OR4G2P
OLC,OR4G3P
OLC-7501,OR4G3P
OR4G3,OR4G3P
OR4G5P,OR4G3P
OR14-58,OR4H6P
OR15-69,OR4H6P
OR15-71,OR4H6P
OR15-80,OR4H6P
OR15-81,OR4H6P
OR15-82,OR4H6P
OR4-114,OR4H6P
OR4-115,OR4H6P
OR4-119,OR4H6P
OR4H10,OR4H6P
OR4H10P,OR4H6P
OR4H11,OR4H6P
OR4H11P,OR4H6P
OR4H1P,OR4H6P
OR4H2,OR4H6P
OR4H2P,OR4H6P
OR4H3,OR4H6P
OR4H3P,OR4H6P
OR4H4,OR4H6P
OR4H4P,OR4H6P
OR4H5,OR4H6P
OR4H5P,OR4H6P
OR4H6,OR4H6P
OR4H7,OR4H6P
OR4H7P,OR4H6P
OR4H8,OR4H6P
OR4H8P,OR4H6P
OR4H9,OR4H6P
OR4H9P,OR4H6P
OR5-39,OR4H6P
OR5-84,OR4H6P
C14ORF14,OR4H12P
OR4H12,OR4H12P
OR4K3P,OR4K3
OR4K10P,OR4K7P
OR4K9P,OR4K8P
OR21-1,OR4K11P
OR21-2,OR4K12P
OR4K15Q,OR4K15
OR4L2P,OR4L1
OR4P3P,OR4P4
C14ORF13,OR4Q3
OR4Q4,OR4Q3
OR5AK5P,OR5AK1P
OR3-144,OR5B1P
OR5B14P,OR5B1P
OR5B5,OR5B1P
OR5B5P,OR5B1P
OR5B6,OR5B1P
OR5B6P,OR5B1P
OR5B7,OR5B1P
OR5B7P,OR5B1P
OR5B8,OR5B1P
OR5B8P,OR5B1P
OR5B9,OR5B1P
OR5B9P,OR5B1P
OR6-55,OR5B1P
OR6-57,OR5B1P
OR8-122,OR5B1P
OR8-123,OR5B1P
OR912-92,OR5B1P
OR13-34,OR5B10P
OR13-64,OR5B10P
OR13-67,OR5B10P
OR5B10,OR5B10P
OR5B11,OR5B10P
OR5B11P,OR5B10P
OR5B18P,OR5B10P
OR5B4P,OR5B10P
OR5B20P,OR5B17
OR5BH2P,OR5BH1P
OR5BQ2P,OR5BQ1P
OR11-7A,OR5D2P
OR18-17,OR5D2P
OR18-42,OR5D2P
OR18-43,OR5D2P
OR18-44,OR5D2P
OR5D10P,OR5D2P
OR5D11,OR5D2P
OR5D11P,OR5D2P
OR5D12,OR5D2P
OR5D12P,OR5D2P
OR5D1P,OR5D2P
OR5D5P,OR5D2P
OR5D6P,OR5D2P
OR5D7P,OR5D2P
OR5D8P,OR5D2P
OR5D9P,OR5D2P
OR8-125,OR5D2P
OR8-127,OR5D2P
OR912-47,OR5D2P
OR912-91,OR5D2P
OR912-94,OR5D2P
R5D9P,OR5D2P
HSTPCR24,OR5E1P
OR5E1,OR5E1P
TPCR24,OR5E1P
OR11-10,OR5F1
OR11-104,OR5G1P
OR5G2P,OR5G1P
OR93,OR5G1P
OR5G3P,OR5G3
OR5G6P,OR5G3
HSOLF1,OR5I1
OLF1,OR5I1
HTPCRH02,OR5J1P
OR5J1,OR5J1P
OST262,OR5L1
HSHTPCRX16,OR5L2
HTPCRX16,OR5L2
JCG3,OR5P2
JCG1,OR5P3
OR5T1P,OR5T1
OR5T3Q,OR5T3
HS6M1-21,OR5V1
OR5W2P,OR5W2
OR5W3P,OR5W2
OR7-3,OR6B1
OR6J1P,OR6J1
OR6J2,OR6J1
OR6S1Q,OR6S1
GPR138,OR6V1
OR6W1,OR6W1P
SDOLF,OR6W1P
OR11-7B,OR7A3P
OR14-11,OR7A3P
OR14-59,OR7A3P
OR19-12,OR7A3P
OR7A12P,OR7A3P
OR7A13P,OR7A3P
OR7A14,OR7A3P
OR7A14P,OR7A3P
HG83,OR7A8P
OR19-11,OR7A8P
OR7A9P,OR7A8P
OST042,OR7A8P
OR7A11,OR7A11P
OST527,OR7A11P
OR19-1,OR7A15P
OR19-134,OR7A15P
OR19-146,OR7A15P
OR7A16P,OR7A15P
OR7A20P,OR7A15P
OR7A4P,OR7A15P
OR19-18,OR7C2
OR7C3,OR7C2
OR19-A,OR7D1P
OR7D3,OR7D1P
OR7D3P,OR7D1P
FLJ31393,OR7E5P
OR11-12,OR7E5P
OR7F5P,OR7E5P
OR11-11A,OR7E8P
OR11-1,OR7E10P
OR11-3,OR7E12P
OR7E58P,OR7E12P
OR7E79P,OR7E12P
OR11-392,OR7E15P
OR7E42P,OR7E15P
OR7E80P,OR7E15P
OST001,OR7E15P
OR19-14,OR7E18P
OR7E61,OR7E18P
OR7E98P,OR7E18P
TPCR26,OR7E18P
OR21-3,OR7E23P
OR7E92P,OR7E23P
HG616,OR7E28P
OR7E107P,OR7E28P
OR7E133P,OR7E28P
OR7E27P,OR7E28P
OST128,OR7E28P
OST032,OR7E29P
OR7E32P,OR7E31P
OST205,OR7E31P
HG688,OR7E33P
OR7E120,OR7E35P
OST018,OR7E35P
OR7E119P,OR7E36P
OST024,OR7E36P
HG533,OR7E37P
OR7E76,OR7E38P
OST127,OR7E38P
HG611,OR7E39P
OR7E138P,OR7E39P
OR3-142,OR7E53P
OR3-143,OR7E53P
OR7E132P,OR7E53P
OR7E78,OR7E53P
OR7E78P,OR7E53P
OR2DG,OR7E55P
OR3.2,OR7E55P
OR7E56P,OR7E55P
OST013,OR7E55P
OR7E137P,OR7E59P
OR7E59,OR7E59P
OST119,OR7E59P
HG630,OR7E66P
OR3.3,OR7E66P
OR3DG,OR7E66P
OR7E20P,OR7E66P
OR7E6P,OR7E66P
OR7E134P,OR7E83P
OR7E54P,OR7E84P
OST185,OR7E84P
OR7E88P,OR7E85P
OR7E123P,OR7E90P
OST705,OR7E90P
OR7E131P,OR7E93P
OR7E102,OR7E102P
OR7E40P,OR7E106P
OST215,OR7E106P
OST733,OR7E116P
HG500,OR7E126P
OR11-1,OR7E126P
OST702,OR7E130P
OR7E139P,OR7E136P
OR7E147P,OR7E136P
OR7E150P,OR7E148P
OR7H1,OR7H1P
OST025,OR8A1
OR8B13P,OR8B7P
OR11-175,OR8C1P
OR8C3P,OR8C1P
OR8C4P,OR8C1P
OR912-106,OR8C1P
OR912-45,OR8C1P
OR8J2P,OR8J2
OR5R1,OR8U3
OR5R1P,OR8U3
OR9G5,OR9G1
OR9G6,OR9G2P
OST714,OR9I3P
OR9L2P,OR9L1P
OR9P2P,OR9P1P
HSHTPCRX12,OR10A3
HTPCRX12,OR10A3
OR10AC1P,OR10AC1
OR10AE2P,OR10AE1P
OR10B2,OR10B1P
HS6M1-17,OR10C1
OR10C1P,OR10C1
OR10C2,OR10C1
HTPCRX03,OR10D1P
OR10D2P,OR10D1P
OST074,OR10D1P
OR10D4,OR10D4P
OR10D6P,OR10D4P
OR10G6P,OR10G6
OR10G6Q,OR10G6
OR10G10P,OR10G9
HGMP07J,OR10J1
HSHGMP07J,OR10J1
OR10J3P,OR10J3
OR10J4P,OR10J4
OST717,OR10J4
OR10W1P,OR10W1
HS6M1-18,OR11A1
OR11A2,OR11A1
OR22-1,OR11H1
OR11H7P,OR11H7
HS6M1-19,OR12D1
OR12D1P,OR12D1
HS6M1-20,OR12D2
HS6M1-27,OR12D3
OR13E2,OR13E1P
OST741,OR13E1P
OR13I2P,OR13I1P
OR5BU1,OR14I1
OR5BU1P,OR14I1
HS6M1-28,OR14J1
OR5U1,OR14J1
OR51A11P,OR51A10P
OR51A13,OR51A10P
OR51G3P,OR51G1
OR51J1P,OR51J1
OR51J2,OR51J1
OR51P2P,OR51P1P
OR52A4,OR52A4P
OR52E1P,OR52E1
OR52J4P,OR52J2P
OR52L2,OR52L2P
OR52Y2P,OR52Y1P
OR52Z1,OR52Z1P
OR56B1P,OR56B1
MGC13024,ORAI3
TMEM142C,ORAI3
IMAGE50150,ORC3
LATHEO,ORC3
ORC3L,ORC3
ADOPLIN-2,ORMDL2
HSPC160,ORMDL2
MST095,ORMDL2
MSTP095,ORMDL2
OSBP1,OSBP
KIAA1664,OSBP2
ORP-4,OSBP2
ORP4,OSBP2
OSBPL1,OSBP2
ORP-1,OSBPL1A
ORP1,OSBPL1A
OSBPL1B,OSBPL1A
DFNA67,OSBPL2
KIAA0772,OSBPL2
ORP-2,OSBPL2
KIAA0704,OSBPL3
ORP-3,OSBPL3
ORP3,OSBPL3
OSBP3,OSBPL3
KIAA1534,OSBPL5
OBPH1,OSBPL5
ORP5,OSBPL5
ORP6,OSBPL6
MST120,OSBPL8
MSTP120,OSBPL8
ORP8,OSBPL8
OSBP10,OSBPL8
FLJ13012,OSBPL11
FLJ13164,OSBPL11
ORP-11,OSBPL11
ORP11,OSBPL11
C20ORF111,OSER1
DJ1183I21.1,OSER1
HSPC207,OSER1
OSR1,OSER1
PERIT1,OSER1
OSER1-AS1,OSER1-DT
GCPL1,OSGEP
KAE1,OSGEP
OSGEP1,OSGEP
PRSMG1,OSGEP
TCS3,OSGEP
BDGI,OSGIN1
OKL38,OSGIN1
MGC20461,OSM
ODD,OSR1
FLJ90037,OSR2
DC2,OSTC
DC2L,OSTCP1
OSTCL,OSTCP1
BA235O14.1,OSTF1
OSF,OSTF1
SH3P2,OSTF1
OSTF1P,OSTF1P1
OTC1,OTC
OTCASE,OTC
OTCD,OTC
CT108,OTOA
DFNB22,OTOA
FDP,OTOR
MIAL,OTOR
MIAL1,OTOR
C14ORF137,OTUB2
FLJ21916,OTUB2
MGC3102,OTUB2
HIN1L,OTUD4P1
DKFZP761A052,OTUD5
DUBA,OTUD5
DUBA2,OTUD6A
FLJ25831,OTUD6A
HSHIN6,OTUD6A
OTX2OS1,OTX2-AS1
BA504H3.3,OVOL2
CHED,OVOL2
CHED1,OVOL2
HOVO2,OVOL2
ZNF339,OVOL2
MGC133129,OXA1L
OXA1,OXA1L
OXA1L1,OXA1L
OXCT,OXCT1
SCOT,OXCT1
SARRAH,OXCT1-AS1
AKGR,OXGR1
GPR80,OXGR1
GPR99,OXGR1
P2RY15,OXGR1
P2Y15,OXGR1
C17ORF90,OXLD1
MGC104712,OXLD1
TLDC3,OXR1
CEM1,OXSM
FASN2D,OXSM
FLJ20604,OXSM
KS,OXSM
KIAA1101,OXSR1
OSR1,OXSR1
OT,OXT
OT-NPI,OXT
OXT-NPI,OXT
P2X1,P2RX1
MGC129625,P2RX6
P2RXL1,P2RX6
P2X6,P2RX6
P2XM,P2RX6
MGC20089,P2RX7
P2X7,P2RX7
P2Y1,P2RY1
SARCC,P2RY1
NRU,P2RY4
P2P,P2RY4
P2Y4,P2RY4
UNR,P2RY4
P2Y8,P2RY8
P2Y10,P2RY10
P2RY10P2,P2RY10BP
P2Y11,P2RY11
FLJ10718,P3H2
LEPREL1,P3H2
MLAT4,P3H2
GRCB,P3H3
HSU47926,P3H3
LEPREL2,P3H3
C-P4HALPHA(II),P4HA2
LNCRNA-PE,P4HA2
C-P4HALPHA(III),P4HA3
EGLN4,P4HTM
FLJ20262,P4HTM
HIFPH4,P4HTM
P4H-TM,P4HTM
PH-4,P4HTM
PH4,P4HTM
PHD4,P4HTM
PA2G4P,PA2G4P1
BA102J14.2,PA2G4P2
PA2G4L5,PA2G4P2
HST2542,PA2G4P3
PA2G4L4,PA2G4P3
PA2G4L1,PA2G4P4
PA2G4L2,PA2G4P5
PA2G4L3,PA2G4P6
FLJ11848,PAAF1
RPN14,PAAF1
WDR71,PAAF1
DKFZP686L20116,PABIR2
FAM122B,PABIR2
RP11-308B5.5,PABIR2
PAB1,PABPC1
PABP1,PABPC1
PABPC2,PABPC1
PABPL1,PABPC1
C20ORF119,PABPC1L
DJ1069P2.3,PABPC1L
EPAB,PABPC1L
PABPC1L1,PABPC1L
RBM32A,PABPC1L2A
RBM32B,PABPC1L2B
PABP3,PABPC1P3
PABPCP3,PABPC1P3
D3S3192,PABPC1P10
PABPL1,PABPC1P10
PABP3,PABPC3
PABPL3,PABPC3
TPABP,PABPC3
PABP5,PABPC5
CXORF46,PABPC5-AS1
OTTHUMG00000021960,PABPC5-AS1
OPMD,PABPN1
PAB2,PABPN1
PABP2,PABPN1
FLJ10209,PACS1
KIAA1175,PACS1
KIAA0602,PACS2
PACS1L,PACS2
SDPII,PACSIN2
HPAD10,PADI1
PAD1,PADI1
PDI,PADI1
PDI1,PADI1
KIAA0994,PADI2
PDI2,PADI2
PDI3,PADI3
PAD,PADI4
PADI5,PADI4
PDI4,PADI4
PDI5,PADI4
GD,PAEP
GDA,PAEP
GDF,PAEP
GDS,PAEP
MGC138509,PAEP
MGC142288,PAEP
PAEG,PAEP
PEP,PAEP
PP14,PAEP
F23149_1,PAF1
FLJ11123,PAF1
PD2,PAF1
LIS1,PAFAH1B1
MDCR,PAFAH1B1
MDS,PAFAH1B1
NUDF,PAFAH1B1
PAFAH,PAFAH1B1
LIS2,PAFAH1B1P1
PAFAH1P1,PAFAH1B1P1
LIS2P,PAFAH1B1P2
PAFAH1P2,PAFAH1B1P2
HSD-PLA2,PAFAH2
CBP,PAG1
PAG,PAG1
CT16.3,PAGE1
GAGE-9,PAGE1
GAGEB1,PAGE1
PAGE-1,PAGE1
CT16.4,PAGE2
GAGEC2,PAGE2
MGC62094,PAGE2
PAGE-2,PAGE2
CT16.5,PAGE2B
CT16.6,PAGE3
GAGED1,PAGE3
PAGE-3,PAGE3
CT16.7,PAGE4
GAGEC1,PAGE4
PAGE-4,PAGE4
CT16.1,PAGE5
CT16.2,PAGE5
PAGE-5,PAGE5
PH,PAH
ADE2H1,PAICS
AIRC,PAICS
PAIS,PAICS
BCX300M20.3,PAIP1P1
BPG254M11.3,PAIP1P1
BQB44E15.5,PAIP1P1
PAIP2A,PAIP2
KIAA1155,PAIP2B
BA421M1.5,PAK1IP1
FLJ20624,PAK1IP1
HPIP1,PAK1IP1
MAK11,PAK1IP1
PIP1,PAK1IP1
WDR84,PAK1IP1
KIAA1264,PAK5
PAK7,PAK5
C15ORF56,PAK6-AS1
FLJ38596,PAK6-AS1
KIAA0270,PALM
PALM1,PALM
FLJ12615,PALS1
MPP5,PALS1
MAGMAS,PAM16
TIM16,PAM16
TIMM16,PAM16
C20ORF48,PANK2
FLJ11729,PANK2
HARP,PANK2
HSS,PANK2
NBIA1,PANK2
PKAN,PANK2
FLJ10782,PANK4
PANO,PANO1
HPANX2,PANX2
PX2,PANX2
PX3,PANX3
PAO,PAOX
PAP,PAPOLA
PAPT,PAPOLB
FLJ12972,PAPOLG
ASBABP2,PAPPA
DIPLA1,PAPPA
IGFBP-4ASE,PAPPA
PAPA,PAPPA
PAPP-A,PAPPA
PAPPA1,PAPPA
DIPAS,PAPPA-AS1
NCRNA00156,PAPPA-AS1
PAPPA-AS,PAPPA-AS1
PAPPAS,PAPPA-AS1
TAF2C2,PAPPA-AS1
TAF4B,PAPPA-AS1
TAFII105,PAPPA-AS1
AGU1,PAPPA-AS2
ATPSK1,PAPSS1
PAPSS,PAPSS1
ATPSK2,PAPSS2
FLJ30002,PAQR4
FLJ20190,PAQR5
MPRG,PAQR5
C6ORF33,PAQR8
LMPB1,PAQR8
MPRB,PAQR8
PAR-6B,PARD6B
PAR-6G,PARD6G
PAR6GAMMA,PARD6G
PRO2207,PARL
PSARL,PARL
PSARL1,PARL
RHBDS1,PARL
CIPAR1,PARM1
DKFZP564O0823,PARM1
WSC4,PARM1
DAN,PARN
ADPRTP1,PARP1P1
PPOLP1,PARP1P1
ADPRTP2,PARP1P2
PPOLP2,PARP1P2
ADPRTL2,PARP2
ARTD2,PARP2
ADPRTL1,PARP4
ARTD4,PARP4
P193,PARP4
VAULT3,PARP4
VPARP,PARP4
VWA5C,PARP4
ADPRTL1P,PARP4P1
PARP4P,PARP4P1
PARP4PY1,PARP4P1
ADPRTL4,PARP4P3
ARTD17,PARP6
PART17,PARP6
ARTD16,PARP8
FLJ21308,PARP8
PART16,PARP8
ARTD10,PARP10
FLJ14464,PARP10
ARTD11,PARP11
C12ORF6,PARP11
ARTD12,PARP12
FLJ22693,PARP12
PARP-12,PARP12
ZC3H1,PARP12
ZC3HDC1,PARP12
ARTD8,PARP14
BAL2,PARP14
KIAA1268,PARP14
PART8,PARP14
ARTD15,PARP16
C15ORF30,PARP16
FLJ20509,PARP16
FLJ25281,PARP16
PART15,PARP16
DKFZP727A071,PARS2
FLJ10793,PARVA
FLJ12254,PARVA
MXRA2,PARVA
CGI-56,PARVB
CT63,PASD1
FLJ36874,PATL1
PAT1B,PATL1
PAT1A,PATL2
DJ400N23,PATZ1
MAZR,PATZ1
PATZ,PATZ1
RIAZ,PATZ1
ZBTB19,PATZ1
ZNF278,PATZ1
ZSG,PATZ1
PAR-4,PAWR
PAR4,PAWR
BSAP,PAX5
PAX-5,PAX5
HUP1,PAX7
C21ORF66,PAXBP1
FSAP105,PAXBP1
GCFC,PAXBP1
GCFC1,PAXBP1
GCFC1-AS1,PAXBP1-AS1
C9ORF142,PAXX
XLS,PAXX
CXORF26,PBDC1
MGC874,PBDC1
FLJ14767,PBLD
MAWBP,PBLD
MAWDBP,PBLD
UC28,PBOV1
UROC28,PBOV1
G17,PBX2
HOX12,PBX2
PBX2MHC,PBX2
PBX2,PBX2P1
PBXP1,PBX2P1
DD3,PCA3
NCRNA00019,PCA3
PCAT3,PCA3
PRUNE2-AS1,PCA3
GDEP,PCAT4
PCA4,PCAT4
PCAN1,PCAT4
LINC01452,PCAT5
TPCAT-10-36067,PCAT5
LINC01092,PCAT18
DCOH,PCBD1
PCBD,PCBD1
PCD,PCBD1
DCOH2,PCBD2
DCOHM,PCBD2
FLJ44028,PCBP3
PCBP3-OT1,PCBP3
PCBP3OT,PCBP3
PC42,PCDH1
ARCADLIN,PCDH8
PAPC,PCDH8
KIAA1400,PCDH10
OL-PCDH,PCDH10
PCDH-X,PCDH11X
PCDH11,PCDH11X
PCDHX,PCDH11X
PPP1R119,PCDH11X
PCDH22,PCDH11Y
PCDHY,PCDH11Y
PCDH68,PCDH17
PCH68,PCDH17
KIAA1562,PCDH18
PCDH68L,PCDH18
FLJ22218,PCDH20
PCDH13,PCDH20
PCDH-ALPHA3,PCDHA3
CNR1,PCDHA4
CNRN1,PCDHA4
CRNR1,PCDHA4
PCDH-ALPHA4,PCDHA4
CNR6,PCDHA5
CNRN6,PCDHA5
CNRS6,PCDHA5
CRNR6,PCDHA5
PCDH-ALPHA5,PCDHA5
CNR2,PCDHA6
CNRS2,PCDHA6
CRNR2,PCDHA6
PCDH-ALPHA6,PCDHA6
CNR4,PCDHA7
CNRS4,PCDHA7
CRNR4,PCDHA7
KIAA0345,PCDHA9
PCDH-ALPHA9,PCDHA9
CNR8,PCDHA10
CNRN8,PCDHA10
CNRS8,PCDHA10
CRNR8,PCDHA10
PCDH-ALPHA10,PCDHA10
CNR7,PCDHA11
CNRN7,PCDHA11
CNRS7,PCDHA11
CRNR7,PCDHA11
PCDH-ALPHA11,PCDHA11
PCDH-ALPHA12,PCDHA12
CNR5,PCDHA13
CNRN5,PCDHA13
CNRS5,PCDHA13
CRNR5,PCDHA13
PCDH-ALPHA13,PCDHA13
CNR3,PCDHA14
CNRS3,PCDHA14
CRNR3,PCDHA14
PCDH-PSI4,PCDHA14
PCDH-ALPHA-C2,PCDHAC2
PCDH-BETA1,PCDHB1
PCDH-BETA2,PCDHB2
PCDH-BETA3,PCDHB3
PCDH-BETA4,PCDHB4
DKFZP586B0217,PCDHB5
PCDH-BETA5,PCDHB5
PCDH-BETA6,PCDHB6
PCDH-BETA7,PCDHB7
PCDH-BETA8,PCDHB8
PCDH3I,PCDHB8
PCDH-BETA9,PCDHB9
PCDH3H,PCDHB9
ME2,PCDHB11
PCDH-BETA11,PCDHB11
PCDH-BETA12,PCDHB12
PCDH-BETA13,PCDHB13
PCDH-BETA14,PCDHB14
PCDH-BETA15,PCDHB15
KIAA1621,PCDHB16
ME1,PCDHB16
PCDH-BETA16,PCDHB16
PCDH3X,PCDHB16
PCDHB8A,PCDHB16
PCDH-PSI1,PCDHB17P
PCDHB17,PCDHB17P
PCDH-PSI2,PCDHB18P
PCDH-PSI5,PCDHB19P
BA12M19.1,PCED1A
C20ORF81,PCED1A
FAM113A,PCED1A
FLJ22376,PCED1A
FAM113B,PCED1B
MGC16044,PCED1B
LINC00071,PCGEM1
NCRNA00071,PCGEM1
PCAT9,PCGEM1
MEL-18,PCGF2
RNF110,PCGF2
ZNF144,PCGF2
MBLR,PCGF6
RNF134,PCGF6
RNF134P1,PCGF7P
FLJ11305,PCID2
BA465L10.1,PCIF1
C20ORF67,PCIF1
CAPAM,PCIF1
PPP1R121,PCIF1
PEPCK-C,PCK1
PEPCK,PCK2
PEPCK2,PCK2
KIAA0101,PCLAF
NS5ATP9,PCLAF
OEATC-1,PCLAF
P15(PAF),PCLAF
PAF15,PCLAF
ACZ,PCLO
DKFZP779G1236,PCLO
KIAA0559,PCLO
FLJ10883,PCMTD1
C20ORF36,PCMTD2
FLJ10883,PCMTD2
PCNPP,PCNPP1
KEN,PCNT
KIAA0402,PCNT
PCN,PCNT
PCNT2,PCNT
PCNTB,PCNT
SCKL4,PCNT
KIAA0805,PCNX1
KIAA0995,PCNX1
PCNX,PCNX1
PCNXL1,PCNX1
PECANEX,PCNX1
C14ORF135,PCNX4
PCNXL4,PCNX4
PCPE,PCOLCE
PCPE1,PCOLCE
C1QTNF9B-AS1,PCOTH
GPSM4,PCP2
MGC41903,PCP2
PEP-19,PCP4
PRCAT38,PCSEAT
NEC1,PCSK1
PC1,PCSK1
PC1/3,PCSK1
PC3,PCSK1
SPC3,PCSK1
BIGLEN,PCSK1N
PEN,PCSK1N
PROSAAS,PCSK1N
SAAS,PCSK1N
SCG8,PCSK1N
SGVIII,PCSK1N
NEC2,PCSK2
PC2,PCSK2
SPC2,PCSK2
PACE4,PCSK6
SPC4,PCSK6
STARD2,PCTP
CCTALPHA,PCYT1A
CT,PCYT1A
CTPCT,PCYT1A
PCYT1,PCYT1A
CCT-BETA,PCYT1B
CCTBETA,PCYT1B
CTB,PCYT1B
CD279,PDCD1
HSLE1,PDCD1
PD-1,PDCD1
PD1,PDCD1
SLEB2,PDCD1
RP8,PDCD2
ZMYND7,PDCD2
MGC13096,PDCD2L
H731,PDCD4
AIP1,PDCD6IP
ALIX,PDCD6IP
HP95,PDCD6IP
59K,PDCD7
ES18,PDCD7
HES18,PDCD7
ALG-4,PDCD11
KIAA0185,PDCD11
NFBP,PDCD11
RRP5,PDCD11
DKFZP564M1863,PDCL
PHLP,PDCL
VIAF1,PDCL3
PDES1B,PDE1B
HCAM3,PDE1C
HCGIP1,PDE3B
DPDE2,PDE4A
ACHM5,PDE6C
COD4,PDE6C
PDEA2,PDE6C
PDEG,PDE6G
RP57,PDE6G
HCP1,PDE7A
HST19550,PDE8A
SIS,PDGFB
SSV,PDGFB
IEGF,PDGFD
MSTP036,PDGFD
SCDGF-B,PDGFD
CD140A,PDGFRA
GAS9,PDGFRA
PDGFR2,PDGFRA
CD140B,PDGFRB
JTK12,PDGFRB
PDGFR,PDGFRB
PDGFR1,PDGFRB
E1ALPHA,PDHA1
PDHA,PDHA1
PDHAL,PDHA2
PDA2,PDIA2
PDI,PDIA2
PDIP,PDIA2
PDIR,PDIA2
FLJ30401,PDIA5
PDIR,PDIA5
CLIK1L,PDIK1L
RIL,PDLIM4
ENH,PDLIM5
LIM,PDLIM5
PDH,PDP1
PDP,PDP1
PPM2A,PDP1
PPM2C,PDP1
PDK1,PDPK1
PDP3,PDPR
C20ORF126,PDRG1
DJ310O13.3,PDRG1
APRIN,PDS5B
AS3,PDS5B
CG008,PDS5B
FLJ23236,PDS5B
KIAA0979,PDS5B
BA59I9.3,PDSS2
C6ORF210,PDSS2
COQ1B,PDSS2
GSF,PDX1
IDX-1,PDX1
IPF1,PDX1
IUF-1,PDX1
MODY4,PDX1
PDX-1,PDX1
STF-1,PDX1
KIAA0251,PDXDC1
C21ORF124,PDXK
C21ORF97,PDXK
FLJ21324,PDXK
FLJ31940,PDXK
MGC15873,PDXK
PKH,PDXK
PNK,PDXK
PRED79,PDXK
CIN,PDXP
DJ37E16.5,PDXP
FLJ32703,PDXP
ADCA,PDYN
PENKB,PDYN
SCA23,PDYN
KIAA0300,PDZD2
PDZK3,PDZD2
FLJ34125,PDZD4
KIAA1444,PDZD4
LNX5,PDZD4
LU1,PDZD4
PDZK4,PDZD4
PDZRN4L,PDZD4
BA108L7.8,PDZD7
DFNB57,PDZD7
FLJ23209,PDZD7
PDZK7,PDZD7
BA129M16.2,PDZD8
FLJ34427,PDZD8
PDZK8,PDZD8
C16ORF65,PDZD9
MGC50721,PDZD9
PDZK11,PDZD11
KIAA1095,PDZRN3
LNX3,PDZRN3
SEMACAP3,PDZRN3
SEMCAP3,PDZRN3
DKFZP434B0417,PDZRN4
FLJ33777,PDZRN4
IMAGE5767589,PDZRN4
LNX4,PDZRN4
KIAA2002,PEAK1
SGK269,PEAK1
HCNP,PEBP1
PBP,PEBP1
PEBP,PEBP1
RKIP,PEBP1
PBPP1,PEBP1P1
CORK1,PEBP4
HPEBP4,PEBP4
MGC22776,PEBP4
CARF,PEDS1
KUA,PEDS1
TMEM189,PEDS1
CROC-1B,PEDS1-UBE2V1
KUA-UEV,PEDS1-UBE2V1
TMEM189-UBE2V1,PEDS1-UBE2V1
HB-1,PEG10
KIAA1051,PEG10
MAR2,PEG10
MART2,PEG10
MEF3L,PEG10
RGAG3,PEG10
RTL2,PEG10
SIRH1,PEG10
GCRL1,PELATON
LINC01272,PELATON
SMIM25,PELATON
PEMPT,PEMT
PEMT2,PEMT
PER,PER1
RIGUI,PER1
PER4,PER3P1
DJ496H19.1,PERP
KCP1,PERP
KRTCAP1,PERP
PIGPC1,PERP
THW,PERP
NOP7,PES1
PES,PES1
CSRP2BP,PET117
ZWS,PEX1
ZWS1,PEX1
PAF-1,PEX2
PMP35,PEX2
PXMP3,PEX2
RNF72,PEX2
ZWS3,PEX2
PTS1R,PEX5
PXR1,PEX5
PAF-2,PEX6
PXAAA1,PEX6
PTS2R,PEX7
RD,PEX7
RNF69,PEX10
MGC119947,PEX11A
MGC138534,PEX11A
PEX11A,PEX11A
PEX11ALPHA,PEX11A
PMP28,PEX11A
PEX11G,PEX11G
PEX11GAMMA,PEX11G
FLJ20695,PEX26
FGARAT,PFAS
GATD8,PFAS
KIAA0361,PFAS
PURL,PFAS
PFD1,PFDN1
C-1,PFDN4
C1,PFDN4
PFD4,PFDN4
MM-1,PFDN5
PFD5,PFDN5
H2-KE2,PFDN6
HKE2,PFDN6
KE-2,PFDN6
PFD6,PFDN6
PGAM-B,PGAM1
PGAMA,PGAM1
PGAM-M,PGAM2
DJ1128N12.1,PGAM3P
DJ1000K24.1,PGAM4
PGAM-B,PGAM4
PGAM1,PGAM4
PGAM3,PGAM4
CAB2,PGAP3
MGC9753,PGAP3
PER1,PGAP3
PERLD1,PGAP3
PP1498,PGAP3
C9ORF125,PGAP4
MGC12992,PGAP4
TMEM246,PGAP4
FLJ32638,PGBD4
FLJ37497,PGBD4
PGDL1,PGDP1
D12S1900,PGF
PGFL,PGF
PIGF,PGF
PLGF,PGF
PLGF-2,PGF
SHGC-10760,PGF
BGGI,PGGT1B
GGTI,PGGT1B
PGK-2,PGK2
PGKPS,PGK2
PGLYRP,PGLYRP1
PGRP,PGLYRP1
PGRP-S,PGLYRP1
PGRPS,PGLYRP1
TAG7,PGLYRP1
TNFSF3L,PGLYRP1
PGLYRPL,PGLYRP2
PGRP-L,PGLYRP2
PGRPL,PGLYRP2
TAGL,PGLYRP2
TAGL-ALPHA,PGLYRP2
TAGL-BETA,PGLYRP2
TAGL-LIKE,PGLYRP2
PGMRP,PGM5
FAM233A,PGM5-AS1
LOC572558,PGM5-AS1
PCP,PGPEP1
PGP,PGPEP1
PGP-I,PGPEP1
PGPI,PGPEP1
AT1,PGR-AS1
AT2,PGR-AS1
AT3,PGR-AS1
HPR6.6,PGRMC1
LNCIHS,PHACTR2-AS1
NR027113,PHACTR2-AS1
C20ORF101,PHACTR3
PPP1R123,PHACTR3
FLJ13171,PHACTR4
PPP1R124,PHACTR4
C16ORF6,PHAF1
C16ORF70,PHAF1
FLJ12076,PHAF1
LIN-10,PHAF1
LIN10,PHAF1
FLJ13193,PHAX
RNUXA,PHAX
PHBP1,PHB1P1
PHBP3,PHB1P3
PHBP4,PHB1P4
PHBP7,PHB1P7
PHBP12,PHB1P12
PHBP13,PHB1P13
PHBP14,PHB1P14
PHBP16,PHB1P16
PHBP17,PHB1P17
PHBP20,PHB1P20
EDR1,PHC1
HPH1,PHC1
RAE28,PHC1
EDR3,PHC3
FLJ12729,PHC3
FLJ12967,PHC3
HPH3,PHC3
DKFZP686J07229,PHETA2
FAM109B,PHETA2
IPIP27B,PHETA2
SES2,PHETA2
HPDR,PHEX
HPDR1,PHEX
HYP,PHEX
HYP1,PHEX
PEX,PHEX
XLH,PHEX
MTF2L2,PHF1
PCL1,PHF1
TDRD19C,PHF1
BK223H9.2,PHF5A
INI,PHF5A
MGC1346,PHF5A
RDS3,PHF5A
SAP14B,PHF5A
SF3B14B,PHF5A
SF3B7,PHF5A
PHF5CP,PHF5AP1
PHF5FP,PHF5AP4
BFLS,PHF6
BORJ,PHF6
CENP-31,PHF6
KIAA1823,PHF6
MGC14797,PHF6
JHDM1F,PHF8
KDM7B,PHF8
KIAA1111,PHF8
ZNF422,PHF8
BAF45A,PHF10
FLJ10975,PHF10
SMARCG4,PHF10
XAP135,PHF10
XAP135P,PHF10P1
BCAP,PHF11
IGER,PHF11
NY-REN-34,PHF11
KIAA0783,PHF14
DKFZP727G051,PHF19
MTF2L1,PHF19
PCL3,PHF19
TDRD19B,PHF19
C20ORF104,PHF20
DJ1121G12.1,PHF20
TDRD20A,PHF20
CGI-72,PHF20L1
FLJ13649,PHF20L1
FLJ21615,PHF20L1
MGC64923,PHF20L1
TDRD20B,PHF20L1
BHC80L,PHF21B
FLJ34161,PHF21B
PHF4,PHF21B
PHKA,PHKA1
PHK,PHKA2
PYK,PHKA2
PHKG1PS2,PHKG1P3
PHKGL,PHKG1P3
BWR1C,PHLDA2
HLDA2,PHLDA2
IPL,PHLDA2
TSSC3,PHLDA2
KIAA0606,PHLPP1
PHLPP,PHLPP1
PLEKHE1,PHLPP1
PPM3A,PHLPP1
SCOP,PHLPP1
ARIX,PHOX2A
CFEOM2,PHOX2A
FEOM2,PHOX2A
PMX2A,PHOX2A
BA216L13.10,PHPT1
CGI-202,PHPT1
DKFZP564M173,PHPT1
HSPC141,PHPT1
PHP14,PHPT1
KIAA1542,PHRF1
PPP1R125,PHRF1
RNF221,PHRF1
PHTF,PHTF1
MGC16638,PHYHD1
DYRK1AP3,PHYHIP
KIAA0273,PHYHIP
PAHX-AP,PHYHIP
EM:AC025038.1,PHYHIPL
KIAA1796,PHYHIPL
CEMENTOIN,PI3
ELAFIN,PI3
ESI,PI3
SKALP,PI3
WAP3,PI3
WFDC14,PI3
FLJ11105,PI4K2B
PI4KIIB,PI4K2B
PIK42B,PI4K2B
PI4K-ALPHA,PI4KA
PI4K230,PI4KA
PIK4CA,PI4KA
P25TI,PI15
DDXBP1,PIAS1
GBP,PIAS1
GU/RH-II,PIAS1
ZMIZ3,PIAS1
ARIP3,PIAS2
MIZ,PIAS2
PIASX-ALPHA,PIAS2
PIASX-BETA,PIAS2
ZMIZ4,PIAS2
C13ORF24,PIBF1
CEP90,PIBF1
PIBF,PIBF1
DJ1039K5,PICK1
MGC15204,PICK1
PRKCABP,PICK1
C21ORF113,PICSAR
LINC00162,PICSAR
NCRNA00162,PICSAR
NLC1-C,PICSAR
PRED74,PICSAR
FAM38A,PIEZO1
KIAA0233,PIEZO1
BA164D18.1,PIEZO1P1
C20ORF83,PIEZO1P1
FAM38CP,PIEZO1P1
C18ORF30,PIEZO2
C18ORF58,PIEZO2
FAM38B,PIEZO2
FAM38B2,PIEZO2
FLJ23144,PIEZO2
FLJ23403,PIEZO2
FLJ34907,PIEZO2
HST748,PIEZO2
HST771,PIEZO2
C1ORF88,PIFO
FLJ23853,PIFO
PITCHFORK,PIFO
GPI3,PIGA
PIG-A,PIGA
GPI-MT-III,PIGB
PIG-B,PIGB
FLJ20265,PIGG
GPI7,PIGG
LAS21,PIGG
GPI-H,PIGH
GPI8,PIGK
HGPI8,PIGK
PIG-K,PIGK
GPI-MT-I,PIGM
PIG-M,PIGM
MCD4,PIGN
PIG-N,PIGN
DCRC,PIGP
DSCR5,PIGP
DSRC,PIGP
GPI1,PIGQ
HGPI1,PIGQ
PIG-T,PIGT
BA346K17.2,PIGU
CDC91L1,PIGU
GAB1,PIGU
PIG-U,PIGU
FLJ37433,PIGW
GWT1,PIGW
PIG-W,PIGW
MGC14156,PIGY
PIG-Y,PIGY
DNAAF14,PIH1D1
FLJ20643,PIH1D1
MOT48,PIH1D1
NOP17,PIH1D1
PIH1,PIH1D1
BCAP,PIK3AP1
FLJ35564,PIK3AP1
HVPS34,PIK3C3
VPS34,PIK3C3
PIK3C1,PIK3CB
HGFL,PIK3IP1
MGC17330,PIK3IP1
TRIP,PIK3IP1
PIK3IP1-AS1,PIK3IP1-DT
P85,PIK3R2
P85-BETA,PIK3R2
P85B,PIK3R2
P85BETA,PIK3R2
C17ORF38,PIK3R6
FLJ34500,PIK3R6
HST41028,PIK3R6
P87PIKAP,PIK3R6
FAB1,PIKFYVE
KIAA0981,PIKFYVE
MGC40423,PIKFYVE
P235,PIKFYVE
PIP5K,PIKFYVE
PIP5K3,PIKFYVE
ZFYVE29,PIKFYVE
CATS,PIMREG
FAM64A,PIMREG
FLJ10156,PIMREG
FLJ10491,PIMREG
RCS1,PIMREG
DOD,PIN1
RP3-326I13.1,PINCR
FLJ20565,PINX1
GNO1,PINX1
LPTL,PINX1
LPTS,PINX1
MGC8850,PINX1
PXR1,PINX1
BRST-2,PIP
GCDFP-15,PIP
GCDFP15,PIP
GPIP4,PIP
SABP,PIP
PIP5K2A,PIP4K2A
PIP5KIIA,PIP4K2A
PIP5KIIALPHA,PIP4K2A
PIP5K2B,PIP4K2B
PIP5KIIB,PIP4K2B
PIP5KIIBETA,PIP4K2B
FLJ22055,PIP4K2C
PIP5K2C,PIP4K2C
C14ORF9,PIP4P1
MGC26684,PIP4P1
TMEM55B,PIP4P1
MGC26597,PIP5K1P1
BA203J24.5,PIP5KL1
MGC46424,PIP5KL1
PIP5K1A-PSMD4,PIPSL
PIP5K1L1,PIPSL
PIP5K1P3,PIPSL
PSMD4P2,PIPSL
LINC00211,PIRAT1
NCRNA00211,PIRAT1
PIRAT,PIRAT1
DJ858B16.2,PISD
PSDC,PISD
VIB1B,PITPNB
ACKR6,PITPNM3
CORD5,PITPNM3
NIR1,PITPNM3
RDGBA3,PITPNM3
HMP1,PITRM1
KIAA1104,PITRM1
MP1,PITRM1
PREP,PITRM1
CT80.1,PIWIL1
HIWI,PIWIL1
PIWI,PIWIL1
CT80,PIWIL2
FLJ10351,PIWIL2
HILI,PIWIL2
MILI,PIWIL2
HIWI3,PIWIL3
FLJ11830,PJA1
PRAJA1,PJA1
RNF70,PJA1
KIAA0438,PJA2
NEURODAP1,PJA2
PRAJA2,PJA2
RNF131,PJA2
PC-2,PKD2
PC2,PKD2
PKD4,PKD2
TRPP2,PKD2
SGK493,PKDCC
VLK,PKDCC
ARPKD,PKHD1
FCYT,PKHD1
FPC,PKHD1
TIGM1,PKHD1
MYT1,PKMYT1
PPP1R126,PKMYT1
DBK,PKN1
MGC46204,PKN1
PAK1,PKN1
PKN,PKN1
PRK1,PKN1
PRKCL1,PKN1
PAK-2,PKN2
PRK2,PKN2
PRKCL2,PKN2
STK7,PKN2
PKNBETA,PKN3
UTDP4-1,PKN3
PREP1,PKNOX1
PKNOX2-AS1,PKNOX2-DT
PS-PLA1,PLA1A
SPLA2S,PLA2G2D
GIII-SPLA2,PLA2G3
CPLA2-BETA,PLA2G4B
HST16992,PLA2G4B
IPLA2,PLA2G6
IPLA2BETA,PLA2G6
NBIA2,PLA2G6
PARK14,PLA2G6
PNPLA9,PLA2G6
LDL-PLA2,PLA2G7
PAFAH,PLA2G7
GXPLA2,PLA2G10
PLA2G12,PLA2G12A
GXVPLA2,PLA2G15
LLPL,PLA2G15
LYPLA3,PLA2G15
CLEC13C,PLA2R1
PLA2-R,PLA2R1
PLA2G1R,PLA2R1
PLA2IR,PLA2R1
DOA1,PLAA
FLJ11281,PLAA
FLJ12699,PLAA
PLA2P,PLAA
PLAP,PLAA
A-C1,PLAAT1
H-REV107,PLAAT1
HRASLS,PLAAT1
HRASLS1,PLAAT1
PLA/AT1,PLAAT1
PLAAT-1,PLAAT1
FLJ20556,PLAAT2
HRASLS2,PLAAT2
PLAAT-2,PLAAT2
HRASLS4,PLAAT4
PLAAT-4,PLAAT4
RARRES3,PLAAT4
RIG1,PLAAT4
TIG3,PLAAT4
CT92,PLAC1
OOSP2B,PLAC1
OOSP2L,PLAC1
C21ORF115,PLAC4
MGC126664,PLAC4
MGC126666,PLAC4
PRED78,PLAC4
C15,PLAC8
ONZIN,PLAC8
ZNF912,PLAG1
ZNF900,PLAGL2
UPA,PLAU
URK,PLAU
CD87,PLAUR
UPAR,PLAUR
URKR,PLAUR
KIAA0581,PLCB1
PLC-I,PLCB1
PLC154,PLCB1
FLJ38135,PLCB2
KIAA1516,PLCE1
NPHS3,PLCE1
PLCE,PLCE1
NCKAP3,PLCG1
PLC-II,PLCG1
PLC1,PLCG1
PLC148,PLCG1
PLCGAMMA1,PLCG1
TOP1-AS1,PLCG1-AS1
KIAA0450,PLCH2
PLC-ETA2,PLCH2
PLCETA2,PLCH2
PLCL4,PLCH2
RP3-395M20.1,PLCH2
KIAA1092,PLCL2
PLCE2,PLCL2
FLJ11323,PLCXD1
NYD-SP27,PLCZ1
PLCZETA,PLCZ1
C14ORF175,PLD4
ZUC,PLD6
EBS1,PLEC
PCN,PLEC
PLEC1,PLEC
PLTN,PLEC
TAPP1,PLEKHA1
TAPP2,PLEKHA2
PLEKHA3P,PLEKHA3P1
KPL1,PLEKHB1
PHR1,PLEKHB1
PHRET1,PLEKHB1
UPF0639,PLEKHD1
ARHGEF42,PLEKHG2
CLG,PLEKHG2
FLJ00018,PLEKHG2
ARHGEF43,PLEKHG3
KIAA0599,PLEKHG3
KIAA1200,PLEKHH1
KIAA0356,PLEKHM1
DAPR,PLEKHM3
PLEKHM1L,PLEKHM3
BA211N11.2,PLEKHS1
C10ORF81,PLEKHS1
FLJ23537,PLEKHS1
C11ORF34,PLET1
PLGP1,PLGLB2
PLIN,PLIN1
ADFP,PLIN2
ADRP,PLIN2
LSDA5,PLIN5
LSDP5,PLIN5
MLDP,PLIN5
OXPAT,PLIN5
PLK,PLK1
CMD1P,PLN
PLB,PLN
LH3,PLOD3
GPM6C,PLP1
PLP,PLP1
SPG2,PLP1
A4,PLP2
A4-LSB,PLP2
MGC126187,PLP2
LPP1,PLPP1
PAP-2A,PLPP1
PPAP2A,PLPP1
LPP2,PLPP2
PAP-2C,PLPP2
PPAP2C,PLPP2
LPP3,PLPP3
PAP-2B,PLPP3
PPAP2B,PLPP3
DPPL2,PLPP4
PPAPDC1,PLPP4
PPAPDC1A,PLPP4
DPPL1,PLPP5
HTPAP,PLPP5
PPAPDC1B,PLPP5
C9ORF67,PLPP7
FLJ14662,PLPP7
MGC12921,PLPP7
NET39,PLPP7
PPAPDC3,PLPP7
FLJ20300,PLPPR1
LPPR1,PLPPR1
MGC26189,PLPPR1
PRG-3,PLPPR1
FLJ11535,PLPPR3
LPPR3,PLPPR3
PRG-2,PLPPR3
PRG2,PLPPR3
T-PLASTIN,PLS3
BPIFE,PLTP
HI-LNC71,PLUT
PDX1-AS1,PLUT
PLUTO,PLUT
FLJ14623,PLXDC2
TEM7R,PLXDC2
6.3,PLXNA3
PLXN3,PLXNA3
PLXN4,PLXNA3
SEX,PLXNA3
XAP-6,PLXNA3
KIAA0315,PLXNB2
LNCFAL,PLXNB2
MM1,PLXNB2
PLEXB2,PLXNB2
PLEXB3,PLXNB3
PLEXR,PLXNB3
PLXN6,PLXNB3
CD232,PLXNC1
VESPR,PLXNC1
APR,PMAIP1
NOXA,PMAIP1
STAG1,PMEPA1
TMEPAI,PMEPA1
MYL,PML
RNF71,PML
TRIM19,PML
SEC53,PMM1
FABP8,PMP2
M-FABP,PMP2
MP2,PMP2
CMT1A,PMP22
GAS3,PMP22
HMSNIA,PMP22
HNPP,PMP22
SP110,PMP22
PMS2L17,PMS2P9
PMS2LP1,PMS2P9
PMSR5,PMS2P9
PMS2L11,PMS2P11
PMSR6,PMS2P11
CAMK1B,PNCK
MGC45419,PNCK
BA98I9.2,PNISR
C6ORF111,PNISR
DKFZP564B0769,PNISR
FLJ14752,PNISR
SFRS18,PNISR
SRRP130,PNISR
PNK,PNKP
DJ195P10.2,PNLDC1
FLJ40240,PNLDC1
TRIMMER,PNLDC1
PLRP1,PNLIPRP1
PLRP2,PNLIPRP2
MA2,PNMA2
RGAG2,PNMA2
MA3,PNMA3
MA5,PNMA3
MGC132756,PNMA3
MGC132758,PNMA3
KIAA1934,PNMA5
MGC15827,PNMA6A
PNMA6C,PNMA6A
PNMA6D,PNMA6B
PNMA6BL,PNMA6F
FLJ10781,PNMA8A
KIAA1183L,PNMA8A
PNMAL1,PNMA8A
KIAA1183,PNMA8B
PNMAL2,PNMA8B
PENT,PNMT
MEMA,PNN
KHRBP1,PNO1
RRP20,PNO1
NP,PNP
PUNP,PNP
DJ50J22.1,PNPLA1
FLJ38755,PNPLA1
ATGL,PNPLA2
DESNUTRIN,PNPLA2
FP17548,PNPLA2
IPLA2ZETA,PNPLA2
TTS-2.2,PNPLA2
ADIPONUTRIN,PNPLA3
ADPN,PNPLA3
C22ORF20,PNPLA3
DJ796I17.1,PNPLA3
FLJ22012,PNPLA3
IPLA2EPSILON,PNPLA3
DXS1283E,PNPLA4
GS2,PNPLA4
IPLA2ETA,PNPLA4
DJ388M5.4,PNPLA5
GS2L,PNPLA5
IPLA2DELTA,PNPLA6
NTE,PNPLA6
SPG39,PNPLA6
SWS,PNPLA6
C9ORF111,PNPLA7
FLJ31318,PNPLA7
FLJ43070,PNPLA7
FLJ44279,PNPLA7
NTE-R1,PNPLA7
NTEL1,PNPLA7
RP11-48C7.2,PNPLA7
IPLA2-2,PNPLA8
IPLA2G,PNPLA8
IPLA2GAMMA,PNPLA8
DFNB70,PNPT1
OLD-35,PNPT1
OLD35,PNPT1
PNPASE,PNPT1
FLJ23447,PODNL1
SLRR5B,PODNL1
GP135,PODXL
GP200,PODXL
PC,PODXL
PCLP,PODXL
PDX,PODXL
PODXL1,PODXL
FLJ22792,POF1B
POF,POF1B
FUT12,POFUT1
KIAA0180,POFUT1
O-FUC-T,POFUT1
O-FUT,POFUT1
C21ORF80,POFUT2
FUT13,POFUT2
KIAA0958,POFUT2
9630046K23RIK,POGLUT1
C3ORF9,POGLUT1
HCLP46,POGLUT1
KDELCL1,POGLUT1
KTELC1,POGLUT1
MDS010,POGLUT1
MDSRP,POGLUT1
MGC32995,POGLUT1
RUMI,POGLUT1
EP58,POGLUT2
KDELC1,POGLUT2
MGC5302,POGLUT2
KDELC1P1,POGLUT2P1
NSX,POLA1
P180,POLA1
POLA,POLA1
KIAA0039,POLD3
P66,POLD3
P68,POLD3
PPP1R128,POLD3
P12,POLD4
POLDS,POLD4
DKFZP586F1524,POLDIP2
PDIP38,POLDIP2
KIAA1649,POLDIP3
PDIP3,POLDIP3
PDIP46,POLDIP3
SKAR,POLDIP3
CHARAC17,POLE3
CHRAC17,POLE3
CHRAC2,POLE3
P17,POLE3
YBL1,POLE3
P12,POLE4
RAD30A,POLH
XP-V,POLH
RP3-337H4.8,POLH-AS1
RAD30B,POLI
RAD3OB,POLI
TDT-N,POLM
AC40,POLR1C
RPA39,POLR1C
RPA40,POLR1C
RPA5,POLR1C
RPAC1,POLR1C
RPC40,POLR1C
AC19,POLR1D
MGC9850,POLR1D
RPA16,POLR1D
RPA9,POLR1D
RPAC2,POLR1D
RPO1-3,POLR1D
FLJ13390,POLR1E
FLJ13970,POLR1E
PAF53,POLR1E
PRAF1,POLR1E
RPA49,POLR1E
A12.2,POLR1H
HTEX-6,POLR1H
HZR14,POLR1H
RPA12,POLR1H
TCTEX-6,POLR1H
ZNRD1,POLR1H
C6ORF12,POLR1HASP
EM:AB023056.3,POLR1HASP
HCG8,POLR1HASP
HCGVIII,POLR1HASP
HCGVIII-1,POLR1HASP
HTEX4,POLR1HASP
NCRNA00171,POLR1HASP
ZNRD1-AS,POLR1HASP
ZNRD1-AS1,POLR1HASP
ZNRD1AS,POLR1HASP
ZNRD1ASP,POLR1HASP
POLR2,POLR2A
POLRA,POLR2A
RPB1,POLR2A
RPB2,POLR2B
RPB3,POLR2C
POLR2CP,POLR2CP1
HRBP14.4,POLR2F
RPB6,POLR2F
HRPB19,POLR2G
HSRPB7,POLR2G
RPB7,POLR2G
RPB10ALPHA,POLR2K
RPB12,POLR2K
HRPB7.6,POLR2L
HSRPB10B,POLR2L
RBP10,POLR2L
RPABC5,POLR2L
RPB10BETA,POLR2L
RPB7.6,POLR2L
AB023060.6,POLR2LP1
POLR2LP,POLR2LP1
C128,POLR3B
FLJ10388,POLR3B
RPC2,POLR3B
BN51T,POLR3D
C53,POLR3D
RPC4,POLR3D
TSBN51,POLR3D
C37,POLR3E
FLJ10509,POLR3E
RPC5,POLR3E
SIN,POLR3E
C34,POLR3F
RPC39,POLR3F
RPC6,POLR3F
C31,POLR3G
RPC32,POLR3G
RPC7,POLR3G
C25,POLR3H
KIAA1665,POLR3H
RPC8,POLR3H
POM121L1,POM121L1P
DJ831C21.3,POM121L3P
POM121L3,POM121L3P
POM121L7,POM121L7P
DKFZP564N2472,POM121L12
FLJ23356,POMK
SGK196,POMK
C13ORF12,POMP
HSPC014,POMP
UMP1,POMP
LGMD2K,POMT1
LGMD2N,POMT2
POM-ZP3,POMZP3
POM121,POMZP3
ESA,PON1
PON,PON1
RPP29,POP4
RPP2,POP7
RPP20,POP7
BA355M14.1,POPDC3
MGC22671,POPDC3
POP3,POPDC3
DHOF,PORCN
MG61,PORCN
POR,PORCN
PORC,PORCN
PPN,PORCN
OSF-2,POSTN
PERIOSTIN,POSTN
PN,POSTN
DKFZP586D211,POT1
HPOT1,POT1
A26A1,POTEA
CT104.3,POTEA
POTE-8,POTEA
POTE8,POTEA
A26B1,POTEB
CT104.5,POTEB
POTE-15,POTEB
POTE15,POTEB
A26B2,POTEC
CT104.6,POTEC
DKFZP686J0529,POTEC
POTE-18,POTEC
POTE18,POTEC
A26B3,POTED
ANKRD21,POTED
CT104.1,POTED
POTE,POTED
POTE-21,POTED
POTE21,POTED
A26C2,POTEG
CT104.4,POTEG
POTE-14,POTEG
POTE14,POTEG
POTE14ALPHA,POTEG
A26C3,POTEH
ACTBL1,POTEH
CT104.7,POTEH
POTE22,POTEH
ACTBL3,POTEKP
FKSG30,POTEKP
POTE2DELTA,POTEKP
POTEK,POTEKP
OCT1,POU2F1
OTF1,POU2F1
EPOC-1,POU2F3
OCT11,POU2F3
PLA-1,POU2F3
SKN-1A,POU2F3
BRN2,POU3F2
OCT7,POU3F2
OTF7,POU3F2
POUF3,POU3F2
BRN1,POU3F3
OTF8,POU3F3
BRN4,POU3F4
DFN3,POU3F4
DFNX2,POU3F4
OTF9,POU3F4
BRN3A,POU4F1
RDC-1,POU4F1
BRN-3B,POU4F2
BRN3B,POU4F2
BRN3C,POU4F3
DFNA15,POU4F3
DFNA42,POU4F3
DFNA52,POU4F3
MGC22487,POU5F1
OCT-4,POU5F1
OCT3,POU5F1
OCT3/4,POU5F1
OCT4,POU5F1
OTF3,POU5F1
OCT4-PG5,POU5F1P5
RPF-1,POU6F2
FLJ12971,POU6F2-AS2
C3ORF48,PP2D1
FLJ25449,PP2D1
IOPPP,PPA1
PP,PPA1
PP1,PPA1
PPASE,PPA1
SID6-8061,PPA1
FLJ20459,PPA2
BXDC3,PPAN
SSF,PPAN
SSF1,PPAN
SSF2,PPAN
HPPAR,PPARA
NR1C1,PPARA
PPAR,PPARA
FAAR,PPARD
NR1C2,PPARD
NUC1,PPARD
NUCII,PPARD
PPARB,PPARD
PGC-1ALPHA,PPARGC1A
PGC1,PPARGC1A
PGC1A,PPARGC1A
PPARAGCIA,PPARGC1A
PPARGC1,PPARGC1A
PERC,PPARGC1B
PGC1B,PPARGC1B
PPARAGCIB,PPARGC1B
PPBPL1,PPBPP1
TGB2,PPBPP1
C20ORF149,PPDPF
DJ697K14.9,PPDPF
EXDPF,PPDPF
C8ORF22,PPDPFL
PPEF,PPEF1
PPP7CA,PPEF1
LIP.1,PPFIA1
LIPRIN,PPFIA1
CYPA,PPIA
COAS2,PPIAL4A
PPIAL4,PPIAL4A
PPIAL4B,PPIAL4A
PPIAP,PPIAP1
BA384D7.2,PPIAP2
BA425M5.2,PPIAP3
PPIP7,PPIAP7
PPIP8,PPIAP8
EM:AC006046.3,PPIAP9
PPIP9,PPIAP9
CRP,PPIAP10
PPIAL2,PPIAP10
PPIP10,PPIAP10
PPIP1,PPIAP11
PPIP4,PPIAP14
PPIP5,PPIAP15
BA494B22.1,PPIAP17
PPIP11,PPIAP17
DJ269M15.1,PPIAP21
PPIAL,PPIAP21
PPIA3L,PPIAP22
PPIAL3,PPIAP22
B,PPIB
CYP-S1,PPIB
CYPB,PPIB
OI9,PPIB
PPIASE,PPIB
SCYLP,PPIB
CYPC,PPIC
CYP-40,PPID
CYPD,PPID
CYP-D,PPIF
CYPD,PPIF
HCYP3,PPIF
CYC4,PPIL2
CYP-60,PPIL2
UBOX7,PPIL2
MGC9201,PPM1A
PP2CA,PPM1A
PP2CALPHA,PPM1A
PP2CB,PPM1B
PP2CBETA,PPM1B
PPC2BETAX,PPM1B
CAMKP,PPM1F
CAMKPASE,PPM1F
FEM-2,PPM1F
KIAA0015,PPM1F
POPX2,PPM1F
ARHCL1,PPM1H
FLJ13253,PPM1H
KIAA1157,PPM1H
NERPP-2C,PPM1H
BDP,PPM1K
DKFZP761G058,PPM1K
HPTMP,PPM1K
PP2CKAPPA,PPM1K
PP2CM,PPM1K
PP2CE,PPM1L
ABDH19,PPME1
PME-1,PPME1
PP-1A,PPP1CA
PP1A,PPP1CA
PP1ALPHA,PPP1CA
PPP1A,PPP1CA
DARPP-32,PPP1R1B
FLJ20940,PPP1R1B
I-4,PPP1R2C
PPP1R2P9,PPP1R2C
IPP-2P,PPP1R2P1
PPP1R2P,PPP1R2P1
GM,PPP1R3A
PPP1R3,PPP1R3A
FLJ14005,PPP1R3B
GL,PPP1R3B
PPP1R4,PPP1R3B
AC02278.4,PPP1R3B-DT
AP000695.2,PPP1R3B-DT
RP11-10A14.5,PPP1R3B-DT
PPP1R6,PPP1R3D
FLJ00089,PPP1R3E
HB2E,PPP1R3F
FLJ20068,PPP1R9A
KIAA1222,PPP1R9A
NEURABIN-I,PPP1R9A
CAT53,PPP1R10
FB19,PPP1R10
P99,PPP1R10
PNUTS,PPP1R10
PPP1R10P,PPP1R10P1
CFAP255,PPP1R11
HCG-V,PPP1R11
HCGV,PPP1R11
TCTE5,PPP1R11
TCTEX5,PPP1R11
M130,PPP1R12A
MBS,PPP1R12A
MYPT1,PPP1R12A
R12A-AS1,PPP1R12A-AS1
PPP1R12BP,PPP1R12BP1
PPP1R12BPY1,PPP1R12BP1
AAVS1,PPP1R12C
DKFZP434D0412,PPP1R12C
LENG3,PPP1R12C
MBS85,PPP1R12C
P84,PPP1R12C
P85,PPP1R12C
ASPP1,PPP1R13B
KIAA0771,PPP1R13B
P53BP2-LIKE,PPP1R13B
P85,PPP1R13B
HITT,PPP1R13B-DT
LINC00637,PPP1R13B-DT
PHI-1,PPP1R14B
PLCB3N,PPP1R14B
PNG,PPP1R14B
SOM172,PPP1R14B
CPI17-LIKE,PPP1R14C
KEPI,PPP1R14C
NY-BR-81,PPP1R14C
CPI17-LIKE,PPP1R14D
FLJ20251,PPP1R14D
GBPI-1,PPP1R14D
MGC119014,PPP1R14D
MGC119016,PPP1R14D
MGC14333,PPP1R16A
MYPT3,PPP1R16A
ANKRD4,PPP1R16B
KIAA0823,PPP1R16B
TIMAP,PPP1R16B
KIAA1949,PPP1R18
PHOSTENSIN,PPP1R18
CCDC128,PPP1R21
FLJ16566,PPP1R21
KLRAQ1,PPP1R21
KIAA0649P1,PPP1R26P1
KIAA0649P2,PPP1R26P2
KIAA0649P3,PPP1R26P3
KIAA0649P4,PPP1R26P4
KIAA0649P5,PPP1R26P5
DYSFIP1,PPP1R27
TOONIN,PPP1R27
C7ORF47,PPP1R35
MGC22793,PPP1R35
C14ORF50,PPP1R36
LRRC68,PPP1R37
DTR,PPP1R42
LRRC67,PPP1R42
TLLR,PPP1R42
PP2ABETA,PPP2CB
PP2A-ABETA,PPP2R1B
PR65B,PPP2R1B
B55A,PPP2R2A
B55ALPHA,PPP2R2A
PR52A,PPP2R2A
PR55A,PPP2R2A
PR55ALPHA,PPP2R2A
B55BETA,PPP2R2B
PR52B,PPP2R2B
PR55-BETA,PPP2R2B
SCA12,PPP2R2B
B55GAMMA,PPP2R2C
IMYPNO,PPP2R2C
MGC33570,PPP2R2C
PR52,PPP2R2C
PR55G,PPP2R2C
B55D,PPP2R2D
B55DELTA,PPP2R2D
MDS026,PPP2R2D
PPP2R3L,PPP2R3B
PPP2R3LY,PPP2R3B
PR48,PPP2R3B
PR70,PPP2R3B
B56B,PPP2R5B
B56BETA,PPP2R5B
FLJ35411,PPP2R5B
PR61B,PPP2R5B
B56D,PPP2R5D
B56DELTA,PPP2R5D
B56E,PPP2R5E
B56EPSILON,PPP2R5E
CALN,PPP3CA
CALNA,PPP3CA
CNA1,PPP3CA
PPP2B,PPP3CA
CALNA2,PPP3CB
CALNB,PPP3CB
CNA2,PPP3CB
PP2BBETA,PPP3CB
CALNA3,PPP3CC
PP2BGAMMA,PPP3CC
CALNB1,PPP3R1
CNB,PPP3R1
CNB1,PPP3R1
PPP3RL,PPP3R2
PP4,PPP4C
PPX,PPP4C
PP4R1,PPP4R1
BA196N14.4,PPP4R1L
BA196N14.5,PPP4R1L
C20ORF192,PPP4R1L
PPP4R1P1,PPP4R1L
FLFL1,PPP4R3A
FLJ20707,PPP4R3A
KIAA2010,PPP4R3A
MSTP033,PPP4R3A
PP4R3,PPP4R3A
SMEK1,PPP4R3A
SMK-1,PPP4R3A
SMK1,PPP4R3A
FLFL2,PPP4R3B
FLJ31474,PPP4R3B
KIAA1387,PPP4R3B
PSY2,PPP4R3B
SMEK2,PPP4R3B
FLFL3P,PPP4R3C
FLJ32867,PPP4R3C
PPP4R3CP,PPP4R3C
SMEK3P,PPP4R3C
SMK1,PPP4R3C
CFAP14,PPP4R4
KIAA1622,PPP4R4
PP4R4,PPP4R4
PP6,PPP6C
KIAA1115,PPP6R1
SAP190,PPP6R1
SAPS1,PPP6R1
DJ579N16.1,PPP6R2
KIAA0685,PPP6R2
SAP190,PPP6R2
SAPS2,PPP6R2
KIAA0595,PPRC1
MGC74642,PPRC1
PRC,PPRC1
KIAA0073,PPWD1
MRX2,PQBP1
MRX55,PQBP1
MRXS3,PQBP1
MRXS8,PQBP1
RENS1,PQBP1
SHS,PQBP1
C17ORF92,PRAC1
PRAC,PRAC1
C17ORF93,PRAC2
HOXB-AS5,PRAC2
HOXB13-AS1,PRAC2
NCRNA00253,PRAC2
C2ORF7,PRADC1
HPAP21,PRADC1
MGC13004,PRADC1
PAP21,PRADC1
JM4,PRAF2
YIP6A,PRAF2
DKFZP761P0423,PRAG1
NACK,PRAG1
PEAK2,PRAG1
PRAGMIN,PRAG1
SGK223,PRAG1
LNCRNA-PRAL,PRAL
PML-RAR,PRAM1
CT130,PRAME
MAPE,PRAME
FLJ43580,PRAMEF2
RP5-845O24.6,PRAMEF4
PRAMEF23,PRAMEF5
PRAMEF5L,PRAMEF5
PRAMEF3L,PRAMEF22
PRAMEF28,PRAMEF28P
PRAMEF33P,PRAMEF33
FLJ16327,PRAMENP
UPA,PRAP1
PM,PRB1
PMF,PRB1
PMS,PRB1
PRB1L,PRB1
PRB1M,PRB1
CP7,PRB2
PRPPRB1,PRB2
PS,PRB2
PRG,PRB3
RP36,PRCD
BLIMP1,PRDM1
PRDI-BF1,PRDM1
PFM2,PRDM5
KMT8C,PRDM6
PRISM,PRDM6
KMT8B,PRDM9
MEISETZ,PRDM9
MSBP3,PRDM9
PFM6,PRDM9
ZNF899,PRDM9
PFM9,PRDM12
PFM10,PRDM13
C21ORF83,PRDM15
ZNF298,PRDM15
KIAA1675,PRDM16
KMT8F,PRDM16
MEL1,PRDM16
MGC166915,PRDM16
PFM13,PRDM16
PAGB,PRDX1P1
TDPX2,PRDX1P1
MGC4104,PRDX2
NKEFB,PRDX2
PRP,PRDX2
PRX2,PRDX2
PRXII,PRDX2
TDPX1,PRDX2
TSA,PRDX2
AOE37-2,PRDX4
ACR1,PRDX5
AOEB166,PRDX5
B166,PRDX5
MGC117264,PRDX5
MGC142283,PRDX5
MGC142285,PRDX5
PLP,PRDX5
PMP20,PRDX5
PRDX6,PRDX5
PRXV,PRDX5
SBBI10,PRDX5
1-CYS,PRDX6
AIPLA2,PRDX6
AOP2,PRDX6
KIAA0106,PRDX6
MGC46173,PRDX6
NSGPX,PRDX6
P29,PRDX6
PRX,PRDX6
C13ORF29,PRECSIT
LINC00346,PRECSIT
NCRNA00346,PRECSIT
C18ORF43,PRELID3A
FLJ31484,PRELID3A
HFL-EDDG1,PRELID3A
SLMO1,PRELID3A
C20ORF45,PRELID3B
DJ543J19.5,PRELID3B
SLMO2,PRELID3B
SLMO2P2,PRELID3BP2
SLMO2P3,PRELID3BP3
SLMO2P11,PRELID3BP11
KIAA1415,PREX1
P-REX1,PREX1
DEP.2,PREX2
DEPDC2,PREX2
FLJ12987,PREX2
P-REX2,PREX2
PPP1R129,PREX2
HPLH2,PRF1
P1,PRF1
PFP,PRF1
BMPG,PRG2
MBP,PRG2
PROMBP,PRG2
MBP2,PRG3
MBPH,PRG3
PA,PRH1
PR,PRH2
EPM1B,PRICKLE1
FLJ31937,PRICKLE1
RILP,PRICKLE1
DKFZP686D143,PRICKLE2
LMO6,PRICKLE3
C6ORF49,PRICKLE4
DKFZP761H221,PRICKLE4
OEBT,PRICKLE4
PRIM2A,PRIM2
PRIMA,PRIMA1
CCDC111,PRIMPOL
FLJ33167,PRIMPOL
PKACA,PRKACA
PKACG,PRKACG
PKCA,PRKCA
PKC-MU,PRKD1
PKCM,PRKD1
PKD,PRKD1
PRKCM,PRKD1
PGK,PRKG1
PKG,PRKG1
PKG1,PRKG1
PRKG1B,PRKG1
PRKGR1B,PRKG1
RP11-573I11.2,PRKG1-AS1
PKX1,PRKX
PRKXP3,PRKY
PRKYP,PRKY
GPR10,PRLHR
PRRPR,PRLHR
CT94.1,PRM1
CT94.2,PRM2
HRMT1L1,PRMT2
MGC111373,PRMT2
HRMT1L3,PRMT3
HRMT1L5,PRMT5
SKB1,PRMT5
SKB1HS,PRMT5
FLJ46629,PRMT9
PRMT10,PRMT9
DJ1068H6.4,PRND
DOPPEL,PRND
DPL,PRND
PRPLP,PRND
ALTPRP,PRNP
CD230,PRNP
CJD,PRNP
GSS,PRNP
PRIP,PRNP
PRP,PRNP
M8,PRNT
C5ORF65,PROB1
CCD41,PROCR
CD201,PROCR
EPCR,PROCR
HSPOX2,PRODH
PIG6,PRODH
PRODH1,PRODH
PRODH2,PRODH
TP53I6,PRODH
BV8,PROK2
KAL4,PROK2
MIT1,PROK2
PK2,PROK2
DJ680N4.3,PROKR2
GPR73B,PROKR2
GPR73L1,PROKR2
GPRG2,PROKR2
KAL3,PROKR2
PKR2,PROKR2
AC133,PROM1
CD133,PROM1
CORD12,PROM1
MCDR2,PROM1
PROML1,PROM1
RP41,PROM1
STGD4,PROM1
CYORF17,PRORY
PROS2,PROS2P
PROSP,PROS2P
BA50D16.2,PROSER1
C13ORF23,PROSER1
FLJ12661,PROSER1
FLJ36749,PROX2
PZ,PROZ
HPRP4,PRPF4
HPRP4P,PRPF4
PRP4,PRPF4
PRP4P,PRPF4
SNRNP60,PRPF4
KIAA0536,PRPF4B
PR4H,PRPF4B
PRP4,PRPF4B
ANT-1,PRPF6
BB152O15.1,PRPF6
C20ORF14,PRPF6
HPRP6,PRPF6
PRP6,PRPF6
RP60,PRPF6
SNRNP102,PRPF6
TOM,PRPF6
U5-102K,PRPF6
HPRP8,PRPF8
PRP8,PRPF8
PRPC8,PRPF8
RP13,PRPF8
SNRNP220,PRPF8
HPSO4,PRPF19
NMP200,PRPF19
PRP19,PRPF19
PSO4,PRPF19
SNEV,PRPF19
UBOX4,PRPF19
HST1682,PRPF19P1
PRP19P,PRPF19P1
PRPF19P,PRPF19P1
HPRP31,PRPF31
NY-BR-99,PRPF31
PRP31,PRPF31
RP11,PRPF31
SNRNP61,PRPF31
FLJ14936,PRPF38A
PRP38,PRPF38A
CACD2,PRPH2
RD2,PRPH2
RDS,PRPH2
RP7,PRPH2
TSPAN22,PRPH2
CMTX5,PRPS1
DFN2,PRPS1
DFNX1,PRPS1
PPRIBP,PRPS1
PRS-I,PRPS1
PRPS3,PRPS1L1
PRPSL,PRPS1L1
PRPS1L2,PRPS1P2
PAP39,PRPSAP1
CAT56,PRR3
EM:AB014077.1,PRR3
EM:AB023052.2,PRR3
LPRP,PRR4
PROL4,PRR4
FLJ20185K,PRR5
PP610,PRR5
PROTOR-1.,PRR5
PROTOR1,PRR5
FLJ14213,PRR5L
PROTOR-2,PRR5L
MGC10772,PRR7
FLJ11029,PRR11
AC099850.3,PRR11-AS1
MGC3121,PRR14
C22ORF30,PRR14L
MGC50372,PRR14L
DSC54,PRR16
MGC35308,PRR18
FLJ40296,PRR20A
PRR20,PRR20A
PRR20F,PRR20FP
C3ORF56,PRR23E
FLJ40141,PRR23E
C4ORF40,PRR27
CXORF64,PRR32
C11ORF89,PRR33
LOC728008,PRR33
C22ORF26,PRR34
FLJ10945,PRR34
BAT2,PRRC2A
D6S51E,PRRC2A
G2,PRRC2A
BAT2D1P1,PRRC2CP1
BAT2L2P1,PRRC2CP1
PRGP1,PRRG1
PRGP2,PRRG2
TMG3,PRRG3
C6ORF31,PRRT1
DSPD1,PRRT1
IFITMD7,PRRT1
NG5,PRRT1
PHOX1,PRRX1
PMX1,PRRX1
PMX2,PRRX2
PRX2,PRRX2
TRY1,PRSS1
TRY2,PRSS2
PRSS4,PRSS3
TRY3,PRSS3
TRY4,PRSS3
TRY5,PRSS3P1
TRY6,PRSS3P2
TRY3,PRSS3P3
CAP1,PRSS8
BSSP-3,PRSS12
MRT1,PRSS12
ESP-1,PRSS21
TEST1,PRSS21
BSSP-4,PRSS22
HBSSP-4,PRSS22
SP001LA,PRSS22
CAPH2,PRSS27
MPN,PRSS27
DISP,PRSS30P
MGC5228,PRSS30P
TMPRSS8,PRSS30P
TMPRSS8P,PRSS30P
C6ORF158,PRSS35
DJ223E3.1,PRSS35
MGC46520,PRSS35
FLJ90661,PRSS36
PRSS42,PRSS42P
TESSP2,PRSS42P
PRSS43,PRSS43P
TESSP3,PRSS43P
PRSS44,PRSS44P
TESSP4,PRSS44P
PRSS46,PRSS46P
TESSP6,PRSS46P
PRSS47,PRSS47P
ESSPL,PRSS48
CT20,PRSS50
TSP50,PRSS50
CT67,PRSS54
FLJ25339,PRSS54
KLKBL4,PRSS54
CT153,PRSS55
T-SP1,PRSS55
UNQ9391,PRSS55
TRYX3,PRSS58
TRY2P,PRSS59P
TRYX5,PRSS59P
HHGP,PRTFDC1
FLJ25756,PRTG
IGDCC5,PRTG
ACPA,PRTN3
AGP7,PRTN3
C-ANCA,PRTN3
MBT,PRTN3
P29,PRTN3
PR-3,PRTN3
A214N16.3,PRUNE2
BA214N16.3,PRUNE2
BMCC1,PRUNE2
BNIPXL,PRUNE2
C9ORF65,PRUNE2
KIAA0367,PRUNE2
KIAA1620,PRX
ADRX,PRXL2A
C10ORF58,PRXL2A
FAM213A,PRXL2A
MGC4248,PRXL2A
PAMM,PRXL2A
FAM213AP1,PRXL2AP1
FAM213AP2,PRXL2AP2
C1ORF93,PRXL2B
FAM213B,PRXL2B
MGC26818,PRXL2B
AAED1,PRXL2C
C9ORF21,PRXL2C
PRY1,PRY
PTPN13LY,PRY
PTPN13LY2,PRY2
PRY4P,PRYP1
PRYP7,PRYP1
GLBA,PSAP
SAP1,PSAP
SAP2,PSAP
PSA,PSAT1
PSAT,PSAT1
C8ORF62,PSAT1P1
LNCPSCA,PSCA
EFA6,PSD
EFA6A,PSD
KIAA2011,PSD
PSD1,PSD
TYL,PSD
DKFZP761B0514,PSD2
EFA6C,PSD2
PEN2,PSENEN
FL-NCA-3,PSG5
PSG,PSG5
PSG11,PSG9
PSGII,PSG9
AC004784.1,PSG11-AS1
CTC-490G23.6,PSG11-AS1
DFS70,PSIP1
LEDGF,PSIP1
P52,PSIP1
P75,PSIP1
PSIP2,PSIP1
PSIP1P,PSIP1P1
LA16C-83F12.6,PSLNR
HC2,PSMA1
MGC14542,PSMA1
MGC14575,PSMA1
MGC14751,PSMA1
MGC1667,PSMA1
MGC21459,PSMA1
MGC22853,PSMA1
MGC23915,PSMA1
NU,PSMA1
PROS30,PSMA1
HC3,PSMA2
MU,PSMA2
PMSA2,PSMA2
HC8,PSMA3
PSMA3P,PSMA3P1
HC9,PSMA4
HST17706,PSMA4
PSMA6-LIKE,PSMA6P1
PSMA6P,PSMA6P1
PSMA6Y,PSMA6P1
C6,PSMA7
HSPC,PSMA7
RC6-1,PSMA7
XAPC7,PSMA7
MGC26605,PSMA8
PSMA7L,PSMA8
HC5,PSMB1
PMSB1,PSMB1
HC7-I,PSMB2
HC10-II,PSMB3
MGC4147,PSMB3
MB1,PSMB5
BETA5I,PSMB8
D6S216E,PSMB8
LMP7,PSMB8
PSMB5I,PSMB8
RING10,PSMB8
TAP1-AS1,PSMB8-AS1
TAPSAR1,PSMB8-AS1
XXBAC-BPG246D15.8,PSMB8-AS1
BETA1I,PSMB9
LMP2,PSMB9
PSMB6I,PSMB9
RING12,PSMB9
BETA5T,PSMB11
P56,PSMC1
RPT2,PSMC1
S4,PSMC1
BCM3415,PSMC1P1
PSMC1P,PSMC1P1
MSS1,PSMC2
NBLA10058,PSMC2
RPT1,PSMC2
S7,PSMC2
MGC13687,PSMC4
MGC23214,PSMC4
MGC8570,PSMC4
MIP224,PSMC4
RPT3,PSMC4
S6,PSMC4
TBP-7,PSMC4
TBP7,PSMC4
P42,PSMC6
RPT5,PSMC6
MGC14274,PSMD2
P97,PSMD2
RPN1,PSMD2
S2,PSMD2
TRAP2,PSMD2
P58,PSMD3
RPN3,PSMD3
S3,PSMD3
TSTA2,PSMD3
PSMD15,PSMD4P1
PSMD4P,PSMD4P1
KIAA0072,PSMD5
S5B,PSMD5
ENST00000462717,PSMD6-AS1
LNC00462717,PSMD6-AS1
P28,PSMD10
DJ914P20.4,PSMD10P1
PSMD10P,PSMD10P1
PAD1,PSMD14
POH1,PSMD14
RPN11,PSMD14
IFI5111,PSME1
PA28ALPHA,PSME1
PA28BETA,PSME2
PSME2P,PSME2P1
PI31,PSMF1
C21-LRP,PSMG1
DSCR2,PSMG1
LRPC21,PSMG1
PAC1,PSMG1
CLAST3,PSMG2
HCCA3,PSMG2
HST1707,PSMG2
MDS003,PSMG2
MGC15092,PSMG2
PAC2,PSMG2
TNFSF5IP1,PSMG2
C6ORF86,PSMG4
PAC4,PSMG4
C6ORF16,PSORS1C1
SEEK1,PSORS1C1
C6ORF17,PSORS1C2
SPR1,PSORS1C2
NCRNA00196,PSORS1C3
FLJ10955,PSPC1
PSP1,PSPC1
RP11-523H24.3,PSPC1-AS2
PSP,PSPH
C10ORF89,PSTK
MGC35392,PSTK
HNRNP-I,PTBP1
HNRPI,PTBP1
PPTB,PTBP1
PTB,PTBP1
PTB-1,PTBP1
PTB2,PTBP1
PTB3,PTBP1
PTB4,PTBP1
DKFZP781I1117,PTBP3
ROD1,PTBP3
FLJ30296,PTCHD1
DDX53-AS1,PTCHD1-AS
PTCHD1AS1,PTCHD1-AS
PTCHD1AS2,PTCHD1-AS
FLJ44037,PTCHD3
PTR,PTCHD3
C6ORF138,PTCHD4
DJ402H5.2,PTCHD4
FLJ41841,PTCHD4
PTCH53,PTCHD4
PT-ALPHA,PTCRA
PTA,PTCRA
KIAA0024,PTDSS1
PSS1,PTDSS1
PSSA,PTDSS1
PSS2,PTDSS2
BZS,PTEN
MHAM,PTEN
MMAC1,PTEN
PTEN1,PTEN
TEP1,PTEN
PSIPTEN,PTENP1
PTEN-RS,PTENP1
PTEN2,PTENP1
PTENPG1,PTENP1
PTH2,PTENP1
PTENPG1-ASRNA,PTENP1-AS
BHLHA29,PTF1A
P48,PTF1A
PTF1-P48,PTF1A
DP,PTGDR
DP1,PTGDR
PTGDR1,PTGDR
L-PGDS,PTGDS
PGDS,PTGDS
EP1,PTGER1
EP2,PTGER2
EP4,PTGER4
MGST-IV,PTGES
MGST1-L1,PTGES
MGST1L1,PTGES
PIG12,PTGES
TP53I12,PTGES
C9ORF15,PTGES2
FLJ14038,PTGES2
FP,PTGFR
CD315,PTGFRN
CD9P-1,PTGFRN
EWI-F,PTGFRN
FLJ11001,PTGFRN
FPRP,PTGFRN
KIAA1436,PTGFRN
SMAP-6,PTGFRN
IP,PTGIR
CYP8A1,PTGIS
PGIS,PTGIS
LTB4DH,PTGR1
ZADH3,PTGR1
MGC45594,PTGR3
PTGR-3,PTGR3
ZADH2,PTGR3
COX1,PTGS1
PGHS-1,PTGS1
PTGHS,PTGS1
PTHR,PTH1R
PTHR1,PTH1R
TIP39,PTH2
CADTK,PTK2B
CAKB,PTK2B
FAK2,PTK2B
PTK,PTK2B
PYK2,PTK2B
RAFTK,PTK2B
BRK,PTK6
CCK4,PTK7
EM:AB023049.6,PTMAP1
DJ539E24.2,PTMAP6
PRL-3,PTP4A3
PRL-R,PTP4A3
PRL3,PTP4A3
PTP1B,PTPN1
PTPT,PTPN2
TC-PTP,PTPN2
TCELLPTP,PTPN2
TCPTP,PTPN2
PTPH1,PTPN3
PTPMEG,PTPN4
HCP,PTPN6
HCPH,PTPN6
PTP-1C,PTPN6
SHP-1,PTPN6
SHP1,PTPN6
PTP-BAS,PTPN13
PTP-BL,PTPN13
PTP1E,PTPN13
PTPL1,PTPN13
PEZ,PTPN14
PTPD2,PTPN14
BDP1,PTPN18
BA142I17.1,PTPN20
BA42B19.1,PTPN20
CT126,PTPN20
DKFZP566K0524,PTPN20
PTPN20A,PTPN20
PTPN20B,PTPN20
PTPD1,PTPN21
PTPRL10,PTPN21
HLPR,PTPRA
HPTPA,PTPRA
LRP,PTPRA
PTPA,PTPRA
PTPRL2,PTPRA
RPTPA,PTPRA
CD45,PTPRC
GP180,PTPRC
LCA,PTPRC
T200,PTPRC
CD45-AP,PTPRCAP
LPAP,PTPRCAP
HPTP,PTPRD
PTPD,PTPRD
PTPRD-AS2,PTPRD-DT
LAR,PTPRF
PTPG,PTPRG
RPTPG,PTPRG
R-PTP-KAPPA,PTPRK
HR-PTPU,PTPRM
PTPRL1,PTPRM
RPTPU,PTPRM
IA-2BETA,PTPRN2
ICAAR,PTPRN2
KIAA0387,PTPRN2
PHOGRIN,PTPRN2
GLEPP1,PTPRO
NPHS6,PTPRO
PTP-OC,PTPRO
PTP-U2,PTPRO
PTPU2,PTPRO
EC-PTP,PTPRR
PCPTP1,PTPRR
PTP-SL,PTPRR
PTPBR7,PTPRR
PTPRQ,PTPRR
KIAA0283,PTPRT
RPTPRHO,PTPRT
FMI,PTPRU
HPTP-J,PTPRU
PCP-2,PTPRU
PTP,PTPRU
PTPRO,PTPRU
PHOSPHACAN,PTPRZ1
PTP18,PTPRZ1
PTPRZ,PTPRZ1
PTPZ,PTPRZ1
RPTPB,PTPRZ1
C9ORF115,PTRH1
PTH1,PTRH1
PTPS,PTS
EAP1,PTTG1
ECRAR,PTTG1
HPTTG,PTTG1
PTTG,PTTG1
SECURIN,PTTG1
TUTR1,PTTG1
C21ORF1,PTTG1IP
C21ORF3,PTTG1IP
PBF,PTTG1IP
PTTG1IP1,PTTG1IP
PTTG3,PTTG3P
TNFAIP5,PTX3
TSG-14,PTX3
DXF68S1E,PUDP
FAM16AX,PUDP
GS1,PUDP
HDHD1,PUDP
HDHD1A,PUDP
FAM16AY,PUDPP1
HDHD1BP,PUDPP1
HDHD1P1,PUDPP1
HDHD1DP,PUDPP3
HDHD1P3,PUDPP3
HA-8,PUM3
HPUF-A,PUM3
KIAA0020,PUM3
PEN,PUM3
PUF-A,PUM3
PUF6,PUM3
XTP5,PUM3
PUR-ALPHA,PURA
PUR1,PURA
PURALPHA,PURA
PURBETA,PURB
PURG-A,PURG
PURG-B,PURG
D22S749,PVALB
PAR-1,PWAR1
PAR1,PWAR1
PAR-5,PWAR5
PAR5,PWAR5
EHOC-17,PWP2
PWP2H,PWP2
UTP1,PWP2
NCRNA00198,PWRN1
NCRNA00199,PWRN2
BA432J24.1,PWWP2B
FLJ46823,PWWP2B
PWWP2,PWWP2B
FLJ33516,PWWP3B
MUM1L1,PWWP3B
C6ORF145,PXDC1
FLJ25471,PXDNL
PMR1,PXDNL
PMP24,PXMP4
ACPL2,PXYLP1
FLJ23751,PXYLP1
ASC,PYCARD
CARD5,PYCARD
TMS-1,PYCARD
C16ORF98,PYCARD-AS1
PYCARDOS,PYCARD-AS1
FLJ13852,PYCR3
PYCRL,PYCR3
ASC2,PYDC1
POP1,PYDC1
POP2,PYDC2
LINCR-0002,PYDC2-AS1
GSD6,PYGL
GSD5,PYGM
PREY,PYURF
OTTHUMG00000021515,PYY3
CPAMD6,PZP
QPRTASE,QPRT
26RFA,QRFP
P518,QRFP
PREPRO-26RFA,QRFP
GPR103,QRFPR
DKFZP564C1278,QRSL1
FLJ10989,QRSL1
FLJ12189,QRSL1
FLJ13447,QRSL1
GATA,QRSL1
DKFZP564N123,R3HCC1
DJ881L22.3,R3HDML
RP5-881L22.5,R3HDML-AS1
RAB2,RAB2A
FLJ14824,RAB2B
GRAB,RAB3IL1
HRES-1/RAB4,RAB4A
RAB4,RAB4A
FLJ78649,RAB4B
MGC52123,RAB4B
RERT-LNCRNA,RAB4B-EGLN2
RAB5,RAB5A
C20ORF24,RAB5IF
OPTI,RAB5IF
PNAS-11,RAB5IF
RCAF1,RAB5IF
RIP5,RAB5IF
RAB6,RAB6A
WTH3,RAB6C
CMT2B,RAB7A
RAB7,RAB7A
RAB9,RAB9A
RAB9L,RAB9B
RAB9P1,RAB9BP1
YL8,RAB11A
H-YPT3,RAB11B
KIAA0941,RAB11FIP2
NRIP11,RAB11FIP2
RAB11-FIP2,RAB11FIP2
EFERIN,RAB11FIP3
KIAA0665,RAB11FIP3
RAB11-FIP3,RAB11FIP3
GAF1,RAB11FIP5
KIAA0857,RAB11FIP5
PP75,RAB11FIP5
RIP11,RAB11FIP5
RAB19B,RAB19
FLJ20429,RAB20
KIAA0118,RAB21
RAB22B,RAB31
RABS10,RAB33A
NARR,RAB34
RAB39,RAB34
RAH,RAB34
NY-MEL-1,RAB38
RAB39,RAB39A
MRX72,RAB39B
WSN,RAB39B
RARL,RAB40C
RASL8C,RAB40C
RAB42,RAB42P1
RAB42P,RAB42P1
FLJ23282,RABEP2
FRA,RABEP2
BA65N13.1,RABEPK
RAB9P40,RABEPK
GAPCENA,RABGAP1
TBC1D11,RABGAP1
PTAR3,RABGGTA
MGC23920,RABL3
BA216L13.9,RABL6
C9ORF86,RABL6
FLJ10101,RABL6
FLJ13045,RABL6
PARF,RABL6
PP8875,RABL6
RBEL1,RABL6
HST2789,RAC1P1
PSI2RAC1,RAC1P2
PSI3RAC1,RAC1P3
PSI4RAC1,RAC1P4
RAC4,RAC1P4
PSI1RAC1,RAC1P5
EN-7,RAC2
FKSG42,RACGAP1P1
RACGAP1P,RACGAP1P1
CCYC,RAD17
RAD17SP,RAD17
RAD24,RAD17
HRAD17P1,RAD17P1
HRAD17P2,RAD17P2
RNF73,RAD18
HHR21,RAD21
KIAA0078,RAD21
SCC1,RAD21
C8ORF81,RAD21-AS1
NCRNA00255,RAD21-AS1
DJ545L17.2,RAD21L1
RAD21L,RAD21L1
HHR23A,RAD23A
MGC111083,RAD23A
HHR23B,RAD23B
HR23B,RAD23B
P58,RAD23B
RAD23BLP,RAD23BP3
HRAD50,RAD50
RAD50-2,RAD50
BRCC5,RAD51
FANCR,RAD51
HSRAD51,RAD51
HST16930,RAD51
RAD51A,RAD51
RECA,RAD51
RDH54,RAD54B
FLJ10324,RADIL
KIAA1849,RADIL
RASIP2,RADIL
CXORF57,RADX
FLJ10178,RADX
FLJ14191,RADX
GLE2,RAE1
MNRP41,RAE1
DKFZP564G013,RAI14
KIAA1334,RAI14
NORPEG,RAI14
RAI13,RAI14
RAL,RALA
RIP,RALBP1
RIP1,RALBP1
RLIP76,RALBP1
DKFZP667F074,RALGAPA1
GARNL1,RALGAPA1
GRIPE,RALGAPA1
KIAA0884,RALGAPA1
RALGAPALPHA1,RALGAPA1
TULIP1,RALGAPA1
DKFZP566D133,RALGAPA1P1
GARNL2,RALGAPA1P1
GARNL2P,RALGAPA1P1
RALGAPA1P,RALGAPA1P1
AS250,RALGAPA2
C20ORF74,RALGAPA2
DJ1049G11.4,RALGAPA2
KIAA1272,RALGAPA2
RAPGAPALPHA2,RALGAPA2
DKFZP781M2411,RALGAPB
KIAA1219,RALGAPB
RALGAPBETA,RALGAPB
RALGEF,RALGDS
RGDS,RALGDS
RGF,RALGDS
KIAA0351,RALGPS1
RALGEF2,RALGPS1
RALGPS1A,RALGPS1
HNRPCL2,RALY
P542,RALY
HNRPCL3,RALYL
C15ORF18,RAMAC
FAM103A1,RAMAC
HST19360,RAMAC
MGC2560,RAMAC
RAM,RAMAC
RAMMET,RAMAC
HTF9A,RANBP1
FLJ25422,RANBP3L
RANBPM,RANBP9
FUG1,RANGAP1
KIAA1835,RANGAP1
SD,RANGAP1
HSPC165,RANGRF
HSPC236,RANGRF
MOG1,RANGRF
RANGNRF,RANGRF
EM:AB014080.2,RANP1
KREV1P,RAP1AP
SMGP21A,RAP1AP
DKFZP586H0723,RAP1B
K-REV,RAP1B
RAL1B,RAP1B
SMGGDS,RAP1GDS1
K-REV,RAP2A
RAP2,RAP2A
DKFZP313B211,RAP2C
BCM910,RAPGEF3
CAMP-GEFI,RAPGEF3
EPAC,RAPGEF3
CAMP-GEFII,RAPGEF4
CGEF2,RAPGEF4
PDZ-GEF2,RAPGEF6
PDZGEF2,RAPGEF6
RA-GEF-2,RAPGEF6
LINK-GEFII,RAPGEFL1
NR1B1,RARA
RAR,RARA
RAR-ALPHA,RARA
RARALPHA,RARA
NR1B3,RARG
RAR-GAMMA,RARG
RARC,RARG
RARGAMMA,RARG
HP10433,RARRES2
TIG2,RARRES2
CM-AVM,RASA1
GAP,RASA1
P120,RASA1
P120GAP,RASA1
P120RASGAP,RASA1
RASA,RASA1
GAP1IP4BP,RASA3
GAPIII,RASA3
FLJ21438,RASAL3
AGS1,RASD1
DEXRAS1,RASD1
MGC:4834,RASD2
RHES,RASD2
TEM2,RASD2
FLJ31614,RASEF
RAB45,RASEF
TSG,RASEF
CG4853,RASGEF1A
FLJ37817,RASGEF1A
FLJ35841,RASGEF1C
CDC25,RASGRF1
CDC25L,RASGRF1
GNRP,RASGRF1
GRF1,RASGRF1
GRF55,RASGRF1
H-GRF55,RASGRF1
PP13187,RASGRF1
GRF2,RASGRF2
RAS-GRF2,RASGRF2
CTC-459I6.1,RASGRF2-AS1
CALDAG-GEFI,RASGRP2
RRP22,RASL10A
RIS,RASL12
ANRASSF1,RASSF1-AS1
CENP-34,RASSF2
KIAA0168,RASSF2
AD037,RASSF4
MGC44914,RASSF4
C11ORF13,RASSF7
CFAP88,RASSF7
FAP88,RASSF7
HRAS1,RASSF7
HRC1,RASSF7
RAX1,RAX
RX,RAX
ARMD6,RAX2
CORD11,RAX2
MGC15631,RAX2
RAXL1,RAX2
OSRC,RB1
PPP1R130,RB1
RB,RB1
LINC00441,RB1-DT
NCRNA-RB1,RB1-DT
ATG17,RB1CC1
CC1,RB1CC1
DRAGOU14,RB1CC1
FIP200,RB1CC1
KIAA0203,RB1CC1
PPP1R131,RB1CC1
COM1,RBBP8
CTIP,RBBP8
RIM,RBBP8
SCKL2,RBBP8
C20ORF151,RBBP8NL
DJ908M14.3,RBBP8NL
BOG,RBBP9
C20ORF18,RBCK1
HOIL1,RBCK1
RBCK2,RBCK1
RNF54,RBCK1
UBCE7IP3,RBCK1
XAP4,RBCK1
ZRANB4,RBCK1
C18ORF22,RBFA
FLJ21172,RBFA
HST169,RBFA
FOX-2,RBFOX2
HNRBP2,RBFOX2
HRNBP2,RBFOX2
RBM9,RBFOX2
C8ORF59,RBIS
C8ORF59P2,RBISP2
CP107,RBL1
P107,RBL1
PRB1,RBL1
IS1-RNPL,RBM3
DXS8237E,RBM10
GPATC9,RBM10
GPATCH9,RBM10
KIAA0122,RBM10
S1-1,RBM10
ZRANB5,RBM10
HRIHFB2091,RBM12
KIAA0765,RBM12
SWAN,RBM12
C8ORF39,RBM12B-AS1
PRO1905,RBM12B-AS1
MGC2734,RBM18
DKFZP586F1023,RBM19
KIAA0682,RBM19
MRD1,RBM19
RBM22P10,RBM22P6
RBM22P9,RBM22P7
CAPERBETA,RBM23
FLJ10482,RBM23
RNPC4,RBM23
DJ259A10.1,RBM24
FLJ30829,RBM24
RNPC6,RBM24
ARRS2,RBM26
C13ORF10,RBM26
FLJ20957,RBM26
PPP1R132,RBM26
PRO1777,RBM26
SE70-2,RBM26
ZC3H17,RBM26
FLJ10377,RBM28
DJ800J21.2,RBM38
HSRNASEB,RBM38
RNPC1,RBM38
SEB4B,RBM38
SEB4D,RBM38
CAPER,RBM39
CAPERALPHA,RBM39
CC1.3,RBM39
FSAP59,RBM39
HCC1,RBM39
RNPC2,RBM39
FLJ11016,RBM41
C2ORF38,RBM43
FLJ45645,RBM43
CT68,RBM46
MGC27016,RBM46
C7ORF64,RBM48
DKFZP564O0523,RBM48
HSPC304,RBM48
RBMS2P,RBMS2P1
HNRNP-G,RBMX
HNRNPG,RBMX
RNMX,RBMX
CGI-79,RBMX2
SNU17,RBMX2
HNRNPG-T,RBMXL2
HNRPGT,RBMXL2
CXORF55,RBMXL3
FLJ40249,RBMXL3
HNRNP-G,RBMXP1
HNRPG,RBMXP1
RBM1,RBMY1A1
RBM2,RBMY1A1
YRRM1,RBMY1A1
YRRM2,RBMY1A1
MGC33094,RBMY1F
RBMY1H,RBMY1HP
RBMY1K,RBMY1KP
RBMY2A,RBMY2AP
RBMY2B,RBMY2BP
MGC26641,RBMY2FP
RBMY3P,RBMY3AP
RBMY4P,RBMY3AP
SPATA14,RBMY3AP
D10S64,RBP3
D10S65,RBP3
D10S66,RBP3
RP66,RBP3
CRBPIII,RBP5
CRBPIV,RBP7
RBP-L,RBPJL
RBPSUHL,RBPJL
SUH,RBPJL
SUHL,RBPJL
IGKJRBP2,RBPJP2
RBPSUHP2,RBPJP2
BA554C12.1,RBX1
RNF75,RBX1
ROC1,RBX1
FLJ20301,RC3H2
FLJ20713,RC3H2
MNAB,RC3H2
RNF164,RC3H2
DSCR1,RCAN1
CLLD7,RCBTB1
CLLL7,RCBTB1
FLJ10716,RCBTB1
CHC1L,RCBTB2
TD-60,RCC2
ENST00000439577,RCC2-AS1
LCPAT1,RCC2-AS1
RNAC,RCL1
RPCL1,RCL1
FLJ37041,RCN1
PIG20,RCN1
RCAL,RCN1
RCN,RCN1
RLP49,RCN3
CAPZIP,RCSD1
MGC21854,RCSD1
MK2S4,RCSD1
RCV1,RCVRN
PRRDH,RDH8
SDR28C2,RDH8
SDR16C4,RDH10
ARSDR1,RDH11
MDT1,RDH11
SDR7C1,RDH11
FLJ30273,RDH12
LCA13,RDH12
RP53,RDH12
SDR7C2,RDH12
SDR7C3,RDH13
PAN2,RDH14
SDR7C4,RDH14
MGC33977,RDM1
RAD52B,RDM1
DFNB24,RDX
KLEISIN-ALPHA,REC8
REC8L1,REC8
REC8P,REC8
C15ORF60,REC114
CT147,REC114
FLJ27520,REC114
FLJ36860,REC114
FLJ44083,REC114
LOC283677,REC114
HRECK,RECK
ST15,RECK
RECQ4,RECQL4
FLJ90603,RECQL5
RECQ5,RECQL5
C10ORF74,REEP3
YIP2B,REEP3
C8ORF20,REEP4
FLJ22246,REEP4
FLJ22277,REEP4
PP432,REEP4
YIP2C,REEP4
C5ORF18,REEP5
D5S346,REEP5
DP1,REEP5
POB16,REEP5
TB2,REEP5
YIP2E,REEP5
PSP,REG1A
PSPS,REG1A
PSPS1,REG1A
PTP,REG1A
REG,REG1A
PSPS2,REG1B
REGH,REG1B
REGI-BETA,REG1B
REGL,REG1B
LPPM429,REG3G
PAP1B,REG3G
UNQ429,REG3G
FLJ33841,RELCH
HST3308,RELCH
HST885,RELCH
KIAA1468,RELCH
FLJ14993,RELT
TNFRSF19L,RELT
GES,REM1
REM,REM1
FLJ38964,REM2
RBP,RENBP
RNBP,RENBP
C12ORF35,RESF1
FLJ10652,RESF1
FLJ20696,RESF1
GET,RESF1
KIAA1551,RESF1
UTA2-1,RESF1
DFNA27,REST
NRSF,REST
XBR,REST
CDHF12,RET
CDHR16,RET
HSCR1,RET
MEN2A,RET
MEN2B,RET
MTC1,RET
PTC,RET
RET51,RET
ADSF,RETN
FIZZ3,RETN
RETN1,RETN
FLJ20296,RETSAT
ELOA-BP1,REXO1
KIAA1138,REXO1
TCEB3BP1,REXO1
GOR,REXO1L1P
REXO1L1,REXO1L1P
REXO1L7P,REXO1L6P
REXO1L8,REXO1L8P
CGI-114,REXO2
DKFZP566E144,REXO2
SFN,REXO2
HPMC2,REXO4
XPMC2H,REXO4
A1,RFC2
RFC40,RFC2
MGC5276,RFC3
RFC38,RFC3
CFM1,RFLNB
FAM101B,RFLNB
MGC45871,RFLNB
REFILINB,RFLNB
RNF78,RFPL1
NCRNA00006,RFPL1S
RFPL1-AS,RFPL1S
RFPL1-AS1,RFPL1S
RNF79,RFPL2
RNF120,RFPL3
NCRNA00005,RFPL3S
RFPL3-AS,RFPL3S
RFPL3-AS1,RFPL3S
RNF210B,RFPL4AL1
RNF211,RFPL4B
FLJ23866,RFTN1
KIAA0084,RFTN1
MIG2,RFTN1
RAFTLIN,RFTN1
C2ORF11,RFTN2
FLJ30574,RFTN2
RAFTLIN-2,RFTN2
FANCW,RFWD3
FLJ10520,RFWD3
RNF201,RFWD3
EF-C,RFX1
DJ955L16.1,RFX6
MGC33442,RFX6
RFXDC1,RFX6
FLJ12994,RFX7
RFXDC2,RFX7
ANKRA1,RFXANK
BLS,RFXANK
F14150_1,RFXANK
MGC138628,RFXANK
RFX-B,RFXANK
BA157L14.2,RGCC
C13ORF15,RGCC
RGC-32,RGCC
RGC32,RGCC
HKE1.5,RGL2
KE1.5,RGL2
RAB2L,RGL2
FLJ32585,RGL3
RGR,RGL4
RC,RGN
SMP30,RGN
KIAA0258,RGP1
RP44,RGR
R7BP,RGS7BP
MGC111763,RGS9
MGC26458,RGS9
PERRS,RGS9
RGS9L,RGS9
RGS-17,RGS17
RGSZ2,RGS17
GAIP,RGS19
RGSGAIP,RGS19
CT145,RGS22
DKFZP434I092,RGS22
PRTD-NY2,RGS22
C22ORF3,RHBDD3
PTAG,RHBDD3
C16ORF8,RHBDF1
DIST1,RHBDF1
EGFR-RS,RHBDF1
FLJ2235,RHBDF1
IRHOM1,RHBDF1
FLJ22341,RHBDF2
IRHOM2,RHBDF2
RHBDL5,RHBDF2
RHBDL6,RHBDF2
TOC,RHBDF2
TOCG,RHBDF2
FLJ20435,RHBDL2
RHEB2,RHEB
FLJ25797,RHEBL1
MGC34869,RHEBL1
RHEB2,RHEBL1
RHEB,RHEBP1
RHEB1,RHEBP1
KIAA0740,RHOBTB1
DBC2,RHOBTB2
KIAA0717,RHOBTB2
ARHD,RHOD
RHO,RHOD
RHOHP1,RHOD
ARHJ,RHOJ
FLJ14445,RHOJ
RASL7B,RHOJ
TCL,RHOJ
RHOT1P,RHOT1P1
RHOT3,RHOT1P1
ARHU,RHOU
CDC42L1,RHOU
DJ646B12.2,RHOU
FJ646B12.2,RHOU
FLJ10616,RHOU
HG28K,RHOU
WRCH-1,RHOU
WRCH1,RHOU
KIAA1929,RHPN1
ODF5,RHPN1
RHPN,RHPN1
C8ORF51,RHPN1-AS1
MGC3113,RHPN1-AS1
FLJ32783,RIBC1
C22ORF11,RIBC2
DKFZP566F0546,RIBC2
FLJ25720,RIBC2
BA207C16.1,RIC1
KIAA1432,RIC1
FLJ10620,RIC8B
HSYN,RIC8B
RIC8,RIC8B
HRSP12,RIDA
P14.5,RIDA
PSP,RIDA
UK114,RIDA
DDX58,RIGI
DKFZP434J1111,RIGI
FLJ13599,RIGI
RIG-1,RIGI
RIG-I,RIGI
RIG1,RIGI
FLJ31193,RILP
FLJ39378,RILPL1
KIAA1666,RIMBP3
RIMBP3.1,RIMBP3
RIMBP3A,RIMBP3
FAM80B,RIMKLB
KIAA1238,RIMKLB
NAAGS,RIMKLB
NAAGS-I,RIMKLB
FAM80B2,RIMKLBP1
FAM80C,RIMKLBP1
RIMKLB2,RIMKLBP1
RIMKLP,RIMKLBP1
NIM3,RIMS3
RIM3,RIMS3
C20ORF190,RIMS4
DJ781B1.3,RIMS4
RASSF4,RIN2
FLJ22439,RIN3
RNF1,RING1
FLJ45909,RINL
FLJ11785,RINT1
RINT-1,RINT1
AD034,RIOK1
BA288G3.1,RIOK1
FLJ30006,RIOK1
RRP10,RIOK1
FLJ11159,RIOK2
SUDD,RIOK3
RIP,RIPK1
RIP-1,RIPK1
RIP1,RIPK1
RIP3,RIPK3
ANKK2,RIPK4
ANKRD3,RIPK4
DIK,RIPK4
PKK,RIPK4
RIP4,RIPK4
C6ORF32,RIPOR2
DIFF48,RIPOR2
FAM65B,RIPOR2
KIAA0386,RIPOR2
MYONAP,RIPOR2
C20ORF175,RIPOR3
C20ORF176,RIPOR3
DJ530I15.2,RIPOR3
DJ530I15.3,RIPOR3
FAM65C,RIPOR3
DSCR6,RIPPLY3
RIBA,RIT2
RIN,RIT2
CRALBP,RLBP1
ZN-15L,RLF
ZNF292L,RLF
MGC15161,RLIM
NY-REN-43,RLIM
RNF12,RLIM
H3,RLN3
RXN3,RLN3
ZINS4,RLN3
C18ORF8,RMC1
HST2591,RMC1
MIC1,RMC1
WDR98,RMC1
CGI-90,RMDN1
FAM82B,RMDN1
FLJ20665,RMDN1
RMD1,RMDN1
FAM82A2,RMDN3
FAM82C,RMDN3
FLJ10579,RMDN3
PTPIP51,RMDN3
RMD3,RMDN3
BLAP75,RMI1
C9ORF76,RMI1
FLJ12888,RMI1
BLAP18,RMI2
C16ORF75,RMI2
MGC24665,RMI2
BA351K16.3,RMND1
C6ORF96,RMND1
FLJ20627,RMND1
RMD1,RMND1
7SK,RN7SK
RN7SKP138,RN7SKP186
7LEM1,RN7SL5P
RN7SL249P,RN7SL5P
RN7SLP2,RN7SL5P
RN7SL527P,RN7SL248P
RN7SL694P,RN7SL274P
RN7SL579P,RN7SL353P
RN7SL257P,RN7SL471P
RNA5-8N2,RNA5-8SN2
RN5-8S2,RNA5-8SP2
RN5-8S4,RNA5-8SP4
RN5-8S6,RNA5-8SP6
RN5-8S7,RNA5-8SP7
RN5S1,RNA5S1
RN5S2,RNA5S2
RN5S3,RNA5S3
RN5S16,RNA5S16
RN5S17,RNA5S17
RN5S18,RNA5SP18
RN5S24,RNA5SP24
RN5S25,RNA5SP25
RN5S26,RNA5SP26
RN5S27,RNA5SP27
RN5S28,RNA5SP28
RN5S29,RNA5SP29
RN5S30,RNA5SP30
RN5S31,RNA5SP31
RN5S33,RNA5SP33
RN5S34,RNA5SP34
RN5S35,RNA5SP35
RN5S36,RNA5SP36
RN5S37,RNA5SP37
RN5S38,RNA5SP38
RN5S39,RNA5SP39
RN5S116,RNA5SP116
RN5S124,RNA5SP124
RN5S127,RNA5SP127
RN5S131,RNA5SP131
RN5S134,RNA5SP134
RN5S136,RNA5SP136
RN5S141,RNA5SP141
RN5S142,RNA5SP142
RN5S144,RNA5SP144
RN5S146,RNA5SP146
RN5S147,RNA5SP147
RN5S148,RNA5SP148
RN5S150,RNA5SP150
RN5S151,RNA5SP151
RN5S153,RNA5SP153
RN5S154,RNA5SP154
RN5S156,RNA5SP156
RN5S157,RNA5SP157
RN5S165,RNA5SP165
RN5S166,RNA5SP166
RN5S167,RNA5SP167
RN5S169,RNA5SP169
RN5S170,RNA5SP170
RN5S171,RNA5SP171
RN5S172,RNA5SP172
RN5S173,RNA5SP173
RN5S174,RNA5SP174
RN5S175,RNA5SP175
RN5S176,RNA5SP176
RN5S177,RNA5SP177
RN5S178,RNA5SP178
RN5S179,RNA5SP179
RN5S180,RNA5SP180
RN5S181,RNA5SP181
RN5S182,RNA5SP182
RN5S184,RNA5SP184
RN5S185,RNA5SP185
RN5S187,RNA5SP187
RN5S188,RNA5SP188
RN5S189,RNA5SP189
RN5S191,RNA5SP191
RN5S194,RNA5SP194
RN5S195,RNA5SP195
RN5S196,RNA5SP196
RN5S198,RNA5SP198
RN5S200,RNA5SP200
RN5S201,RNA5SP201
RN5S202,RNA5SP202
RN5S203,RNA5SP203
RN5S204,RNA5SP204
RN5S205,RNA5SP205
RN5S206,RNA5SP206
RN5S207,RNA5SP207
RN5S208,RNA5SP208
RN5S209,RNA5SP209
RN5S210,RNA5SP210
RN5S211,RNA5SP211
RN5S213,RNA5SP213
RN5S214,RNA5SP214
RN5S215,RNA5SP215
RN5S216,RNA5SP216
RN5S217,RNA5SP217
RN5S219,RNA5SP219
RN5S220,RNA5SP220
RN5S221,RNA5SP221
RN5S223,RNA5SP223
RN5S224,RNA5SP224
RN5S225,RNA5SP225
RN5S226,RNA5SP226
RN5S228,RNA5SP228
RN5S230,RNA5SP230
RN5S231,RNA5SP231
RN5S233,RNA5SP233
RN5S234,RNA5SP234
RN5S235,RNA5SP235
RN5S236,RNA5SP236
RN5S237,RNA5SP237
RN5S238,RNA5SP238
RN5S239,RNA5SP239
RN5S240,RNA5SP240
RN5S241,RNA5SP241
RN5S247,RNA5SP247
RN5S248,RNA5SP248
RN5S249,RNA5SP249
RN5S251,RNA5SP251
RN5S252,RNA5SP252
RN5S253,RNA5SP253
RN5S254,RNA5SP254
RN5S255,RNA5SP255
RN5S256,RNA5SP256
RN5S258,RNA5SP258
RN5S259,RNA5SP259
RN5S260,RNA5SP260
RN5S264,RNA5SP264
RN5S266,RNA5SP266
RN5S267,RNA5SP267
RN5S268,RNA5SP268
RN5S269,RNA5SP269
RN5S270,RNA5SP270
RN5S271,RNA5SP271
RN5S272,RNA5SP272
RN5S273,RNA5SP273
RN5S274,RNA5SP274
RN5S275,RNA5SP275
RN5S276,RNA5SP276
RN5S277,RNA5SP277
RN5S279,RNA5SP279
RN5S280,RNA5SP280
RN5S281,RNA5SP281
RN5S282,RNA5SP282
RN5S283,RNA5SP283
RN5S284,RNA5SP284
RN5S285,RNA5SP285
RN5S286,RNA5SP286
RN5S288,RNA5SP288
RN5S289,RNA5SP289
RN5S291,RNA5SP291
RN5S292,RNA5SP292
RN5S293,RNA5SP293
RN5S294,RNA5SP294
RN5S295,RNA5SP295
RN5S296,RNA5SP296
RN5S297,RNA5SP297
RN5S298,RNA5SP298
RN5S299,RNA5SP299
RN5S300,RNA5SP300
RN5S301,RNA5SP301
RN5S303,RNA5SP303
RN5S304,RNA5SP304
RN5S305,RNA5SP305
RN5S306,RNA5SP306
RN5S309,RNA5SP309
RN5S310,RNA5SP310
RN5S316,RNA5SP310
RNA5SP316,RNA5SP310
RN5S311,RNA5SP311
RN5S314,RNA5SP311
RNA5SP314,RNA5SP311
RN5S312,RNA5SP312
RN5S313,RNA5SP312
RNA5SP313,RNA5SP312
RN5S315,RNA5SP315
RN5S317,RNA5SP317
RN5S318,RNA5SP318
RN5S320,RNA5SP320
RN5S321,RNA5SP321
RN5S322,RNA5SP322
RN5S323,RNA5SP323
RN5S324,RNA5SP324
RN5S326,RNA5SP326
RN5S327,RNA5SP327
RN5S328,RNA5SP328
RN5S329,RNA5SP329
RN5S332,RNA5SP332
RN5S333,RNA5SP333
RN5S334,RNA5SP334
RN5S335,RNA5SP335
RN5S336,RNA5SP336
RN5S337,RNA5SP337
RN5S338,RNA5SP338
RN5S339,RNA5SP339
RN5S340,RNA5SP340
RN5S342,RNA5SP342
RN5S343,RNA5SP343
RN5S344,RNA5SP344
RN5S345,RNA5SP345
RN5S347,RNA5SP347
RN5S349,RNA5SP349
RN5S351,RNA5SP351
RN5S352,RNA5SP352
RN5S354,RNA5SP354
RN5S356,RNA5SP356
RN5S357,RNA5SP357
RN5S358,RNA5SP358
RN5S359,RNA5SP359
RN5S360,RNA5SP360
RN5S361,RNA5SP361
RN5S363,RNA5SP363
RN5S364,RNA5SP364
RN5S367,RNA5SP367
RN5S368,RNA5SP368
RN5S369,RNA5SP369
RN5S371,RNA5SP371
RN5S372,RNA5SP372
RN5S373,RNA5SP373
RN5S374,RNA5SP374
RN5S376,RNA5SP376
RN5S380,RNA5SP380
RN5S382,RNA5SP382
RN5S383,RNA5SP383
RN5S385,RNA5SP385
RN5S386,RNA5SP386
RN5S387,RNA5SP387
RN5S388,RNA5SP388
RN5S389,RNA5SP389
RN5S390,RNA5SP390
RN5S392,RNA5SP392
RN5S393,RNA5SP393
RN5S394,RNA5SP394
RN5S395,RNA5SP395
RN5S397,RNA5SP397
RN5S400,RNA5SP400
RN5S401,RNA5SP401
RN5S402,RNA5SP402
RN5S403,RNA5SP403
RN5S404,RNA5SP404
RN5S405,RNA5SP405
RN5S406,RNA5SP406
RN5S407,RNA5SP407
RN5S408,RNA5SP408
RN5S409,RNA5SP409
RN5S410,RNA5SP410
RN5S411,RNA5SP411
RN5S412,RNA5SP412
RN5S413,RNA5SP413
RN5S414,RNA5SP414
RN5S415,RNA5SP415
RN5S416,RNA5SP416
RN5S417,RNA5SP417
RN5S418,RNA5SP418
RN5S419,RNA5SP419
RN5S420,RNA5SP420
RN5S421,RNA5SP421
RN5S422,RNA5SP422
RN5S423,RNA5SP423
RN5S426,RNA5SP426
RN5S430,RNA5SP430
RN5S432,RNA5SP432
RN5S433,RNA5SP433
RN5S434,RNA5SP434
RN5S435,RNA5SP435
RN5S436,RNA5SP436
RN5S441,RNA5SP441
RN5S445,RNA5SP445
RN5S446,RNA5SP446
RN5S449,RNA5SP449
RN5S450,RNA5SP450
RN5S451,RNA5SP451
RN5S452,RNA5SP452
RN5S453,RNA5SP453
RN5S454,RNA5SP454
RN5S455,RNA5SP455
RN5S456,RNA5SP456
RN5S457,RNA5SP457
RN5S458,RNA5SP458
RN5S459,RNA5SP459
RN5S460,RNA5SP460
RN5S461,RNA5SP461
RN5S468,RNA5SP468
RN5S469,RNA5SP469
RN5S470,RNA5SP470
RN5S471,RNA5SP471
RN5S472,RNA5SP472
RN5S474,RNA5SP474
RN5S475,RNA5SP475
RN5S476,RNA5SP476
RN5S477,RNA5SP477
RN5S478,RNA5SP478
RN5S479,RNA5SP479
RN5S480,RNA5SP480
RN5S481,RNA5SP481
RN5S482,RNA5SP482
RN5S483,RNA5SP483
RN5S484,RNA5SP484
RN5S485,RNA5SP485
RN5S486,RNA5SP486
RN5S487,RNA5SP487
RN5S488,RNA5SP488
RN5S489,RNA5SP489
RN5S490,RNA5SP490
RN5S491,RNA5SP491
RN5S492,RNA5SP492
RN5S493,RNA5SP493
RN5S494,RNA5SP494
RN5S495,RNA5SP495
RN5S496,RNA5SP496
RN5S497,RNA5SP497
RN5S498,RNA5SP498
RN5S499,RNA5SP499
RN5S501,RNA5SP501
RN5S502,RNA5SP502
RN5S503,RNA5SP503
RN5S504,RNA5SP504
RN5S505,RNA5SP505
RN5S507,RNA5SP507
RN5S508,RNA5SP508
RN5S509,RNA5SP509
RN5S510,RNA5SP510
RN5S511,RNA5SP511
RN5S513,RNA5SP513
RN5S514,RNA5SP514
RN5S515,RNA5SP515
RN5S516,RNA5SP516
RN5S517,RNA5SP517
RN5S518,RNA5SP518
RN5S519,RNA5SP519
RN5S520,RNA5SP520
RN5S521,RNA5SP521
RN5S522,RNA5SP522
RN5S523,RNA5SP523
RAC1,RNASE1
RNS1,RNASE1
EDN,RNASE2
RAF3,RNASE2
RNS2,RNASE2
ECP,RNASE3
RAF1,RNASE3
RNS3,RNASE3
RAB1,RNASE4
RAD1,RNASE6
RNASEK6,RNASE6
RNS6,RNASE6
RAE1,RNASE7
RAE2,RNASE8
H461,RNASE9
RAK1,RNASE9
RAH1,RNASE10
RNASE9,RNASE10
RAL1,RNASE13
RNASEH1,RNASEH1P1
RNH1,RNASEH1P1
AGS4,RNASEH2A
RNASEHI,RNASEH2A
RNHIA,RNASEH2A
RNHL,RNASEH2A
AGS2,RNASEH2B
DLEU8,RNASEH2B
FLJ11712,RNASEH2B
AYP1P1,RNASEH2CP1
BA514O12.3,RNASET2
FLJ10907,RNASET2
RNASE6PL,RNASET2
BAP-1,RNF2
BAP1,RNF2
DING,RNF2
HIPI3,RNF2
RING1B,RNF2
RING2,RNF2
RNF2P,RNF2P1
G16,RNF5
NG2,RNF5
RING5,RNF5
RMA1,RNF5
DKFZP686P0776,RNF6
CKBBP1,RNF7
RBX2,RNF7
ROC2,RNF7
SAG,RNF7
KIAA0646,RNF8
BA280O9.1,RNF11P2
RNF11B,RNF11P2
ARA54,RNF14
HFB30,RNF14
TRIAD2,RNF14
FLJ11045,RNF17
MMIP-2,RNF17
SPATA23,RNF17
TDRD4,RNF17
DKFZP566B1346,RNF19A
DORFIN,RNF19A
RNF19,RNF19A
RNF19BX,RNF19BPX
BRE1,RNF20
BRE1A,RNF20
FLJ11189,RNF20
FLJ20382,RNF20
HBRE1,RNF20
KAIA2779,RNF20
G1L,RNF24
FLJ10111,RNF31
FLJ23501,RNF31
HOIP,RNF31
PAUL,RNF31
ZIBRA,RNF31
FAP216,RNF39
HZFW1,RNF39
LIRF,RNF39
RNF103-VPS24,RNF103-CHMP3
ARK,RNF111
ARKADIA,RNF111
DKFZP761D081,RNF111
FLJ38008,RNF111
BFP,RNF112
ZNF179,RNF112
CWC24,RNF113A
RNF113,RNF113A
ZNF183,RNF113A
RNF161,RNF113B
ZNF183L1,RNF113B
PSORS12,RNF114
ZNF313,RNF114
FLJ11099,RNF121
FLJ12526,RNF122
FLJ20456,RNF125
FLJ23516,RNF128
GRAIL,RNF128
G1RZFP,RNF130
GOLIATH,RNF130
GP,RNF130
MGC13061,RNF135
NARF,RNF138
STRIN,RNF138
HRCA1,RNF139
RCA1,RNF139
TRC8,RNF139
ZFP26,RNF141
ZNF230,RNF141
BA528A10.3,RNF144B
IBRDC2,RNF144B
P53RFP,RNF144B
DACTYLIDIN,RNF146
DJ351K20.1,RNF146
DKFZP434O1427,RNF146
MGC35222,RNF148
FLJ90504,RNF149
KIAA1214,RNF150
FLJ39176,RNF152
ARK2C,RNF165
ARKL2,RNF165
LNCAMPC,RNF165
RNF111L2,RNF165
FLJ35794,RNF168
MGC33993,RNF182
MGC4734,RNF183
FLJ38628,RNF185
RACO-1,RNF187
RACO1,RNF187
DKFZP761H1710,RNF208
DKFZP547C195,RNF214
TRIAD3,RNF216
UBCE7IP1,RNF216
ZIN,RNF216
RNF216L,RNF216P1
HCAP,RNGTT
HCE,RNGTT
HCE1,RNGTT
RAI,RNH1
RNH,RNH1
N7-MTASE,RNMT
RG7MT1,RNMT
FLJ20008,RNPC3
KIAA1839,RNPC3
RBM40,RNPC3
SNRNP65,RNPC3
HSD1,RNU1-1
HU1-1,RNU1-1
RNU1,RNU1-1
RNU1A,RNU1-1
RNU1A1,RNU1-1
RNU1A3,RNU1-1
RNU1G4,RNU1-1
U1,RNU1-1
U1A1,RNU1-1
RNU1C1,RNU1-2
RNU1C2,RNU1-2
U1C1,RNU1-2
U1C21,RNU1-2
HSD4,RNU1-3
RNU1G3,RNU1-3
HSD2,RNU1-4
HSD5,RNU1-4
HSD6,RNU1-4
HSD7,RNU1-4
RNU1D2,RNU1-4
RNU1E2,RNU1-4
RNU1F1,RNU1-4
RNU1G1,RNU1-4
RNU1G2,RNU1-4
U1B2,RNU1-4
U1D2,RNU1-4
U1E2,RNU1-4
U1F,RNU1-4
RNU1-5,RNU1-5P
RNU1-6,RNU1-6P
RNU1P1,RNU1-11P
RNU1P5,RNU1-11P
U1P1A,RNU1-11P
RNU1P7,RNU1-14P
U1P17,RNU1-14P
RNU1P8,RNU1-15P
U1P11,RNU1-15P
U1.64,RNU1-16P
U1.41,RNU1-24P
RNU1-7P,RNU1-27P
RNU1-8,RNU1-28P
RNU1-8P,RNU1-28P
RNU2-2,RNU2-2P
RNU2B,RNU2-2P
U2,RNU2-2P
RNU2P1,RNU2-3P
U2,RNU2-3P
RNU2P3,RNU2-5P
U2,RNU2-5P
U2.7,RNU2-5P
RNU4P4,RNU4-4P
U4,RNU4-4P
U4/5,RNU4-4P
RNU4P5,RNU4-5P
U4,RNU4-5P
U4/6,RNU4-5P
RNU4P1,RNU4-7P
U4,RNU4-7P
U4/7,RNU4-7P
RNU4P2,RNU4-8P
U4,RNU4-8P
U4/14,RNU4-8P
RNU5A,RNU5A-1
RNU5C,RNU5A-1
U5A,RNU5A-1
U5B1,RNU5A-1
RNU5B,RNU5B-1
U5B1,RNU5B-1
RNU6A,RNU6-1
U6,RNU6-1
U6-1,RNU6-1
U6-2,RNU6-2
RNU6-3,RNU6-3P
U6-3,RNU6-3P
U6-7,RNU6-7
U6-8,RNU6-8
RNU6-10,RNU6-10P
RNU6-11,RNU6-11P
RNU6-12,RNU6-12P
RNU6-13,RNU6-13P
RNU6-14,RNU6-14P
RNU6-15,RNU6-15P
RNU6-16,RNU6-16P
RNU6-17,RNU6-17P
RNU6-18,RNU6-18P
RNU6-19,RNU6-19P
RNU6-20,RNU6-20P
RNU6-21,RNU6-21P
RNU6-23,RNU6-23P
RNU6-24,RNU6-24P
RNU6-27,RNU6-27P
RNU6-28,RNU6-28P
RNU6-29,RNU6-29P
RNU6-30,RNU6-30P
RNU6-32,RNU6-32P
RNU6-33,RNU6-33P
RNU6-34,RNU6-34P
RNU6-35,RNU6-35P
RNU6-36,RNU6-36P
RNU6-38,RNU6-38P
RNU6-39,RNU6-39P
RNU6-43,RNU6-43P
RNU6-44,RNU6-44P
RNU6-45,RNU6-45P
RNU6-47,RNU6-47P
RNU6-49,RNU6-49P
RNU6-50,RNU6-50P
RNU6P1,RNU6-50P
U6,RNU6-50P
RNU6-53,RNU6-53P
RNU6-54,RNU6-54P
RNU6-55,RNU6-55P
RNU6-56,RNU6-56P
RNU6-57,RNU6-57P
RNU6-58,RNU6-58P
RNU6-59,RNU6-59P
RNU6-60,RNU6-60P
RNU6-61,RNU6-61P
RNU6-62,RNU6-62P
RNU6-63,RNU6-63P
RNU6-64,RNU6-64P
RNU6-65,RNU6-65P
RNU6-66,RNU6-66P
RNU6-67,RNU6-67P
RNU6-68,RNU6-68P
RNU6-70,RNU6-70P
RNU6-71,RNU6-71P
RNU6-72,RNU6-72P
RNU6-73,RNU6-73P
RNU6-74,RNU6-74P
RNU6-75,RNU6-75P
RNU6-1002P,RNU6-76P
RNU6-76,RNU6-76P
RNU6-77,RNU6-77P
RNU6-78,RNU6-78P
RNU6-79,RNU6-79P
RNU6-80,RNU6-80P
RNU6-81,RNU6-81P
RNU6-82,RNU6-82P
RNU6-83,RNU6-83P
RNU6-1033P,RNU6-213P
RNU6-1221P,RNU6-280P
RNU6-683P,RNU6-283P
RNU6-1295P,RNU6-318P
RNU6-292P,RNU6-545P
RNU6-825P,RNU6-603P
RNU6-1185P,RNU6-771P
RNU6-1030P,RNU6-850P
RNU6-1173P,RNU6-930P
RNU6-186P,RNU6-1133P
RNU7,RNU7-1
U7.1,RNU7-1
RNU7-132P,RNU7-4P
U7.4,RNU7-4P
U7.6,RNU7-6P
U7.7,RNU7-7P
RNU7-100P,RNU7-12P
U7.12,RNU7-12P
U7.14,RNU7-14P
U7.21,RNU7-21P
U7.22,RNU7-22P
U7.25,RNU7-25P
U7.26,RNU7-26P
U7.27,RNU7-27P
U7.28,RNU7-28P
U7.29,RNU7-29P
U7.30,RNU7-30P
U7.34,RNU7-34P
U7.35,RNU7-35P
U7.37,RNU7-37P
U7.38,RNU7-38P
RNU7-118P,RNU7-43P
U7.43,RNU7-43P
U7.48,RNU7-48P
U7.49,RNU7-49P
U7.51,RNU7-51P
U7.53,RNU7-53P
U7.54,RNU7-54P
HSU7.36,RNU7-55P
RNU7P4,RNU7-55P
U7.55,RNU7-55P
U7.59,RNU7-59P
U7.60,RNU7-60P
U7.61,RNU7-61P
U7.65,RNU7-65P
U7.66,RNU7-66P
U7.67,RNU7-67P
U7.69,RNU7-69P
U7.71,RNU7-71P
U7.73,RNU7-73P
U7.75,RNU7-75P
U7.77,RNU7-77P
RNU7-163P,RNU7-82P
U7.82,RNU7-82P
U7.84,RNU7-84P
RNU12-1,RNU12
RNU12P,RNU12
RNU12,RNU12-2P
RNU12P,RNU12-2P
U12,RNU12-2P
E1-2,RNU105B
RNVU1.2A,RNVU1-2A
VU1.2A,RNVU1-2A
RNU1-126,RNVU1-19
RNU1-147,RNVU1-19
RNVU1-13,RNVU1-19
VU1.13,RNVU1-19
VU1.19,RNVU1-19
RNU1-106P,RNVU1-32
U1A4,RNVU1-32
KLHL22-IT1,RNY1P9
RNYP1,RNY1P9
HY4.F2,RNY4P3
P160ROCK,ROCK1
LINC02095,ROCR
FLJ22386,ROGDI
RAV2,ROGDI
ROGD1,ROGDI
BA353C18.2,ROMO1
C20ORF52,ROMO1
MTGMP,ROMO1
BDB,ROR2
BDB1,ROR2
NTRKR2,ROR2
NR1F1,RORA
ROR1,RORA
ROR2,RORA
ROR3,RORA
RZRA,RORA
NR1F2,RORB
ROR-BETA,RORB
RZRB,RORB
C-ROS-1,ROS1
MCF3,ROS1
ROS,ROS1
DCDC4B,RP1L1
NM23-H10,RP2
NME10,RP2
TBCCD2,RP2
HSSB,RPA1
REPA1,RPA1
RF-A,RPA1
RP-A,RPA1
RPA70,RPA1
REPA3,RPA3
HSU24186,RPA4
DKFZP727M111,RPAP1
FLJ12732,RPAP1
KIAA1403,RPAP1
MGC858,RPAP1
FLJ21908,RPAP3
HSPAGH,RPAP3
SPAG,RPAP3
TAH1,RPAP3
BCO3,RPE65
LCA2,RPE65
RD12,RPE65
RP20,RPE65
BA397G5.4,RPF2
BXDC1,RPF2
FLJ21087,RPF2
BA353C18.4,RPF2P1
BXDC1P,RPF2P1
C20ORF53,RPF2P1
RPF2P,RPF2P1
CORD13,RPGRIP1
LCA6,RPGRIP1
RGI1,RPGRIP1
RPGRIP,RPGRIP1
EXOPHILIN-1,RPH3A
KIAA0985,RPH3A
RABPHILIN,RPH3A
NOC2,RPH3AL
L3,RPL3
RPL3P,RPL3P1
RPL3-HOM,RPL3P2
L4,RPL4
DJ461P17.5,RPL5P2
HST18216,RPL5P3
HUML7-1,RPL7
L7,RPL7
L7A,RPL7A
SURF3,RPL7A
TRUP,RPL7A
DJ377H14.2,RPL7AP7
RPL7B,RPL7AP7
BA141D8.1,RPL7AP8
RPL7AP59,RPL7AP9
RPL7AP68,RPL7AP10
DJ189G13.1,RPL7AP12
RPL7AL2,RPL7AP12
DJ348M17.1,RPL7AP13
RPL7AL3,RPL7AP13
DJ823N20.2,RPL7AP14
RPL7AL4,RPL7AP14
DJ475N16.4,RPL7L1
RPL17P,RPL7P1
RPL7P,RPL7P1
BA550O8.1,RPL7P2
DJ353C17.2,RPL7P3
EM:AB023049.2,RPL7P4
L8,RPL8
L9,RPL9
RPL9L1,RPL9P7
RPL9P1,RPL9P7
DXS648,RPL10
DXS648E,RPL10
FLJ23544,RPL10
L10,RPL10
NOV,RPL10
QM,RPL10
CSA-19,RPL10A
L10A,RPL10A
NEDD6,RPL10A
HST23218,RPL10AP3
RPL10P,RPL10P1
BA567J2.2,RPL10P3
L12,RPL12
CICK0721Q.1,RPL12P1
DJ570F3.5,RPL12P1
RPL12-L,RPL12P1
BA49G10.7,RPL12P3
DJ800C24.1,RPL12P4
BA57G10.3,RPL12P8
DJ661I20.1,RPL12P11
RPL12L2,RPL12P11
DJ999L4.1,RPL12P12
RPL12L3,RPL12P12
BBC1,RPL13
D16S444E,RPL13
L13,RPL13
L13A,RPL13A
TSTA1,RPL13A
DJ271M21.3,RPL13AP
BA196N24.2,RPL13AP5
BA348N5.5,RPL13AP6
BBC1P,RPL13P
DJ111M5.1,RPL13P
DJ599F21.2,RPL13P2
RPL13P3,RPL13P2
RPL13-2,RPL13P5
RPL13L,RPL13P5
RPL13AP4,RPL13P6
BCM1298,RPL14P1
RPL14L,RPL14P1
DJ726N1.3,RPL15P1
BA511S14.1,RPL15P3
EM:AC006046.2,RPL15P4
L17,RPL17
RPL23,RPL17
DJ1178H5.1,RPL17P1
L18,RPL18
DJ860F19.2,RPL19P1
DKFZP686C06101,RPL21
FLJ27458,RPL21
L21,RPL21
MGC104274,RPL21
MGC104275,RPL21
MGC71252,RPL21
RPL21P,RPL21P1
BA352D3.1,RPL21P2
BA189K21.4,RPL21P3
HST16795,RPL21P14
EM:AC073587.1,RPL21P16
RPL22P15,RPL22P11
L23A,RPL23A
DJ1068F16.1,RPL23AP6
BA395L14.9,RPL23AP7
MGC70863,RPL23AP82
DJ872K7.2,RPL24P2
DJ125M3.1,RPL24P4
L26,RPL26
L27,RPL27
DJ1028D15.2,RPL27AP
FLJ43307,RPL28
L28,RPL28
BCM2489,RPL28P1
BA632C17A.1,RPL29P4
RPL29P3,RPL29P4
L30,RPL30
KB-1208A12.3,RPL30-AS1
L31,RPL31
RPL31P,RPL31P1
DJ553F4.5,RPL31P2
DJ1018D12.4,RPL31P3
RPL32-L,RPL32P1
RPL32P,RPL32P1
HST20607,RPL32P2
RPL32L,RPL32P4
RPL32L2,RPL32P5
L34,RPL34
L35,RPL35
BA456N23.1,RPL35AP
BA571F15.2,RPL35AP2
BA55K22.4,RPL35AP3
BPG294E21.7,RPL35AP4
OTTHUMG00000140156,RPL35AP4
RPL35AP25,RPL35AP23
L36A,RPL36A
RPL44,RPL36A
BA256G5.1,RPL36AP5
BA380I20.1,RPL36AP6
BA80K6.3,RPL36P1
DJ530I15.5,RPL36P2
RPL36AP3,RPL36P3
DJ477O4.3,RPL36P4
DJ1013A22.4,RPL37AP1
BA563A22B.2,RPL37P1
RL37P,RPL37P3
RL37P2,RPL37P4
L39,RPL39
RPL39P42,RPL39
DJ1167H4.5,RPL39P
EM:AC019205.3,RPL39P3
RPL41L2,RPL41P1
RPL41L,RPL41P5
LP1,RPLP1
D11S2243E,RPLP2
LP2,RPLP2
MGC71408,RPLP2
P2,RPLP2
RPP2,RPLP2
DJ408B20.3,RPLP2P1
DJ777L9.2,RPLP0P1
OST1,RPN1
RIBIIR,RPN2
RPN-II,RPN2
RPNII,RPN2
SWP1,RPN2
C6ORF135,RPP21
EM:AB014085.3,RPP21
FLJ22638,RPP21
BA296L22.5,RPP25L
C9ORF23,RPP25L
MGC29635,RPP25L
TSG15,RPP30
BA455B2.4,RPP38-DT
C10ORF111,RPP38-DT
MGC35468,RPP38-DT
BA428J1.3,RPP40
RNASEP1,RPP40
H1RNA,RPPH1
RPPH1-1,RPPH1
FLJ10656,RPRD1A
HST3101,RPRD1A
P15RS,RPRD1A
C20ORF77,RPRD1B
CREPT,RPRD1B
DJ1057B20.2,RPRD1B
DKFZP434P0735,RPRD1B
FLJ44520,RPRD1B
K-H,RPRD1B
KUB5-HERA,RPRD1B
NET60,RPRD1B
FLJ90327,RPRM
REPRIMO,RPRM
LLREP3,RPS2
S2,RPS2
DJ64K7.1,RPS2P1
BCM384,RPS2P5
DJ688G8.1,RPS2P7
RPS2L1,RPS2P7
FLJ26283,RPS3
FLJ27450,RPS3
MGC87870,RPS3
S3,RPS3
MFTL,RPS3A
S3A,RPS3A
RPS3AP,RPS3AP1
BA332A4.2,RPS3AP3
BA486O22.3,RPS3AP5
DJ631M13.3,RPS3P1
DJ927M24.3,RPS3P2
DJ189G13.2,RPS4XP2
RPS4L2,RPS4XP2
RPS4P2,RPS4XP2
DJ843L14.2,RPS4XP3
RPS4L,RPS4XP3
RPS4P3,RPS4XP3
RPS4P6,RPS4XP6
RPS4P7,RPS4XP7
RPS4P8,RPS4XP8
RPS4P9,RPS4XP9
RPS4P10,RPS4XP10
RPS4P11,RPS4XP11
RPS4P12,RPS4XP12
RPS4P14,RPS4XP14
RPS4P15,RPS4XP15
RPS4P16,RPS4XP16
RPS4P17,RPS4XP17
RPS4P18,RPS4XP18
RPS4P19,RPS4XP19
RPS4P20,RPS4XP20
RPS4P21,RPS4XP21
RPS4P22,RPS4XP22
MGC119100,RPS4Y1
MGC5070,RPS4Y1
RPS4Y,RPS4Y1
S4,RPS4Y1
RPS4Y2P,RPS4Y2
RPS5L,RPS5P3
S6,RPS6
HU-1,RPS6KA1
MAPKAPK1,RPS6KA1
P90RSK,RPS6KA1
RSK1,RPS6KA1
CLS,RPS6KA3
HU-3,RPS6KA3
MRX19,RPS6KA3
RSK2,RPS6KA3
MSK2,RPS6KA4
RSK-B,RPS6KA4
MSK1,RPS6KA5
RLPK,RPS6KA5
KLS,RPS6KB2
P70-BETA,RPS6KB2
P70S6KB,RPS6KB2
S6KB,RPS6KB2
S6KBETA,RPS6KB2
STK14B,RPS6KB2
AP003419.16,RPS6KB2-AS1
MGC11287,RPS6KL1
RSKL2,RPS6KL1
ES7,RPS7
S7,RPS7
HST2707,RPS8P3
EM:AC012468.5,RPS8P4
S9,RPS9
RPS9P,RPS9P1
DJ858M22.1,RPS10P2
BA371L19.2,RPS10P5
RPS10L,RPS10P5
S11,RPS11
DJ1060K6.1,RPS11P1
S12,RPS12
BA40F6.3,RPS12P2
EMTB,RPS14
S14,RPS14
MGC111130,RPS15
RIG,RPS15
S15,RPS15
S15A,RPS15A
DJ872K7.6,RPS15AP1
EM:AC025947.3,RPS15AP5
S16,RPS16
MGC72007,RPS17
RPS17L,RPS17
RPS17L1,RPS17
RPS17L2,RPS17
S17,RPS17
DJ994E9.1,RPS17P1
RPS17P,RPS17P1
RPS17A,RPS17P2
RPS17L1,RPS17P2
DJ753D5.2,RPS17P5
RPS17L4,RPS17P5
D6S218E,RPS18
HKE3,RPS18
KE-3,RPS18
KE3,RPS18
S18,RPS18
DJ1022P6.1,RPS18P1
FLJ21770,RPS19BP1
MGC52010,RPS19BP1
BA189K21.7,RPS19P1
S20,RPS20
US10,RPS20
RPS20P,RPS20P1
RPS20B,RPS20P4
S21,RPS21
RPS24P,RPS24P1
S25,RPS25
BA98O11.1,RPS26P2
BA338L20.1,RPS26P3
RPS27AP,RPS27AP1
DJ531H16.4,RPS27AP2
LNCRNAPCSK2-2:1,RPS27AP2
BA332A4.3,RPS27AP3
RPS27AP,RPS27AP3
HST16324,RPS27P2
ES28,RPS28
S28,RPS28
HST23291,RPS29P2
BCM2758,RPS29P3
DJ1193N1.1,RPSAP1
LAMR1P,RPSAP1
LAMR1P1,RPSAP1
BA60E24.1,RPSAP2
LAMR1P2,RPSAP2
LAMR1P3,RPSAP3
LAMR1P4,RPSAP4
LAMR1P5,RPSAP5
AC022026.3,RPSAP6
LAMR1P6,RPSAP6
LAMR1P7,RPSAP7
LAMR1P8,RPSAP8
LAMR1P10,RPSAP10
LAMR1P12,RPSAP12
LAMRL2,RPSAP12
LAMRP2,RPSAP12
LAMR1P13,RPSAP13
LAMRL3,RPSAP13
LAMRP3,RPSAP13
LAMR1P14,RPSAP14
LAMRL4,RPSAP14
LAMRP4,RPSAP14
LAMR1P15,RPSAP15
LAMRL5,RPSAP15
FIP-1,RRAGA
RAGA,RRAGA
RRAGAP,RRAGAP1
FLJ13311,RRAGC
GTR2,RRAGC
R-RAS,RRAS
TC21,RRAS2
ES/130,RRBP1
HES,RRBP1
P180,RRBP1
PEROPSIN,RRH
P53R2,RRM2B
DKFZP566E104,RRN3
TIF-IA,RRN3
D21S2056E,RRP1
NNP-1,RRP1
NOP52,RRP1
RRP1A,RRP1
KIAA0179,RRP1B
NNP1,RRP1B
PPP1R136,RRP1B
RRP1,RRP1B
CGI-96,RRP7A
RRP7,RRP7A
DJ222E13.2,RRP7BP
RRP7B,RRP7BP
KIAA0690,RRP12
CGI-115,RRP15
KIAA0507,RRP15
C6ORF153,RRP36
DJ20C7.4,RRP36
RS,RS1
XLRS1,RS1
FLJ42526,RSBN1L
FLJ45813,RSBN1L
MGC71764,RSBN1L
C15ORF15,RSL24D1
HRP-L30-ISO,RSL24D1
L30,RSL24D1
RPL24,RSL24D1
RPL24L,RSL24D1
DJ836N17.3,RSL24D1P6
RPL24P1,RSL24D1P6
CILD24,RSPH1
FLJ32753,RSPH1
RSP44,RSPH1
RSPH10A,RSPH1
TSGA2,RSPH1
DJ111C20.1,RSPH3
RSHL2,RSPH3
RSP3,RSPH3
RSHL1,RSPH6A
RSP4,RSPH6A
RSP6,RSPH6A
RSPH4B,RSPH6A
C6ORF206,RSPH9
CILD12,RSPH9
FLJ30845,RSPH9
MRPS18AL1,RSPH9
RTDR1,RSPH14
MGC35555,RSPO2
FLJ14440,RSPO3
THSD2,RSPO3
C20ORF182,RSPO4
DJ824F16.3,RSPO4
Y214H10.6,RSU1P1
C22ORF28,RTCB
FAAP,RTCB
HSPC117,RTCB
BK3184A7.3,RTEL1
C20ORF41,RTEL1
DKFZP434C013,RTEL1
KIAA1088,RTEL1
NHL,RTEL1
RTEL,RTEL1
C20ORF43,RTF2
CDAO5,RTF2
HSPC164,RTF2
RTFDC1,RTF2
BA531F24.1,RTKN2
EM:AC024597.2,RTKN2
FLJ39352,RTKN2
PLEKHK1,RTKN2
HUR1,RTL1
MAR1,RTL1
MART1,RTL1
PEG11,RTL1
SIRH2,RTL1
FLJ38865,RTL3
MAR3,RTL3
MART3,RTL3
SIRH9,RTL3
ZCCHC5,RTL3
ZHC5,RTL3
FLJ46608,RTL4
MAR4,RTL4
MART4,RTL4
SIRH11,RTL4
ZCCHC16,RTL4
DJ1033E15.2,RTL6
DKFZP761O17121,RTL6
LDOC1L,RTL6
MAR6,RTL6
MART6,RTL6
SIRH3,RTL6
CXX1B,RTL8A
DKFZP564B147,RTL8A
FAM127B,RTL8A
MAR8A,RTL8A
SIRH6,RTL8A
CXX1C,RTL8B
FAM127C,RTL8B
MAR8B,RTL8B
SIRH4,RTL8B
CXX1,RTL8C
FAM127A,RTL8C
MAR8,RTL8C
MAR8C,RTL8C
MART8,RTL8C
SIRH5,RTL8C
KIAA1318,RTL9
MAR9,RTL9
MART9,RTL9
RGAG1,RTL9
SIRH10,RTL9
BOP,RTL10
C22ORF29,RTL10
FLJ21125,RTL10
NSP,RTN1
ASYIP,RTN3
HAP,RTN3
NSPL2,RTN3
NSPLII,RTN3
RTN3-A1,RTN3
RTN3PS,RTN3P1
NIMP,RTN4IP1
NOGOR,RTN4R
DKFZP547J144,RTN4RL1
NGR3,RTN4RL1
NGRH2,RTN4RL1
MGC35450,RTP1
Z3CXXC1,RTP1
MGC78665,RTP2
Z3CXXC2,RTP2
IFRG28,RTP4
Z3CXXC4,RTP4
C2ORF85,RTP5
CXXC11,RTP5
FLJ33590,RTP5
Z3CXXC5,RTP5
C14ORF166,RTRAF
CGI-99,RTRAF
CLE,RTRAF
CLE7,RTRAF
HCLE1,RTRAF
LCRP369,RTRAF
RLLM1,RTRAF
DKFZP434G145,RTTN
C13ORF18,RUBCNL
FLJ21562,RUBCNL
KIAA0226L,RUBCNL
PACER,RUBCNL
FLJ22251,RUFY1
RABIP4,RUFY1
ZFYVE12,RUFY1
KIAA0871,RUFY3
RIPX,RUFY3
SINGAR1,RUFY3
ZFYVE30,RUFY3
AML1,RUNX1
AMLCR1,RUNX1
CBFA2,RUNX1
PEBP2A2,RUNX1
AML3,RUNX2
CBFA1,RUNX2
CCD,RUNX2
CCD1,RUNX2
PEBP2A1,RUNX2
PEBP2AA1,RUNX2
ECP54,RUVBL1
INO80H,RUVBL1
NMP238,RUVBL1
PONTIN52,RUVBL1
RVB1,RUVBL1
TIH1,RUVBL1
TIP49,RUVBL1
TIP49A,RUVBL1
C21ORF6,RWDD2B
GL011,RWDD2B
DKFZP566K023,RWDD3
RSUME,RWDD3
FAM28A,RWDD4
MGC10198,RWDD4
RWDD4A,RWDD4
FAM28CP,RWDD4P2
LGR7,RXFP1
RXFPR1,RXFP1
GPR106,RXFP2
GREAT,RXFP2
INSL3R,RXFP2
LGR8,RXFP2
RXFPR2,RXFP2
GPCR135,RXFP3
RLN3R1,RXFP3
RXFPR3,RXFP3
SALPR,RXFP3
NR2B1,RXRA
RXR-ALPHA,RXRA
RXRALPHA,RXRA
H-2RIIBP,RXRB
NR2B2,RXRB
RCOR-1,RXRB
RXR-BETA,RXRB
RXRBETA,RXRB
NR2B3,RXRG
RXR-GAMMA,RXRG
RXRGAMMA,RXRG
AAP1,RYBP
DEDAF,RYBP
YEAF1,RYBP
JTK5,RYKP1
JTK5B,RYKP1
RYKL1,RYKP1
RYKP,RYKP1
TCONS_L2_00009005,RYR3-DT
CD363,S1PR1
D1S3362,S1PR1
EDG-1,S1PR1
EDG1,S1PR1
AGR16,S1PR2
DFNB68,S1PR2
EDG5,S1PR2
GPCR13,S1PR2
H218,S1PR2
EDG6,S1PR4
S100A11P,S100A11P1
S100A14,S100A11P1
S100BETA,S100B
CABP1,S100G
CABP9K,S100G
CALB3,S100G
PIG4,SAA1
SAA,SAA1
TP53I4,SAA1
C-SAA,SAA4
CSAA,SAA4
FLJ41463,SAAL1
ARSACS,SACS
DKFZP686B15167,SACS
DNAJC29,SACS
KIAA0730,SACS
PPP1R138,SACS
SPAX6,SACS
HET,SAFB
SAFB1,SAFB
ARRESTIN,SAG
RP47,SAG
SALL1P,SALL1P1
HSAL2,SALL2
KIAA0360,SALL2
ZNF795,SALL2
ZNF796,SALL3
DJ1112F19.1,SALL4
ZNF797,SALL4
SAL-RNA1,SALRNA1
XLOC_023166,SALRNA1
SAL-RNA2,SALRNA2
XLOC_025931,SALRNA2
SAL-RNA3,SALRNA3
XLOC_025918,SALRNA3
BA73O6.2,SAMD3
FLJ34032,SAMD3
DKFZP434H0350,SAMD4A
HSMAUG1,SAMD4A
KIAA1053,SAMD4A
SAMD4,SAMD4A
SMAUG,SAMD4A
SMG,SAMD4A
SMGA,SAMD4A
DJ875H10.1,SAMD5
C20ORF136,SAMD10
FLJ39458,SAMD12
C8ORF26,SAMD12-AS1
NCRNA00252,SAMD12-AS1
AGS5,SAMHD1
HDDC1,SAMHD1
MG11,SAMHD1
MOP-5,SAMHD1
SBBI88,SAMHD1
CGI-51,SAMM50
OMP85,SAMM50
SAM50,SAMM50
TOB55,SAMM50
TRG-3,SAMM50
YNL026W,SAMM50
LINC01212,SAMMSON
HACS1,SAMSN1
NASH1,SAMSN1
SASH2,SAMSN1
SH3D6B,SAMSN1
SLY2,SAMSN1
2HOR0202,SAP18
MGC27131,SAP18
SAP18P,SAP18
HCNGP,SAP30BP
HTRG,SAP30BP
HTRP,SAP30BP
FLJ11526,SAP30L
NS4ATP2,SAP30L
C6ORF26,SAPCD1
NG23,SAPCD1
C6ORF26-AS1,SAPCD1-AS1
C9ORF140,SAPCD2
P42.3,SAPCD2
DJ88J8.3,SAR1AP1
HSSARA-P,SAR1AP1
SAR1P1,SAR1AP1
SARAP,SAR1AP1
SARAP1,SAR1AP1
EM:AC026226.2,SAR1AP2
SAR1P2,SAR1AP2
SARA1P,SAR1AP2
SAR1P3,SAR1AP3
SARA2,SAR1B
MGC8721,SARAF
TMEM66,SARAF
KIAA0524,SARM1
SAMD2,SARM1
SARM,SARM1
CIP29,SARNP
HCC-1,SARNP
THO1,SARNP
FLJ20450,SARS2
MTSERRS,SARS2
SARS,SARS2
SARSM,SARS2
SERRSMT,SARS2
SERS,SARS2
SYS,SARS2
ARA1,SART1
HAF,SART1
SNRNP110,SART1
SNU66,SART1
753P9,SASH3
CXORF9,SASH3
HACS2,SASH3
SH3D6C,SASH3
SLY,SASH3
SAT,SAT1
SSAT,SAT1
SSAT2,SAT2
SALVADOR,SAV1
WW45,SAV1
WWP4,SAV1
C9ORF138,SAXO1
FAM154A,SAXO1
MGC35182,SAXO1
DENND7A,SBF1
MTMR5,SBF1
SBK,SBK1
SGK069,SBK2
SGK110,SBK3
FLJ00173,SBNO2
KIAA0963,SBNO2
SNO,SBNO2
STNO,SBNO2
C8ORF84,SBSPON
RPESP,SBSPON
DESP4P1,SC4MOP
SC5DL,SC5D
ATXN7-AS1,SCAANT1
FLJ00034,SCAF1
SR-A1,SCAF1
DKFZP434E098,SCAF4
KIAA1172,SCAF4
SFRS15,SCAF4
SRA4,SCAF4
KIAA1116,SCAF8
RBM16,SCAF8
CASP11,SCAF11
SFRS2IP,SCAF11
SIP1,SCAF11
SRRP129,SCAF11
SRSF2IP,SCAF11
C9ORF126,SCAI
FLJ36664,SCAI
NET40,SCAI
C1ORF3,SCAMP3
RAZ1,SCAND1
SDP1,SCAND1
SCAND2,SCAND2P
BUSTER4,SCAND3
FAM200D,SCAND3
FLJ31087,SCAND3
KIAA1925,SCAND3
SCAND3,SCAND3
ZBED9,SCAND3
ZFP38-L,SCAND3
ZNF305P2,SCAND3
ZNF452,SCAND3
SCAND3P1,SCAND3P1
ZBED9P1,SCAND3P1
ZFP291,SCAPER
ZNF291,SCAPER
KIAA0149,SCARF1
SREC,SCARF1
SREC1,SCARF1
HUMZD58C02,SCARF2
SREC-II,SCARF2
SREC2,SCARF2
U87,SCARNA5
U88,SCARNA6
U92,SCARNA8
LNCC11ORF54-1,SCARNA9
MGU2-19/30,SCARNA9
Z32,SCARNA9
U89,SCARNA12
U93,SCARNA13
U100,SCARNA14
ACA45,SCARNA15
ACA47,SCARNA16
MGU12-22/U4-8,SCARNA17
U91,SCARNA17
SCARNA18A,SCARNA18
U109,SCARNA18
ACA68,SCARNA21
SCARNA21A,SCARNA21
ACA11,SCARNA22
ACA12,SCARNA23
CGI-49,SCCPDH
NET11,SCCPDH
ACOD4,SCD5
FADS4,SCD5
FLJ21032,SCD5
HSCD5,SCD5
SCD4,SCD5
SCDP,SCDP1
FLJ21667,SCEL
MGC22531,SCEL
C14ORF163,SCFD1
KIAA0917,SCFD1
RA410,SCFD1
SLY1,SCFD1
STXBP1L2,SCFD1
FLJ90833,SCG3
SGIII,SCG3
7B2,SCG5
SGNE1,SCG5
SGV,SCG5
CC10,SCGB1A1
CC16,SCGB1A1
CCSP,SCGB1A1
UGB,SCGB1A1
LU103,SCGB3A2
PNSP1,SCGB3A2
UGRP1,SCGB3A2
LINC00913,SCHLAP1
PCAT11,SCHLAP1
KIAA1905,SCIN
FLJ30655,SCLT1
HCAP-1A,SCLT1
LQT10,SCN4B
MGC3180,SCNM1
ENACBETA,SCNN1B
ENACGAMMA,SCNN1G
SCNEG,SCNN1G
SCOD1,SCO1
MYP6,SCO2
SCO1L,SCO2
HRIHFB2072,SCOC
SCOCO,SCOC
UNC-69,SCOC
C20ORF79,SCP2D1
DJ1068E13.2,SCP2D1
HSD22,SCP2D1
C20ORF78,SCP2D1-AS1
DJ1068E13.1,SCP2D1-AS1
RISC,SCPEP1
SCRG-1,SCRG1
KIAA0147,SCRIB
SCRB1,SCRIB
VARTUL,SCRIB
KIAA0193,SCRN1
DKFZP547F072,SCRT1
ZNF898,SCRT1
ZNF898B,SCRT2
CEGF3,SCUBE3
FLJ34743,SCUBE3
Z97832.2,SCUBE3-AS1
BHLHA41,SCX
BHLHA48,SCX
SCXA,SCX
SCXB,SCX
CVAK104,SCYL2
KIAA1360,SCYL2
PACE-1,SCYL3
PACE1,SCYL3
FLJ10498,SDAD1
CD362,SDC2
FIBROGLYCAN,SDC2
HSPG,SDC2
HSPG1,SDC2
SYND2,SDC2
N-SYNDECAN,SDC3
SYND3,SDC3
AMPHIGLYCAN,SDC4
RYUDOCAN,SDC4
SYND4,SDC4
MDA-9,SDCBP
SYCL,SDCBP
SITAC18,SDCBP2
ST-2,SDCBP2
BBS16,SDCCAG8
CCCAP,SDCCAG8
NPHP10,SDCCAG8
NY-CO-8,SDCCAG8
SLSN7,SDCCAG8
AP000553.C22.4,SDF2L1
OTTHUMT00000075032,SDF2L1
ACN9,SDHAF3
DC11,SDHAF3
LYRM10,SDHAF3
SDH7,SDHAF3
C6ORF57,SDHAF4
SDH8,SDHAF4
SDHAL2,SDHAP2
SDHALP2,SDHAP2
AC073316.3,SDK1-AS1
FLJ10832,SDK2
KIAA1514,SDK2
RDHS,SDR9C7
SDR-O,SDR9C7
EPHD-2,SDR16C5
RDH-E2,SDR16C5
RDHE2,SDR16C5
SDR16C6,SDR16C6P
C14ORF124,SDR39U1
HCDI,SDR39U1
SEC11L3,SEC11C
SPC21,SEC11C
SPCS4C,SEC11C
D3S1231E,SEC13
NPP-20,SEC13
SEC13L1,SEC13
SEC13R,SEC13
PRELID4A,SEC14L1
SEC14L,SEC14L1
C22ORF6,SEC14L2
KIAA1186,SEC14L2
KIAA1658,SEC14L2
SPF,SEC14L2
TAP,SEC14L2
TAP1,SEC14L2
TAP2,SEC14L3
DJ130H16.5,SEC14L4
TAP3,SEC14L4
KIAA0310,SEC16A
P250,SEC16A
SEC16L,SEC16A
ERS-24,SEC22B
SEC22L1,SEC22B
CDA-II,SEC23B
CDAII,SEC23B
CDAN2,SEC23B
HEMPAS,SEC23B
KIAA0079,SEC24C
KIAA0755,SEC24D
ABP125,SEC31A
ABP130,SEC31A
KIAA0905,SEC31A
SEC31L1,SEC31A
DKFZP434M183,SEC31B
SEC31B-1,SEC31B
SEC31L2,SEC31B
SSS1,SEC61G
SBP2,SECISBP2
KIAA0256,SECISBP2L
K12,SECTM1
SEC13L,SEH1L
SEH1,SEH1L
SEH1A,SEH1L
SEH1B,SEH1L
C20ORF50,SEL1L2
DKFZP434C1826,SEL1L2
KIAA0746,SEL1L3
CD62E,SELE
ELAM,SELE
ELAM1,SELE
ESEL,SELE
SELM,SELENOM
SEPM,SELENOM
SELO,SELENOO
AD-015,SELENOS
MGC2553,SELENOS
SBBI8,SELENOS
SELS,SELENOS
SEPS1,SELENOS
VIMP,SELENOS
SEPW1P,SELENOWP1
CD62L,SELL
HLHRC,SELL
LAM-1,SELL
LAM1,SELL
LEU-8,SELL
LNHR,SELL
LSEL,SELL
LYAM-1,SELL
LYAM1,SELL
PLNHR,SELL
COLL-1,SEMA3A
HSEMA-I,SEMA3A
SEMA1,SEMA3A
SEMAD,SEMA3A
SEMD,SEMA3A
SEMAE,SEMA3C
SEME,SEMA3C
SEMA4,SEMA3F
SEMAK,SEMA3F
C9ORF164,SEMA4D
CD100,SEMA4D
COLL-4,SEMA4D
FLJ39737,SEMA4D
SEMAJ,SEMA4D
SEMAF,SEMA5A
SEMF,SEMA5A
FLJ10372,SEMA5B
KIAA1445,SEMA5B
SEMAG,SEMA5B
SEMG,SEMA5B
HT018,SEMA6A
KIAA1368,SEMA6A
SEMA,SEMA6A
SEMA6A1,SEMA6A
SEMAQ,SEMA6A
FLJ11598,SEMA6D
KIAA1479,SEMA6D
CD108,SEMA7A
H-SEMA-L,SEMA7A
SEMAL,SEMA7A
CT103,SEMG1
SEMG,SEMG1
SGII,SEMG2
AXAM2,SENP2
DKFZP762A2316,SENP2
KIAA1331,SENP2
SMT3IP2,SENP2
KIAA0797,SENP6
SUSP1,SENP6
DEN1,SENP8
HST17512,SENP8
NEDP1,SENP8
PRSC2,SENP8
SPS2,SEPHS2
SPS2B,SEPHS2
SEPHS1P5,SEPHS2P1
SECS,SEPSECS
SLA,SEPSECS
SLA-P35,SEPSECS
SLA/LP,SEPSECS
DIFF6,SEPTIN2
HNEDD5,SEPTIN2
KIAA0158,SEPTIN2
NEDD5,SEPTIN2
PNUTL3,SEPTIN2
SEPT2,SEPTIN2
SEPT2P1,SEPTIN2P1
SEP3,SEPTIN3
SEPT3,SEPTIN3
H5,SEPTIN5
HCDCREL-1,SEPTIN5
PNUTL1,SEPTIN5
SEPT5,SEPTIN5
KIAA0128,SEPTIN6
MGC16619,SEPTIN6
MGC20339,SEPTIN6
SEP2,SEPTIN6
SEPT2,SEPTIN6
SEPT6,SEPTIN6
SEPT7P4,SEPTIN7P4
SEPT7P6,SEPTIN7P6
BA291L22.2,SEPTIN7P9
CDC10L,SEPTIN7P9
SEPT7L,SEPTIN7P9
SEPT7P9,SEPTIN7P9
KIAA0202,SEPTIN8
SEP2,SEPTIN8
SEPT8,SEPTIN8
AF17Q25,SEPTIN9
KIAA0991,SEPTIN9
MSF,SEPTIN9
MSF1,SEPTIN9
PNUTL4,SEPTIN9
SEPT9,SEPTIN9
SEPTD1,SEPTIN9
FLJ11619,SEPTIN10
SEPT10,SEPTIN10
SEPT10P1,SEPTIN10P1
FLJ10849,SEPTIN11
SEPT11,SEPTIN11
FLJ25410,SEPTIN12
SEPT12,SEPTIN12
SEPT14P1,SEPTIN14P1
C6ORF88,SEPTIN14P6
DJ24O22.2,SEPTIN14P6
LINC00266-3,SEPTIN14P6
NCRNA00266-3,SEPTIN14P6
NCRNA00266C,SEPTIN14P6
SEPT14P6,SEPTIN14P6
SEPT14P8,SEPTIN14P8
SEPT14P22,SEPTIN14P22
LINC00266-4P,SEPTIN14P23
NCRNA00266-4P,SEPTIN14P23
NCRNA00266D,SEPTIN14P23
NCRNA00266Y2,SEPTIN14P23
SEPT14P23,SEPTIN14P23
SEPT14P24,SEPTIN14P24
SERBP1P,SERBP1P1
4F5,SERF1A
FAM2A,SERF1A
H4F5,SERF1A
SERF1,SERF1A
SMAM1,SERF1A
FAM2B,SERF1B
H4F5C,SERF1B
DELGEF,SERGEF
GNEFR,SERGEF
BK126B4.1,SERHL
DJ222E13.1,SERHL
HS126B42,SERHL
FKSG84,SERINC2
PRO0899,SERINC2
TDE2,SERINC2
TDE2L,SERINC2
AIGP1,SERINC3
DIFF33,SERINC3
SBBI99,SERINC3
TDE,SERINC3
TDE1,SERINC3
TMS-1,SERINC3
FLJ40363,SERINC4
C5ORF12,SERINC5
TPO1,SERINC5
FLJ43424,SERP1
RAMP4,SERP1
BA269C23.1,SERP2
C13ORF21,SERP2
A1A,SERPINA1
A1AT,SERPINA1
AAT,SERPINA1
ALPHA-1-ANTITRYPSIN,SERPINA1
ALPHA1AT,SERPINA1
PI,SERPINA1
PI1,SERPINA1
ARGS,SERPINA2
ATR,SERPINA2
PIL,SERPINA2
SERPINA2P,SERPINA2
AACT,SERPINA3
ACT,SERPINA3
KAL,SERPINA4
KLST,SERPINA4
KST,SERPINA4
PI4,SERPINA4
PAI3,SERPINA5
PCI,SERPINA5
PLANH3,SERPINA5
PROCI,SERPINA5
CBG,SERPINA6
GCET1,SERPINA9
SERPINA11B,SERPINA9
PZI,SERPINA10
ZPI,SERPINA10
OL-64,SERPINA12
VASPIN,SERPINA12
EI,SERPINB1
ELANH2,SERPINB1
LEI,SERPINB1
MNEI,SERPINB1
PI2,SERPINB1
HST1201,SERPINB2
PAI-2,SERPINB2
PAI2,SERPINB2
PLANH2,SERPINB2
HST1196,SERPINB3
SCC,SERPINB3
SCCA1,SERPINB3
T4-A,SERPINB3
LEUPIN,SERPINB4
PI11,SERPINB4
SCCA-2,SERPINB4
SCCA1,SERPINB4
SCCA2,SERPINB4
MASPIN,SERPINB5
PI5,SERPINB5
CAP,SERPINB6
DFNB91,SERPINB6
PI6,SERPINB6
PTI,SERPINB6
CAP2,SERPINB8
PI8,SERPINB8
PI8L1,SERPINB8P1
SERPINB11,SERPINB8P1
SERPINBP1,SERPINB8P1
CAP3,SERPINB9
PI9,SERPINB9
PI10,SERPINB10
HUR7,SERPINB13
PI13,SERPINB13
D22S673,SERPIND1
HC-II,SERPIND1
HC2,SERPIND1
HCF2,SERPIND1
HLS2,SERPIND1
PAI,SERPINE1
PAI1,SERPINE1
PLANH1,SERPINE1
EPC-1,SERPINF1
PEDF,SERPINF1
PIG35,SERPINF1
A2AP,SERPINF2
AAP,SERPINF2
ALPHA-2-PI,SERPINF2
ALPHA2AP,SERPINF2
API,SERPINF2
PLI,SERPINF2
CBP1,SERPINH1
CBP2,SERPINH1
HSP47,SERPINH1
SERPINH2,SERPINH1
BA571F15.6,SERPINH1P1
PSHSP47,SERPINH1P1
SERPINHP1,SERPINH1P1
SEI1,SERTAD1
TRIP-BR1,SERTAD1
RBT1,SERTAD3
DJ667H12.2,SERTAD4
C1ORF133,SERTAD4-AS1
C13ORF36,SERTM1
LINC00890,SERTM2
DKFZP761M0212,SESN2
HI95,SESN2
SES2,SESN2
SEST2,SESN2
2PP2A,SET
IGAAD,SET
IPP2A2,SET
PHAPII,SET
TAF-I,SET
TAF-IBETA,SET
KIAA0437,SETBP1
SEB,SETBP1
C14ORF154,SETD3
FLJ23027,SETD3
C21ORF18,SETD4
C21ORF27,SETD4
C13ORF4,SETDB2
CLLD8,SETDB2
CLLL8,SETDB2
KMT1F,SETDB2
SETP,SETP1
SETP19,SETP1
ALS4,SETX
AOA2,SETX
KIAA0625,SETX
SCAR1,SETX
SEN1,SETX
STEX,SETX
PRP21,SF3A1
PRPF21,SF3A1
SAP114,SF3A1
SF3A120,SF3A1
DJ581P3.1,SF3A3P1
SF3A3P,SF3A3P1
CUS1,SF3B2
SAP145,SF3B2
SF3B1,SF3B2
SF3B145,SF3B2
KIAA0017,SF3B3
RSE1,SF3B3
SAP130,SF3B3
SF3B130,SF3B3
SF3B4P,SF3B4P1
KIAA0542,SFI1
PISD,SFI1
PPP1R139,SFI1
DKFZP434L243,SFMBT1
RU1,SFMBT1
SFMBT,SFMBT1
KIAA1617,SFMBT2
SFPQP,SFPQP1
BA373N18.1,SFR1
C10ORF78,SFR1
FLJ41960,SFR1
MEI5,SFR1
MEIR5,SFR1
FRP,SFRP1
FRP-1,SFRP1
SARP2,SFRP1
FRP-4,SFRP4
FRPHE,SFRP4
FRZB-2,SFRP4
C6ORF83,SFT2D1
MGC19825,SFT2D1
PRGR1,SFT2D1
DJ747L4.C1.2,SFT2D2
UNQ512,SFT2D2
SFTPF,SFTA1P
SFTPG,SFTA2
SP-G,SFTA2
COLEC4,SFTPA1
SFTP1,SFTPA1
SP-A,SFTPA1
SP-A1,SFTPA1
COLEC5,SFTPA2
SP-A2,SFTPA2
COLEC6,SFTPA3P
SFTPAP1,SFTPA3P
SFTPP1,SFTPA3P
BRICD6,SFTPC
PSP-C,SFTPC
SFTP2,SFTPC
SMDP2,SFTPC
SP-C,SFTPC
COLEC7,SFTPD
SFTP4,SFTPD
SP-D,SFTPD
FLJ12876,SFXN1
SLC56A1,SFXN1
BBG-TCC,SFXN5
SLC56A5,SFXN5
DYT11,SGCE
A4,SGCG
DAGA4,SGCG
DMDA,SGCG
DMDA1,SGCG
LGMD2C,SGCG
MAM,SGCG
MGC130048,SGCG
SCARMD2,SGCG
SCG3,SGCG
TYPE,SGCG
ZSG1,SGCZ
CCDC101,SGF29
FLJ32446,SGF29
TDRD29,SGF29
SGK2,SGK3
SGKL,SGK3
MGC17342,SGMS1
MOB,SGMS1
SMS1,SGMS1
TMEM23,SGMS1
NY-BR-85,SGO1
SGOL1,SGO1
SGOL1-AS1,SGO1-AS1
SGOL1P2,SGO1P2
FLJ39004,SGPP2
SPP2,SGPP2
KIAA1941,SGSM1
RUTBC2,SGSM1
KIAA0397,SGSM2
RUTBC1,SGSM2
RP1-59D14.5,SGSM2-AS1
DJ1042K10.2,SGSM3
RABGAP-5,SGSM3
RABGAP5,SGSM3
RUSC3,SGSM3
RUTBC3,SGSM3
FLJ39002,SGTB
SGT2,SGTB
IDDM20,SH2B3
LNK,SH2B3
DSHP,SH2D1A
EBVS,SH2D1A
IMD5,SH2D1A
LYP,SH2D1A
MTCP1,SH2D1A
SAP,SH2D1A
XLP,SH2D1A
XLPD,SH2D1A
NSP1,SH2D3A
NSP3,SH2D3C
FLJ20967,SH2D4A
PPP1R38,SH2D4A
SH2A,SH2D4A
LOC646892,SH2D7
21-GARP,SH3BGR
MGC117402,SH3BGRL
ARHGAP43,SH3BP1
DKFZP434D0215,SH3D19
EBP,SH3D19
EVE-1,SH3D19
EVE1,SH3D19
KRYN,SH3D19
SH3P19,SH3D19
CNSA1,SH3GL1
EEN,SH3GL1
MGC111371,SH3GL1
SH3D2B,SH3GL1
SH3P8,SH3GL1
CNSA-P2,SH3GL1P2
SH3GLP2,SH3GL1P2
CNSA-P3,SH3GL1P3
SH3GLP3,SH3GL1P3
CNSA2,SH3GL2
EEN-B1,SH3GL2
SH3D2A,SH3GL2
SH3P4,SH3GL2
CNSA3,SH3GL3
EEN-B2,SH3GL3
HST19371,SH3GL3
SH3D2C,SH3GL3
SH3P13,SH3GL3
KIAA1848,SH3GLB2
FISH,SH3PXD2A
KIAA0418,SH3PXD2A
SH3MD1,SH3PXD2A
FLJ20831,SH3PXD2B
KIAA1295,SH3PXD2B
KIAA1494,SH3RF1
POSH,SH3RF1
RNF142,SH3RF1
SH3MD2,SH3RF1
FLJ00204,SH3RF3
POSH2,SH3RF3
SH3MD4,SH3RF3
CMT4C,SH3TC2
KIAA1985,SH3TC2
KIAA1650,SHANK3
PROSAP2,SHANK3
PSAP2,SHANK3
SPANK-2,SHANK3
DKFZP434N1923,SHARPIN
SIPL1,SHARPIN
ABP,SHBG
MGC126834,SHBG
MGC138391,SHBG
TEBG,SHBG
RALP,SHC4
SHCD,SHC4
C19ORF66,SHFL
FLJ11286,SHFL
IRAV,SHFL
RYDEN,SHFL
SFL,SHFL
BA398O19.2,SHISA2
C13ORF13,SHISA2
HSHISA,SHISA2
PRO28631,SHISA2
TMEM46,SHISA2
WGAR9166,SHISA2
FLJ45455,SHISA6
C22ORF17,SHISA8
ORF26,SHISA8
KIAA1644,SHISAL1
FAM159A,SHISAL2A
MGC52498,SHISAL2A
PP203,SHKBP1
SB1,SHKBP1
C20ORF196,SHLD1
FLJ25067,SHLD1
RINN3,SHLD1
BA163M19.1,SHLD2
FAM35A,SHLD2
FAM35A1,SHLD2
MGC5560,SHLD2
RINN2,SHLD2
FAM35A2,SHLD2P2
FAM35AP,SHLD2P2
FAM35CP,SHLD2P2
FAM35B2,SHLD2P3
FAM35DP,SHLD2P3
AC008560.1,SHLD3
CTC-534A2.2,SHLD3
FLJ26957,SHLD3
RINN1,SHLD3
CSHMT,SHMT1
MGC15229,SHMT1
MGC24556,SHMT1
SHMT,SHMT1
SHMT-PS1,SHMT1P1
SHMT1P,SHMT1P1
MSHMT,SHMT2
SHMT,SHMT2
C9ORF84,SHOC1
FLJ32779,SHOC1
MZIP2,SHOC1
ZIP2,SHOC1
KIAA0862,SHOC2
SOC-2,SHOC2
SOC2,SHOC2
SUR-8,SHOC2
SUR8,SHOC2
GCFX,SHOX
PHOG,SHOX
SHOXY,SHOX
SS,SHOX
FLJ10539,SHQ1
SHQ1P,SHQ1
APXL2,SHROOM1
KIAA1960,SHROOM1
APXL,SHROOM2
APXLP,SHROOM2P1
APXL3,SHROOM3
KIAA1481,SHROOM3
SHRM,SHROOM3
SHRML,SHROOM3
KIAA1202,SHROOM4
KIAA1598,SHTN1
SHOOTIN-1,SHTN1
SHOOTIN1,SHTN1
CSE-C,SIAE
LSE,SIAE
MGC87009,SIAE
YSG2,SIAE
HSIAH1,SIAH1
SIAH1L,SIAH1P1
FLJ39203,SIAH3
CD169,SIGLEC1
DJ1009E24.1,SIGLEC1
FLJ00051,SIGLEC1
FLJ00055,SIGLEC1
FLJ00073,SIGLEC1
FLJ32150,SIGLEC1
SIALOADHESIN,SIGLEC1
SIGLEC-1,SIGLEC1
SN,SIGLEC1
CD327,SIGLEC6
CD33L,SIGLEC6
CD33L1,SIGLEC6
OB-BP1,SIGLEC6
SIGLEC-6,SIGLEC6
MGC59785,SIGLEC8
SAF2,SIGLEC8
SIGLEC-8,SIGLEC8
SIGLEC8L,SIGLEC8
S2V,SIGLEC12
SIGLEC-12,SIGLEC12
SIGLEC-L1,SIGLEC12
SIGLEC-XII,SIGLEC12
SIGLECL1,SIGLEC12
SLG,SIGLEC12
CD33L3,SIGLEC15
HST1361,SIGLEC15
SIGLECP11,SIGLEC27P
SIGLECP13,SIGLEC29P
SIGLECP14,SIGLEC30P
SIGLECP15,SIGLEC31P
OPRS1,SIGMAR1
SR-BP1,SIGMAR1
MSK,SIK1
SNF1LK,SIK1
BAP,SIL1
MSS,SIL1
ULG5,SIL1
BHLHE14,SIM1
BHLHE15,SIM2
MGC119447,SIM2
SIM,SIM2
C12ORF14,SINHCAF
FAM60A,SINHCAF
TERA,SINHCAF
FAM60BP,SINHCAFP1
HST2323,SINHCAFP1
FAM60CP,SINHCAFP2
FAM60DP,SINHCAFP3
E6TP1,SIPA1L1
KIAA0440,SIPA1L1
SPAR1,SIPA1L1
KIAA0545,SIPA1L3
SPAR3,SIPA1L3
LNCRNA-PRLB,SIRLNT
BIT,SIRPA
CD172A,SIRPA
MFR,SIRPA
MYD-1,SIRPA
P84,SIRPA
PTPNS1,SIRPA
SHPS-1,SIRPA
SHPS1,SIRPA
SIRP,SIRPA
SIRP-ALPHA-1,SIRPA
SIRPALPHA,SIRPA
SIRPALPHA2,SIRPA
PTPNS1L,SIRPAP1
SIRPA2P,SIRPAP1
CD172B,SIRPB1
SIRP-BETA-1,SIRPB1
DJ776F14.2,SIRPB2
PTPN1L,SIRPB2
PTPNS1L3,SIRPB2
DJ576H24.4,SIRPD
PTPNS1L2,SIRPD
BA77C3.1,SIRPG
CD172G,SIRPG
SIRP-B2,SIRPG
SIRPB2,SIRPG
SIRPGAMMA,SIRPG
SIR2L1,SIRT1
SIR2L,SIRT2
SIT,SIT1
CD27BP,SIVA1
SIVA,SIVA1
SIVA-1,SIVA1
SIVA-2,SIVA1
DFNA23,SIX1
AREC3,SIX4
OPTX2,SIX6
SIX9,SIX6
C18ORF24,SKA1
MGC10200,SKA1
FAM33A,SKA2
FLJ12758,SKA2
C13ORF3,SKA3
MGC4832,SKA3
RAMA1,SKA3
SCAP1,SKAP1
SKAP55,SKAP1
RP11-456D7.1,SKAP1-AS1
BTR,SKAP1-AS2
RA70,SKAP2
SAPS,SKAP2
SCAP2,SKAP2
SKAP-HOM,SKAP2
SKAP55R,SKAP2
170A,SKIC2
DDX13,SKIC2
HLP,SKIC2
SKI2,SKIC2
SKI2W,SKIC2
SKIV2,SKIC2
SKIV2L,SKIC2
SKIV2L1,SKIC2
C10ORF140,SKIDA1
FLJ45187,SKIDA1
CORL1,SKOR1
FUSSEL15,SKOR1
LBXCOR1,SKOR1
AC009292.1,SKOR1-AS1
CORL2,SKOR2
FUSSEL-18,SKOR2
FUSSEL18,SKOR2
EMC19,SKP1P1
OCP2,SKP1P1
TCEB1L,SKP1P1
TCEB1P,SKP1P1
P19B,SKP1P2
SKP1B,SKP1P2
FBL1,SKP2
FBXL1,SKP2
P45,SKP2
HSLAP,SLA
SLA1,SLA
SLAP,SLA
SLAP-1,SLA
C20ORF156,SLA2
FLJ21992,SLA2
SLAP-2,SLA2
C13ORF32,SLAIN1
FLJ30046,SLAIN1
FLJ21611,SLAIN2
KIAA1458,SLAIN2
19A,SLAMF7
CD319,SLAMF7
CRACC,SLAMF7
CS1,SLAMF7
HBP,SLBP
EA6,SLC1A3
EAAT1,SLC1A3
GLAST,SLC1A3
GLAST-1,SLC1A3
GLAST1,SLC1A3
GLUT-2,SLC2A2
GLUT2,SLC2A2
GLUT4,SLC2A4
GEF,SLC2A4RG
HDBP1,SLC2A4RG
SI-1-2,SLC2A4RG
SI-1-2-19,SLC2A4RG
GLUT5,SLC2A5
GLUT6,SLC2A6
GLUT9,SLC2A6
HSA011372,SLC2A6
GLUT8,SLC2A8
GLUTX1,SLC2A8
GLUT9,SLC2A9
GLUTX,SLC2A9
URATV1,SLC2A9
GLUT-10,SLC2A10
GLUT10,SLC2A10
GLUT11,SLC2A11
GLUT12,SLC2A12
GLUT8,SLC2A12
HMIT,SLC2A13
ATR1,SLC3A1
CSNU1,SLC3A1
D2H,SLC3A1
NBAT,SLC3A1
RBAT,SLC3A1
NBC3,SLC4A8
AE4,SLC4A9
NBCN2,SLC4A10
NCBE,SLC4A10
BTR1,SLC4A11
CDPD1,SLC4A11
CHED2,SLC4A11
DJ794I6.2,SLC4A11
FECD4,SLC4A11
NABC1,SLC4A11
D22S675,SLC5A1
NAGT,SLC5A1
SGLT-1,SLC5A1
SGLT1,SLC5A1
SGLT2,SLC5A2
SMIT,SLC5A3
SMIT1,SLC5A3
DJ90G24.4,SLC5A4
SAAT1,SLC5A4
SGLT3,SLC5A4
RP1-90G24.10,SLC5A4-AS1
CHT,SLC5A7
CHT1,SLC5A7
HCHT,SLC5A7
AIT,SLC5A8
KST1,SLC5A11
SGLT6,SLC5A11
SMIT2,SLC5A11
MGC52019,SLC5A12
SMCT2,SLC5A12
DAT,SLC6A3
DAT1,SLC6A3
5-HTT,SLC6A4
HTT,SLC6A4
OCD1,SLC6A4
SERT1,SLC6A4
GLYT-2,SLC6A5
GLYT2,SLC6A5
NET1,SLC6A5
SLC6A6P,SLC6A6P1
CRT,SLC6A8
CRT-1,SLC6A8
CRT1,SLC6A8
CRTR,SLC6A8
CT1,SLC6A8
NTT5,SLC6A16
NTT4,SLC6A17
ATRC1,SLC7A1
CAT-1,SLC7A1
ERR,SLC7A1
HCAT1,SLC7A1
REC1L,SLC7A1
ATRC3,SLC7A3
CAT-3,SLC7A3
FLJ14541,SLC7A3
CAT-4,SLC7A4
HCAT3,SLC7A4
VH,SLC7A4
CD98,SLC7A5
D16S469E,SLC7A5
E16,SLC7A5
LAT1,SLC7A5
MPE16,SLC7A5
LAT1-3TM,SLC7A5P1
MLAS,SLC7A5P1
KIAA0245,SLC7A6
LAT-2,SLC7A6
LAT3,SLC7A6
Y+LAT-2,SLC7A6
FLJ13291,SLC7A6OS
IWR1,SLC7A6OS
XCT,SLC7A11
ENST00000512786,SLC7A11-AS1
AGT-1,SLC7A13
XAT2,SLC7A13
APNH,SLC9A1
NHE-1,SLC9A1
NHE1,SLC9A1
PPP1R143,SLC9A1
NHE2,SLC9A2
NHE-3,SLC9A3
NHE3,SLC9A3
UC011CLY.2,SLC9A3-AS1
NHE3P,SLC9A3P1
SLC9A3P,SLC9A3P1
SLC9A3P4,SLC9A3P1
NHE5,SLC9A5
KIAA0267,SLC9A6
NHE-6,SLC9A6
NHE6,SLC9A6
NHE-7,SLC9A7
NHE7,SLC9A7
KIAA0939,SLC9A8
NHE8,SLC9A8
FLJ35613,SLC9A9
NHE9,SLC9A9
NHA1,SLC9B1
NHEDC1,SLC9B1
NHEDC1P1,SLC9B1P1
FLJ23984,SLC9B2
NHA2,SLC9B2
NHEDC2,SLC9B2
NHE,SLC9C1
SLC9A10,SLC9C1
MGC43026,SLC9C2
SLC9A11,SLC9C2
ASBT,SLC10A2
IBAT,SLC10A2
ISBT,SLC10A2
NTCP2,SLC10A2
DXS253E,SLC10A3
P3,SLC10A3
SOAT,SLC10A6
BSC,SLC12A1
BSC-1,SLC12A1
BSC1,SLC12A1
CCC2,SLC12A1
NKCC2,SLC12A1
BSC-2,SLC12A2
BSC2,SLC12A2
CCC1,SLC12A2
NKCC1,SLC12A2
PPP1R141,SLC12A2
NCC,SLC12A3
NCCT,SLC12A3
TSC,SLC12A3
HKCC2,SLC12A5
KCC2,SLC12A5
KIAA1176,SLC12A5
RP11-465L10.10,SLC12A5-AS1
ACCPN,SLC12A6
KCC3,SLC12A6
KCC3A,SLC12A6
KCC3B,SLC12A6
DKFZP434F076,SLC12A7
KCC4,SLC12A7
NAS1,SLC13A1
NASI-1,SLC13A1
NADC3,SLC13A3
SDCT2,SLC13A3
INDY,SLC13A5
MINDY,SLC13A5
NACT,SLC13A5
HST1341,SLC14A1
JK,SLC14A1
RACH1,SLC14A1
RACH2,SLC14A1
HUT2,SLC14A2
UT2,SLC14A2
HPECT1,SLC15A1
HPEPT1,SLC15A1
PEPT1,SLC15A1
MCT,SLC16A1
MCT1,SLC16A1
AHDS,SLC16A2
DXS128,SLC16A2
DXS128E,SLC16A2
MCT7,SLC16A2
MCT8,SLC16A2
MRX22,SLC16A2
XPCT,SLC16A2
MCT2,SLC16A7
MCT3,SLC16A8
REMP,SLC16A8
C10ORF36,SLC16A9
FLJ43803,SLC16A9
MCT9,SLC16A9
MCT12,SLC16A12
NAPI-1,SLC17A1
NPT1,SLC17A1
NPT3,SLC17A2
NPT4,SLC17A3
KIAA2138,SLC17A4
AST,SLC17A5
ISSD,SLC17A5
NSD,SLC17A5
SD,SLC17A5
SIALIN,SLC17A5
SIASD,SLC17A5
SLD,SLC17A5
DNPI,SLC17A6
VGLUT2,SLC17A6
BNPI,SLC17A7
VGLUT1,SLC17A7
DFNA25,SLC17A8
VGLUT3,SLC17A8
C20ORF59,SLC17A9
FLJ23412,SLC17A9
VNUT,SLC17A9
SVAT,SLC18A2
SVMT,SLC18A2
VMAT2,SLC18A2
VACHT,SLC18A3
C6ORF192,SLC18B1
DJ55C23.6,SLC18B1
FOLT,SLC19A1
HRFC,SLC19A1
IFC-1,SLC19A1
RFC,SLC19A1
RFC1,SLC19A1
RFT-1,SLC19A1
GLVR-2,SLC20A2
GLVR2,SLC20A2
MLVAR,SLC20A2
PIT-2,SLC20A2
PIT2,SLC20A2
RAM-1,SLC20A2
OCT1,SLC22A1
DFNB60,SLC22A4
MGC34546,SLC22A4
OCTN1,SLC22A4
NLT,SLC22A7
OAT2,SLC22A7
OAT4,SLC22A11
OAT4L,SLC22A12
RST,SLC22A12
URAT1,SLC22A12
OAT10,SLC22A13
OCTL1,SLC22A13
OCTL3,SLC22A13
ORCTL3,SLC22A13
FLIPT1,SLC22A15
CT2,SLC22A16
FLIPT2,SLC22A16
OAT6,SLC22A16
OKB1,SLC22A16
BWR1A,SLC22A18
BWSCR1A,SLC22A18
IMPT1,SLC22A18
ITM,SLC22A18
ORCTL2,SLC22A18
SLC22A1L,SLC22A18
TSSC5,SLC22A18
BWR1B,SLC22A18AS
BWSCR1B,SLC22A18AS
ORCTL2S,SLC22A18AS
P27-BWR1B,SLC22A18AS
SLC22A18-AS1,SLC22A18AS
SLC22A1LS,SLC22A18AS
C6ORF85,SLC22A23
FLJ22174,SLC22A23
SLC23A2,SLC23A1
SVCT1,SLC23A1
YSPL3,SLC23A1
KIAA0238,SLC23A2
SLC23A1,SLC23A2
SVCT2,SLC23A2
YSPL2,SLC23A2
CSNB1D,SLC24A1
HST17412,SLC24A1
KIAA0702,SLC24A1
NCKX,SLC24A1
NCKX1,SLC24A1
RODX,SLC24A1
NCKX2,SLC24A2
NCKX4,SLC24A4
JSX,SLC24A5
NCKX5,SLC24A5
OCA6,SLC24A5
CIC,SLC25A1
CTP,SLC25A1
SLC20A3,SLC25A1
AAC1,SLC25A4
ANT1,SLC25A4
PEO2,SLC25A4
PEO3,SLC25A4
T1,SLC25A4
2F1,SLC25A5
ANT2,SLC25A5
T2,SLC25A5
T3,SLC25A5
ANTP3,SLC25A5P1
BK250D10.4,SLC25A5P1
LOC344371,SLC25A5P2
ANTP1,SLC25A5P3
ANTP5,SLC25A5P5
TCAG_29001,SLC25A5P5
ANTP7,SLC25A5P7
ANT3,SLC25A6
ANT3Y,SLC25A6
MGC17525,SLC25A6
DJ1065O2.2,SLC25A6P1
SLC25A5L,SLC25A6P1
DIC,SLC25A10
AGC1,SLC25A12
ARALAR,SLC25A12
ARALAR1,SLC25A12
ARALAR2,SLC25A13
CITRIN,SLC25A13
CTLN2,SLC25A13
BMCP1,SLC25A14
UCP5,SLC25A14
D13S327,SLC25A15
HHH,SLC25A15
ORC1,SLC25A15
ORNT1,SLC25A15
SLC25A15P,SLC25A15P1
SLC25A15PY1,SLC25A15P1
PMP34,SLC25A17
CAC,SLC25A20
CACT,SLC25A20
EIEE3,SLC25A22
FLJ13044,SLC25A22
GC-1,SLC25A22
GC1,SLC25A22
NET44,SLC25A22
APC1,SLC25A24
DKFZP586G0123,SLC25A24
SCAMC-1,SLC25A24
SCAMC1,SLC25A24
KIAA1896,SLC25A25
MCSC,SLC25A25
PCSCL,SLC25A25
HRCEG,SLC25A25-AS1
SAMC,SLC25A26
FLJ33552,SLC25A27
UCP4,SLC25A27
BMSC-MCP,SLC25A33
MGC4399,SLC25A33
PNC1,SLC25A33
FLJ40217,SLC25A35
HT015,SLC25A37
MFRN,SLC25A37
MFRN1,SLC25A37
MSCP,SLC25A37
MGC26694,SLC25A42
CG7943,SLC25A51
MCART1,SLC25A51
MGC14836,SLC25A51
BA707M13.1,SLC25A51P1
MCART3P,SLC25A51P1
MCART4P,SLC25A51P2
MCART2,SLC25A52
MCART6,SLC25A53
ACSVL1,SLC27A2
FACVL1,SLC27A2
FATP2,SLC27A2
HFACVL1,SLC27A2
HST17226,SLC27A2
VLACS,SLC27A2
VLCS,SLC27A2
ACSVL3,SLC27A3
FATP3,SLC27A3
MGC4365,SLC27A3
ACSVL4,SLC27A4
FATP4,SLC27A4
CNT1,SLC28A1
CNT2,SLC28A2
HCNT2,SLC28A2
HST17153,SLC28A2
SPNT1,SLC28A2
AC051619.4,SLC28A2-AS1
CNT3,SLC28A3
DER12,SLC29A2
ENT2,SLC29A2
HNP36,SLC29A2
ZNT2,SLC30A2
ZNT4,SLC30A4
ZNT7,SLC30A7
ZNTL2,SLC30A7
ZNT-8,SLC30A8
ZNT8,SLC30A8
COPT1,SLC31A1
CTR1,SLC31A1
HCTR1,SLC31A1
CTR1PSI,SLC31A1P1
SLC31A1P,SLC31A1P1
COPT2,SLC31A2
CTR2,SLC31A2
HCTR2,SLC31A2
BA122O1.1,SLC32A1
VGAT,SLC32A1
VIAAT,SLC32A1
ACATN,SLC33A1
AT-1,SLC33A1
AT1,SLC33A1
SPG42,SLC33A1
NAPI-3,SLC34A1
NPT2,SLC34A1
NPTIIA,SLC34A1
SLC11,SLC34A1
SLC17A2,SLC34A1
NAPI-3B,SLC34A2
FLJ38680,SLC34A3
NPTIIC,SLC34A3
UGALT,SLC35A2
UGAT,SLC35A2
UGT,SLC35A2
UGT1,SLC35A2
UGT2,SLC35A2
UGTL,SLC35A2
FLJ20730,SLC35A5
AXER,SLC35B1
UGTREL1,SLC35B1
BA394O2.1,SLC35C2
C20ORF5,SLC35C2
CGI-15,SLC35C2
OVCOV1,SLC35C2
KIAA0260,SLC35D1
UGTREL7,SLC35D1
FRCL1,SLC35D3
FLJ14251,SLC35E1
BLOV1,SLC35E3
C6ORF169,SLC35F1
DJ230I3.1,SLC35F1
FLJ13018,SLC35F2
C14ORF36,SLC35F4
FLJ37712,SLC35F4
FLJ22004,SLC35F5
C10ORF60,SLC35G1
FLJ33990,SLC35G1
POST,SLC35G1
TMEM20,SLC35G1
DKFZP564K2464,SLC35G2
MGC3295,SLC35G2
TMEM22,SLC35G2
AMAC1L1,SLC35G4
SLC35G4P,SLC35G4
AMAC,SLC35G5
AMAC1L2,SLC35G5
AMAC1L3,SLC35G6
TMEM21B,SLC35G6
SPX1,SLC37A1
FLJ00171,SLC37A2
SPX2,SLC37A2
DKFZP761N0624,SLC37A3
SPX3,SLC37A3
G6PT,SLC37A4
G6PT1,SLC37A4
G6PT2,SLC37A4
G6PT3,SLC37A4
GSD1B,SLC37A4
GSD1C,SLC37A4
GSD1D,SLC37A4
SPX4,SLC37A4
ATA1,SLC38A1
NAT2,SLC38A1
SAT1,SLC38A1
SNAT1,SLC38A1
ATA2,SLC38A2
KIAA1382,SLC38A2
SAT2,SLC38A2
SNAT2,SLC38A2
ATA3,SLC38A4
NAT3,SLC38A4
PAAT,SLC38A4
SNAT4,SLC38A4
JM24,SLC38A5
SN2,SLC38A5
SNAT5,SLC38A5
SNAT8,SLC38A8
FLJ90709,SLC38A9
SNAT9,SLC38A9
MGC15523,SLC38A10
PP1744,SLC38A10
SNAT10,SLC38A10
ZIP2,SLC39A2
AEZ,SLC39A4
AWMS2,SLC39A4
ZIP-4,SLC39A4
ZIP4,SLC39A4
LIV-1,SLC39A6
ZIP6,SLC39A6
D6S2244E,SLC39A7
H2-KE4,SLC39A7
HKE4,SLC39A7
KE4,SLC39A7
RING5,SLC39A7
ZIP7,SLC39A7
DKFZP564L2123,SLC39A10
FLJ90515,SLC39A10
KIAA1265,SLC39A10
ZIP10,SLC39A10
C17ORF26,SLC39A11
ZIP11,SLC39A11
FLJ30499,SLC39A12
ZIP12,SLC39A12
KIAA0062,SLC39A14
NET34,SLC39A14
ZIP-14,SLC39A14
ZIP14,SLC39A14
MGC34680,SLC43A2
DKFZP762A227,SLC43A3
EEG1,SLC43A3
FOAP-13,SLC43A3
PRO1659,SLC43A3
SEEEG-1,SLC43A3
CTL3,SLC44A3
MGC45474,SLC44A3
C6ORF29,SLC44A4
CTL4,SLC44A4
DFNA72,SLC44A4
FLJ14491,SLC44A4
NG22,SLC44A4
TPPT,SLC44A4
AIM-1,SLC45A2
MATP,SLC45A2
OCA4,SLC45A2
IPCA-2,SLC45A3
IPCA-6,SLC45A3
IPCA-8,SLC45A3
PCANAP2,SLC45A3
PCANAP6,SLC45A3
PCANAP8,SLC45A3
PROSTEIN,SLC45A3
KIAA1126,SLC45A4
HCP1,SLC46A1
HPCFT,SLC46A1
HSPCFT,SLC46A1
MGC9564,SLC46A1
PCFT,SLC46A1
LY110,SLC46A2
TSCOT,SLC46A2
AL139041.1,SLC46A2-AS1
DKFZP686A1775,SLC46A3
FLJ42613,SLC46A3
FLJ10847,SLC47A1
MATE1,SLC47A1
FLJ20489,SLC48A1
HHRG-1,SLC48A1
HRG1,SLC48A1
DIRC2,SLC49A4
FLJ14784,SLC49A4
RCC4,SLC49A4
OSTALPHA,SLC51A
OSTBETA,SLC51B
D15ERTD747E,SLC52A2
FLJ11856,SLC52A2
GPCR41,SLC52A2
GPR172A,SLC52A2
HRFT3,SLC52A2
HUPAR-1,SLC52A2
PAR1,SLC52A2
RFT3,SLC52A2
RFVT2,SLC52A2
BA371L19.1,SLC52A3
C20ORF54,SLC52A3
HRFT2,SLC52A3
RFT2,SLC52A3
RFVT3,SLC52A3
FLJ22378,SLC66A2
PQLC1,SLC66A2
PQLC1P1,SLC66A2P1
OATP1B3,SLCO1B3
OATP8,SLCO1B3
SLC21A8,SLCO1B3
LST-3TM12,SLCO1B3-SLCO1B7
OATP1B3-1B7,SLCO1B3-SLCO1B7
OATP-D,SLCO3A1
OATP3A1,SLCO3A1
SLC21A11,SLCO3A1
OATP-E,SLCO4A1
OATP4A1,SLCO4A1
SLC21A12,SLCO4A1
OATP-H,SLCO4C1
OATP4C1,SLCO4C1
OATPX,SLCO4C1
SLC21A20,SLCO4C1
OATP-J,SLCO5A1
OATP5A1,SLCO5A1
OATPRP4,SLCO5A1
SLC21A15,SLCO5A1
CT48,SLCO6A1
MGC26949,SLCO6A1
OATP6A1,SLCO6A1
OATPY,SLCO6A1
C10ORF6,SLF2
FAM178A,SLF2
FLJ10512,SLF2
FLJ25012,SLF2
C14ORF156,SLIRP
DC50,SLIRP
MEGF4,SLIT1
SLIL1,SLIT1
SLIT-1,SLIT1
SLIT3,SLIT1
SLIL3,SLIT2
SLIT-2,SLIT2
KIAA1910,SLITRK1
LRRC12,SLITRK1
CXORF1,SLITRK2
CXORF2,SLITRK2
KIAA1854,SLITRK2
SLITL1,SLITRK2
TMEM257,SLITRK2
KIAA0848,SLITRK3
DKFZP547M2010,SLITRK4
BA364G4.2,SLITRK5
KIAA0918,SLITRK5
LRRC11,SLITRK5
FLJ22774,SLITRK6
MGC12301,SLN
MGC125854,SLN
MGC125855,SLN
ALK1,SLPI
ALP,SLPI
BLPI,SLPI
HUSI,SLPI
HUSI-I,SLPI
WAP4,SLPI
WFDC4,SLPI
FLJ13213,SLTM
MET,SLTM
9G8,SLU7
ANUP,SLURP1
ARS,SLURP1
ARSB,SLURP1
LY6-MT,SLURP1
LY6LS,SLURP1
MDM,SLURP1
GIYD1,SLX1A
C20ORF94,SLX4IP
DJ1099D15.3,SLX4IP
C21ORF70,SLX9
FAM207A,SLX9
PRED56,SLX9
JV4-1,SMAD1
MADH1,SMAD1
MADR1,SMAD1
ENST00000513542,SMAD1-AS1
JV18-1,SMAD2
MADH2,SMAD2
MADR2,SMAD2
DPC4,SMAD4
MADH4,SMAD4
DWFC,SMAD5
JV5-1,SMAD5
MADH5,SMAD5
DAMS,SMAD5-AS1
SMAD5OS,SMAD5-AS1
HST17432,SMAD6
MADH6,SMAD6
MADH7,SMAD6
MADH7,SMAD7
MADH8,SMAD7
MADH6,SMAD9
MADH9,SMAD9
SMAD8,SMAD9
SMAD8/9,SMAD9
SMAD9-AS1,SMAD9-IT1
HSMAGP,SMAGP
MGC149453,SMAGP
MGC149454,SMAGP
FLJ13159,SMAP1
SMAP-1,SMAP1
HSNF2L,SMARCA1
ISWI,SMARCA1
NURF140,SMARCA1
SNF2L,SMARCA1
SNF2L1,SMARCA1
SNF2LB,SMARCA1
SWI,SMARCA1
HISWI,SMARCA5
HSNF2H,SMARCA5
ISWI,SMARCA5
BAF47,SMARCB1
HSNFS,SMARCB1
INI-1,SMARCB1
INI1,SMARCB1
PPP1R144,SMARCB1
RDT,SMARCB1
SFH1P,SMARCB1
SNF5,SMARCB1
SNF5L1,SMARCB1
SNR1,SMARCB1
BAF155,SMARCC1
CRACC1,SMARCC1
RSC8,SMARCC1
SRG3,SMARCC1
BAF60C,SMARCD3
CRACD3,SMARCD3
RSC6P,SMARCD3
BAF57,SMARCE1
DXS423E,SMC1A
KIAA0178,SMC1A
SB1.8,SMC1A
SMC1L1,SMC1A
SMCB,SMC1A
BK268H5,SMC1B
SMC1L2,SMC1B
CAP-E,SMC2
HCAP-E,SMC2
SMC2L1,SMC2
BAM,SMC3
BAMACAN,SMC3
CSPG6,SMC3
HCAP,SMC3
SMC3L1,SMC3
KIAA0594,SMC5
SMC5L1,SMC5
FLJ22116,SMC6
SMC6L1,SMC6
FSHD2,SMCHD1
KIAA0650,SMCHD1
C3ORF43,SMCO1
DKFZP313B0440,SMCO1
FLJ41923,SMCO1
C11ORF75,SMCO4
FN5,SMCO4
DENND8A,SMCR8
FLJ34716,SMCR8
C22ORF32,SMDT1
DDDD,SMDT1
DJ186O1.1,SMDT1
EMRE,SMDT1
C17ORF31,SMG6
EST1A,SMG6
KIAA0732,SMG6
SMG-6,SMG6
C17ORF6,SMG6-IT1
C19ORF61,SMG9
FLJ12886,SMG9
C13ORF44,SMIM2
MGC5590,SMIM2
C13ORF44-AS1,SMIM2-AS1
C13ORF44-IT1,SMIM2-IT1
C17ORF110,SMIM6
ELN,SMIM6
CXORF68,SMIM9
LED,SMIM10L2A
LINC00086,SMIM10L2A
LINC0086,SMIM10L2A
MGC39606,SMIM10L2A
NCRNA00086,SMIM10L2A
LINC00087,SMIM10L2B
NCRNA00087,SMIM10L2B
RP11-85L21.2,SMIM10L2B
ENST00000453528,SMIM10L2B-AS1
C21ORF51,SMIM11
FAM165B,SMIM11
SMIM11A,SMIM11
C1ORF212,SMIM12
FLJ90372,SMIM12
C5ORF43,SMIM15
DKFZP686E2158,SMIM15
C8ORF40,SMIM19
C18ORF62,SMIM21
CASIMO1,SMIM22
C19ORF77,SMIM24
HSPC323,SMIM24
LINC00493,SMIM26
LOC388789,SMIM26
C9ORF133,SMIM27
TOPORS-AS1,SMIM27
LINC00998,SMIM30
H.EPR,SMIM31
LINC01207,SMIM31
SMIM34A,SMIM34
LINC00634,SMIM45
BCD541,SMN1
GEMIN1,SMN1
SMA,SMN1
SMA1,SMN1
SMA2,SMN1
SMA3,SMN1
SMA@,SMN1
SMNT,SMN1
TDRD16A,SMN1
BCD541,SMN2
GEMIN1,SMN2
SMNC,SMN2
TDRD16B,SMN2
SMNR,SMNDC1
SPF30,SMNDC1
TDRD16C,SMNDC1
C20ORF16,SMOX
DJ779E11.1,SMOX
FLJ20746,SMOX
MGC1010,SMOX
PAO,SMOX
PAOH1,SMOX
SMO,SMOX
NSMASE2,SMPD3
FLJ20297,SMPD4
FLJ20756,SMPD4
KIAA1418,SMPD4
NET13,SMPD4
NSMASE-3,SMPD4
NSMASE3,SMPD4
ASM3A,SMPDL3A
ASML3A,SMPDL3A
FLJ20177,SMPDL3A
YR36GH4.1,SMPDL3A
CHISEL,SMPX
CSL,SMPX
DFN6,SMPX
DFNX4,SMPX
PBI,SMR3A
PRL5,SMR3A
PROL5,SMR3A
P-B,SMR3B
PRL3,SMR3B
PROL3,SMR3B
BWD,SMU1
FLJ10805,SMU1
FSAP57,SMU1
SMU-1,SMU1
BOP,SMYD1
KMT3D,SMYD1
ZMYND22,SMYD1
HSKM-B,SMYD2
KMT3C,SMYD2
ZMYND14,SMYD2
KIAA1936,SMYD4
ZMYND21,SMYD4
NN8-4AG,SMYD5
RAI15,SMYD5
RRG1,SMYD5
ZMYND23,SMYD5
SLUGH2,SNAI1
SNA,SNAI1
SNAH,SNAI1
SNAIL,SNAI1
SNAIL1,SNAI1
SLUG,SNAI2
SLUGH,SNAI2
SLUGH1,SNAI2
SNAIL2,SNAI2
DJ155G6.3,SNAP23P1
SNAP23P,SNAP23P1
BA416N4.2,SNAP25
DJ1068F16.2,SNAP25
RIC-4,SNAP25
RIC4,SNAP25
SEC9,SNAP25
SNAP,SNAP25
SNAP-25,SNAP25
CEDNIK,SNAP29
SNAP-29,SNAP29
PTFGAMMA,SNAPC1
SNAP43,SNAPC1
FLJ13451,SNAPC4
PTFALPHA,SNAPC4
SNAP190,SNAPC4
SNAP19,SNAPC5
SYPH1,SNCAIP
BCSG1,SNCG
PERSYN,SNCG
SR,SNCG
P100,SND1
TDRD11,SND1
DOT3,SNF8
EAP30,SNF8
VPS22,SNF8
NCRNA00059,SNHG4
U19H,SNHG4
DKFZP686N06141,SNHG9
NCRNA00062,SNHG9
C20ORF198,SNHG11
LINC00101,SNHG11
NCRNA00214,SNHG14
UBE3A-AS,SNHG14
UBE3A-AS1,SNHG14
UBE3A-ATS,SNHG14
C17ORF86,SNHG20
DKFZP686L05235,SNHG20
FLJ25582,SNHG20
LINC00338,SNHG20
NCRNA00338,SNHG20
PRO0872,SNHG20
SCARNA16HG,SNHG20
FSD2-AS1,SNHG21
RP11-752G15.6,SNHG21
SCARNA15HG,SNHG21
SCARNA17HG,SNHG22
C6ORF48,SNHG32
D6S57,SNHG32
G8,SNHG32
PML1,SNIP1
ACA1,SNORA1
ACA5,SNORA5A
ACA5B,SNORA5B
ACA5C,SNORA5C
ACA8,SNORA8
ACA9,SNORA9
SNORA9A,SNORA9
ACA10,SNORA10
SNORA10A,SNORA10
SNORA11A,SNORA11
U107,SNORA11
ACA13,SNORA13
ACA15,SNORA15
SNORA15A,SNORA15
SNORA15C,SNORA15B-2
ACA17,SNORA17A
SNORA17,SNORA17A
ACA43,SNORA17B
SNORA43,SNORA17B
ACA18,SNORA18
ACA20,SNORA20
ACA22,SNORA22
SNORA22A,SNORA22
ACA24,SNORA24
SNORA24A,SNORA24
ACA25,SNORA25
SNORA25A,SNORA25
HBI-6,SNORA26
ACA27,SNORA27
ACA28,SNORA28
ACA29,SNORA29
ACA30,SNORA30
SNORA30A,SNORA30
ACA31,SNORA31
SNORA31A,SNORA31
ACA32,SNORA32
ACA33,SNORA33
HBI-36,SNORA35
SNORA35A,SNORA35
ACA36,SNORA36A
ACA37,SNORA37
ACA38,SNORA38
ACA40,SNORA40
SNORA40A,SNORA40
ACA41,SNORA41
SNORA41A,SNORA41
ACA48,SNORA48
SNORA48A,SNORA48
ACA51,SNORA51
ACA52,SNORA52
ACA53,SNORA53
ACA54,SNORA54
ACA56,SNORA56
ACA59,SNORA59B
ACA60,SNORA60
RNU64,SNORA64
U64,SNORA64
RNU65,SNORA65
U65,SNORA65
RNU67,SNORA67
U67,SNORA67
RNU69,SNORA69
U69,SNORA69
DXS648E,SNORA70
RNU70,SNORA70
U70,SNORA70
U70G,SNORA70G
RNU71A,SNORA71A
U71A,SNORA71A
RNU71B,SNORA71B
U71B,SNORA71B
U71C,SNORA71C
U71D,SNORA71D
ACA39,SNORA71E
SNORA39,SNORA71E
RNU72,SNORA72
U72,SNORA72
RNU19,SNORA74A
U19,SNORA74A
ACA64,SNORA78
ACA65,SNORA79
SNORA79A,SNORA79
ACA67,SNORA80A
SNORA80,SNORA80A
R38A,SNORD1A
SNR38A,SNORD1A
R38B,SNORD1B
SNR38B,SNORD1B
R38C,SNORD1C
SNR38C,SNORD1C
RNU3,SNORD3A
U3,SNORD3A
RNU3A1,SNORD3B-1
U3A,SNORD3B-1
U3B1,SNORD3B-1
U3B2,SNORD3B-1
U3-2B,SNORD3B-2
U3B2,SNORD3B-2
RNU3-3,SNORD3C
U3-3,SNORD3C
RNU3-4,SNORD3D
U3-4,SNORD3D
RNU3P1,SNORD3P1
U3,SNORD3P1
MGH18S-121,SNORD4A
RNU101A,SNORD4A
Z17A,SNORD4A
RNU101B,SNORD4B
Z17B,SNORD4B
MGH28S-2410,SNORD5
MGH28S-2412,SNORD6
MGU6-53,SNORD8
RNU6C,SNORD8
MGU6-53B,SNORD9
MGU6-77,SNORD10
HBII-99,SNORD12
HSA-MIR-1259,SNORD12
MIR1259,SNORD12
MIRN1259,SNORD12
RNU106,SNORD12C
SNORD106,SNORD12C
U106,SNORD12C
RNU13,SNORD13
SNORD13A,SNORD13
U13,SNORD13
RNU13P1,SNORD13P1
U13,SNORD13P1
U13.32A,SNORD13P1
RNU15A,SNORD15A
U15A,SNORD15A
RNU15B,SNORD15B
U15B,SNORD15B
U16,SNORD16
HBI-43,SNORD17
U18A,SNORD18A
U18B,SNORD18B
U18C,SNORD18C
RNU22,SNORD22
U22,SNORD22
HBII-115,SNORD23
RNU24,SNORD24
U24,SNORD24
RNU25,SNORD25
U25,SNORD25
RNU26,SNORD26
U26,SNORD26
RNU27,SNORD27
U27,SNORD27
RNU28,SNORD28
SNORD28A,SNORD28
U28,SNORD28
RNU30,SNORD30
U30,SNORD30
RNU32,SNORD32A
U32,SNORD32A
U32A,SNORD32A
U32B,SNORD32B
RNU33,SNORD33
U33,SNORD33
RNU34,SNORD34
U34,SNORD34
RNU35,SNORD35A
RNU35A,SNORD35A
U35,SNORD35A
RNU35B,SNORD35B
U35B,SNORD35B
RNU36A,SNORD36A
U36A,SNORD36A
RNU36B,SNORD36B
U36B,SNORD36B
RNU36C,SNORD36C
U36C,SNORD36C
RNU41,SNORD41
U41,SNORD41
RNU42A,SNORD42A
U42,SNORD42A
RNU42B,SNORD42B
U42B,SNORD42B
RNU43,SNORD43
U43,SNORD43
RNU48,SNORD48
U48,SNORD48
RNU51,SNORD51
U51,SNORD51
RNU52,SNORD52
U52,SNORD52
RNU54,SNORD54
U54,SNORD54
RNU56,SNORD56
U56,SNORD56
RNU56B,SNORD56B
RNU57,SNORD57
U57,SNORD57
RNU58A,SNORD58A
U58A,SNORD58A
RNU58B,SNORD58B
U58B,SNORD58B
HBII-342,SNORD61
RNU61,SNORD61
U61,SNORD61
RNU62,SNORD62A
U62,SNORD62A
U62A,SNORD62A
U62,SNORD62B
U62B,SNORD62B
RNU63,SNORD63
SNORD63A,SNORD63
U63,SNORD63
HBII-13,SNORD64
HBII-142,SNORD66
HBII-202,SNORD68
RNU73,SNORD73A
RNU73A,SNORD73A
U73A,SNORD73A
RNU73B,SNORD73B
U73B,SNORD73B
RNU83A,SNORD83A
U83A,SNORD83A
RNU83B,SNORD83B
U83B,SNORD83B
U84,SNORD84
U86,SNORD86
HBII-276,SNORD87
U87,SNORD87
HBII-180A,SNORD88A
HBII-180B,SNORD88B
HBII-180C,SNORD88C
HBII-295,SNORD90
HBII-296A,SNORD91A
HBII-296B,SNORD91B
U96B,SNORD96B
U97,SNORD97
HBII-429,SNORD100
U101,SNORD101
RNU102,SNORD102
U102,SNORD102
U105,SNORD105
HBII-436,SNORD107
HBII-437,SNORD108
HBII-438A,SNORD109A
HBII-438B,SNORD109B
HBII-55,SNORD110
HBII-82,SNORD111
HSA-MIR-3647,SNORD111B
MIR3647,SNORD111B
14Q(0),SNORD112
14Q(I-1),SNORD113-1
14Q(I-2),SNORD113-2
14Q(I-3),SNORD113-3
14Q(I-4),SNORD113-4
14Q(I-5),SNORD113-5
14Q(I-6),SNORD113-6
14Q(I-7),SNORD113-7
14Q(I-8),SNORD113-8
14Q(I-9),SNORD113-9
14Q(II-1),SNORD114-1
14Q(II-2),SNORD114-2
14Q(II-3),SNORD114-3
14Q(II-4),SNORD114-4
14Q(II-5),SNORD114-5
14Q(II-6),SNORD114-6
14Q(II-7),SNORD114-7
14Q(II-9),SNORD114-9
14Q(II-10),SNORD114-10
14Q(II-11),SNORD114-11
14Q(II-12),SNORD114-12
14Q(II-13),SNORD114-13
14Q(II-14),SNORD114-14
14Q(II-15),SNORD114-15
14Q(II-16),SNORD114-16
14Q(II-17),SNORD114-17
14Q(II-18),SNORD114-18
14Q(II-19),SNORD114-19
14Q(II-20),SNORD114-20
14Q(II-21),SNORD114-21
14Q(II-22),SNORD114-22
14Q(II-23),SNORD114-23
14Q(II-24),SNORD114-24
14Q(II-25),SNORD114-25
14Q(II-26),SNORD114-26
14Q(II-27),SNORD114-27
14Q(II-28),SNORD114-28
14Q(II-29),SNORD114-29
14Q(II-30),SNORD114-30
14Q(II-31),SNORD114-31
HBII-52-1,SNORD115-1
HBII-52-2,SNORD115-2
HBII-52-3,SNORD115-3
HBII-52-4,SNORD115-4
HBII-52-5,SNORD115-5
HBII-52-6,SNORD115-6
HBII-52-7,SNORD115-7
HBII-52-8,SNORD115-8
HBII-52-9,SNORD115-9
HBII-52-10,SNORD115-10
HBII-52-11,SNORD115-11
HBII-52-12,SNORD115-12
HBII-52-13,SNORD115-13
HBII-52-14,SNORD115-14
HBII-52-15,SNORD115-15
HBII-52-16,SNORD115-16
HBII-52-17,SNORD115-17
HBII-52-18,SNORD115-18
HBII-52-19,SNORD115-19
HBII-52-20,SNORD115-20
HBII-52-21,SNORD115-21
HBII-52-22,SNORD115-22
HBII-52-23,SNORD115-23
HBII-52-24,SNORD115-24
HBII-52-25,SNORD115-25
HBII-52-26,SNORD115-26
HBII-52-27,SNORD115-27
HBII-52-28,SNORD115-28
HBII-52-29,SNORD115-29
HBII-52-30,SNORD115-30
HBII-52-31,SNORD115-31
HBII-52-32,SNORD115-32
HBII-52-33,SNORD115-33
HBII-52-34,SNORD115-34
HBII-52-35,SNORD115-35
HBII-52-36,SNORD115-36
HBII-52-37,SNORD115-37
HBII-52-38,SNORD115-38
HBII-52-39,SNORD115-39
HBII-52-40,SNORD115-40
HBII-52-41,SNORD115-41
HBII-52-42,SNORD115-42
HBII-52-43,SNORD115-43
HBII-52-44,SNORD115-44
HBII-52-45,SNORD115-45
SNORD115-48,SNORD115-45
HBII-52-46,SNORD115-46
HBII-52-47,SNORD115-47
HBII-52-48,SNORD115-48
HBII-85-1,SNORD116-1
HBII-85-2,SNORD116-2
HBII-85-3,SNORD116-3
HBII-85-4,SNORD116-4
HBII-85-5,SNORD116-5
HBII-85-6,SNORD116-6
HBII-85-7,SNORD116-7
HBII-85-8,SNORD116-8
HBII-85-9,SNORD116-9
HBII-85-10,SNORD116-10
HBII-85-11,SNORD116-11
HBII-85-12,SNORD116-12
HBII-85-13,SNORD116-13
HBII-85-14,SNORD116-14
HBII-85-15,SNORD116-15
HBII-85-16,SNORD116-16
HBII-85-17,SNORD116-17
HBII-85-18,SNORD116-18
HBII-85-19,SNORD116-19
HBII-85-20,SNORD116-20
HBII-85-21,SNORD116-21
HBII-85-22,SNORD116-22
HBII-85-23,SNORD116-23
HBII-85-24,SNORD116-24
HBII-85-25,SNORD116-25
HBII-85-26,SNORD116-26
HBII-85-27,SNORD116-27
HBII-85-28,SNORD116-28
HBII-85-29,SNORD116-29
HBII-85-30,SNORD116-30
U83,SNORD117
U8,SNORD118
HSA-MIR-1201,SNORD126
MIR1201,SNORD126
MIRN1201,SNORD126
HSA-MIR-3607,SNORD138
MIR3607,SNORD138
BA314N13.5,SNPH
U1SNRNPBP,SNRNP35
HPRP8BP,SNRNP40
PRP8BP,SNRNP40
PRPF8BP,SNRNP40
SPF38,SNRNP40
WDR57,SNRNP40
RNPU1Z,SNRNP70
RPU1,SNRNP70
SNP1,SNRNP70
SNRP70,SNRNP70
U1-70K,SNRNP70
ASCC3L1,SNRNP200
BRR2,SNRNP200
HELIC2,SNRNP200
KIAA0788,SNRNP200
RP33,SNRNP200
U5-200KD,SNRNP200
COD,SNRPB
SM-B/B',SNRPB
SMB/SMB',SNRPB
SNRNP-B,SNRPB
SNRPB1,SNRPB
MSL1,SNRPB2
U2B'',SNRPB2
HST2456,SNRPD1
SM-D1,SNRPD1
SNRPD,SNRPD1
BA478K7.1,SNRPD2P1
SNRPD2P,SNRPD2P1
SM-D3,SNRPD3
SMD3,SNRPD3
BA390F4.4,SNRPEP2
SNRPEL1,SNRPEP2
DJ1041C10.2,SNRPFP1
SNRPGP,SNRPGP1
HST2742,SNRPGP2
HCERN3,SNRPN
PWCR,SNRPN
RT-LI,SNRPN
SM-D,SNRPN
SMN,SNRPN
SNRNP-N,SNRPN
SNURF-SNRPN,SNRPN
LQT12,SNTA1
SNT1,SNTA1
TACIP1,SNTA1
59-DAP,SNTB1
A1B,SNTB1
BSYN2,SNTB1
SNT2,SNTB1
SNT2B1,SNTB1
TIP-43,SNTB1
D16S2531E,SNTB2
EST25263,SNTB2
SNT2B2,SNTB2
SNT3,SNTB2
SNTL,SNTB2
G1SYN,SNTG1
SYN4,SNTG1
G2SYN,SNTG2
SYN5,SNTG2
FLJ44379,SNTN
S100AL,SNTN
15.5K,SNU13
FA-1,SNU13
NHP2L1,SNU13
SNRNP15-5,SNU13
SPAG12,SNU13
SSFA1,SNU13
RNUT1,SNUPN
SNURPORTIN-1,SNUPN
SNURPORTIN1,SNUPN
CXORF19,SNURFL
BX42,SNW1
FUN20,SNW1
NCOA-62,SNW1
PRP45,SNW1
PRPF45,SNW1
SKIIP,SNW1
SKIP,SNW1
SKIP1,SNW1
HST17379,SNX1
MGC8664,SNX1
SNX1A,SNX1
VPS5,SNX1
ATG24B,SNX4
SDP1,SNX9
SH3PX1,SNX9
SH3PXD3A,SNX9
KIAA0713,SNX13
RGS-PX1,SNX13
SH3PX2,SNX18
SH3PXD3B,SNX18
SNAG1,SNX18
SNX19P,SNX19P1
C20ORF161,SNX21
DJ337O18.4,SNX21
SNX-L,SNX21
FLJ13952,SNX22
SBBI31,SNX24
FLJ12363,SNX29
RUNDC2A,SNX29
RUNDC2B,SNX29P1
MGC39715,SNX31
MGC32065,SNX33
SH3PX3,SNX33
SH3PXD3C,SNX33
SNX30,SNX33
ACAT,SOAT1
ACAT1,SOAT1
SOAT,SOAT1
STAT,SOAT1
ACAT2,SOAT2
FLJ10159,SOBP
CIS2,SOCS2
CISH2,SOCS2
SOCS-2,SOCS2
SSI-2,SOCS2
SSI2,SOCS2
STATI2,SOCS2
SOCS7,SOCS4
CIS4,SOCS6
CISH4,SOCS6
HSPC060,SOCS6
SOCS4,SOCS6
SSI4,SOCS6
STAI4,SOCS6
STATI4,SOCS6
NAP4,SOCS7
NCKAP4,SOCS7
ALS,SOD1
ALS1,SOD1
IPOA,SOD1
C20ORF117,SOGA1
DJ132F21.1,SOGA1
FLJ44670,SOGA1
KIAA0889,SOGA1
SOGA,SOGA1
BA100C15.3,SOHLH1
BHLHE80,SOHLH1
C9ORF157,SOHLH1
NOHLH,SOHLH1
SPATA27,SOHLH1
TEB2,SOHLH1
BHLHE81,SOHLH2
FLJ20449,SOHLH2
SPATA28,SOHLH2
TEB1,SOHLH2
BASS1,SON
C21ORF50,SON
DBP-5,SON
FLJ21099,SON
FLJ33914,SON
KIAA1019,SON
NREBP,SON
SCAM-1,SORBS3
SH3D4,SORBS3
VINEXIN,SORBS3
KIAA1059,SORCS3
SORCS,SORCS3
C11ORF32,SORL1
GP250,SORL1
LR11,SORL1
LRP9,SORL1
SORLA,SORL1
SORLA-1,SORL1
51A,SORL1-AS1
DAND7,SOSTDC1
DKFZP564D206,SOSTDC1
USAG1,SOSTDC1
ANKRD43,SOWAHA
ANKRD56,SOWAHB
ANKRD57,SOWAHC
C2ORF26,SOWAHC
FLJ21870,SOWAHC
ANKRD58,SOWAHD
LINC00403,SOX1-OT
PHP,SOX3
CMD1,SOX9
CMPD1,SOX9
SRA1,SOX9
FLJ37644,SOX9-AS1
DOM,SOX10
SOX-10,SOX10
WS2E,SOX10
WS4,SOX10
SOX22,SOX12
ICA12,SOX13
MGC117216,SOX13
SOX-13,SOX13
SOX28,SOX14
SOX20,SOX15
SOX26,SOX15
SOX27,SOX15
SOX25,SOX21
HF1B,SP4
MGC130008,SP4
MGC130009,SP4
SPR-1,SP4
OSTERIX,SP7
OSX,SP7
CT22,SPA17
SP17,SPA17
LINC00961,SPAAR
SPAR,SPAAR
SAMP32,SPACA1
SAMP14,SPACA4
DJ54B20.3,SPACA5
LYC5,SPACA5
LYZL5,SPACA5
PNPK6288,SPACA5
SLLP2,SPACA5
UNQ6288,SPACA5
LYZL5B,SPACA5B
LINC01129,SPACA6-AS1
SPACA6P-AS,SPACA6-AS1
C13ORF28,SPACA7
GC14,SPACA7BP
C9ORF9,SPACA9
MAST,SPACA9
C7ORF61,SPACDR
IMAGE:4839025,SPACDR
CILD28,SPAG1
CT140,SPAG1
DNAAF13,SPAG1
FLJ32920,SPAG1
HSD-3.8,SPAG1
SP75,SPAG1
TPIS,SPAG1
CT127,SPAG4
SUN4,SPAG4
DEEPEST,SPAG5
HMAP126,SPAG5
MAP126,SPAG5
CFAP194,SPAG6
CT141,SPAG6
FAP194,SPAG6
PF16,SPAG6
REPRO-SA-1,SPAG6
BS-84,SPAG8
CT142,SPAG8
HSD-1,SPAG8
HSMP-1,SPAG8
SPAG3,SPAG8
EDDM2A,SPAG11A
HE2,SPAG11A
EDDM2B,SPAG11B
EP2,SPAG11B
EP2C,SPAG11B
EP2D,SPAG11B
HE2,SPAG11B
CT143,SPAG17
FLJ34497,SPAG17
PF6,SPAG17
RP4-776P7.2,SPAG17
SPANX,SPANXA2
CXORF18,SPANXA2-OT1
FLJ36186,SPANXA2-OT1
CT11.2,SPANXB1
SPANXB2,SPANXB1
SPANXF1,SPANXB1
SPANXF2,SPANXB1
CT11.3,SPANXC
CTP11,SPANXC
CT11.4,SPANXD
SPANXE,SPANXD
CT11.6,SPANXN1
SPANX-N1,SPANXN1
CT11.8,SPANXN3
SPANX-N3,SPANXN3
CT11.10,SPANXN5
SPANX-N5,SPANXN5
MAST9,SPARCL1
KIAA0610,SPART
SPG20,SPART
TAHCCP1,SPART
C13ORF43,SPART-AS1
SPG20-AS1,SPART-AS1
SPG20OS,SPART-AS1
KIAA0757,SPATA2
PD1,SPATA2
PPP1R145,SPATA2
TAMO,SPATA2
C16ORF76,SPATA2L
MGC26885,SPATA2L
TAMO,SPATA2L
CFAP178,SPATA4
FAP178,SPATA4
SPEF1B,SPATA4
TSARG2,SPATA4
AFG2,SPATA5
SPAF,SPATA5
FLJ12286,SPATA5L1
MGC5347,SPATA5L1
HSD3,SPATA7
LCA3,SPATA7
FLJ31208,SPATA13
NYD-SP12,SPATA16
CFAP305,SPATA17
FAP305,SPATA17
IQCH,SPATA17
MOT17,SPATA17
CT132,SPATA19
FLJ25851,SPATA19
SPAS1,SPATA19
SPERGEN1,SPATA19
SPERGEN-2,SPATA21
SPERGEN2,SPATA21
C20ORF165,SPATA25
DJ337O18.8,SPATA25
TSG23,SPATA25
C9ORF36,SPATA31A1
C9ORF36A,SPATA31A1
DKFZP434B204,SPATA31A1
FAM75A1,SPATA31A1
FAM75A2,SPATA31A1
SPATA31A2,SPATA31A1
FAM75A5,SPATA31A5
OTTHUMG00000013204,SPATA31A5
FAM75A6,SPATA31A6
OTTHUMG00000013224,SPATA31A6
BA388B24.2,SPATA31B1P
C9ORF36B,SPATA31B1P
FAM75B,SPATA31B1P
SPATA31B1,SPATA31B1P
DKFZP434M131,SPATA31C2
FAM75C2,SPATA31C2
C9ORF79,SPATA31E1
FAM75E1,SPATA31E1
FLJ35866,SPATA31E1
FAM75E2P,SPATA31E2P
FAM75E3P,SPATA31E3P
FLJ42289,SPATA41
HSD47,SPATA41
C7ORF72,SPATA48
MGC61633,SPATC1
SPATA15,SPATC1
SPERIOLIN,SPATC1
C21ORF56,SPATC1L
DNAPTP6,SPATS2L
SGNP,SPATS2L
AD024,SPC25
MGC22228,SPC25
SPBC25,SPC25
SPCS2P,SPCS2P1
FLJ22649,SPCS3
PRO3567,SPCS3
SPC22/23,SPCS3
SPC3,SPCS3
YLR066W,SPCS3
CYTSA,SPECC1L
KIAA0376,SPECC1L
C20ORF28,SPEF1
CLAMP,SPEF1
DKFZP434I114,SPEF1
SPEF1A,SPEF1
CT122,SPEF2
FLJ23577,SPEF2
KPL2,SPEF2
C17ORF83,SPEM1
FLJ40081,SPEM1
C17ORF74,SPEM2
CAR,SPG7
CMAR,SPG7
SPG5C,SPG7
ALS5,SPG11
FLJ21439,SPG11
KIAA1840,SPG11
ABHD21,SPG21
ACP33,SPG21
BM-019,SPG21
GL010,SPG21
MAST,SPG21
SPHK,SPHK1
SKIP,SPHKAP
MGC40611,SPIC
SPI-C,SPIC
CCDC52,SPICE1
SPICE,SPICE1
KIAA0146,SPIDR
SPIN,SPIN1
TDRD24,SPIN1
DXF34,SPIN2A
SPIN2,SPIN2A
TDRD25,SPIN2A
SPIN-2,SPIN2B
TDRD26,SPIN2B
TDRD27,SPIN3
FLJ44984,SPIN4
TDRD28,SPIN4
C11ORF84,SPINDOC
SPIN-DOC,SPINDOC
PCTT,SPINK1
PSTI,SPINK1
SPINK3,SPINK1
TATI,SPINK1
HAI,SPINT1
HAI-1,SPINT1
MANSC2,SPINT1
HKIB9,SPINT3
C20ORF137,SPINT4
DJ601O1.1,SPINT4
C20ORF168,SPINT5P
DJ447F3.6,SPINT5P
KIAA1135,SPIRE1
SPIR-1,SPIRE1
KIAA1832,SPIRE2
SPIR-2,SPIRE2
CD43,SPN
GPL115,SPN
LEU-22,SPN
LSN,SPN
HSPIN1,SPNS1
LAT,SPNS1
NRS,SPNS1
PP2030,SPNS1
SLC63A1,SPNS1
SPIN1,SPNS1
SPINL,SPNS1
MGC29671,SPNS3
SLC63A3,SPNS3
CT35,SPO11
SPATA43,SPO11
TOPOVIA,SPO11
TOPVIA,SPO11
TESTICAN-3,SPOCK3
F-SPONDIN,SPON1
KIAA0762,SPON1
L19.1,SPON1-AS1
RP11-21,SPON1-AS1
BTBD32,SPOP
TEF2,SPOP
BTBD33,SPOPL
C9ORF114,SPOUT1
CENP-32,SPOUT1
HSPC109,SPOUT1
SPP24,SPP2
IMP4,SPPL2B
KIAA1532,SPPL2B
PSL1,SPPL2B
IMP5,SPPL2C
SDR38C1,SPR
FLJ33903,SPRED1
PPP1R147,SPRED1
FLJ21897,SPRED2
FLJ31917,SPRED2
SPRED-2,SPRED2
BA108K14.1,SPRN
FLJ41197,SPRN
SHADOO,SPRN
HSPRY1,SPRY1
HSPRY2,SPRY2
HSPRY3,SPRY3
FLJ14800,SPRYD3
C13ORF1,SPRYD7
CLLD6,SPRYD7
SSB-1,SPSB1
BSPECV,SPTBN5
HUBSPECV,SPTBN5
HUSPECV,SPTBN5
HLCB1,SPTLC1
HSAN1,SPTLC1
HSN1,SPTLC1
LCB1,SPTLC1
SPTI,SPTLC1
C20ORF38,SPTLC3
FLJ11112,SPTLC3
HLCB2B,SPTLC3
LCB2B,SPTLC3
SPTLC2L,SPTLC3
C14ORF147,SPTSSA
SSSPTA,SPTSSA
FLJ25709,SPZ1
NYD-TSP1,SPZ1
PPP1R148,SPZ1
CGI-44,SQOR
SQR,SQOR
SQRDL,SQOR
A170,SQSTM1
OSIL,SQSTM1
P60,SQSTM1
P62,SQSTM1
P62B,SQSTM1
PDB3,SQSTM1
FLJ10379,SRBD1
ASV,SRC
C-SRC,SRC
SRC1,SRC
KIAA1684,SRCIN1
P140CAP,SRCIN1
SNIP,SRCIN1
SRD5AP1,SRD5A1P1
FLJ13352,SRD5A3
SRD5A2L,SRD5A3
SRD5A2L1,SRD5A3
BHLHD2,SREBF2
SREBP2,SREBF2
821D11.7,SREBF2-AS1
RP5,SREBF2-AS1
MCM1,SRF
BUD22,SRFBP1
FLJ25286,SRFBP1
P49,SRFBP1
RLB1,SRFBP1
STRAP,SRFBP1
SRGAP2P1,SRGAP2C
PPG,SRGN
PRG,SRGN
PRG1,SRGN
SRIL,SRIP1
SAR,SRL
DJ1057D4.1,SRMP1
C20ORF148,SRMS
DJ697K14.1,SRMS
PTK70,SRMS
SRM,SRMS
SRPSMCR,SRP68P2
SRPK2PS,SRPK2P
MSSK1,SRPK3
STK23,SRPK3
SR-ALPHA,SRPRA
SRALPHA,SRPRA
SRP-ALPHA,SRPRA
SRPR,SRPRA
ETX1,SRPX
SRPX1,SRPX
SRPUL,SRPX2
ILV1,SRR
ISO1,SRR
HC/HCC,SRRD
SRR1L,SRRD
FLJ37078,SRRM3
KIAA1853,SRRM4
NSR100,SRRM4
ASF,SRSF1
MGC5228,SRSF1
SF2,SRSF1
SF2P33,SRSF1
SFRS1,SRSF1
SRP30A,SRSF1
SFRS3,SRSF3
SRP20,SRSF3
HRS,SRSF5
SFRS5,SRSF5
SRP40,SRSF5
B52,SRSF6
SFRS6,SRSF6
SRP55,SRSF6
9G8,SRSF7
AAG3,SRSF7
HSSG1,SRSF7
RBM37,SRSF7
SFRS7,SRSF7
ZCCHC20,SRSF7
ZCRB2,SRSF7
SFRS9P1,SRSF9P1
FUSIP1P,SRSF10P1
HST2687,SRSF10P1
SFRS13AP1,SRSF10P1
C20ORF139,SRXN1
DJ850E9.2,SRXN1
NPN3,SRXN1
SRX1,SRXN1
YKL086W,SRXN1
TDF,SRY
SMARCL1,SS18
SSXT,SS18
SYT,SS18
CREST,SS18L1
KIAA0693,SS18L1
SMARCL2,SS18L1
MTSSB,SSBP1
SSBP,SSBP1
SSBL3P1,SSBP3P1
S4D-SRCRB,SSC4D
SRCRB-S4D,SSC4D
SRCRB4D,SSC4D
FLJ35258,SSC5D
S5D-SRCRB,SSC5D
KIAA1298,SSH1
SSH1L,SSH1
KIAA1725,SSH2
C7ORF45,SSMEM1
FLJ40316,SSMEM1
N14,SSNA1
NA14,SSNA1
FLJ36112,SSPOP
KIAA0543,SSPOP
SCO-SPONDIN,SSPOP
SSPO,SSPOP
TRAPA,SSR1
TRAPD,SSR4
C21ORF122,SSR4P1
MGC10960,SSR4P1
PRED57,SSR4P1
PRED90,SSR4P1
FACT80,SSRP1
SMST,SST
SST1,SST
CT5.1,SSX1
CT5.2A,SSX2
HD21,SSX2
HOM-MEL-40,SSX2
MGC119055,SSX2
MGC15364,SSX2
MGC3884,SSX2
SSX,SSX2
CT5.2B,SSX2B
CT5.3,SSX3
CT5.4,SSX4
OTTHUMT00000056510,SSX4B
PSISSX1,SSXP1
PSISSX3,SSXP3
PSISSX4,SSXP4
SSX10,SSXP4
PSISSX5,SSXP5
PSISSX9,SSXP9
PSISSX10,SSXP10
SIAT4B,ST3GAL2
ST3GALA.2,ST3GAL2
ST3GALII,ST3GAL2
CGS23,ST3GAL4
FLJ11867,ST3GAL4
NANTA3,ST3GAL4
SAT3,ST3GAL4
SIAT4,ST3GAL4
SIAT4C,ST3GAL4
STZ,ST3GAL4
SIAT7A,ST6GALNAC1
ST6GALNACI,ST6GALNAC1
SIAT7,ST6GALNAC2
SIAT7B,ST6GALNAC2
SIATL1,ST6GALNAC2
ST6GALNAII,ST6GALNAC2
STHM,ST6GALNAC2
SIAT3C,ST6GALNAC4
SIAT7D,ST6GALNAC4
ST6GALNACIV,ST6GALNAC4
MGC3184,ST6GALNAC5
SIAT7E,ST6GALNAC5
ST6GALNACV,ST6GALNAC5
SIAT7F,ST6GALNAC6
ST6GALNACVI,ST6GALNAC6
ST7AS1,ST7-AS1
ST7OT1,ST7-AS1
ST7AS2,ST7-AS2
ST7OT2,ST7-AS2
NCRNA00042,ST7-OT4
ST7OT4,ST7-OT4
HST19690,ST8SIA2
SIAT8B,ST8SIA2
ST8SIA-II,ST8SIA2
STX,ST8SIA2
SIAT8C,ST8SIA3
PST,ST8SIA4
PST1,ST8SIA4
SIAT8D,ST8SIA4
SIAT8E,ST8SIA5
SIAT8F,ST8SIA6
FAM10A1,ST13
HIP,ST13
HSPABP1,ST13
P48,ST13
SNC6,ST13
FAM10A3,ST13P3
FAM10A3P,ST13P3
FAM10A4,ST13P4
FAM10A4P,ST13P4
FAM10A5,ST13P5
FAM10A7,ST13P7
FAM10A7P,ST13P7
C15ORF37,ST20-AS1
FLJ33788,ST20-AS1
MGC2793,STAC3
SA-1,STAG1
SA1,STAG1
SCC3A,STAG1
STAM1,STAM
LOCUS3182,STAM-DT
STAM-AS1,STAM-DT
ALMALPHA,STAMBPL1
AMSH-FP,STAMBPL1
AMSH-LP,STAMBPL1
BA399O19.2,STAMBPL1
FLJ31524,STAMBPL1
KIAA1373,STAMBPL1
BRDG1,STAP1
STAP-1,STAP1
BKS,STAP2
STAP-2,STAP2
ES64,STARD3
MLN64,STARD3
MGC10327,STARD5
ARHGAP38,STARD8
KIAA0189,STARD8
ARHGAP37,STARD13
DLC2,STARD13
GT650,STARD13
LINC00464,STARD13
STARD13-AS2,STARD13-AS
STARD1P1,STARP1
STR,STATH
PPP1R150,STAU1
STAU,STAU1
39K2,STAU2
STC,STC1
DUDLIN-2,STEAP3
STMP3,STEAP3
TSAP6,STEAP3
CXORF56,STEEP1
FLJ22965,STEEP1
MAPTIT,STH
ERIS,STING1
FLJ38577,STING1
MITA,STING1
MPYS,STING1
NET23,STING1
STING,STING1
TMEM173,STING1
HOP,STIP1
STI1,STIP1
KRS1,STK3
MST2,STK3
KRS2,STK4
MST1,STK4
YSK3,STK4
STK4-AS1,STK4-DT
LOK,STK10
PRO2729,STK10
DRAK1,STK17A
DRAK2,STK17B
D6S60,STK19
G11,STK19
RP1,STK19
BPG116M5.10,STK19B
RP2,STK19B
STK19P,STK19B
MST-3,STK24
MST3,STK24
MST3B,STK24
STE20,STK24
STK3,STK24
SOK1,STK25
YSK1,STK25
MASK,STK26
MST4,STK26
SGK396,STK31
TDRD8,STK31
MGC22688,STK32A
YANK1,STK32A
CTC-255N20,STK32A-AS1
HSA250839,STK32B
STK32,STK32B
STKG6,STK32B
YANK2,STK32B
MGC23665,STK32C
PKE,STK32C
YANK3,STK32C
STK33P,STK33P1
STK33PS,STK33P1
BA550O8.2,STK35
CLIK1,STK35
NDR,STK38
NDR1,STK38
KIAA0965,STK38L
NDR2,STK38L
C9ORF96,STKLD1
MGC43306,STKLD1
SGK071,STKLD1
SCG10,STMN2
SCGN10,STMN2
SCLIP,STMN3
RB3,STMN4
FLJ23152,STMND1
C7ORF73,STMP1
MM47,STMP1
PL-5283,STMP1
BND7,STOM
EPB7,STOM
EPB72,STOM
FLJ36370,STOML1
HUNC-24,STOML1
SLP-1,STOML1
STORP,STOML1
HSPC108,STOML2
SLP-2,STOML2
EPB7.2L,STOML3
SRO,STOML3
SALF,STON1-GTF2A1L
C10ORF24,STOX1
FLJ25162,STOX1
DKFZP762K222,STOX2
C4ORF37,STPG2
MGC46496,STPG2
C9ORF173,STPG3
FLJ40246,STPG3
C9ORF173-AS1,STPG3-AS1
FLJ12541,STRA6
MAWD,STRAP
PT-WD,STRAP
UNRIP,STRAP
FLJ11307,STRBP
ILF3L,STRBP
SPNR,STRBP
DFNB16,STRC
FAM40B,STRIP2
FAR11B,STRIP2
KIAA1170,STRIP2
DWORF,STRIT1
PPP2R6B,STRN3
S/G2NA,STRN3
SG2NA,STRN3
ARSC,STS
ARSC1,STS
STS-Y,STSP1
STSP,STSP1
ITM1,STT3A
MGC9042,STT3A
STT3-A,STT3A
TMC,STT3A
HPC-1,STX1A
P35-1,STX1A
STX1,STX1A
STX1B1,STX1B
STX1B2,STX1B
STX3A,STX3
P35-2,STX4
STX4A,STX4
SED5,STX5
STX5A,STX5
CARB,STX8
HSYN16,STX16
SYN-16,STX16
SYN16,STX16
FLJ20651,STX17
STX17-AS1,STX17-DT
MGC50337,STXBP4
SYNIP,STXBP4
DKFZP761P1010,STYK1
NOK,STYK1
SURTK106,STYK1
P14,SUB1
P15,SUB1
PC4,SUB1
LINC00444,SUCLA2
EM:AB014080.4,SUCLA2P1
SUCLA2P,SUCLA2P1
SUCLG2-AS1,SUCLG2-DT
GPR91,SUCNR1
FLJ00052,SUDS3
SAP45,SUDS3
SDS3,SUDS3
PRO1280,SUFU
SUFUH,SUFU
SUFUXL,SUFU
C7ORF10,SUGCT
DERP13,SUGCT
FLJ11808,SUGCT
ORF19,SUGCT
DKFZP434E2216,SUGP1
F23858,SUGP1
RBP,SUGP1
SF4,SUGP1
KIAA0365,SUGP2
SFRS14,SUGP2
SGT1,SUGT1
BA255A11.1,SUGT1P1
MGC15151,SUGT1P1
SGT1P,SUGT1P1
SUGT1P,SUGT1P1
HSULF-1,SULF1
KIAA1077,SULF1
SULF-1,SULF1
HSULF-2,SULF2
KIAA1247,SULF2
SULF-2,SULF2
HAST4,SULT1A2
STP2,SULT1A2
STM,SULT1A3
TL-PST,SULT1A3
ST1B2,SULT1B1
SULT1D1,SULT1D1P
EST,SULT1E1
STE,SULT1E1
HSST2,SULT2B1
HBR-STL-1,SULT4A1
SULTX3,SULT4A1
FGE,SUMF1
UNQ3037,SUMF1
DKFZP566I1024,SUMF2
PIC1L,SUMO1P1
UBL2,SUMO1P1
UBL6,SUMO1P1
DJ271M21,SUMO2P1
SMT3BP,SUMO2P1
SMT3H2P,SUMO2P1
SUMO2P,SUMO2P1
SMT3A,SUMO3
SMT3H1,SUMO3
FLJ12407,SUN1
KIAA0810,SUN1
UNC84A,SUN1
UNC84B,SUN2
DJ726C3.1,SUN5
SPAG4L,SUN5
TSARG4,SUN5
SUPT4H1P,SUPT4H1P1
FLJ34157,SUPT5H
SPT5,SUPT5H
SPT5H,SUPT5H
KIAA0162,SUPT6H
SPT6H,SUPT6H
CDC68,SUPT16H
FACT,SUPT16H
FACTP140,SUPT16H
FLJ10857,SUPT16H
FLJ14010,SUPT16H
SPT16/CDC68,SUPT16H
BCM670,SUPT16HP1
SUPT16HP,SUPT16HP1
BA421P11.4,SUPT20H
C13ORF19,SUPT20H
FAM48A,SUPT20H
P38IP,SUPT20H
SPT20,SUPT20H
FAM48B1,SUPT20HL1
SPT20L,SUPT20HL1
FAM48B2,SUPT20HL2
SUV3,SUPV3L1
SHY1,SURF1
ERV29,SURF4
FLJ22993,SURF4
MGC102753,SURF4
FLJ30322,SURF6
RRP14,SURF6
DKFZP761E1824,SUSD1
BK65A6.2,SUSD2
FLJ22778,SUSD2
W5C5,SUSD2
MGC26847,SUSD3
KIAA0247,SUSD6
KMT1A,SUV39H1
SUV39H,SUV39H1
BA427L11.3,SVEP1
C9ORF13,SVEP1
FLJ13529,SVEP1
POLYDOM,SVEP1
DKFZP313A2432,SVIP
DKFZP761H039,SVOP
SLC22B4,SVOP
MGC46715,SVOPL
SLC22B5,SVOPL
KIAA0640,SWAP70
SWAP-70,SWAP70
LINC00565,SWINGN
C19ORF39,SWSAP1
FLJ35119,SWSAP1
SWS1AP1,SWSAP1
ZSWIM7AP1,SWSAP1
C1ORF26,SWT1
FLJ20121,SWT1
HSSWT1,SWT1
FLJ14495,SYAP1
PRO3113,SYAP1
BA108K14.6,SYCE1
C10ORF94,SYCE1
CT76,SYCE1
MRP2,SYCE1L
C22ORF41,SYCE3
FLJ27441,SYCN
INSSA1,SYCN
SYL,SYCN
CT8,SYCP1
HOM-TES-14,SYCP1
SCP1,SYCP1
SCP2,SYCP2
7H3,SYDE1
FLJ13511,SYDE1
SYD1,SYDE1
CBPINP,SYF2P1
SYF2P,SYF2P1
PTA1,SYMPK
SPK,SYMPK
SYM,SYMPK
MRX50,SYN1
SYNII,SYN2
SYNIIA,SYN2
SYNIIB,SYN2
C20ORF39,SYNDIG1
DSPC2,SYNDIG1
FLJ14220,SYNDIG1
IFITMD5,SYNDIG1
TMEM90B,SYNDIG1
CAPUCIN,SYNDIG1L
DSPC1,SYNDIG1L
IFITMD4,SYNDIG1L
TMEM90A,SYNDIG1L
DKFZP434H2235,SYNE2
KIAA1011,SYNE2
NESP2,SYNE2
NESPRIN-2,SYNE2
NUA,SYNE2
NUANCE,SYNE2
SYNE-2,SYNE2
C14ORF139,SYNE3
C14ORF49,SYNE3
FLJ25605,SYNE3
LINC00341,SYNE3
NCRNA00341,SYNE3
NESP3,SYNE3
NESPRIN-3,SYNE3
NET53,SYNE3
KIAA1938,SYNGAP1
RASA5,SYNGAP1
SYNGAP,SYNGAP1
SYNGR2P,SYNGR2P1
INPP5G,SYNJ1
PARK20,SYNJ1
INPP5H,SYNJ2
ARIP2,SYNJ2BP
KIAA1029,SYNPO
MYOPODIN,SYNPO2
SYISL,SYNPO2
FLJ12921,SYNPO2L
MGC26651,SYNPR
SPO,SYNPR
AP1GBP1,SYNRG
MGC104959,SYNRG
SYNG,SYNRG
MRX96,SYP
C20ORF169,SYS1
DJ453C12.4,SYS1
HST1192,SYT4
KIAA1342,SYT4
IPCA-7,SYT7
MGC150517,SYT7
PCANAP7,SYT7
SYT-VII,SYT7
DKFZP434K0322,SYT8
SRG1,SYT12
CHR10SYT,SYT15
SYT-17,SYT17
EXOPHILIN-6,SYTL3
SLP3,SYTL3
C1ORF144,SZRD1
DKFZP566C0424,SZRD1
C1ORF84,SZT2
FLJ10387,SZT2
FLJ34502,SZT2
KIAA0467,SZT2
KICS1,SZT2
RP11-506B15.1,SZT2
SZT2A,SZT2
SZT2B,SZT2
GPR58,TAAR2
TA4,TAAR6
TRAR4,TAAR6
MAP3K7IP1,TAB1
MAP3K7IP3,TAB3
CXORF29,TAB3-AS1
OTTHUMG00000021331,TAB3-AS1
NKNA,TAC1
NPK,TAC1
TAC2,TAC1
LNCZBTB39,TAC3
LNCZBTB39-1:2,TAC3
NK3,TAC3
NKB,TAC3
NKNB,TAC3
ZNEUROK1,TAC3
AZU-1,TACC2
ECTACC,TACC2
NK1R,TACR1
NKIR,TACR1
SPR,TACR1
TAC1R,TACR1
NK2R,TACR2
NKNAR,TACR2
SKR,TACR2
TAC2R,TACR2
NK3R,TACR3
NKR,TACR3
TAC3R,TACR3
RP11-297P16.3,TACR3-AS1
ADA1,TADA1
HADA1,TADA1
HFI1,TADA1
STAF42,TADA1
TADA1L,TADA1
ADA2,TADA2A
ADA2A,TADA2A
HADA2,TADA2A
TADA2L,TADA2A
BA2R,TAF1
CCG1,TAF1
CCGS,TAF1
DYT3,TAF1
DYT3/TAF1,TAF1
KAT4,TAF1
NSCL2,TAF1
TAF2A,TAF1
TAFII250,TAF1
MGC:39976,TAF1C
SL1,TAF1C
TAFI110,TAF1C
TAFI95,TAF1C
JOSD3,TAF1D
MGC5306,TAF1D
TAF(I)41,TAF1D
CIF150,TAF2
TAF2B,TAF2
TAFII150,TAF2
TAF140,TAF3
TAFII140,TAF3
TAF2C,TAF4
TAF2C1,TAF4
TAF4A,TAF4
TAFII130,TAF4
TAFII135,TAF4
TAF2C2,TAF4B
TAFII105,TAF4B
TAF2D,TAF5
TAFII100,TAF5
PAF65A,TAF6L
CT40,TAF7L
TAF2Q,TAF7L
AD-004,TAF9
CGI-137,TAF9
MGC1603,TAF9
MGC3647,TAF9
MGC5067,TAF9
TAF2G,TAF9
TAFII31,TAF9
TAFII32,TAF9
TAFIID32,TAF9
DN-7,TAF9B
DN7,TAF9B
TAF9L,TAF9B
TAFII31L,TAF9B
TFIID-31,TAF9B
TAF2GL,TAF9P3
HTAFII68,TAF15
NPL3,TAF15
RBP56,TAF15
TAF2N,TAF15
FAM19A4,TAFA4
TAFA-4,TAFA4
FAM19A5,TAFA5
TAFA-5,TAFA5
ARHGAP47,TAGAP
FLJ32631,TAGAP
IDDM21,TAGAP
DKFZP686P11128,TAGLN
SM22,TAGLN
SMCC,TAGLN
TAGLN1,TAGLN
WS3-10,TAGLN
BHLHA19,TAL2
C3ORF31,TAMM41
DKFZP434E0519,TAMM41
MGC16471,TAMM41
KIAA1728,TANC1
ROLSB,TANC1
C22ORF25,TANGO2
DKFZP761P1121,TANGO2
FLJ12688,TANGO6
KIAA1746,TANGO6
TMCO7,TANGO6
I-TRAF,TANK
TRAF2,TANK
HKFC-C,TAOK2
KIAA0881,TAOK2
MAP3K17,TAOK2
PSK,TAOK2
PSK-1,TAOK2
PSK1,TAOK2
PSK1-BETA,TAOK2
TAO1,TAOK2
TAO2,TAOK2
TAO2BETA,TAOK2
DPK,TAOK3
JIK,TAOK3
MAP3K18,TAOK3
ABCB2,TAP1
D6S114E,TAP1
PSF1,TAP1
RING4,TAP1
ABCB3,TAP2
D6S217E,TAP2
PSF2,TAP2
RING11,TAP2
TAPA,TAPBP
FLJ90013,TAPT1
FLJ39653,TAPT1-AS1
TRM3,TARBP1
TRMT3,TARBP1
TRP-185,TARBP1
BA318P23.1,TARDBPP1
TARDBPL,TARDBPP1
EYA4-AS1,TARID
TARS,TARS1
FLJ25005,TARS3
TARSL2,TARS3
THRRS-L,TARS3
T2R3,TAS2R3
T2R4,TAS2R4
T2R5,TAS2R5
T2R06,TAS2R6P
T2R6,TAS2R6P
TAS2R6,TAS2R6P
T2R7,TAS2R7
TRB4,TAS2R7
T2R8,TAS2R8
TRB5,TAS2R8
T2R9,TAS2R9
TRB6,TAS2R9
T2R10,TAS2R10
TRB2,TAS2R10
T2R13,TAS2R13
TRB3,TAS2R13
T2R14,TAS2R14
TRB1,TAS2R14
PS8,TAS2R15P
T2R15,TAS2R15P
TAS2R15,TAS2R15P
T2R16,TAS2R16
T2R19,TAS2R19
T2R23,TAS2R19
TAS2R23,TAS2R19
TAS2R48,TAS2R19
T2R20,TAS2R20
T2R56,TAS2R20
TAS2R49,TAS2R20
T2R30,TAS2R30
TAS2R47,TAS2R30
T2R31,TAS2R31
T2R53,TAS2R31
TAS2R44,TAS2R31
PTC,TAS2R38
T2R61,TAS2R38
T2R59,TAS2R41
HT2R55,TAS2R42
T2R24,TAS2R42
T2R55,TAS2R42
TAS2R55,TAS2R42
T2R52,TAS2R43
GPR59,TAS2R45
ZG24P,TAS2R45
T2R54,TAS2R46
T2R51,TAS2R50
T2R60,TAS2R60
T2R62,TAS2R62P
TAS2R62,TAS2R62P
T2R64,TAS2R64P
T2R64P,TAS2R64P
CXORF21,TASL
FLJ11577,TASL
C20ORF13,TASP1
DJ585I14.2,TASP1
FLJ20212,TASP1
CDA11,TATDN1
C10ORF27,TBATA
FLJ32820,TBATA
SPATIAL,TBATA
KIAA1055,TBC1D2B
PRC17,TBC1D3B
TBC1D3I,TBC1D3B
TBC1D3J,TBC1D3JP
USP6P2,TBC1D3P4
AS160,TBC1D4
DKFZP779C0666,TBC1D4
KIAA0603,TBC1D4
DJ257A7.3,TBC1D7
FLJ32666,TBC1D7
TBC7,TBC1D7
FLJ20298,TBC1D8B
GRAMD8B,TBC1D8B
RP11-321G1.1,TBC1D8B
GRAMD9B,TBC1D9B
KIAA0676,TBC1D9B
AC004997.C22.2,TBC1D10A
EPI64,TBC1D10A
TBC1D10,TBC1D10A
DKFZP434P1750,TBC1D10B
EPI64B,TBC1D10B
FLJ13130,TBC1D10B
RAB27A-GAPBETA,TBC1D10B
CARABIN,TBC1D10C
EPI64C,TBC1D10C
FLJ00332,TBC1D10C
KIAA0608,TBC1D12
FLJ10743,TBC1D13
FLJ11082,TBC1D19
C20ORF140,TBC1D20
DJ852M4.2,TBC1D20
MGC34741,TBC1D21
MGCRABGAP,TBC1D21
C22ORF4,TBC1D22A
C6ORF197,TBC1D22B
DJ744I24.2,TBC1D22B
FLJ20337,TBC1D22B
FLJ11046,TBC1D23
DFNA65,TBC1D24
DFNB86,TBC1D24
KIAA1171,TBC1D24
TLDC6,TBC1D24
OATL1,TBC1D25
GM85,TBC1D31
MGC21654,TBC1D31
WDR67,TBC1D31
CFC,TBCC
HSPC302,TBCK
MGC16169,TBCK
EBI,TBL1X
TBL1,TBL1X
TBL1,TBL1Y
SAZD,TBL3
UTP13,TBL3
STUD,TBPL1
TLF,TBPL1
TLP,TBPL1
TRF2,TBPL1
FLJ14621,TBRG1
NIAM,TBRG1
TB-5,TBRG1
CPR2,TBRG4
FASTKD4,TBRG4
H_TD2522F11.8,TBRG4
KIAA0948,TBRG4
CATCH22,TBX1
VCF,TBX1
TBX3-ISO,TBX3
UMS,TBX3
XHL,TBX3
HOS,TBX5
TBX14,TBX15
DJ747L4.1,TBX19
TPIT,TBX19
CLPA,TBX22
CPX,TBX22
T,TBXT
C14ORF47,TC2N
C2CD1,TC2N
FLJ36557,TC2N
MTAC2D1,TC2N
TAC2-N,TC2N
FAM115A,TCAF1
GATD9A,TCAF1
KIAA0738,TCAF1
FAM115C,TCAF2
FAM139A,TCAF2
FLJ40722,TCAF2
GATD9B,TCAF2
FAM115D,TCAF2P1
FAM139B,TCAF2P1
FLJ40722-LIKE,TCAF2P1
TCAF2BP,TCAF2P1
CMD1N,TCAP
LGMD2G,TCAP
T-CAP,TCAP
TELE,TCAP
TELETHONIN,TCAP
GTF2SP,TCEA1P1
TCEA1P,TCEA1P1
TFIIS,TCEA2
TFIIS.H,TCEA3
P21,TCEAL1
PP21,TCEAL1
SIIR,TCEAL1
WEX9,TCEAL1
MY048,TCEAL2
MY0876G05,TCEAL2
WEX1,TCEAL2
MGC15737,TCEAL3
WEX8,TCEAL3
FLJ21174,TCEAL4
WEX7,TCEAL4
WEX2,TCEAL6
C1ORF83,TCEANC2
FLJ32112,TCEANC2
FLJ38950,TCERG1L
BHLHB19,TCF4
E2-2,TCF4
ITF2,TCF4
SEF2-1B,TCF4
MIR4529HG,TCF4-AS1
TCF3,TCF7L1
BHLHB20,TCF12
HEB,TCF12
HST17266,TCF12
HTF4,TCF12
P64,TCF12
BHLHA40,TCF15
EC2,TCF15
PARAXIS,TCF15
SC1,TCF19
AR1,TCF20
SPBP,TCF20
BHLHA23,TCF21
POD1,TCF21
BHLHA25,TCF24
KIAA1049,TCF25
NULP1,TCF25
BHLHE82,TCFL5
CHA,TCFL5
E2BP-1,TCFL5
FIGLB,TCFL5
TCL1,TCL1A
TML1,TCL1B
D22S676,TCN2
D22S750,TCN2
TC2,TCN2
TCS,TCOF1
TREACLE,TCOF1
CCT1,TCP1
CCTA,TCP1
D6S230E,TCP1
TCP1L1,TCP1P1
TCP1L3,TCP1P3
PRED77,TCP10L
MGC40368,TCP11L2
C10ORF61,TCTN3
DKFZP564D116,TCTN3
JBTS18,TCTN3
TECT3,TCTN3
CR,TDGF1
CR-1,TDGF1
CRIPTO,TDGF1
CRIPTO-1,TDGF1
CR-4,TDGF1P4
CRIPTO-4,TDGF1P4
TDGF4,TDGF1P4
CR-7,TDGF1P7
CRIPTO-7,TDGF1P7
TDGF7,TDGF1P7
FLJ25033,TDH
SDR14E1P,TDH
AF131216.3,TDH-AS1
TDO,TDO2
TPH2,TDO2
FLJ11090,TDP1
SCAN1,TDP1
TTRAP,TDP2
CT41.1,TDRD1
FLJ21007,TDRD3
FLJ34823,TDRD5
TUDOR3,TDRD5
BA446F17.4,TDRD6
CT41.2,TDRD6
NY-CO-45,TDRD6
SPATA36,TDRD6
C14ORF75,TDRD9
DKFZP434N0820,TDRD9
FLJ36164,TDRD9
NET54,TDRD9
C8ORF42,TDRP
INM01,TDRP
TDRP1,TDRP
TDRP2,TDRP
ETF,TEAD2
TEF-4,TEAD2
TEF4,TEAD2
ETFR-1,TEAD3
TEAD5,TEAD3
TEF-5,TEAD3
DKFZP434B0335,TECPR1
FLJ23419,TECPR1
FLJ90593,TECPR1
KIAA1358,TECPR1
KIAA0329,TECPR2
GPSN2,TECR
MRT14,TECR
SC2,TECR
TER,TECR
DKFZP313B2333,TECRL
DKFZP313D0829,TECRL
GPSN2L,TECRL
SRD5A2L2,TECRL
TERL,TECRL
C16ORF59,TEDC2
FLJ13909,TEDC2
TEDDM1P1,TEDDM2P
KIAA1655,TEF
CD202B,TEK
TIE-2,TEK
TIE2,TEK
VMCM,TEK
VMCM1,TEK
FLJ32828,TEKT3
MAFIPL,TEKT4P2
CT149,TEKT5
FLJ32871,TEKT5
C17ORF106,TEN1
FLJ39785,TEN1
ODZ1,TENM1
ODZ3,TENM1
TEN-M1,TENM1
TEN1,TENM1
TNM,TENM1
KIAA1455,TENM3
ODZ3,TENM3
TEN-M3,TENM3
TEN3,TENM3
DOC4,TENM4
KIAA1302,TENM4
ODZ4,TENM4
TEN-M4,TENM4
TEN4,TENM4
LAK-1,TENT4A
PAPD7,TENT4A
POLK,TENT4A
POLS,TENT4A
TRF4,TENT4A
TRF4-1,TENT4A
PAPD5,TENT4B
TRF4-2,TENT4B
TUT3,TENT4B
C6ORF37,TENT5A
FAM46A,TENT5A
FLJ20037,TENT5A
FAM46C,TENT5C
FLJ20202,TENT5C
P240,TEP1
TLP1,TEP1
TP1,TEP1
TROVE1,TEP1
VAULT2,TEP1
C15ORF43,TERB2
MGC33951,TERB2
PIN2,TERF1
TRBF1,TERF1
TRF,TERF1
TRF1,TERF1
TERF1P,TERF1P1
TRBF2,TERF2
TRF2,TERF2
RAP1,TERF2IP
DKFZP586B2022,TES
TESS-2,TES
TESTIN,TES
CHP3,TESC
FLJ20607,TESC
TSC,TESC
CXCDC2,TESMIN
MTL5,TESMIN
ITPRID3,TESPA1
KIAA0748,TESPA1
CXXC6P1,TET1P1
FLJ20032,TET2
KIAA1546,TET2
BA208F1.2,TEX10
FLJ20287,TEX10
IPI1,TEX10
MZIP4,TEX11
SPO22,TEX11
TGC1,TEX11
TSGA3,TEX11
ZIP4,TEX11
ZIP4H,TEX11
TGC3B,TEX13B
TSGA5,TEX13B
CT42,TEX15
FLJ35767,TEX19
C13ORF26,TEX26
MGC40178,TEX26
LINC00447,TEX26-AS1
PTEX,TEX28P1
CXORF2B,TEX28P2
PTEX,TEX28P2
BA474D23.1,TEX29
C13ORF16,TEX29
MGC35169,TEX29
C13ORF27,TEX30
C22ORF33,TEX33
EAN57,TEX33
MGC35206,TEX33
BA383C5.1,TEX36
C10ORF122,TEX36
C5ORF48,TEX43
FLJ27505,TEX43
MGC163367,TEX43
MGC163369,TEX43
TSEG7,TEX43
C19ORF45,TEX45
FLJ35784,TEX45
C7ORF62,TEX47
DYBLUF,TEX47
MGC26647,TEX47
LINC00935,TEX49
C3ORF30,TEX55
FLJ32859,TEX55
TSCPA,TEX55
C6ORF201,TEX56P
DJ1013A10.5,TEX56P
TCF6,TFAM
TCF6L2,TFAM
MTTF1,TFAMP2
TCF6L3,TFAMP2
AP-2,TFAP2A
AP-2ALPHA,TFAP2A
AP2TF,TFAP2A
TFAP2,TFAP2A
AP-2BETA,TFAP2B
AP2-B,TFAP2B
AP2-GAMMA,TFAP2C
ERF1,TFAP2C
HAP-2G,TFAP2C
TFAP2G,TFAP2C
AP-2DELTA,TFAP2D
TFAP2BL1,TFAP2D
AP-4,TFAP4
BHLHC41,TFAP4
CGI-75,TFB1M
MTTFB,TFB1M
FLJ22661,TFB2M
FLJ23182,TFB2M
HKP1,TFB2M
DILC,TFDP1
DP-1,TFDP1
DP1,TFDP1
DRTF1,TFDP1
TFDP1P,TFDP1P1
CT30,TFDP3
E2F-LIKE,TFDP3
HCA661,TFDP3
BHLHE33,TFE3
TFEA,TFE3
BHLHE35,TFEB
TCFEB,TFEB
BHLHE34,TFEC
TCFEC,TFEC
TFECL,TFEC
BCEI,TFF1
D21S21,TFF1
HP1.A,TFF1
HPS2,TFF1
PNR-2,TFF1
PS2,TFF1
SML1,TFF2
HITF,TFF3
ITF,TFF3
FLJ36137,TFG
SPG57,TFG
TF6,TFG
DKFZP434B194,TFIP11
SPP382,TFIP11
TIP39,TFIP11
EPI,TFPI
LACI,TFPI
TFI,TFPI
TFPI1,TFPI
PP5,TFPI2
REF1,TFPI2
TFPI-2,TFPI2
AMIDA,TFPT
FB1,TFPT
INO80F,TFPT
HFE3,TFR2
TFRC2,TFR2
AITD3,TG
TGN,TG
SDR2E1,TGDS
TDPGD,TGDS
ARA55,TGFB1I1
HIC-5,TGFB1I1
TSC-5,TGFB1I1
ARVD,TGFB3
ARVD1,TGFB3
ENST00000553732,TGFB3-AS1
BIGH3,TGFBI
CDB1,TGFBI
CDGG1,TGFBI
CSD1,TGFBI
CSD2,TGFBI
CSD3,TGFBI
LCD1,TGFBI
MFS2,TGFBR2
TBR-II,TGFBR2
TBRII,TGFBR2
BETAGLYCAN,TGFBR3
BGCAN,TGFBR3
HPE4,TGIF1
TGIF,TGIF1
TGIF2-C20ORF24,TGIF2-RAB5IF
ICR2,TGM1
LI,TGM1
LI1,TGM1
TGASE,TGM1
TGK,TGM1
TGC,TGM2
TGE,TGM3
TGP,TGM4
DJ734P14.3,TGM6
SCA35,TGM6
TGM3L,TGM6
TGY,TGM6
TGMZ,TGM7
TGN38,TGOLN2
TGN46,TGOLN2
TGN48,TGOLN2
TGN51,TGOLN2
TTGN2,TGOLN2
TH2-LCR,TH2LCRR
DKFZP564I0422,THAP2
DKFZP313O1132,THAP5
MGC30052,THAP6
MGC10963,THAP7
FLJ34093,THAP9
PRKRIRP1,THAP12P1
PRKRIRP3,THAP12P3
PRKRIRP4,THAP12P4
PRKRIRP5,THAP12P5
PRKRIRP6,THAP12P6
PRKRIRP9,THAP12P9
BDCA-3,THBD
CD141,THBD
THRM,THBD
TSP2,THBS2
CT56,THEG
THEG1,THEG
C8ORF55,THEM6
DSCD75,THEM6
RP1-65P5.1,THEM7P
BA325O24.3,THEMIS
BA325O24.4,THEMIS
C6ORF190,THEMIS
C6ORF207,THEMIS
FLJ40584,THEMIS
TSEPA,THEMIS
FLJ11601,THG1L
FLJ20546,THG1L
HTHG1,THG1L
ICF45,THG1L
IHG-1,THG1L
FLJ22002,THNSL1
TSH1,THNSL1
HPR1,THOC1
P84,THOC1
CXORF3,THOC2
DJ506G2.1,THOC2
MRX12,THOC2
MRX35,THOC2
THO2,THOC2
C22ORF19,THOC5
FMIP,THOC5
FSAP79,THOC5
KIAA0983,THOC5
PK1.3,THOC5
FSAP35,THOC6
MGC2655,THOC6
WDR58,THOC6
FLJ23445,THOC7
FSAP24,THOC7
NIF3L1BP1,THOC7
AR7,THRA
C-ERBA,THRA
C-ERBA-1,THRA
EAR-7.1/EAR-7.2,THRA
ERBA,THRA
ERBA1,THRA
NR1A1,THRA
THRA1,THRA
THRA2,THRA
THRA3,THRA
THRALPHA,THRA
THRALPHA1,THRA
THRALPHA2,THRA
TRALPHA,THRA
TRALPHA1,THRA
TRALPHA2,THRA
BCLAF2,THRAP3
TRAP150,THRAP3
THRAP3L,THRAP3P1
C-ERBA-2,THRB
C-ERBA-BETA,THRB
ERBA-BETA,THRB
ERBA2,THRB
GRTH,THRB
NR1A2,THRB
PRTH,THRB
THR1,THRB
THRB1,THRB
THRB2,THRB
THRBETA,THRB
THRBETA1,THRB
THRBETA2,THRB
TRB,THRB
TRBETA,THRB
TRBETA1,THRB
TMTSP,THSD1
THSD1P,THSD1P1
THTPASE,THTPA
TIAR,TIAL1
TICAM-2,TICAM2
TIRP,TICAM2
TRAM,TICAM2
JTK14,TIE1
TIE,TIE1
C12ORF5,TIGAR
FLJ14926,TIGD5
DKFZP761E2110,TIGD6
SANCHO,TIGD7
DKFZP667A205,TIGIT
FLJ39873,TIGIT
VSIG9,TIGIT
VSTM3,TIGIT
PILRLS,TILRLS
DDP,TIMM8A
DFN1,TIMM8A
MTS,TIMM8A
DDP2,TIMM8B
FLJ21744,TIMM8B
MGC102866,TIMM8B
MGC117373,TIMM8B
TIM8B,TIMM8B
TIM9A,TIMM9
TIM13,TIMM13
TIMM13B,TIMM13
DXS9822,TIMM17B
JM3,TIMM17B
C18ORF55,TIMM21
HSPC154,TIMM21
TIM21,TIMM21
TEX4,TIMM22
TIM22,TIMM22
TIM23,TIMM23
BA592B15.7,TIMM23B
TIM44,TIMM44
TIM50,TIMM50
TIM50L,TIMM50
C3ORF1,TIMMDC1
FLJ22597,TIMMDC1
CLGI,TIMP1
EPO,TIMP1
TIMP,TIMP1
SFD,TIMP3
TIN2,TINF2
ARTD14,TIPARP
DDF1,TIPARP
DKFZP434J214,TIPARP
DKFZP686N0351,TIPARP
PARP-1,TIPARP
PARP-7,TIPARP
PARP7,TIPARP
PART14,TIPARP
RM1,TIPARP
FLJ20516,TIPIN
DKFZP686M05161,TJP1
MGC133289,TJP1
ZO-1,TJP1
DFNA51,TJP2
X104,TJP2
ZO-2,TJP2
ZO2,TJP2
ZO-3,TJP3
SCA31,TK2
DKFZP434L1717,TKTL2
FLJ32975,TKTL2
FLJ31842,TLCD4
TMEM56,TLCD4
TMEM56-RWDD3,TLCD4-RWDD3
MGC17839,TLCD5
TMEM136,TLCD5
C20ORF118,TLDC2
DJ132F21.2,TLDC2
ESG,TLE1
ESG1,TLE1
GRG1,TLE1
TLE-1,TLE1
ESG,TLE3
ESG3,TLE3
GRG3,TLE3
HST18976,TLE3
KIAA1547,TLE3
KIAA0137,TLK1
PKU-BETA,TLK1
TLK1P,TLK1P1
TLK1PS,TLK1P1
TLK2PS1,TLK2P1
TLK2PS2,TLK2P2
MESDC1,TLNRD1
MGC99595,TLNRD1
CD288,TLR8
HTLR8,TLR8
HOX11,TLX1
TCL3,TLX1
APT-B7,TLX1NB
TD1,TLX1NB
TDI,TLX1NB
HOX11L2,TLX3
RNX,TLX3
BLP1,TM2D2
BLP2,TM2D3
FLJ22604,TM2D3
L6,TM4SF1
M3S1,TM4SF1
IL-TMP,TM4SF4
L6D,TM4SF18
AC093001.1,TM4SF18-AS1
TM4SF19-TCTEX1D2,TM4SF19-DYNLT2B
LPR4,TM6SF2
HMP70,TM9SF1
MP70,TM9SF1
P76,TM9SF2
SMBP,TM9SF3
DJ836N17.2,TM9SF4
KIAA0255,TM9SF4
C4ORF43,TMA16
FLJ11184,TMA16
BAXI1,TMBIM6
BI-1,TMBIM6
TEGT,TMBIM6
DFNA36,TMC1
DFNB11,TMC1
DFNB7,TMC1
C20ORF145,TMC2
DJ686C3.3,TMC2
FLJ13593,TMC5
FLJ21240,TMC7
TMCC1P,TMCC1P1
KIAA1145,TMCC3
C13ORF11,TMCO3
FLJ20623,TMCO3
MGC35118,TMCO5A
TMCO5,TMCO5A
FLJ39769,TMCO6
PRO1580,TMCO6
C15ORF22,TMED3
P24B,TMED3
P24G4,TMED3
P24GAMMA4,TMED3
MGC23911,TMED6
P24G5,TMED6
P24GAMMA5,TMED6
CGI-109,TMED7
FLJ90481,TMED7
P24G3,TMED7
P24GAMMA3,TMED7
FAM15B,TMED8
P23,TMED10
P24(DELTA),TMED10
P24D1,TMED10
P24DELTA1,TMED10
TMP21,TMED10
TMED10P,TMED10P1
TMP21-II,TMED10P1
C9ORF2,TMEFF1
CT120.1,TMEFF1
H7365,TMEFF1
CT120.2,TMEFF2
HPP1,TMEFF2
TENB2,TMEFF2
TPEF,TMEFF2
TR,TMEFF2
C9ORF127,TMEM8B
FP588,TMEM8B
LINC00950,TMEM8B
NAG-5,TMEM8B
NGX6,TMEM8B
NGX6A,TMEM8B
MGC1223,TMEM14B
BA421M1.6,TMEM14C
C6ORF53,TMEM14C
HSPC194,TMEM14C
NET26,TMEM14C
TMEM14E,TMEM14EP
FLJ34583,TMEM17
DKFZP434C1714,TMEM18
LNCND,TMEM18
AC092159.2,TMEM18-DT
FLJ10936,TMEM19
EM:AC068892.1,TMEM26
MGC35010,TMEM26
C6ORF67,TMEM30A
CDC50A,TMEM30A
FLJ10856,TMEM30A
CDC50C,TMEM30CP
TMEM30C,TMEM30CP
MGC39655,TMEM31
FLJ14084,TMEM35A
NACHO,TMEM35A
TMEM35,TMEM35A
TUF-1,TMEM35A
PR,TMEM37
PR1,TMEM37
BA219P18.1,TMEM38B
C9ORF87,TMEM38B
D4ERTD89E,TMEM38B
FLJ10493,TMEM38B
TRIC-B,TMEM38B
FLJ10902,TMEM39A
SUSR2,TMEM39A
MGC15397,TMEM41A
MGC29956,TMEM42
DERP7,TMEM45A
FLJ10134,TMEM45A
BCMP1,TMEM47
DKFZP564E153,TMEM47
DKFZP761J17121,TMEM47
TM4SF10,TMEM47
VAB-9,TMEM47
C21ORF4,TMEM50B
C1ORF72,TMEM51
FLJ10199,TMEM51
C1ORF126,TMEM51-AS1
FLJ23703,TMEM51-AS1
C1ORF195,TMEM51-AS2
C1ORF8,TMEM59
HSPC001,TMEM59
C7ORF35,TMEM60
DC32,TMEM60
FLJ23375,TMEM62
C6ORF110,TMEM63B
DJ421H19.2,TMEM63B
DKFZP434P0531,TMEM63B
C14ORF171,TMEM63C
CSC1,TMEM63C
DKFZP434P0111,TMEM63C
HSCSC1,TMEM63C
DKFZP762C1112,TMEM64
JBTS6,TMEM67
MGC26979,TMEM67
MKS3,TMEM67
NPHP11,TMEM67
FLJ20533,TMEM70
FLJ33069,TMEM71
BA285G1.3,TMEM72
C10ORF127,TMEM72
KSP37,TMEM72
FLJ30668,TMEM74
NET36,TMEM74
C20ORF46,TMEM74B
FLJ11190,TMEM74B
FLJ20025,TMEM88
MGC71744,TMEM88
DSPC3,TMEM91
FLJ27310,TMEM91
IFITMD6,TMEM91
MGC129793,TMEM95
UNQ9390,TMEM95
MAC30,TMEM97
S2R,TMEM97
FLJ10970,TMEM100
FLJ37856,TMEM100
CBAP,TMEM102
FLJ36878,TMEM102
FLJ38792,TMEM105
JBTS29,TMEM107
MGC10744,TMEM107
MKS13,TMEM107
PL6,TMEM115
FLJ90167,TMEM116
DKFZP434K2435,TMEM117
CECR6,TMEM121B
MGC17299,TMEM125
DKFZP761L1417,TMEM130
FLJ42643,TMEM130
CC28,TMEM131
KIAA0257,TMEM131
PRO1048,TMEM131
RW1,TMEM131
YR-23,TMEM131
KIAA1944,TMEM132D
MOLT,TMEM132D
PPP1R153,TMEM132D
DFNB99,TMEM132E
C17ORF102,TMEM132E-DT
FLJ44815,TMEM132E-DT
FLJ21749,TMEM134
FLJ22104,TMEM135
MGC14141,TMEM141
FLJ10922,TMEM143
FLJ11155,TMEM144
FLJ90805,TMEM145
DRAM3,TMEM150B
TMEM224,TMEM150B
TTN2,TMEM150B
FLJ12993,TMEM150C
TTN3,TMEM150C
MGC33486,TMEM151A
TMEM151,TMEM151A
FLJ23235,TMEM156
P40BBP,TMEM158
RIS1,TMEM158
FLJ20422,TMEM161A
FLJ39645,TMEM161A
MGC33214,TMEM161B
DKFZP566N034,TMEM163
SV31,TMEM163
FLJ22679,TMEM164
RP13-360B22.2,TMEM164
GDT1,TMEM165
SLC64A1,TMEM165
TMPT27,TMEM165
TPARL,TMEM165
FLJ30508,TMEM167A
MGC23909,TMEM167A
TMEM167,TMEM167A
"DKFZP564C012,FLJ13576",TMEM168
FLJ37611,TMEM170A
TMEM170,TMEM170A
PRP2,TMEM171
FLJ31268,TMEM174
MGC13034,TMEM174
HCA112,TMEM176A
MS4B1,TMEM176A
MGC10993,TMEM177
C14ORF90,TMEM179
FLJ42486,TMEM179
TMEM179A,TMEM179
FLJ30294,TMEM182
BPG126D10.10,TMEM183AP1
OTTHUMG00000086663,TMEM183AP1
C1ORF37-DUP,TMEM183BP
TMEM183B,TMEM183BP
C22ORF5,TMEM184B
DKFZP586A1024,TMEM184B
FM08,TMEM184B
HS5O6A,TMEM184B
FLJ10846,TMEM184C
TMEM34,TMEM184C
CXORF13,TMEM185A
FAM11A,TMEM185A
FRAXF,TMEM185A
TMEM185AL,TMEM185AP1
FAM11B,TMEM185B
FLJ20979,TMEM185B
CXORF12,TMEM187
DXS9878E,TMEM187
ITBA1,TMEM187
MDAC1,TMEM190
DKFZP434N035,TMEM191A
C17ORF32,TMEM199
MGC45714,TMEM199
VMA12,TMEM199
VPH2,TMEM199
KIAA1913,TMEM200A
TTMC,TMEM200A
TTMA,TMEM200C
FLJ27523,TMEM202
HBEBP1,TMEM203
MGC14327,TMEM203
C16ORF30,TMEM204
CLP24,TMEM204
FLJ20898,TMEM204
MBC3205,TMEM205
UNQ501,TMEM205
HSND2,TMEM208
HSPC171,TMEM208
FLJ14803,TMEM209
NET31,TMEM209
FLJ23172,TMEM212
MGC3196,TMEM223
MRX15,TMEM223
PMP22CD,TMEM225
PPP1R154,TMEM225
SPATA47,TMEM225
C20ORF30,TMEM230
HSPC274,TMEM230
FLJ43080,TMEM232
BA162I21.2,TMEM236
BA16O1.2,TMEM236
FAM23A,TMEM236
FAM23B,TMEM236
C18ORF45,TMEM241
FLJ44259,TMEM241
MGC11386,TMEM241
SLC35D4,TMEM241
BM033,TMEM242
C6ORF35,TMEM242
C7ORF23,TMEM243
MGC4175,TMEM243
MM-TRAG,TMEM243
C8ORFK29,TMEM249
C9ORF71,TMEM252
MGC34760,TMEM252
BA369J21.6,TMEM254
C10ORF57,TMEM254
FLJ13263,TMEM254
CPHX,TMEM254-AS1
FAM70B,TMEM255B
MGC20579,TMEM255B
C17ORF61,TMEM256
MGC40107,TMEM256
C11ORF10,TMEM258
KUD,TMEM258
KUDUK,TMEM258
ASBABP1,TMEM259
C19ORF6,TMEM259
MBRL,TMEM259
MGC4022,TMEM259
C14ORF101,TMEM260
FLJ20392,TMEM260
C12ORF23,TMEM263
MGC17943,TMEM263
C5ORF28,TMEM267
FLJ21657,TMEM267
C9ORF91,TMEM268
DKFZP547P234,TMEM268
FLJ38045,TMEM268
MGC26719,TMEM270
WBSCR28,TMEM270
FLJ37307,TMEM272
LINC00282,TMEM272
NCRNA00282,TMEM272
LINC01869,TMEM277P
MGC45922,TMEM277P
DFNB6,TMIE
TMIGD,TMIGD1
UNQ9372,TMIGD1
BBOX2,TMLHE
FLJ10727,TMLHE
TMLH,TMLHE
XAP130,TMLHE
D9S57E,TMOD1
ETMOD,TMOD1
TMOD,TMOD1
NTMOD,TMOD2
UTMOD,TMOD3
LAP2,TMPO
LEMD4,TMPO
TP,TMPO
EM:AB014080.3,TMPOP1
TMPOL1,TMPOP1
LNCRNA-EBIC,TMPOP2
PRSS10,TMPRSS2
DFNB10,TMPRSS3
DFNB8,TMPRSS3
CAP2,TMPRSS4
MT-SP2,TMPRSS4
TMPRSS3,TMPRSS4
MGC141886,TMPRSS5
MGC148044,TMPRSS5
FLJ30744,TMPRSS6
MT2,TMPRSS6
ECRG1,TMPRSS11A
HATL1,TMPRSS11A
HESP,TMPRSS11A
ASP,TMPRSS11D
HAT,TMPRSS11D
DESC1,TMPRSS11E
TMPRSS11E2,TMPRSS11E
ENTK,TMPRSS15
MGC133046,TMPRSS15
PRSS7,TMPRSS15
TB4X,TMSB4X
TMSB4,TMSB4X
TMSL4,TMSB4XP4
DJ1071L10.1,TMSB4XP6
TMSB4L,TMSB4XP6
TMSL6,TMSB4XP6
TB4Y,TMSB4Y
TB10,TMSB10
TMSL8,TMSB15A
TMSNB,TMSB15A
MGC39900,TMSB15B
DKFZP762A217,TMTC2
FLJ90492,TMTC3
SMILE,TMTC3
FLJ14624,TMTC4
FLJ22153,TMTC4
C7ORF21,TMUB1
HOPS,TMUB1
SB144,TMUB1
PDIA11,TMX1
TMX,TMX1
TXNDC,TMX1
TXNDC1,TMX1
FLJ20793,TMX3
KIAA1830,TMX3
PDIA13,TMX3
TXNDC10,TMX3
DJ971N18.2,TMX4
KIAA1162,TMX4
PDIA14,TMX4
TXNDC13,TMX4
DIF,TNF
TNF-ALPHA,TNF
TNFA,TNF
TNFSF2,TNF
B12,TNFAIP1
B61,TNFAIP1
BTBD34,TNFAIP1
EDP1,TNFAIP1
MGC2317,TNFAIP1
B94,TNFAIP2
EXOC3L3,TNFAIP2
GG2-1,TNFAIP8
MDC-3.13,TNFAIP8
SCC-S2,TNFAIP8
MGC17791,TNFAIP8L1
FLJ23467,TNFAIP8L2
CD120B,TNFRSF1B
P75,TNFRSF1B
TNF-R-II,TNFRSF1B
TNF-R75,TNFRSF1B
TNFBR,TNFRSF1B
TNFR2,TNFRSF1B
TNFR80,TNFRSF1B
DCR3,TNFRSF6B
M68,TNFRSF6B
TR6,TNFRSF6B
APO2,TNFRSF10A
CD261,TNFRSF10A
DR4,TNFRSF10A
TRAILR-1,TNFRSF10A
TRAILR1,TNFRSF10A
RP11-1149O23.2,TNFRSF10A-AS1
LOC389641,TNFRSF10A-DT
PLACT1,TNFRSF10A-DT
CD262,TNFRSF10B
DR5,TNFRSF10B
KILLER,TNFRSF10B
TRAIL-R2,TNFRSF10B
TRAILR2,TNFRSF10B
TRICK2A,TNFRSF10B
TRICKB,TNFRSF10B
CD263,TNFRSF10C
DCR1,TNFRSF10C
LIT,TNFRSF10C
TRAILR3,TNFRSF10C
TRID,TNFRSF10C
CD264,TNFRSF10D
DCR2,TNFRSF10D
TRAILR4,TNFRSF10D
TRUNDD,TNFRSF10D
CD265,TNFRSF11A
FEO,TNFRSF11A
LOH18CR1,TNFRSF11A
ODFR,TNFRSF11A
PDB2,TNFRSF11A
RANK,TNFRSF11A
TRANCE-R,TNFRSF11A
OCIF,TNFRSF11B
OPG,TNFRSF11B
TR1,TNFRSF11B
CD266,TNFRSF12A
FN14,TNFRSF12A
TWEAKR,TNFRSF12A
CD267,TNFRSF13B
IGAD2,TNFRSF13B
TACI,TNFRSF13B
BAFFR,TNFRSF13C
CD268,TNFRSF13C
ATAR,TNFRSF14
CD270,TNFRSF14
HVEA,TNFRSF14
HVEM,TNFRSF14
LIGHTR,TNFRSF14
TR2,TNFRSF14
ENST00000416860.2,TNFRSF14-AS1
TAJ,TNFRSF19
TAJ-ALPHA,TNFRSF19
TRADE,TNFRSF19
TROY,TNFRSF19
CD358,TNFRSF21
DR6,TNFRSF21
CD252,TNFSF4
GP34,TNFSF4
OX-40L,TNFSF4
TXGP1,TNFSF4
4-1BB-L,TNFSF9
4-1BBL,TNFSF9
CD137L,TNFSF9
APO-2L,TNFSF10
CD253,TNFSF10
TL2,TNFSF10
TRAIL,TNFSF10
CD254,TNFSF11
ODF,TNFSF11
OPGL,TNFSF11
RANKL,TNFSF11
TRANCE,TNFSF11
BAFF,TNFSF13B
BLYS,TNFSF13B
CD257,TNFSF13B
TALL-1,TNFSF13B
TALL1,TNFSF13B
THANK,TNFSF13B
TNFSF20,TNFSF13B
CD258,TNFSF14
HVEM-L,TNFSF14
LIGHT,TNFSF14
LTG,TNFSF14
MGC129934,TNFSF15
MGC129935,TNFSF15
TL1,TNFSF15
TL1A,TNFSF15
VEGI,TNFSF15
VEGI192A,TNFSF15
KIAA0551,TNIK
ABIN-3,TNIP3
FLJ21162,TNIP3
LIND,TNIP3
KOS1,TNK1
ARTD5,TNKS
PARP-5A,TNKS
PARP5A,TNKS
PART5,TNKS
TIN1,TNKS
TINF1,TNKS
TNKS1,TNKS
FLJ45975,TNKS1BP1
KIAA1741,TNKS1BP1
TAB182,TNKS1BP1
BRICD4,TNMD
CHM1L,TNMD
MYODULIN,TNMD
TEM,TNMD
TENDIN,TNMD
CFAP85,TNNC2
FAP85,TNNC2
AMCD2B,TNNI2
DA2B,TNNI2
FSSV,TNNI2
FSTNI,TNNI2
AMCD2B,TNNT3
DA2B,TNNT3
DKFZP779M2348,TNNT3
FSSV,TNNT3
TP2,TNP2
CAGH26,TNRC6A
GW182,TNRC6A
KIAA1460,TNRC6A
TNRC6,TNRC6A
KIAA1093,TNRC6B
TNRC18C,TNRC18P3
C1-TEN,TNS2
KIAA1075,TNS2
TENC1,TNS2
CTEN,TNS4
D6S103E,TNXA
HXBL,TNXA
TNX,TNXA
XA,TNXA
HXBL,TNXB
TN-X,TNXB
TNX,TNXB
TNXB1,TNXB
TNXB2,TNXB
TNXBS,TNXB
XB,TNXB
XBS,TNXB
APRO5,TOB1
TOB,TOB1
TROB,TOB1
TROB1,TOB1
APRO5,TOB2
BK223H9,TOB2
TOB4,TOB2
TOBL,TOB2
TROB2,TOB2
CRESCERIN,TOGARAM1
CRESCERIN-1,TOGARAM1
FAM179B,TOGARAM1
KIAA0423,TOGARAM1
IL-1RACPIP,TOLLIP
TOLLIP-AS1,TOLLIP-DT
SRCASM,TOM1L1
BA613M10.3,TOMM5
C9ORF105,TOMM5
TOM5,TOMM5
OBTP,TOMM6
TOM6,TOMM6
KIAA0016,TOMM20
MAS20,TOMM20
MOM19,TOMM20
TOM20,TOMM20
UNQ9438,TOMM20L
TOM22,TOMM22
HTOM34P,TOMM34
TOM34,TOMM34
KIAA0719,TOMM70
TOM70,TOMM70
TOMM70A,TOMM70
IKBR,TONSL
NFKBIL2,TONSL
TOP2,TOP2A
TOP2ALPHA,TOP2A
TOPIIA,TOP2A
TOP3,TOP3A
ZGRF7,TOP3A
TOP3B2,TOP3BP1
LUN,TOPORS
RP31,TOPORS
TP53BPL,TOPORS
TOPORSLP1,TOPORSLP
FLJ14771,TOR2A
TORP1,TOR2A
C9ORF167,TOR4A
FLJ20245,TOR4A
KIAA0808,TOX
TOX1,TOX
C20ORF100,TOX2
DJ1108D11.2,TOX2
GCX-1,TOX2
CAGF9,TOX3
TNRC9,TOX3
C14ORF92,TOX4
KIAA0737,TOX4
LCP1,TOX4
PIG11,TP53I11
DKFZP434M1317,TP53INP1
FLJ22139,TP53INP1
P53DINP1,TP53INP1
SIP,TP53INP1
TEAP,TP53INP1
TP53INP1A,TP53INP1
TP53INP1B,TP53INP1
C20ORF110,TP53INP2
DJ1181N3.1,TP53INP2
DKFZP434B2411,TP53INP2
DKFZP434O0827,TP53INP2
DOR,TP53INP2
FLJ21759,TP53INP2
FLJ23500,TP53INP2
PINH,TP53INP2
BUD32,TP53RK
C20ORF64,TP53RK
DJ101A2.2,TP53RK
NORI-2P,TP53RK
PRPK,TP53RK
TPRKB,TP53RK
C20ORF10,TP53TG5
CLG01,TP53TG5
DJ453C12.5,TP53TG5
5T4,TPBG
5T4-AG,TPBG
TPC2,TPCN2
D52,TPD52
HD52,TPD52
N8L,TPD52
D54,TPD52L2
HD54,TPD52L2
TPD54,TPD52L2
D55,TPD52L3
NYD-SP25,TPD52L3
TPD55,TPD52L3
C18ORF10,TPGS2
DKFZP586M1523,TPGS2
HST3006,TPGS2
PGS2,TPGS2
FLJ37295,TPH2
NTPH,TPH2
AMCD1,TPM2
DA1,TPM2
NEM4,TPM2
TPM3L2,TPM3P1
DJ1125A11.2,TPM3P2
TPM5P,TPM3P2
TPX,TPO
TPPII,TPP2
P25,TPPP
P25ALPHA,TPPP
TPPP/P25,TPPP
TPPP1,TPPP
C14ORF8,TPPP2
CT152,TPPP2
P18,TPPP2
P25BETA,TPPP2
CGI-38,TPPP3
P20,TPPP3
P25GAMMA,TPPP3
FLJ32197,TPRA1
GPR175,TPRA1
TMEM227,TPRA1
TPRA40,TPRA1
FAM79B,TPRG1
FLJ41238,TPRG1
FLJ43694,TPRG1
CGI-121,TPRKB
CGI121,TPRKB
C9ORF75,TPRN
DFNB79,TPRN
FLJ90254,TPRN
FLJ35107,TPRXL
TPRX3P,TPRXL
TPS1,TPSAB1
TPS2,TPSAB1
TPSB1,TPSAB1
MASTIN,TPSP2
TANGO13A,TPST1
TANGO13B,TPST2
FORTILIN,TPT1
TCTP,TPT1
TPT1P,TPT1P1
FKSG2,TPT1P8
CT44,TPTE
PTEN2,TPTE
TPIP,TPTE2
PSITPTE22,TPTEP1
Z98749.2,TPTEP2
C20ORF1,TPX2
C20ORF2,TPX2
DIL-2,TPX2
FLS353,TPX2
HCA519,TPX2
P100,TPX2
PP2447,TRABD
C2ORF89,TRABD2A
TIKI1,TRABD2A
HS.89862,TRADD
EBI6,TRAF1
RNF117,TRAF2
TRAP3,TRAF2
TRAM,TRAM1
TRAMP,TRAM1
MGC26568,TRAM1L1
KIAA0057,TRAM2
HSP75,TRAP1
HSP90L,TRAP1
BET5,TRAPPC1
MUM2,TRAPPC1
HYP38334,TRAPPC2
MIP-2A,TRAPPC2
SEDL,TRAPPC2
SEDT,TRAPPC2
TRS20,TRAPPC2
ZNF547L,TRAPPC2
SEDLP2,TRAPPC2P2
SEDLP3,TRAPPC2P3
SEDLP4,TRAPPC2P4
SEDLP5,TRAPPC2P5
SEDLP7,TRAPPC2P7
TRAPPC2P3B,TRAPPC2P8
TRAPPC2P4B,TRAPPC2P9
TRAPPC2P5B,TRAPPC2P10
BA259P20.2,TRAPPC3L
BET3L,TRAPPC3L
FLJ11180,TRAPPC3L
PTD009,TRAPPC4
SBDN,TRAPPC4
TRS23,TRAPPC4
MGC52424,TRAPPC5
TRS31,TRAPPC5
HSPC289,TRAPPC6A
MGC2650,TRAPPC6A
TRS33,TRAPPC6A
GSG1,TRAPPC8
HST2706,TRAPPC8
KIAA1012,TRAPPC8
TRS85,TRAPPC8
EHOC-1,TRAPPC10
TMEM1,TRAPPC10
TRS130,TRAPPC10
C4ORF41,TRAPPC11
FLJ12716,TRAPPC11
FOIGR,TRAPPC11
GRY,TRAPPC11
CGI-87,TRAPPC12
TTC-15,TRAPPC12
TTC15,TRAPPC12
C5ORF44,TRAPPC13
FLJ13611,TRAPPC13
MGC48585,TRAPPC13
C7ORF43,TRAPPC14
FLJ10925,TRAPPC14
MAP11,TRAPPC14
BEC-1,TRARG1
DSPB1,TRARG1
IFITMD3,TRARG1
LOST1,TRARG1
TUSC5,TRARG1
HSPC062,TRAT1
TCRIM,TRAT1
TRIM,TRAT1
TCRAV1S1,TRAV1-1
TCRAV7S1,TRAV1-1
TRAV11,TRAV1-1
TCRAV20S1,TRAV4
TCRAV4S1,TRAV4
TCRAV5S1,TRAV6
TCRAV8S5,TRAV8-5
TRAV85,TRAV8-5
TCRAV10S1,TRAV10
TCRAV24S1,TRAV10
TCRAV12S3,TRAV12-3
TCRAV2S2,TRAV12-3
TRAV123,TRAV12-3
HADV14S1,TRAV14DV4
TCRAV6S1-HDV104S1,TRAV14DV4
TRAV14/DV4,TRAV14DV4
TCRAV15S1,TRAV15
TCRAV16S1,TRAV16
TCRAV9S1,TRAV16
TCRAV17S1,TRAV17
TCRAV3S1,TRAV17
TCRAV18S1,TRAV18
TCRAV12S1,TRAV19
TCRAV19S1,TRAV19
TCRAV13S1,TRAV22
TCRAV22S1,TRAV22
TCRAV17S1,TRAV23DV6
TRAV23/DV6,TRAV23DV6
TCRAV25S1,TRAV25
TCRAV32S1,TRAV25
TCRAV26S2,TRAV26-2
TCRAV4S1,TRAV26-2
TRAV262,TRAV26-2
TRAV29/DV5,TRAV29DV5
TCRAV31S1,TRAV31
C14ORF12,TRAV33
TCRAV26S1,TRAV34
TCRAV34S1,TRAV34
TCRAV25S1,TRAV35
TCRAV35S1,TRAV35
TRAV36/DV7,TRAV36DV7
TCRAV14S2,TRAV38-1
TCRAV38S1,TRAV38-1
TRAV381,TRAV38-1
HADV38S2,TRAV38-2DV8
TCRAV14S1,TRAV38-2DV8
TRAV38-2/DV8,TRAV38-2DV8
TRAV382DV8,TRAV38-2DV8
TCRAV27S1,TRAV39
TCRAV39S1,TRAV39
TCRAV31S1,TRAV40
TCRAV40S1,TRAV40
TCRAV19S1,TRAV41
TCRAV41S1,TRAV41
BV05S1J2.2,TRBC1
TCRBC1,TRBC1
TCRBC2,TRBC2
TCRBD1,TRBD1
TCRBJ1S1,TRBJ1-1
TRBJ11,TRBJ1-1
TCRBJ1S2,TRBJ1-2
TRBJ12,TRBJ1-2
TCRBJ1S3,TRBJ1-3
TRBJ13,TRBJ1-3
TCRBJ1S4,TRBJ1-4
TRBJ14,TRBJ1-4
TCRBJ1S5,TRBJ1-5
TRBJ15,TRBJ1-5
TCRBJ1S6,TRBJ1-6
TRBJ16,TRBJ1-6
TCRBJ2S1,TRBJ2-1
TRBJ21,TRBJ2-1
TCRBJ2S2,TRBJ2-2
TRBJ22,TRBJ2-2
TRBJ22P,TRBJ2-2P
TCRBJ2S3,TRBJ2-3
TRBJ23,TRBJ2-3
TCRBJ2S4,TRBJ2-4
TRBJ24,TRBJ2-4
TCRBJ2S5,TRBJ2-5
TRBJ25,TRBJ2-5
TCRBJ2S6,TRBJ2-6
TRBJ26,TRBJ2-6
TCRBJ2S7,TRBJ2-7
TRBJ27,TRBJ2-7
TCRBV1S1P,TRBV1
TCRBV27S1P,TRBV1
TCRBV22S1A2N1T,TRBV2
TCRBV2S1,TRBV2
TCRBV3S1,TRBV3-1
TCRBV9S1A1T,TRBV3-1
TRBV31,TRBV3-1
BV07S1J2.7,TRBV4-1
TCRBV4S1,TRBV4-1
TCRBV7S1A1N2T,TRBV4-1
TRBV41,TRBV4-1
TCRBV4S2,TRBV4-2
TCRBV7S3A2T,TRBV4-2
TRBV42,TRBV4-2
TCRBV5S1,TRBV5-1
TCRBV5S1A1T,TRBV5-1
TRBV51,TRBV5-1
TCRBV31S1,TRBV5-2
TCRBV5S2P,TRBV5-2
TRBV52,TRBV5-2
TCRBV5S3,TRBV5-3
TCRBV5S5P,TRBV5-3
TRBV53,TRBV5-3
TCRBV5S4,TRBV5-4
TCRBV5S6A3N2T,TRBV5-4
TRBV54,TRBV5-4
TCRBV5S3A2T,TRBV5-5
TCRBV5S5,TRBV5-5
TRBV55,TRBV5-5
TCRBV5S2,TRBV5-6
TCRBV5S6,TRBV5-6
TRBV56,TRBV5-6
TCRBV5S7,TRBV5-7
TCRBV5S7P,TRBV5-7
TRBV57,TRBV5-7
TCRBV13S3,TRBV6-1
TCRBV6S1,TRBV6-1
TRBV61,TRBV6-1
TCRBV13S2A1T,TRBV6-2
TCRBV6S2,TRBV6-2
TRBV62,TRBV6-2
TCRBV13S5,TRBV6-4
TCRBV6S4,TRBV6-4
TRBV64,TRBV6-4
TCRBV13S1,TRBV6-5
TCRBV6S5,TRBV6-5
TRBV65,TRBV6-5
TCRBV13S6A2T,TRBV6-6
TCRBV6S6,TRBV6-6
TRBV66,TRBV6-6
TCRBV13S8P,TRBV6-7
TCRBV6S7,TRBV6-7
TRBV67,TRBV6-7
TCRBV13S7P,TRBV6-8
TCRBV6S8,TRBV6-8
TRBV68,TRBV6-8
TCRBV6S7P,TRBV7-1
TCRBV7S1,TRBV7-1
TRBV71,TRBV7-1
TCRBV6S5A1N1,TRBV7-2
TCRBV7S2,TRBV7-2
TRBV72,TRBV7-2
TCRBV6S1A1N1,TRBV7-3
TCRBV7S3,TRBV7-3
TRBV73,TRBV7-3
TCRBV6S8A2T,TRBV7-4
TCRBV7S4,TRBV7-4
TRBV74,TRBV7-4
TCRBV6S9P,TRBV7-5
TCRBV7S5,TRBV7-5
TRBV75,TRBV7-5
TCRBV6S3A1N1T,TRBV7-6
TCRBV7S6,TRBV7-6
TRBV76,TRBV7-6
TCRBV6S6A2T,TRBV7-7
TCRBV7S7,TRBV7-7
TRBV77,TRBV7-7
TCRBV6S4A1,TRBV7-9
TCRBV7S9,TRBV7-9
TRBV79,TRBV7-9
TCRBV30S1P,TRBV8-1
TCRBV8S1P,TRBV8-1
TRBV81,TRBV8-1
TCRBV32S1P,TRBV8-2
TRBV82,TRBV8-2
TCRBV1S1A1N1,TRBV9
TCRBV9S1,TRBV9
TCRBV10S1,TRBV10-1
TCRBV12S2,TRBV10-1
TCRBV12S2A1T,TRBV10-1
TRBV101,TRBV10-1
TCRBV10S2,TRBV10-2
TCRBV12S3,TRBV10-2
TRBV102,TRBV10-2
TCRBV10S3,TRBV10-3
TCRBV12S1A1N2,TRBV10-3
TRBV103,TRBV10-3
TCRBV11S1,TRBV11-1
TCRBV21S1,TRBV11-1
TRBV111,TRBV11-1
TCRBV11S2,TRBV11-2
TCRBV21S3A2N2T,TRBV11-2
TRBV112,TRBV11-2
TCRBV11S3,TRBV11-3
TCRBV21S2A2,TRBV11-3
TRBV113,TRBV11-3
TCRBV12S1,TRBV12-1
TCRBV8S4P,TRBV12-1
TRBV121,TRBV12-1
TCRBV12S2,TRBV12-2
TCRBV8S5P,TRBV12-2
TRBV122,TRBV12-2
TCRBV12S3,TRBV12-3
TCRBV8S1,TRBV12-3
TRBV123,TRBV12-3
TCRBV12S4,TRBV12-4
TCRBV8S2A1T,TRBV12-4
TRBV124,TRBV12-4
TCRBV12S5,TRBV12-5
TCRBV8S3,TRBV12-5
TRBV125,TRBV12-5
TCRBV13S1,TRBV13
TCRBV23S1A2T,TRBV13
TCRBV14S1,TRBV14
TCRBV16S1A1N1,TRBV14
TCRBV15S1,TRBV15
TCRBV24S1A3T,TRBV15
TCRBV16S1,TRBV16
TCRBV25S1A2PT,TRBV16
TCRBV17S1,TRBV17
TCRBV26S1P,TRBV17
TCRBV18S1,TRBV18
TCRBV17S1A1T,TRBV19
TCRBV19S1,TRBV19
TCRBV20S1,TRBV20-1
TCRBV2S1,TRBV20-1
TRBV201,TRBV20-1
TCRBV10S1P,TRBV21-1
TCRBV21S1,TRBV21-1
TRBV211,TRBV21-1
TCRBV10O,TRBV21OR9-2
TCRBV10S2O,TRBV21OR9-2
TCRBV21S2,TRBV21OR9-2
TRBV21/OR9-2,TRBV21OR9-2
TCRBV22S1,TRBV22-1
TCRBV29S1P,TRBV22-1
TRBV22,TRBV22-1
TCRBV22S2,TRBV22OR9-2
TCRBV29S2O,TRBV22OR9-2
TRBV22/OR9-2,TRBV22OR9-2
TCRBV19S1P,TRBV23-1
TCRBV23S1,TRBV23-1
TRBV231,TRBV23-1
TCRBV19S2O,TRBV23OR9-2
TCRBV23S2,TRBV23OR9-2
TRBV23/OR9-2,TRBV23OR9-2
TRBV23OR92,TRBV23OR9-2
TCRBV15S1,TRBV24-1
TCRBV24S1,TRBV24-1
TRBV241,TRBV24-1
TCRBV15O,TRBV24OR9-2
TCRBV15S2O,TRBV24OR9-2
TCRBV24S2,TRBV24OR9-2
TRBV24/OR9-2,TRBV24OR9-2
TCRBV11S1A1T,TRBV25-1
TCRBV25S1,TRBV25-1
TRBV251,TRBV25-1
TCRBV11O,TRBV25OR9-2
TCRBV11S2O,TRBV25OR9-2
TCRBV25S2,TRBV25OR9-2
TRBV25/OR9-2,TRBV25OR9-2
TCRBV26S1,TRBV26
TCRBV28S1P,TRBV26
TCRBV26S2,TRBV26OR9-2
TCRBV28S2,TRBV26OR9-2
TCRBV28S2O,TRBV26OR9-2
TRBV26/OR9-2,TRBV26OR9-2
TCRBV14S1,TRBV27
TCRBV27S1,TRBV27
TCRBV28S1,TRBV28
TCRBV3S1,TRBV28
TCRBV29S1,TRBV29-1
TCRBV4S1A1T,TRBV29-1
TRBV291,TRBV29-1
TCRBV29S2,TRBV29OR9-2
TCRBV4O,TRBV29OR9-2
TCRBV4S2O,TRBV29OR9-2
TRBV29/OR9-2,TRBV29OR9-2
TCRBV20S1A1N2,TRBV30
TCRBV30S1,TRBV30
TCRBV33S1,TRBVA
TCRBV34S1,TRBVB
DNMT2,TRDMT1
RNMT1,TRDMT1
HDV101S1,TRDV1
HDV102S1,TRDV2
MGC117421,TRDV2
HDV103S1,TRDV3
MGC129621,TREH
TRE,TREH
TREA,TREH
CD354,TREM1
TREM-1,TREM1
TREM-2,TREM2
TREM2A,TREM2
TREM2B,TREM2
TREM2C,TREM2
C6ORF76,TREML2
DJ238O23.1,TREML2
FLJ13693,TREML2
TLT2,TREML2
TLT4,TREML4
TLT5,TREML5P
TREML2P,TREML5P
TREML2P1,TREML5P
LINC00651,TRERNA1
NCRNA-A7,TRERNA1
TRERNA,TRERNA1
HSPC132,TRIAP1
MDM35,TRIAP1
P53CSV,TRIAP1
WF-1,TRIAP1
BA748L13.4,TRIAP1P1
C10ORF135,TRIAP1P1
C8FW,TRIB1
GIG2,TRIB1
TRB1,TRIB1
C20ORF97,TRIB3
DJ1103G7.3,TRIB3
TRB3,TRIB3
KIAA0644,TRIL
CMT2R,TRIM2
KIAA0517,TRIM2
RNF86,TRIM2
RNF89,TRIM6
RNF91,TRIM9
SPRING,TRIM9
HERF1,TRIM10
RFB30,TRIM10
RNF9,TRIM10
DLEU5,TRIM13
LEU5,TRIM13
RFP2,TRIM13
RNF77,TRIM13
RNF93,TRIM15
ZNF178,TRIM15
ZNFB7,TRIM15
ARD1,TRIM23
ARFD1,TRIM23
RNF46,TRIM23
HTIF1,TRIM24
RNF82,TRIM24
TIF1,TRIM24
TIF1A,TRIM24
RNF95,TRIM26
ZNF173,TRIM26
EM:AB023053.1,TRIM26BP
TRIM26P,TRIM26BP
TRIM26P1,TRIM26BP
RFP,TRIM27
RNF76,TRIM27
ATDC,TRIM29
FLJ36085,TRIM29
C6ORF13,TRIM31
HCG1,TRIM31
HCGI,TRIM31
RNF,TRIM31
BBS11,TRIM32
HT2A,TRIM32
LGMD2H,TRIM32
TATIP,TRIM32
RNF21,TRIM34
HLS5,TRIM35
KIAA1098,TRIM35
MAIR,TRIM35
HAPRIN,TRIM36
RBCC728,TRIM36
RNF98,TRIM36
RNF15,TRIM38
RORET,TRIM38
RNF23,TRIM39
RNF35,TRIM40
FLJ40097,TRIM42
PPP1R40,TRIM42
T4A1,TRIM42
TRIM43A,TRIM43
DIPB,TRIM44
MC7,TRIM44
FLJ13181,TRIM45
RNF99,TRIM45
GOA,TRIM47
RNF100,TRIM47
RNF101,TRIM48
RNF18,TRIM49
TRIM49A,TRIM49
SPRYD5,TRIM51
TRIM51A,TRIM51
SPRYD5P,TRIM51BP
SPRYD5P1,TRIM51BP
TRIM53B,TRIM53BP
TRIM53L,TRIM53BP
TRIM80P,TRIM53BP
MURF-2,TRIM55
RNF29,TRIM55
FLJ35882,TRIM60
RNF129,TRIM60
RNF33,TRIM60
TRIM60P3,TRIM60P3Y
TRIM60PY3,TRIM60P3Y
TRIM60P5,TRIM60P5Y
TRIM60PY5,TRIM60P5Y
TRIM60P8,TRIM60P8Y
TRIM60PY8,TRIM60P8Y
TRIM60P9,TRIM60P9Y
TRIM60PY9,TRIM60P9Y
TRIM60P10,TRIM60P10Y
TRIM60PY10,TRIM60P10Y
TRIM60P11,TRIM60P11Y
TRIM60PY11,TRIM60P11Y
RNF36,TRIM69
TRIF,TRIM69
TRIMLESS,TRIM69
LIN-41,TRIM71
LIN41,TRIM71
TRIM77P,TRIM77
FLJ36180,TRIML1
RNF209,TRIML1
DFNB28,TRIOBP
HRIHFB2122,TRIOBP
KIAA1662,TRIOBP
TAP68,TRIOBP
TARA,TRIOBP
ASC-1,TRIP4
HST17391,TRIP4
ZC2HC5,TRIP4
CIP4,TRIP10
HSTP,TRIP10
STOT,TRIP10
STP,TRIP10
CEV14,TRIP11
GMAP-210,TRIP11
GMAP210,TRIP11
TRIP230,TRIP11
C8ORF83,TRIQK
DKFZP779L1068,TRIQK
LOC286144,TRIQK
PRO0845,TRIQK
C19ORF43,TRIR
FSAP18,TRIR
MGC2803,TRIR
TERCIR,TRIR
C9ORF156,TRMO
HSPC219,TRMO
C1ORF25,TRMT1L
HTF9C,TRMT2A
CXORF34,TRMT2B
FLJ12687,TRMT2B
CGI-09,TRMT6
GCD10,TRMT6
GCD10P,TRMT6
MGC5029,TRMT6
C8ORF79,TRMT9B
FLJ36980,TRMT9B
HTRM9L,TRMT9B
KIAA1456,TRMT9B
TRM9L,TRMT9B
MGC27034,TRMT10A
RG9MTD2,TRMT10A
TRM10,TRMT10A
BA3J10.9,TRMT10B
FLJ31455,TRMT10B
RG9MTD3,TRMT10B
C6ORF75,TRMT11
DJ187J11.2,TRMT11
MDS024,TRMT11
TRM11,TRMT11
TRMT11-1,TRMT11
FLJ20772,TRMT12
TRM12,TRMT12
TYW2,TRMT12
C4ORF23,TRMT44
FLJ35725,TRMT44
METTL19,TRMT44
TRM44,TRMT44
C14ORF172,TRMT61A
FLJ40452,TRMT61A
GCD14,TRMT61A
GCD14P,TRMT61A
HTRM61,TRMT61A
FLJ10140,TRMU
MTO2,TRMU
MTU1,TRMU
TRMT,TRMU
KIAA1114,TRO
MAGE-D3,TRO
MAGED3,TRO
ANKTM1,TRPA1
HTRP4,TRPC4
TRP4,TRPC4
C20ORF188,TRPC4AP
DJ756N5.2,TRPC4AP
DKFZP586C1223,TRPC4AP
DKFZP727M231,TRPC4AP
PPP1R158,TRPC4AP
TRRP4AP,TRPC4AP
PPP1R159,TRPC5
FSGS2,TRPC6
TRP6,TRPC6
TRPC6L,TRPC6P1
TRPC6P,TRPC6P1
CSNB1C,TRPM1
LTRPC1,TRPM1
MLSN1,TRPM1
EREG1,TRPM2
KNP3,TRPM2
LTRPC2,TRPM2
NUDT9H,TRPM2
NUDT9L1,TRPM2
TRPC7,TRPM2
TRPM2-AS1,TRPM2-AS
CHAK2,TRPM6
FLJ22628,TRPM6
HOMG,TRPM6
HSH,TRPM6
CHAK1,TRPM7
LTRPC7,TRPM7
TRP-PLIK,TRPM7
GC79,TRPS1
LGCR,TRPS1
AF178030.2,TRPS1-AS1
MGC11134,TRPT1
CMT2C,TRPV4
OTRPC4,TRPV4
TRP12,TRPV4
VR-OAC,TRPV4
VRL-2,TRPV4
VROAC,TRPV4
CAT2,TRPV5
ECAC1,TRPV5
CAT1,TRPV6
ECAC2,TRPV6
CLONE24922,TRUB2
C6ORF10,TSBP1
TSBP,TSBP1
XXBAC-BPG154L12.4,TSBP1-AS1
MGC17597,TSC22D1
TGFB1I4,TSC22D1
TSC22,TSC22D1
DIP,TSC22D3
DSIPI,TSC22D3
GILZ,TSC22D3
HDIP,TSC22D3
TSC-22R,TSC22D3
LENG5,TSEN34
SEN34,TSEN34
SEN34L,TSEN34
EF-TS,TSFM
EF-TSMT,TSFM
CEP4L,TSGA10
CT79,TSGA10
LGR3,TSHR
NY-CO-33,TSHZ1
SDCCAG33,TSHZ1
TSH1,TSHZ1
C20ORF17,TSHZ2
OVC10-2,TSHZ2
TSH2,TSHZ2
ZABC2,TSHZ2
ZNF218,TSHZ2
KIAA1474,TSHZ3
TSH3,TSHZ3
ZNF537,TSHZ3
PPP1R161,TSKS
TSSKS,TSKS
FLJ31164,TSNARE1
FLJ12082,TSPAN2
TSN2,TSPAN2
TSPAN-2,TSPAN2
NET-4,TSPAN5
TM4SF9,TSPAN5
TSPAN-5,TSPAN5
A15,TSPAN7
CD231,TSPAN7
DXS1692E,TSPAN7
MRX58,TSPAN7
MXS1,TSPAN7
TALLA-1,TSPAN7
TM4SF2,TSPAN7
CO-029,TSPAN8
TM4SF3,TSPAN8
NET-2,TSPAN12
TM4SF12,TSPAN12
NET-6,TSPAN13
TM4SF13,TSPAN13
NET-7,TSPAN15
TM4SF15,TSPAN15
FBX23,TSPAN17
FBXO23,TSPAN17
TM4SF17,TSPAN17
TSPAN,TSPAN18
SAS,TSPAN31
C21ORF29,TSPEAR
DFNB98,TSPEAR
MGC11251,TSPEAR
TSP-EAR,TSPEAR
C21ORF90,TSPEAR-AS2
BZRP,TSPO
DBI,TSPO
IBP,TSPO
MBR,TSPO
MDRC,TSPO
PBR,TSPO
PK18,TSPO
PKBS,TSPO
TSPO1,TSPO
BZRPL1,TSPO2
DJ34B21.2,TSPO2
CT78,TSPY1
TSPY,TSPY1
TSPYQ1,TSPY2
CT78,TSPY3
TSPYP5,TSPY5P
TSPYP6,TSPY6P
TSPYP7,TSPY7P
TSPY9P,TSPY9
TSPYP1,TSPY11P
TSPYP2,TSPY12P
TSPYP3,TSPY13P
TSPYP4,TSPY14P
BA392M18.1,TSPY26P
TSPYL3,TSPY26P
TSPYL,TSPYL1
CDA1,TSPYL2
CINAP,TSPYL2
CTCL,TSPYL2
DENTT,TSPYL2
HRIHFB2216,TSPYL2
SE20-4,TSPYL2
TSPX,TSPYL2
DJ486I3.2,TSPYL4
KIAA0721,TSPYL4
KIAA1750,TSPYL5
FLJ10534,TSR1
DT1P1A10,TSR2
RP1-112K5.2,TSR2
WGG1,TSR2
C16ORF42,TSR3
MGC24381,TSR3
SPOGA1,TSSK1A
STK22A,TSSK1A
TSSK1,TSSK1A
TSSK1AP,TSSK1A
TSSK7P,TSSK1A
FLJ38613,TSSK2
SPOGA2,TSSK2
STK22B,TSSK2
C14ORF20,TSSK4
STK22E,TSSK4
TSSK5P1,TSSK5P
TSSK5P2,TSSK5P
TSSKPS1,TSSK5P
CT72,TSSK6
FLJ24002,TSSK6
SSTK,TSSK6
RDS,TST
C9ORF97,TSTD2
PP4189,TSTD2
DCRR1,TTC3
RNF105,TTC3
TPRD,TTC3
TPRDI,TTC3
TPRDII,TTC3
TPRDIII,TTC3
RNF105L,TTC3P1
TTC3L,TTC3P1
CNS1,TTC4
FLJ41930,TTC4
MGC5097,TTC4
STRAP,TTC5
TTC7L1,TTC7B
BBS8,TTC8
RP51,TTC8
KIAA0227,TTC9
TTC9A,TTC9
MGC29649,TTC9C
FLJ32780,TTC16
FLJ20619,TTC22
KIAA1043,TTC28
KIAA1648,TTC28-AS1
TTC28-AS,TTC28-AS1
TTC28AS,TTC28-AS1
NYD-SP14,TTC29
OSRF,TTC33
FLJ20699,TTC38
C18ORF17,TTC39C
FLJ33761,TTC39C
HST2697,TTC39C
GNNP,TTC41P
HUF2,TTF2
ZGRF6,TTF2
KIAA0406,TTI1
SMG-10,TTI1
C8ORF41,TTI2
FLJ23263,TTI2
CT96,TTK
MPH1,TTK
MPS1,TTK
MPS1L1,TTK
C22ORF7,TTLL1
PGS3,TTLL1
TPGS3,TTLL1
C6ORF104,TTLL2
DJ366N23.3,TTLL2
NYD-TSPG,TTLL2
KIAA0998,TTLL5
STAMP,TTLL5
FLJ23033,TTLL7
C20ORF125,TTLL9
DJ310O13.1,TTLL9
BA244O19.1,TTLL11
C9ORF148,TTLL11
C9ORF20,TTLL11
TTLL11-IT1,TTLL11
KIAA0153,TTLL12
AVED,TTPA
C20ORF121,TTPAL
DJ179M20.3,TTPAL
CTS,TTR
CTS1,TTR
HST2651,TTR
PALB,TTR
LINC00033,TTTY1
NCRNA00033,TTTY1
TTY1,TTTY1
LINC00109,TTTY2
TTY2,TTTY2
LINC00121,TTTY3
TTTY3A,TTTY3
TTY3,TTTY3
LNCRNA00122,TTTY3B
LINC00123,TTTY4
TTTY4A,TTTY4
TTY4,TTTY4
LINC00124,TTTY4B
LINC00125,TTTY4C
LINC00126,TTTY5
TTY5,TTTY5
LINC00127,TTTY6
TTTY6A,TTTY6
TTY6,TTTY6
LINC00128,TTTY6B
LINC00129,TTTY7
TTTY7A,TTTY7
NCRNA00215,TTTY7B
LINC00130,TTTY8
NCRNA00130,TTTY8
TTY8,TTTY8
NCRNA00217,TTTY8B
NCRNA00131,TTTY9A
TTTY9,TTTY9A
TTY9,TTTY9A
NCRNA00132,TTTY9B
NCRNA00133,TTTY10
NCRNA00134,TTTY11
TTY11,TTTY11
NCRNA00135,TTTY12
TTY11,TTTY12
NCRNA00136,TTTY13
TTY13,TTTY13
CYORF14,TTTY14
NCRNA00137,TTTY14
NCRNA00185,TTTY14
PRO2834,TTTY14
TTY14,TTTY14
NCRNA00140,TTTY17A
TTTY17,TTTY17A
NCRNA00141,TTTY17B
NCRNA00142,TTTY17C
NCRNA00143,TTTY18
NCRNA00144,TTTY19
NCRNA00145,TTTY20
NCRNA00146,TTTY21
NCRNA00147,TTTY22
NCRNA00148,TTTY23
RD5,TUB
K-ALPHA-1,TUBA1B
BA408E5.3,TUBA3C
TUBA2,TUBA3C
TUBAL2,TUBA8
FLJ21665,TUBAL3
TUBAP,TUBAP1
TUBA8P2,TUBAP4
M40,TUBB
MGC16435,TUBB
OK/SW-CL.56,TUBB
TUBB5,TUBB
DJ543J19.4,TUBB1
DJ40E16.7,TUBB2A
TUBB,TUBB2A
TUBB2,TUBB2A
BA506K6.1,TUBB2B
DKFZP566F223,TUBB2B
MGC8685,TUBB2B
BETA-5,TUBB4A
DYT4,TUBB4A
TUBB4,TUBB4A
BETA2,TUBB4B
TUBB2C,TUBB4B
HST1601,TUBB6
MGC4083,TUBB6
TUBB4Q,TUBB7P
BA631M21.2,TUBB8
TUBB8P12,TUBB8B
DJ142L7.2,TUBE1
FLJ22589,TUBE1
TUBE,TUBE1
ALP4,TUBGCP2
GCP2,TUBGCP2
HGCP2,TUBGCP2
SPBC97,TUBGCP2
SPC97P,TUBGCP2
GCP3,TUBGCP3
SPBC98,TUBGCP3
SPC98P,TUBGCP3
GCP5,TUBGCP5
KIAA1899,TUBGCP5
DJ402G11.6,TUBGCP6
GCP6,TUBGCP6
KIAA1669,TUBGCP6
EF-TUMT,TUFM
EFTU,TUFM
TUFML,TUFMP1
FLJ20618,TUG1
LINC00080,TUG1
NCRNA00080,TUG1
LCA15,TULP1
RP14,TULP1
TUBL1,TULP1
KIAA1397,TULP4
TUSP,TULP4
CCDC89B,TUSC1
TSG-9,TUSC1
C3ORF11,TUSC2
FUS1,TUSC2
PAP,TUSC2
PDAP2,TUSC2
TUSC2P,TUSC2P1
LINC01071,TUSC8
XLOC_010588,TUSC8
KIAA0191,TUT4
PAPD3,TUT4
TENT3A,TUT4
ZCCHC11,TUT4
FLJ13409,TUT7
KIAA1711,TUT7
PAPD6,TUT7
TENT3B,TUT7
ZCCHC6,TUT7
FAM18A,TVP23A
YDR084C,TVP23A
CGI-148,TVP23B
FAM18B,TVP23B
FAM18B1,TVP23B
YDR084C,TVP23B
A6PS2,TWF1P2
PTK9P2,TWF1P2
ACS3,TWIST1
BHLHA38,TWIST1
BPES2,TWIST1
BPES3,TWIST1
CRS,TWIST1
CRS1,TWIST1
H-TWIST,TWIST1
SCS,TWIST1
TWIST,TWIST1
BHLHA39,TWIST2
DERMO-1,TWIST2
DERMO1,TWIST2
C10ORF2,TWNK
FLJ21832,TWNK
IOSCA,TWNK
PEO,TWNK
PEO1,TWNK
TWINKLE,TWNK
TWINL,TWNK
TSG,TWSG1
CYORF15A,TXLNGY
CYORF15B,TXLNGY
TRX,TXN
TRX80,TXN
MT-TRX,TXN2
SPTRX1,TXNDC2
ENDOPDI,TXNDC5
ERP46,TXNDC5
FLJ21353,TXNDC5
FLJ90810,TXNDC5
HCC-2,TXNDC5
MGC3178,TXNDC5
PDIA15,TXNDC5
BA427L11.2,TXNDC8
SPTRX-3,TXNDC8
TRX6,TXNDC8
AC007613.1,TXNDC11-AS1
AGR1,TXNDC12
ERP18,TXNDC12
ERP19,TXNDC12
HAG-1,TXNDC12
PDIA16,TXNDC12
TLP19,TXNDC12
2310047H23RIK,TXNDC15
C5ORF14,TXNDC15
FLJ22625,TXNDC15
KIAA1344,TXNDC16
MGC14353,TXNDC17
TRP14,TXNDC17
TXNL5,TXNDC17
TRP32,TXNL1
TXL,TXNL1
TXNL,TXNL1
DIB1,TXNL4A
DIM1,TXNL4A
HST161,TXNL4A
SNRNP15,TXNL4A
TXNL4,TXNL4A
U5-15KD,TXNL4A
SELZ,TXNRD2
TR,TXNRD2
TR3,TXNRD2
TRXR2,TXNRD2
ECGF1,TYMP
MNGIE,TYMP
HST422,TYMS
TMS,TYMS
TS,TYMS
TSASE,TYMS
C18ORF56,TYMSOS
OCA1,TYR
OCA1A,TYR
OCAIA,TYR
BRT,TYRO3
DTK,TYRO3
ETK-2,TYRO3
REK,TYRO3
RSE,TYRO3
SKY,TYRO3
TIF,TYRO3
B-PROTEIN,TYRP1
CAS2,TYRP1
CATB,TYRP1
GP75,TYRP1
OCA3,TYRP1
TRP,TYRP1
TYRP,TYRP1
MGC34695,TYSND1
NET41,TYSND1
RN,U2AF1
RNU2AF1,U2AF1
U2AF35,U2AF1
U2AFBP,U2AF1
MGC33901,U2AF1L4
U2AF1L3,U2AF1L4
U2AF26,U2AF1L4
FSAPA,U2SURP
SR140,U2SURP
FLJ10128,UACA
KIAA1561,UACA
A1S9T,UBA1
CFAP124,UBA1
GXP1,UBA1
POC20,UBA1
UBE1,UBA1
UBE1X,UBA1
FLJ13058,UBA2
HRIHFB2115,UBA2
SAE2,UBA2
FLJ10808,UBA6
UBE1L2,UBA6
FLJ30548,UBAC2
PHGDHL1,UBAC2
RP11-178C10.1,UBAC2
FAM100A,UBALD1
UBAP,UBAP1
BA176F3.5,UBAP2
FLJ22435,UBAP2
KIAA1491,UBAP2
CLIP4,UBASH3A
STS-2,UBASH3A
TULA,UBASH3A
KIAA1959,UBASH3B
STS-1,UBASH3B
TULA-2,UBASH3B
TULA2,UBASH3B
FAT10,UBD
DJ994E9.3,UBDP1
HHR6A,UBE2A
HR6A,UBE2A
RAD6A,UBE2A
UBC2,UBE2A
UBCH10,UBE2C
E2(17)KB1,UBE2D1
SFT,UBE2D1
UBC4/5,UBE2D1
UBCH5,UBE2D1
UBCH5A,UBE2D1
RP4-680N4,UBE2D3P1
UBE2D3P,UBE2D3P1
UBE2D5P,UBE2D3P1
UBCH9,UBE2E3
UBCM2,UBE2E4P
UBC7,UBE2G2
UBE2HP,UBE2HP1
UBC9,UBE2I
CGI-76,UBE2J1
HSPC153,UBE2J1
NCUBE1,UBE2J1
UBC6,UBE2J1
UBCH7,UBE2L3
UBE2L5P,UBE2L5
MGC8489,UBE2N
UBC13,UBE2N
UBCH-BEN,UBE2N
E2-230K,UBE2O
FLJ43276,UBE2Q2P1
UBE2QP1,UBE2Q2P1
UBE2Q2P3,UBE2Q2P2
UBE2QP2,UBE2Q2P2
UBE2Q2PY1,UBE2Q2P4Y
UBE2Q2PY2,UBE2Q2P5Y
UBE2Q2L,UBE2Q2P16
FLJ25076,UBE2QL1
CDC34B,UBE2R2
FLJ20419,UBE2R2
MGC10481,UBE2R2
UBC3B,UBE2R2
E2-EPF,UBE2S
CROC-1,UBE2V1
CROC1,UBE2V1
UBE2V,UBE2V1
UEV-1,UBE2V1
UEV1A,UBE2V1
DJ687F11.3,UBE2V1P1
FLJ11011,UBE2W
UBC-16,UBE2W
UBE2WP,UBE2WP1
FLJ13855,UBE2Z
USE1,UBE2Z
ANCR,UBE3A
AS,UBE3A
E6-AP,UBE3A
EPVE6AP,UBE3A
FLJ26981,UBE3A
HPVE6A,UBE3A
C6ORF157,UBE3D
DKFZP434A1520,UBE3D
H10BH,UBE3D
UBE2CBP,UBE3D
YJR141W,UBE3D
E4,UBE4A
KIAA0126,UBE4A
UBOX2,UBE4A
UFD2,UBE4A
E4,UBE4B
KIAA0684,UBE4B
UBOX3,UBE4B
UFD2,UBE4B
FLJ38870,UBFD1
FLJ42145,UBFD1
UBPH,UBFD1
DKFZP434K151,UBL3
FLJ32018,UBL3
HCG-1,UBL3
PNSC1,UBL3
DXS254E,UBL4A
GDX,UBL4A
GET5,UBL4A
MDY2,UBL4A
TMA24,UBL4A
UBL4,UBL4A
BMSC-UBP,UBL7
MGC14421,UBL7
UBL7-AS1,UBL7-DT
KIAA0860,UBOX5
RNF37,UBOX5
UBCE7IP5,UBOX5
UIP5,UBOX5
DA41,UBQLN1
DSK2,UBQLN1
PLIC-1,UBQLN1
XDRP1,UBQLN1
UBQLN1P,UBQLN1P1
CHAP1,UBQLN2
CHAP1/DSK2,UBQLN2
DSK2,UBQLN2
LIC-2,UBQLN2
N4BP4,UBQLN2
PLIC-2,UBQLN2
PLIC2,UBQLN2
RIHFB2157,UBQLN2
TUP-1,UBQLN3
C3ORF12,UBQLN4P1
UBQLN4P,UBQLN4P1
MGC20470,UBQLNL
MGC26958,UBQLNL
BA49A4.1,UBR2
C6ORF133,UBR2
DJ392M17.3,UBR2
KIAA0349,UBR2
DD5,UBR5
EDD,UBR5
EDD1,UBR5
HYD,UBR5
KIAA0896,UBR5
UBR5-AS1,UBR5-DT
C14ORF130,UBR7
DC-UBP,UBTD2
MGC30022,UBTD2
UBXD4,UBXN2A
P37,UBXN2B
UBXD1,UBXN6
UBXDC2,UBXN6
KIAA0794,UBXN7
UBXD7,UBXN7
D8S2298E,UBXN8
REP8,UBXN8
UBXD6,UBXN8
CUDR,UCA1
LINC00178,UCA1
ONCO-LNCRNA-36,UCA1
UCAT1,UCA1
FLJ12255,UCK1
URK1,UCK1
UMPK,UCK2
FLJ20517,UCKL1
URKL1,UCKL1
FLJ46647,UCKL1-AS1
UCKL1-AS,UCKL1-AS1
UCKL1AS,UCKL1-AS1
UCKL1OS,UCKL1-AS1
SPC,UCN3
UCNIII,UCN3
SLC25A7,UCP1
UCP,UCP1
SLC25A9,UCP3
UFD1L,UFD1
BA131P10.1,UFM1
C13ORF20,UFM1
UFM1P1,UFM1P3
GCS,UGCG
GDH,UGDH
UDP-GLCDH,UGDH
UDPGDH,UGDH
UGD,UGDH
HUGT1,UGGT1
UGCGL1,UGGT1
FLJ10873,UGGT2
FLJ11485,UGGT2
HUGT2,UGGT2
MGC117360,UGGT2
MGC150689,UGGT2
MGC87276,UGGT2
UGCGL2,UGGT2
FLJ21934,UGT2A3
UGT2B9,UGT2B7
UGT2B8,UGT2B15
FLJ34658,UGT3A1
CGT,UGT8
MGC33463,UHRF2
NIRF,UHRF2
RNF107,UHRF2
TDRD23,UHRF2
URF2,UHRF2
RAET1I,ULBP1
RAET1N,ULBP3
ATG1B,ULK2
KIAA0623,ULK2
UNC51.2,ULK2
DKFZP434C131,ULK3
FLJ90566,ULK3
FAM7A2,ULK4P2
C21ORF128,UMODL1-AS1
FLJ33471,UMODL1-AS1
MGC34763,UNC5CL
ZUD,UNC5CL
KIAA1777,UNC5D
UNC5H4,UNC5D
DKFZP547H074,UNC13C
MUNC13-3,UNC13C
KIAA1409,UNC79
DJ366N23.1,UNC93A
DJ366N23.2,UNC93A
UNC93B2P,UNC93B2
UNC93B3P,UNC93B3
HRG4,UNC119
POC7,UNC119
POC7A,UNC119
UNCX4.1,UNCX
KIAA1753,UNK
ZC3H5,UNK
ZC3HDC5,UNK
C16ORF28,UNKL
FLJ23360,UNKL
ZC3H5L,UNKL
ZC3HDC5L,UNKL
BUP1,UPB1
HUPF3A,UPF3A
RENT3A,UPF3A
UPF3,UPF3A
HUPF3B,UPF3B
MRX62,UPF3B
MRX82,UPF3B
RENT3B,UPF3B
UPF3BP1,UPF3B
UPF3BP2,UPF3B
UPF3BP3,UPF3B
UPF3X,UPF3B
TSPAN20,UPK1B
UPK1,UPK1B
UPK3,UPK3A
FLJ32198,UPK3B
MGC10902,UPK3B
P35,UPK3B
UPIIIB,UPK3B
UPK3BL,UPK3BL1
UPLP,UPK3BL1
DKFZP781E1243,UPRT
FUR1,UPRT
MGC23937,UPRT
RP11-311P8.3,UPRT
BFZB,UQCC1
C20ORF44,UQCC1
CBP3,UQCC1
FLJ10850,UQCC1
UQCC,UQCC1
HSPC051,UQCR10
QCR9,UQCR10
UCCR7.2,UQCR10
UCRC,UQCR10
QCR7,UQCRB
QP-C,UQCRB
UQBP,UQCRB
UQCR6,UQCRB
QCR2,UQCRC2
UQCR2,UQCRC2
RIP1,UQCRFS1
RIS1,UQCRFS1
RISP,UQCRFS1
UQCR5,UQCRFS1
UQCRFSL1,UQCRFS1P1
EM:AF129756.18,UQCRHP1
UQCRHP5,UQCRHP1
PRHOXNB,URAD
C21ORF108,URB1
KIAA0539,URB1
NPA1,URB1
C21ORF119,URB1-AS1
MGC14136,URB1-AS1
PRED84,URB1-AS1
C19ORF2,URI1
FLJ10575,URI1
NNX3,URI1
PPP1R19,URI1
RMP,URI1
URI,URI1
C9ORF74,URM1
MGC2668,URM1
USF1P,USF1P1
AIEBP,USHBP1
FLJ38709,USHBP1
MCC2,USHBP1
P115,USO1
TAP,USO1
VDP,USO1
KIAA0019,USP6NL
RN-TRE,USP6NL
RNTRE,USP6NL
TRE2NL,USP6NL
USP6NL-IT1,USP6NL
HUMORF8,USP8
KIAA0055,USP8
SPG59,USP8
UBPY,USP8
D84394.7,USP8P1
KIAA0055-HOM,USP8P1
USP8P,USP8P1
AZFA,USP9Y
DFFRY,USP9Y
CDY24P,USP9YP6
KIAA0190,USP10
UBPO,USP10
UHX1,USP11
USP12L1,USP12
USP12-AS2,USP12-DT
UBH1,USP12P1
USP12,USP12P1
USP12P2,USP12PX
USP12P3,USP12PY
TGT,USP14
UBP6,USP14
KIAA0529,USP15
UNPH4,USP15
UBP-M,USP16
DUB3,USP17L2
USP17B,USP17L3
USP17F,USP17L3
DUB4,USP17L6P
USP17L6,USP17L6P
VDUB4,USP17L6P
RS447,USP17L9P
USP17,USP17L9P
USP21,USP25
USP27,USP27X
USP27X-AS1,USP27X-DT
FLJ40511,USP30
MGC10702,USP30
KIAA0570,USP34
KIAA0729,USP34
FLJ30626,USP43
FLJ14528,USP44
MGC14793,USP45
USP46-AS1,USP46-DT
BA137L10.3,USP54
BA137L10.4,USP54
C10ORF29,USP54
FLJ37318,USP54
BA121O19.1,USPL1
C13ORF22,USPL1
D13S106E,USPL1
2OST,UST
CRLZ1,UTP3
DKFZP761F222,UTP3
FLJ23256,UTP3
SAS10,UTP3
CIRH1A,UTP4
CIRHIN,UTP4
FLJ14728,UTP4
KIAA1988,UTP4
NAIC,UTP4
TEX292,UTP4
C17ORF40,UTP6
HCA66,UTP6
NY-CO-16,UTP14A
SDCCAG16,UTP14A
UTP14,UTP14A
2700066J21RIK,UTP14C
KIAA0266,UTP14C
FLJ12787,UTP15
FLJ23637,UTP15
NET21,UTP15
CGI-48,UTP18
WDR50,UTP18
1A6/DRIM,UTP20
DRIM,UTP20
C8ORF53,UTP23
MGC14595,UTP23
KDM6AL,UTY
KDM6C,UTY
VPS38,UVRAG
KIAA1530,UVSSA
ARPIKFYVE,VAC14
FLJ10305,VAC14
TAX1BP2,VAC14
SYBL1,VAMP7
TI-VAMP,VAMP7
VAMP-7,VAMP7
HVAP-33,VAPA
VAP-A,VAPA
ALS8,VAPB
VAP-B,VAPB
VAP-C,VAPB
VARS,VARS1
VARS2,VARS1
DKFZP434L1435,VARS2
G7A,VARS2
KIAA1885,VARS2
VARS2L,VARS2
VARSL,VARS2
KIAA1036,VASH1
SLITL2,VASN
KIAA1576,VAT1L
VAV,VAV1
PFD3,VBP1
PFDN3,VBP1
CD106,VCAM1
CSPG2,VCAN
PG-M,VCAN
CDC48,VCP
IBMPFD,VCP
P97,VCP
TERA,VCP
DUBA3,VCPIP1
FLJ23132,VCPIP1
KIAA1850,VCPIP1
VCIP135,VCPIP1
C14ORF138,VCPKMT
METTL21D,VCPKMT
VCP-KMT,VCPKMT
VCX-10R,VCX
VCX-B1,VCX
VCX1,VCX
VCX10R,VCX
VCX-2R,VCX2
VCX-8R,VCX3A
VCX-A,VCX3A
VCX3,VCX3A
VCX-C,VCX3B
BPY1,VCY
VCY1,VCY
VCY1A,VCY
BPY1B,VCY1B
VDAC1P,VDAC1P1
VDAC1LP,VDAC1P2
VDAC3,VDAC1P5
VDAC5P,VDAC1P5
VDAC2P,VDAC2P1
HD-VDAC3,VDAC3
VEGF-C,VEGFC
VRP,VEGFC
FIGF,VEGFD
VEGF-D,VEGFD
HPX42B,VENTX
VENTX2,VENTX
CT18,VENTXP1
NA88A,VENTXP1
FLJ12604,VEPH1
KIAA1692,VEPH1
DB1,VEZF1
ZNF161,VEZF1
VEZF1L1,VEZF1P1
ZNF161L1,VEZF1P1
TDU,VGLL1
TONDU,VGLL1
VGL-3,VGLL3
VPAC2,VIPR2
VPAC2R,VIPR2
VKCFD2,VKORC1
CARMQ1,VLDLR
CHRMQ1,VLDLR
VLDLRCH,VLDLR
MEAX,VMA21
XMEA,VMA21
V1RL5,VN1R5
VNR19I2,VN1R6P
ZVNH2,VN1R6P
ZVNR2,VN1R6P
ORLP1,VN1R7P
ORLP2,VN1R8P
VN1R22-1P,VN1R9P
CASRL1,VN2R1P
GPRC2B,VN2R1P
VN2R4P,VN2R3P
VN2R5P,VN2R3P
VN2R8P,VN2R3P
DKFZP564K0822,VOPP1
ECOP,VOPP1
FLJ20532,VOPP1
GASP,VOPP1
WBP1L2,VOPP1
CD179A,VPREB1
VPREB,VPREB1
8HS20,VPREB3
FLJ22197,VPS4A
SKD1,VPS4A
SKD1A,VPS4A
SKD2,VPS4A
VPS4,VPS4A
VPS4-1,VPS4A
SKD1,VPS4B
SKD1B,VPS4B
VPS4-2,VPS4B
ATP-BL,VPS9D1
C16ORF7,VPS9D1
MYU,VPS9D1-AS1
PEP5,VPS11
RNF108,VPS11
TCONS_00019777,VPS11-DT
BLTP5A,VPS13A
CHAC,VPS13A
KIAA0986,VPS13A
BLTP5B,VPS13B
CHS1,VPS13B
COH1,VPS13B
BLTP5D,VPS13D
FLJ10619,VPS13D
KIAA0453,VPS13D
HBETA58,VPS26A
PEP8A,VPS26A
VPS26,VPS26A
DCRA,VPS26C
DSCR3,VPS26C
C13ORF9,VPS36
CGI-145,VPS36
EAP45,VPS36
FLJ32642,VPS37A
HCRP1,VPS37A
PQBP2,VPS37A
SPG53,VPS37A
MGC35352,VPS37D
WBSCR24,VPS37D
HVSP41,VPS41
CCDC132,VPS50
DKFZP313I2429,VPS50
FLJ20097,VPS50
KIAA1861,VPS50
VPS54L,VPS50
ARE1,VPS52
SACM2L,VPS52
FLJ10979,VPS53
HCCS1,VPS53
GPA34,VSIG1
MGC44287,VSIG1
CRIG,VSIG4
Z39IG,VSIG4
B7-H5,VSIR
B7H5,VSIR
C10ORF54,VSIR
DIES1,VSIR
GI24,VSIR
PD-1H,VSIR
SISP1,VSIR
VISTA,VSIR
HLP3,VSNL1
HPCAL3,VSNL1
HUVISL1,VSNL1
VILIP,VSNL1
VILIP-1,VSNL1
UNQ3033,VSTM1
C20ORF102,VSTM2L
DJ1118M15.2,VSTM2L
C11ORF90,VSTM5
LOC387804,VSTM5
PPCD,VSX1
PPCD1,VSX1
PPD,VSX1
C6ORF55,VTA1
HSPC228,VTA1
MY012,VTA1
VTI2,VTI1B
VN,VTN
HVG-4,VTRNA3-1P
HVG4,VTRNA3-1P
VAULTRC4,VTRNA3-1P
VTRNA3P,VTRNA3-1P
AMACO,VWA2
CCSP-2,VWA2
FLJ16213,VWA2
FLJ45857,VWA2
NET42,VWA2
BCSC-1,VWA5A
LOH11CR2A,VWA5A
C6ORF27,VWA7
G7C,VWA7
NG37,VWA7
KIAA0564,VWA8
P7BP2,VWA8
PSST739,VWC2
UNQ739,VWC2
F8VWFL,VWFP1
F8VWFP,VWFP1
VWFP,VWFP1
FOE,WAPL
KIAA0261,WAPL
WAPAL,WAPL
WARSP1,WARS1P1
IMD2,WAS
THC,WAS
WASP,WAS
WASPA,WAS
KIAA0269,WASF1
SCAR1,WASF1
WAVE,WASF1
WAVE1,WASF1
KIAA0900,WASF3
SCAR3,WASF3
WAVE3,WASF3
WASF4,WASF4P
EM:D84394.5,WASF5P
FAM39DP,WASH3P
FLJ25222,WASH3P
FAM39CP,WASH4P
FLJ31670,WASH4P
CXYORF1,WASH6P
FAM39A,WASH6P
BA56A21.1,WASHC2A
BA98I6.1,WASHC2A
FAM21A,WASHC2A
FAM21B,WASHC2A
FLJ10824,WASHC2A
EM:AC012044.3,WASHC2C
FAM21C,WASHC2C
KIAA0592,WASHC2C
CCDC53,WASHC3
CGI-116,WASHC3
KIAA1033,WASHC4
SWIP,WASHC4
KIAA0196,WASHC5
SPG8,WASHC5
NCRNA00286B,WASIR1
N-WASP,WASL
NWASP,WASL
WASPB,WASL
C10ORF26,WBP1L
FLJ20154,WBP1L
OPAL1,WBP1L
GRAMD6,WBP2
WBP-2,WBP2
FLJ26145,WBP2NL
GRAMD7,WBP2NL
MGC26816,WBP2NL
PAWP,WBP2NL
FBP21,WBP4
MGC117310,WBP4
HST3017,WBP11P1
ZFYVE22,WDFY2
C10ORF64,WDFY4
EM:AC060234.3,WDFY4
FLJ45748,WDFY4
KIAA1607,WDFY4
AND-1,WDHD1
CHTF4,WDHD1
CTF4,WDHD1
BBS15,WDPCP
C2ORF86,WDPCP
CPLANE5,WDPCP
FRITZ,WDPCP
HFRTZ,WDPCP
DIP2,WDR3
FLJ12796,WDR3
UTP12,WDR3
TRM82,WDR4
TRMT82,WDR4
WUHO,WDR4
KIAA0541,WDR7
TRAG,WDR7
WDR7-UA1,WDR7-OT1
WDR7-UT1,WDR7-OT1
BRWD2,WDR11
DR11,WDR11
FLJ10506,WDR11
HH14,WDR11
KIAA1351,WDR11
SRI1,WDR11
WDR15,WDR11
IPI3,WDR18
CFAP66,WDR19
DYF-2,WDR19
FAP66,WDR19
FLJ23127,WDR19
IFT144,WDR19
KIAA1638,WDR19
NPHP13,WDR19
ORF26,WDR19
OSEG6,WDR19
PWDMP,WDR19
BUN107,WDR20
DMR,WDR20
FLJ33659,WDR20
MGC33177,WDR20
C14ORF67,WDR25
MGC4645,WDR25
MGC43690,WDR27
DKFZP686L20145,WDR44
RAB11BP,WDR44
RPH11,WDR44
SYM-4,WDR44
JM5,WDR45
NBIA5,WDR45
WDRX1,WDR45
WIPI4,WDR45
BING4,WDR46
C6ORF11,WDR46
UTP7,WDR46
BUN62,WDR48
KIAA1449,WDR48
P80,WDR48
SPG60,WDR48
MGC12928,WDR53
MGC64882,WDR53
FLJ12270,WDR59
FLJ10233,WDR70
FLJ38736,WDR72
FLJ14888,WDR73
HSPC264,WDR73
FLJ12519,WDR75
NET16,WDR75
UTP17,WDR75
FLJ12973,WDR76
CAMRQ2,WDR81
FLJ33817,WDR81
PPP1R166,WDR81
SORF-2,WDR81
HCG26824,WDR82P1
SW2,WDR82P1
WDR82,WDR82P1
WDR82B,WDR82P1
WDR82C,WDR82P2
MORG1,WDR83
ASTERIX,WDR83OS
C19ORF56,WDR83OS
PTD008,WDR83OS
NYD-SP11,WDR87
C1D-87,WDR93
CFAP297,WDR93
FAP297,WDR93
KIAA1875,WDR97
FLJ16107,WEE2
WEE1B,WEE2
PS20,WFDC1
DJ461P17.6,WFDC2
EDDM4,WFDC2
HE4,WFDC2
WAP5,WFDC2
DJ447F3.3,WFDC3
WAP14,WFDC3
DJ211D12.5,WFDC5
WAP1,WFDC5
C20ORF171,WFDC6
DJ461P17.11,WFDC6
WAP6,WFDC6
C20ORF170,WFDC8
DJ461P17.1,WFDC8
WAP8,WFDC8
DJ688G8.2,WFDC9
WAP9,WFDC9
C20ORF146,WFDC10A
DJ688G8.3,WFDC10A
WAP10,WFDC10A
WAP12,WFDC10B
WAP11,WFDC11
C20ORF122,WFDC12
DJ211D12.4,WFDC12
WAP2,WFDC12
C20ORF138,WFDC13
DJ601O1.3,WFDC13
WAP13,WFDC13
WFDC20B,WFIKKN2
WFIKKNRP,WFIKKN2
KIAA1971,WHAMM
WHAMM1,WHAMM
WHDC1,WHAMM
WHDC1P1,WHAMMP1
WHAMML2,WHAMMP2
WHDC1L2,WHAMMP2
WICH,WIPF2
WIRE,WIPF2
ATG18,WIPI1
ATG18A,WIPI1
FLJ10055,WIPI1
WIPI49,WIPI1
KIAA1760,WNK2
NY-CO-43,WNK2
PRKWNK2,WNK2
SDCCAG43,WNK2
PRKWNK3,WNK3
PRKWNK4,WNK4
INT4,WNT3
MGC131950,WNT3
MGC138321,WNT3
MGC138323,WNT3
WNT-7A,WNT7A
WNT14B,WNT9B
WNT15,WNT9B
SHFM6,WNT10B
WNT-12,WNT10B
RECQ3,WRN
RECQL2,WRN
BA420G6.2,WRNIP1
CFAP93,WRNIP1
FAP93,WRNIP1
FLJ22526,WRNIP1
WHIP,WRNIP1
DKFZP564A122,WSB1
DKFZP564B0482,WSB1
SWIP1,WSB1
KIAA0789,WSCD2
AWT1,WT1
GUD,WT1
NPHS4,WT1
WAGR,WT1
WIT-2,WT1
WT-1,WT1
KIAA0105,WTAP
MGC3925,WTAP
MUM2,WTAP
BOMB,WWC2
FLJ22029,WWC2
C4ORF38,WWC2-AS2
FLJ30277,WWC2-AS2
AIP5,WWP1
DKFZP434D2111,WWP1
AC103760.1,WWP1-AS1
HCNP,XAB2
HCRN,XAB2
NTC90,XAB2
SYF1,XAB2
BIRC4BP,XAF1
HSXIAPAF1,XAF1
XIAPAF1,XAF1
CT12.1A,XAGE1A
GAGED2,XAGE1A
XAGE-1,XAGE1A
XAGE1,XAGE1A
CT12.1B,XAGE1B
CT12.1C,XAGE1B
CT12.1D,XAGE1B
XAGE1C,XAGE1B
XAGE1D,XAGE1B
XAGE1E,XAGE1B
CT12.2,XAGE2
GAGED3,XAGE2
XAGE-2,XAGE2
XAGE2B,XAGE2
CT12.3A,XAGE3
CT12.3B,XAGE3
GAGED4,XAGE3
PLAC6,XAGE3
PP9012,XAGE3
XAGE-3,XAGE3
XBP2,XBP1
XBP1,XBP1P1
XBPP1,XBP1P1
ATAC,XCL1
LPTN,XCL1
LTN,XCL1
SCM-1,XCL1
SCM-1A,XCL1
SCYC1,XCL1
SCM-1B,XCL2
SCYC2,XCL2
XO,XDH
XOR,XDH
PBDX,XG
XGPY,XGY1
XGPY1,XGY1
XGPY2,XGY2
API3,XIAP
BIRC4,XIAP
HILP,XIAP
ILP-1,XIAP
KX,XK
NA,XK
NAC,XK
X1K,XK
XKR1,XK
MGC57211,XKR3
XTES,XKR3
C8ORF21,XKR6
C8ORF5,XKR6
C8ORF7,XKR6
C20ORF159,XKR7
DJ310O13.4,XKR7
XKRY1,XKRY
XKRY2,XKRYP7
XP1,XPA
XPAC,XPA
RAD4,XPC
XPCC,XPC
XPNPEP,XPNPEP1
XPNPEPL,XPNPEP1
XPNPEPL1,XPNPEP1
APP3,XPNPEP3
ICP55,XPNPEP3
NPHPL1,XPNPEP3
FLJ13046,XPO4
KIAA1721,XPO4
KIAA1291,XPO5
FLJ22519,XPO6
KIAA0370,XPO6
RANBP20,XPO6
EXP7,XPO7
KIAA0745,XPO7
RANBP16,XPO7
DJ785G19.1,XPOTP1
XPO3P1,XPOTP1
RCC,XRCC1
D22S671,XRCC6
D22S731,XRCC6
G22P1,XRCC6
KU70,XRCC6
ML8,XRCC6
FLJ10343,XYLB
FLJ12539,XYLB
PXYLT1,XYLT1
XT-I,XYLT1
C7ORF36,YAE1
CIAB2,YAE1
GK003,YAE1
YAE1D1,YAE1
C21ORF57,YBEY
NSEP1P,YBX1P1
PSDBPB1,YBX1P1
TCAG_1818537,YBX1P2
CONTRIN,YBX2
CSDA3,YBX2
MSY2,YBX2
CSDA,YBX3
CSDA1,YBX3
DBPA,YBX3
ZONAB,YBX3
CSDAP1,YBX3P1
FLJ10201,YEATS2
FLJ12841,YEATS2
FLJ13308,YEATS2
KIAA1197,YEATS2
GAS41,YEATS4
NUBI-1,YEATS4
YAF9,YEATS4
C-YES,YES1
HST441,YES1
YES,YES1
D22S670,YES1P1
SYR,YES1P1
YES2,YES1P1
YESP,YES1P1
54TM,YIF1A
FINGER7,YIF1A
YIF1,YIF1A
YIF1P,YIF1A
DJ167A19.1,YIPF1
FINGER1,YIPF1
FINGER2,YIPF2
MGC3262,YIPF2
C6ORF109,YIPF3
DJ337H4.3,YIPF3
DKFZP566C243,YIPF3
FINGER3,YIPF3
KLIP1,YIPF3
FINGER5,YIPF5
SMAP-5,YIPF5
FINGER6,YIPF6
MGC21416,YIPF6
FLJ44968,YJEFN3
HYJEF_N3-19P13.11,YJEFN3
CCDC94,YJU2
FLJ10374,YJU2
C14ORF170,YLPM1
PPP1R169,YLPM1
ZAP,YLPM1
YME1L,YME1L1
YME1L2,YME1L1P1
MGC10500,YPEL3
FLJ30213,YPEL4
CGI-127,YPEL5
KIAA1966,YTHDC1
YT521,YTHDC1
YT521-B,YTHDC1
C20ORF21,YTHDF1
FLJ20391,YTHDF1
YTHDF1P,YTHDF1P1
HGRG8,YTHDF2P1
NY-REN-2,YTHDF2P1
YTHDF2P,YTHDF2P1
FLJ31657,YTHDF3
YWHAA,YWHAB
FLJ45465,YWHAE
LOC284100,YWHAEP7
14-3-3G,YWHAG
14-3-3GAMMA,YWHAG
PPP1R170,YWHAG
YWHA1,YWHAH
C22ORF24,YWHAH-AS1
HSN44A4A,YWHAH-AS1
YWHAQP,YWHAQP1
14-3-3-ZETA,YWHAZ
KCIP-1,YWHAZ
YWHAD,YWHAZ
YWHAZP,YWHAZP1
ZNF631,YY2
L2,ZACN
LGICZ,ZACN
LGICZ1,ZACN
ZAC,ZACN
ZAC1,ZACN
SRK,ZAP70
STD,ZAP70
ZAP-70,ZAP70
Z3CXXC7,ZAR1L
FLJ23049,ZBBX
ALTE,ZBED1
DREF,ZBED1
HDREF,ZBED1
KIAA0785,ZBED1
TRAMP,ZBED1
KIAA0637,ZBED4
BUSTER1,ZBED5
C20ORF183,ZBP1
DAI,ZBP1
DJ718J7.3,ZBP1
DLM-1,ZBP1
DLM1,ZBP1
KIAA0997,ZBTB1
ZNF909,ZBTB1
BA351K16.2,ZBTB2
KIAA1483,ZBTB2
ZNF437,ZBTB2
FLJ23392,ZBTB3
KAISO-L1,ZBTB4
KIAA1538,ZBTB4
ZNF903,ZBTB4
KIAA0354,ZBTB5
ZID,ZBTB6
ZNF482,ZBTB6
ZBTB36,ZBTB7C
ZNF857C,ZBTB7C
C18ORF12,ZBTB7C-AS2
HEIL1,ZBTB7C-AS2
HST2508,ZBTB7C-AS2
DKFZP547H154,ZBTB8B
RP1-27O5.1,ZBTB8B
ZNF916B,ZBTB8B
MGC23166,ZBTB9
ZNF919,ZBTB9
C6ORF46,ZBTB12
D6S59E,ZBTB12
G10,ZBTB12
NG35,ZBTB12
ZFP161,ZBTB14
ZNF478,ZBTB14
KIAA1227,ZBTB21
ZNF295,ZBTB21
BING1,ZBTB22
FRU,ZBTB22
FRUITLESS,ZBTB22
ZBTB22A,ZBTB22
ZNF297,ZBTB22
ZNF297A,ZBTB22
ZNF481,ZBTB26
KIAA0352,ZBTB39
ZNF922,ZBTB39
KIAA0478,ZBTB40
ZNF923,ZBTB40
ZNF925,ZBTB42
BTBD4,ZBTB46
BZEL,ZBTB46
FLJ13502,ZBTB46
RINZF,ZBTB46
ZNF340,ZBTB46
C6ORF94,ZC2HC1B
DJ468K18.5,ZC2HC1B
FAM164B,ZC2HC1B
C14ORF140,ZC2HC1C
FAM164C,ZC2HC1C
KIAA0150,ZC3H3
ZC3HDC3,ZC3H3
FLJ20318,ZC3H7A
HSPC055,ZC3H7A
ZC3H7,ZC3H7A
ZC3HDC7,ZC3H7A
DKFZP434K0920,ZC3H7B
FLJ13787,ZC3H7B
KIAA1031,ZC3H7B
ROXAN,ZC3H7B
CXORF32,ZC3H12B
MCPIP2,ZC3H12B
KIAA1726,ZC3H12C
MCPIP3,ZC3H12C
DKFZP434D1812,ZC3H13
KIAA0853,ZC3H13
XIO,ZC3H13
FLJ11806,ZC3H14
NY-REN-37,ZC3H14
UKP68,ZC3H14
NIPA,ZC3HC1
C18ORF49,ZCCHC2
FLJ20222,ZCCHC2
FLJ20281,ZCCHC2
KIAA1744,ZCCHC2
C20ORF99,ZCCHC3
DJ1103G7.7,ZCCHC3
AIR1,ZCCHC7
FLJ22611,ZCCHC7
FLJ20094,ZCCHC10
BDG29,ZCCHC14
MGC14139,ZCCHC14
PNMA7B,ZCCHC18
SIZN2,ZCCHC18
C10ORF56,ZCCHC24
FLJ90798,ZCCHC24
Z3CXXC8,ZCCHC24
ZCW2,ZCWPW2
FLJ45338,ZDBF2
KIAA1571,ZDBF2
C16ORF1,ZDHHC1
HSU90653,ZDHHC1
ZNF377,ZDHHC1
DHHC2,ZDHHC2
ZNF372,ZDHHC2
DHHC5,ZDHHC5
KIAA1748,ZDHHC5
ZNF375,ZDHHC5
FLJ21952,ZDHHC6
ZNF376,ZDHHC6
DHHC8,ZDHHC8
KIAA1292,ZDHHC8
ZNF378,ZDHHC8
FLJ31568,ZDHHC8BP
ZDHHC8P,ZDHHC8BP
ZDHHC8P1,ZDHHC8BP
CGI-89,ZDHHC9
CXORF11,ZDHHC9
DHHC9,ZDHHC9
ZDHHC10,ZDHHC9
ZNF379,ZDHHC9
ZNF380,ZDHHC9
FLJ14524,ZDHHC12
ZNF400,ZDHHC12
FLJ10852,ZDHHC13
FLJ10941,ZDHHC13
HIP14L,ZDHHC13
FLJ20984,ZDHHC14
NEW1CP,ZDHHC14
DHHC15,ZDHHC15
FLJ31812,ZDHHC15
MRX91,ZDHHC15
APH2,ZDHHC16
MGC33345,ZDHHC19
DHHC20,ZDHHC20
FLJ25952,ZDHHC20
OTTHUMG00000086707,ZDHHC20P1
OTTHUMG00000133740,ZDHHC20P2
DHHC21,ZDHHC21
DNZ1,ZDHHC21
HSPC097,ZDHHC21
C14ORF59,ZDHHC22
AREB6,ZEB1
BZP,ZEB1
FECD6,ZEB1
NIL-2-A,ZEB1
PPCD3,ZEB1
TCF8,ZEB1
ZEB,ZEB1
ZFHEP,ZEB1
ZFHX1A,ZEB1
ZEB1P1,ZEB2P1
C9ORF60,ZER1
HZYG,ZER1
ZYG,ZER1
ZYG11BL,ZER1
AIRAP,ZFAND2A
ANUBL1,ZFAND4
FLJ40185,ZFAND4
ZA20D2,ZFAND5
ZFAND5A,ZFAND5
ZNF216,ZFAND5
AWP1,ZFAND6
ZA20D3,ZFAND6
ZFAND5B,ZFAND6
C20ORF199,ZFAS1
HSUP1,ZFAS1
HSUP2,ZFAS1
NCRNA00275,ZFAS1
ZNFX1-AS1,ZFAS1
CCDC131,ZFC3H1
CSRC2,ZFC3H1
KIAA0546,ZFC3H1
MGC23401,ZFC3H1
PSRC2,ZFC3H1
KIAA1056,ZFHX2
KIAA1762,ZFHX2
ZFH-5,ZFHX2
ZNF409,ZFHX2
ATBF1,ZFHX3
C16ORF47,ZFHX3
FLJ26184,ZFHX3
ZNF927,ZFHX3
FLJ20980,ZFHX4
ZFH4,ZFHX4
FLJ34243,ZFP1
ZNF475,ZFP1
FLJ21628,ZFP2
ZNF751,ZFP2
KIAA1559,ZFP14
ZNF531,ZFP14
KIAA1431,ZFP28
MKR5,ZFP28
G0S24,ZFP36
NUP475,ZFP36
RNF162A,ZFP36
TIS11,ZFP36
TTP,ZFP36
ZNF906,ZFP37
REX1,ZFP42
ZNF754,ZFP42
BA145L22,ZFP57
BA145L22.2,ZFP57
C6ORF40,ZFP57
ZNF698,ZFP57
FLJ34231,ZFP62
ZET,ZFP62
ZNF755,ZFP62
DJ548G19.1,ZFP64
DJ831D17.1,ZFP64
FLJ10734,ZFP64
FLJ12628,ZFP64
ZNF338,ZFP64
ZNF405P,ZFP64P1
KIAA1948,ZFP82
MGC45380,ZFP82
ZNF545,ZFP82
KIAA1954,ZFP90
NK10,ZFP90
ZNF756,ZFP90
PZF,ZFP91
ZNF757,ZFP91
ZNF897,ZFP92
FOG2,ZFPM2
HFOG-2,ZFPM2
ZC2HC11B,ZFPM2
ZNF89B,ZFPM2
SCAT3,ZFPM2-AS1
SPG71,ZFR
ZFR1,ZFR
KIAA1086,ZFR2
C11ORF95,ZFTA
MGC3032,ZFTA
ZNF926,ZFX
ZNF911,ZFY
ZFY-AS,ZFY-AS1
ZFYAS,ZFY-AS1
KIAA0305,ZFYVE16
PPP1R69,ZFYVE16
ANCHR,ZFYVE19
FLJ14840,ZFYVE19
MPFYVE,ZFYVE19
MGC2550,ZFYVE21
ZF21,ZFYVE21
KIAA0321,ZFYVE26
SPG15,ZFYVE26
HRPE773,ZG16B
JCLN2,ZG16B
PRO1567,ZG16B
DJ583P15.3,ZGPAT
FLJ14972,ZGPAT
GPATC6,ZGPAT
GPATCH6,ZGPAT
KIAA1847,ZGPAT
MGC44880,ZGPAT
ZC3H9,ZGPAT
ZC3HDC9,ZGPAT
ZIP,ZGPAT
KIAA0854,ZHX2
KIAA0395,ZHX3
TIX1,ZHX3
ZIC,ZIC1
ZNF201,ZIC1
HPE5,ZIC2
HTX,ZIC3
HTX1,ZIC3
ZNF203,ZIC3
ZNF762,ZIK1
ZIM2AS,ZIM2-AS1
ZFP95,ZKSCAN5
ZNF914,ZKSCAN5
ZSCAN37,ZKSCAN5
FLJ12738,ZKSCAN7
ZNF167,ZKSCAN7
ZNF448,ZKSCAN7
ZNF64,ZKSCAN7
ZSCAN39,ZKSCAN7
RP11-944L7.4,ZKSCAN7-AS1
LD5-1,ZKSCAN8
ZNF192,ZKSCAN8
ZSCAN40,ZKSCAN8
KIAA1789,ZMAT1
FLJ31121,ZMAT2
HSNU23,ZMAT2
SNU23,ZMAT2
FLJ13842,ZMAT4
SNRNP20,ZMAT5
ZC3H19,ZMAT5
FLJ13541,ZMIZ1
HZIMP10,ZMIZ1
KIAA1224,ZMIZ1
MIZ,ZMIZ1
RAI17,ZMIZ1
RP11-519K18.1,ZMIZ1
ZIMP10,ZMIZ1
FIM,ZMYM2
MYM,ZMYM2
RAMP,ZMYM2
ZNF198,ZMYM2
DXS6673E,ZMYM3
KIAA0385,ZMYM3
MYM,ZMYM3
ZNF198L2,ZMYM3
ZNF261,ZMYM3
KIAA0425,ZMYM4
MYM,ZMYM4
ZNF198L3,ZMYM4
ZNF262,ZMYM4
MYM,ZMYM5
ZNF198L1,ZMYM5
ZNF237,ZMYM5
BUSTER2,ZMYM6
KIAA1353,ZMYM6
MYM,ZMYM6
ZBED7,ZMYM6
ZNF198L4,ZMYM6
ZNF258,ZMYM6
KIAA1125,ZMYND8
PRKCBP1,ZMYND8
RACK7,ZMYND8
BLU,ZMYND10
CILD22,ZMYND10
DNAAF7,ZMYND10
MIZIP,ZMYND19
HF.16,ZNF7
KOX4,ZNF7
KOX1,ZNF10
KOX9,ZNF16
HKR-T1,ZNF22
KOX15,ZNF22
ZFP422,ZNF22
ZNF422,ZNF22
C10ORF25,ZNF22-AS1
FLJ30567,ZNF22-AS1
KOX17,ZNF24
ZFP191,ZNF24
ZNF191,ZNF24
ZSCAN3,ZNF24
ZNFTR,ZNF24TR
FLJ31890,ZNF25
KOX19,ZNF25
ZFP9,ZNF25
DKFZP781D0275,ZNF28
KOX24,ZNF28
DKFZP686N19164,ZNF30
FLJ20562,ZNF30
KOX28,ZNF30
KOX30,ZNF32
ZFP637,ZNF32
ZNF637,ZNF32
BA402L1.8,ZNF32-AS1
ZNF32OS1,ZNF32-AS1
B402L1.7,ZNF32-AS2
ZNF32OS2,ZNF32-AS2
BA402L1.3,ZNF32-AS3
C10ORF44,ZNF32-AS3
FLJ23404,ZNF33A
KIAA0065,ZNF33A
KOX31,ZNF33A
KOX5,ZNF33A
ZNF11A,ZNF33A
ZNF33,ZNF33A
ZZAPK,ZNF33A
KOX2,ZNF33B
KOX31,ZNF33B
ZNF11B,ZNF33B
BA393J16.4,ZNF33CP
ZNF33AP1,ZNF33CP
KOX32,ZNF34
HF.10,ZNF35
HF10,ZNF35
ZFP105,ZNF35
KOX21,ZNF37A
ZNF37,ZNF37A
ZNF37C,ZNF37CP
MGC8941,ZNF41
MRX89,ZNF41
HTF6,ZNF43
KOX27,ZNF43
ZNF39L1,ZNF43
DKFZP762K013,ZNF48
FLJ31751,ZNF48
MGC43952,ZNF48
ZNF553,ZNF48
FLJ16537,ZNF66
ZNF66P,ZNF66
COS17,ZNF70
MGC48959,ZNF70
BCX269C15.3,ZNF70P1
DJ1033B10.7,ZNF70P1
ZNF314P,ZNF70P1
COS26,ZNF71
EZFIT,ZNF71
ZNF72,ZNF72BP
ZNF72P,ZNF72BP
COS52,ZNF74
ZFP520,ZNF74
ZNF520,ZNF74
FLJ31529,ZNF75A
D8C6,ZNF75D
ZKSCAN24,ZNF75D
ZNF75,ZNF75D
ZNF82,ZNF75D
ZSCAN28,ZNF75D
D6S229E,ZNF76
ZFP523,ZNF76
ZNF523,ZNF76
PT1,ZNF77
PT7,ZNF79
PT17,ZNF80
HFZ20,ZNF81
MRX45,ZNF81
HPF4,ZNF85
HTF1,ZNF85
ZNF108,ZNF90P1
ZNF108P,ZNF90P1
DJ111M5.3,ZNF90P2
ZNF463P,ZNF90P2
HPF7,ZNF91
HTF10,ZNF91
HPF12,ZNF92
TF12,ZNF92
F7175,ZNF98
ZNF739,ZNF98
PHZ-13,ZNF133
PHZ-66,ZNF133
ZNF150,ZNF133
PHZ-15,ZNF134
PHZ-1,ZNF143
SBF,ZNF143
STAF,ZNF143
HZF22,ZNF157
MGC51961,ZNF169
ZSCAN8,ZNF174
OTK18,ZNF175
HHZ150,ZNF182
KOX14,ZNF182
ZFP182,ZNF182
ZNF21,ZNF182
SCELL,ZNF185
D3S1363E,ZNF197
P18,ZNF197
ZKSCAN9,ZNF197
ZNF166,ZNF197
ZSCAN41,ZNF197
ZFP13,ZNF205
ZNF210,ZNF205
ZNF209,ZNF209P
CH2H2-25,ZNF211
ZNF-25,ZNF211
C2H2-150,ZNF212
ZKSCAN11,ZNF215
ZSCAN43,ZNF215
ZABC1,ZNF217
FDZF2,ZNF230
ANF270,ZNF235
HZF6,ZNF235
ZFP93,ZNF235
ZNF270,ZNF235
HOK-2,ZNF239
MOK2,ZNF239
BA162G10.3,ZNF248
MGC9718,ZNF250
ZFP647,ZNF250
ZNF647,ZNF250
C8ORF77,ZNF252P-AS1
BMZF-5,ZNF254
HD-ZNF1,ZNF254
ZNF539,ZNF254
ZNF91L,ZNF254
BMZF-3,ZNF256
BMZF-4,ZNF257
OZRF1,ZNF260
ZFP260,ZNF260
HZF3,ZNF268
HZF7,ZNF271P
ZNF271,ZNF271P
ZNFEB,ZNF271P
ZKSCAN19,ZNF274
ZSCAN51,ZNF274
NRIF4,ZNF277
ZNF277P,ZNF277
3'OY11.1,ZNF280A
SUHW1,ZNF280A
ZNF280,ZNF280A
ZNF636,ZNF280A
5'OY11.1,ZNF280B
SUHW2,ZNF280B
ZNF279,ZNF280B
ZNF632,ZNF280B
FLJ20095,ZNF280C
SUHW3,ZNF280C
ZNF633,ZNF280C
ZPET,ZNF280C
FLJ20086,ZNF280D
SUHW4,ZNF280D
ZNF634,ZNF280D
HUB1,ZNF282
ZKSCAN13,ZNF287
ZSCAN45,ZNF287
C21ORF121,ZNF295-AS1
NCRNA00318,ZNF295-AS1
PRED87,ZNF295-AS1
ZNF299,ZNF299P
ZNF299P1,ZNF299P
HRIHFB2436,ZNF318
ZFP318,ZNF318
ZNF322,ZNF322P1
ZNF322B,ZNF322P1
FLJ20403,ZNF326
ZAN75,ZNF326
ZFP326,ZNF326
ZIRD,ZNF326
HSA6591,ZNF330
NOA36,ZNF330
KIAA1806,ZNF333
BA179N14.1,ZNF334
BA465L10.2,ZNF335
NIF-1,ZNF335
DJ694B14.1,ZNF337
DJ553F4.3,ZNF341
MGC10715,ZNF343
PRED65,ZNF355P
ZNF834,ZNF355P
FLJ10390,ZNF358
ZFEND,ZNF358
KIAA0844,ZNF365
SU48,ZNF365
UAN,ZNF365
FLJ25270,ZNF385B
ZNF533,ZNF385B
FLJ12298,ZNF394
ZKSCAN14,ZNF394
ZSCAN46,ZNF394
FLJ31213,ZNF396
ZSCAN14,ZNF396
MGC13250,ZNF397
ZNF47,ZNF397
ZSCAN15,ZNF397
KIAA1339,ZNF398
P51,ZNF398
P71,ZNF398
ZER6,ZNF398
FLJ13839,ZNF407
FLJ20307,ZNF407
KIAA1703,ZNF407
LINC00909,ZNF407-AS1
MGC15716,ZNF414
ZFP414,ZNF414
FLJ20557,ZNF416
MGC34079,ZNF417
FLJ31551,ZNF418
KIAA1956,ZNF418
FLJ32191,ZNF420
EBFAZ,ZNF423
HOAZ,ZNF423
JBTS19,ZNF423
KIAA0760,ZNF423
NPHP14,ZNF423
OAZ,ZNF423
ZFP104,ZNF423
MGC2663,ZNF426
C19ORF37,ZNF428
MGC51082,ZNF428
ZFP428,ZNF428
FLJ13659,ZNF430
KIAA1969,ZNF431
KIAA1710,ZNF436
ZFP46,ZNF436
C1ORF213,ZNF436-AS1
FLJ90508,ZNF436-AS1
FLJ37933,ZNF440
FLJ38637,ZNF441
EZF2,ZNF444
FLJ11137,ZNF444
ZSCAN17,ZNF444
ZNF864P,ZNF444P1
FLJ23614,ZNF449
ZSCAN19,ZNF449
DKFZP762N2316,ZNF462
KIAA1803,ZNF462
ZFP462,ZNF462
EZI,ZNF467
ZFP467,ZNF467
KIAA1858,ZNF469
ZFP469,ZNF469
CZF-1,ZNF470
FLJ26175,ZNF470
KIAA1396,ZNF471
Z1971,ZNF471
ZFP78,ZNF471
DKFZP434N043,ZNF473
HZFP100,ZNF473
KIAA1141,ZNF473
FLJ26850,ZNF473CR
KIAA1962,ZNF483
ZKSCAN16,ZNF483
ZSCAN48,ZNF483
KRBO1,ZNF487
ZNF487P,ZNF487
FLJ32104,ZNF488
KIAA1198,ZNF490
FLJ34791,ZNF491
KIAA1473,ZNF492
ZNF115,ZNF492
FLJ36504,ZNF493
MGC15548,ZNF496
ZKSCAN17,ZNF496
ZSCAN49,ZNF496
XLOC_000647,ZNF496-DT
KIAA0557,ZNF500
ZKSCAN18,ZNF500
ZSCAN50,ZNF500
MGC21738,ZNF501
ZNF52,ZNF501
FLJ12515,ZNF502
FLJ14855,ZNF502
KIAA1084,ZNF507
ZFP507,ZNF507
KIAA0972,ZNF510
MGC30006,ZNF511
ZFP511,ZNF511
GM632,ZNF512B
MGC149845,ZNF512B
MGC149846,ZNF512B
HST287,ZNF516
KIAA0222,ZNF516
C18ORF65,ZNF516-DT
FLJ36809,ZNF519
HST2362,ZNF519
EHZF,ZNF521
EVI3,ZNF521
MGC23143,ZNF524
KIAA1979,ZNF525
KIAA1829,ZNF527
KIAA1615,ZNF529
FLJ10697,ZNF532
DKFZP547B0714,ZNF540
MGC43537,ZNF546
ZNF49,ZNF546
FLJ34917,ZNF549
FLJ21603,ZNF552
FLJ30932,ZNF558
FLJ31986,ZNF560
MGC45408,ZNF561
FLJ20079,ZNF562
MGC26914,ZNF564
FLJ36991,ZNF565
FLJ32053,ZNF569
ZAP1,ZNF569
ZFP74,ZNF569
FLJ30791,ZNF570
FLJ31384,ZNF578
FLJ35453,ZNF579
FLJ22550,ZNF581
HSPC189,ZNF581
ZNF582-AS1,ZNF582-DT
FLJ31030,ZNF583
FLJ23765,ZNF585A
ZFP27,ZNF585A
FLJ14928,ZNF585B
SZFP41,ZNF585B
ZFP27,ZNF585B
FLJ20070,ZNF586
FLJ14710,ZNF587
FLJ20813,ZNF587
UBF-FL,ZNF587
ZF6,ZNF587
CAMOS,ZNF592
KIAA0211,ZNF592
SCAR5,ZNF592
ZT86,ZNF593
FLJ31740,ZNF595
FLJ33071,ZNF597
HIT-4,ZNF597
FLJ00086,ZNF598
HEL2,ZNF598
FLJ14802,ZNF607
MGC13071,ZNF607
MGC5384,ZNF611
KIAA1952,ZNF618
NEDD10,ZNF618
KIAA0628,ZNF623
KIAA1349,ZNF624
FLJ90365,ZNF627
KIAA0326,ZNF629
ZNF65,ZNF629
BC037316,ZNF630
DJ54B20.2,ZNF630
FLJ20573,ZNF630
MGC138344,ZNF630
MGC26130,ZNF638
NP220,ZNF638
ZFML,ZNF638
ZFP638,ZNF638
ANC-2H01,ZNF639
ZASC1,ZNF639
KIAA0296,ZNF646
KIAA0924,ZNF652
ZNF652P,ZNF652P1
ZIP67,ZNF653
VIK,ZNF655
VIK-1,ZNF655
DKFZP572C163,ZNF658
FLJ32813,ZNF658
MGC35232,ZNF658
FLJ36870,ZNF660
DKFZP547G0215,ZNF663P
ZNF663,ZNF663P
FLJ13479,ZNF668
MRX92,ZNF674
ZNF673B,ZNF674
TBZF,ZNF675
TIZ,ZNF675
MGC42493,ZNF678
FLJ90415,ZNF689
TIPUH1,ZNF689
FLJ38144,ZNF699
HANG,ZNF699
ZNF705C,ZNF705CP
HSPC038,ZNF706
KOX8,ZNF708
ZNF15,ZNF708
ZNF15L1,ZNF708
DKFZP547K1113,ZNF710
FLJ00306,ZNF710
FLJ37393,ZNF710
ENST00000558334,ZNF710-AS1
CMPX1,ZNF711
DJ75N13.1,ZNF711
MRX65,ZNF711
MRX97,ZNF711
ZFP711,ZNF711
ZNF4,ZNF711
ZNF5,ZNF711
ZNF6,ZNF711
FLJ39963,ZNF713
FLJ46189,ZNF716
X17,ZNF717
ZNF838,ZNF717
FLJ90036,ZNF718
ZNF723P,ZNF723
ZNF724P,ZNF724
ZNF725,ZNF725P
ZNF727P,ZNF727
ZNF736P1,ZNF736P1Y
ZNF736P2,ZNF736P2Y
ZNF381P,ZNF736P3Y
ZNF736P3,ZNF736P3Y
ZNF102,ZNF737
ZFP740,ZNF740
AC002310.12,ZNF747-DT
FLJ16360,ZNF749
MGC13138,ZNF764
FLJ23436,ZNF768
DSC43,ZNF771
MGC4728,ZNF773
ZNF419B,ZNF773
MGC75360,ZNF774
FLJ31875,ZNF778
ZNF780,ZNF780A
ZNF779,ZNF780B
FLJ16636,ZNF782
DKFZP667J212,ZNF783
MGC75238,ZNF784
FLJ32130,ZNF785
FLJ90396,ZNF791
FLJ38451,ZNF792
FLJ32110,ZNF804B
ZNF181P1,ZNF807P
ZNF807,ZNF807P
FLJ16542,ZNF813
HSZFP36,ZNF823
CCDC16,ZNF830
MGC20398,ZNF830
OMCG1,ZNF830
C20ORF174,ZNF831
DJ492J12.1,ZNF831
BC37295_3,ZNF835
C14ORF131,ZNF839
C20ORF157,ZNF840P
DJ981L23.3,ZNF840P
ZNF840,ZNF840P
MGC46336,ZNF843
ZNF887,ZNF887P
FLJ11277,ZNFX1
KIAA1404,ZNFX1
BA561O23.1,ZNG1C
CBWD3,ZNG1C
CG1I,ZNHIT1
H_DJ0747G18.14,ZNHIT1
ZNFN4A1,ZNHIT1
HIT1,ZNHIT3
TRIP3,ZNHIT3
BCD1,ZNHIT6
C1ORF181,ZNHIT6
FLJ20729,ZNHIT6
NY-BR-75,ZNHIT6
AP003469.4,ZNNT1
DKFZP434E229,ZNRF1
FLJ14846,ZNRF1
NIN283,ZNRF1
RNF202,ZNRF2
BK747E2.3,ZNRF3
FLJ22057,ZNRF3
KIAA1133,ZNRF3
RNF203,ZNRF3
RNF204,ZNRF4
SPZN,ZNRF4
SSRZF1,ZNRF4
ZPA,ZP2
ZP3-372,ZP3
ZP3-424,ZP3
ZP3A,ZP3
ZP3B,ZP3
ZPC,ZP3
SP38,ZPBP
ZPBP1,ZPBP
MGC41930,ZPBP2
ZPBPL,ZPBP2
354J5,ZPR1P1
ZNF259P,ZPR1P1
ZNF259P1,ZPR1P1
AH2,ZRANB3
DKFZP434B1727,ZRANB3
U2AF1-RS2,ZRSR2
U2AF1L2,ZRSR2
URP,ZRSR2
ZC3H22,ZRSR2
U2AF1-RS1,ZRSR2P1
U2AF1L1,ZRSR2P1
U2AF1P,ZRSR2P1
U2AF1RS1,ZRSR2P1
U2AFBPL,ZRSR2P1
ZC3H21,ZRSR2P1
ZRSR1,ZRSR2P1
FLJ20595,ZSCAN2
ZFP29,ZSCAN2
ZNF854,ZSCAN2
ZNF495D,ZSCAN5DP
ZSCAN5D,ZSCAN5DP
ZNF206,ZSCAN10
FLJ32468,ZSCAN25
ZNF498,ZSCAN25
SRE-ZBP,ZSCAN26
ZNF187,ZSCAN26
ZNF397OS,ZSCAN30
ZNF917,ZSCAN30
C20ORF162,ZSWIM1
DJ337O18.5,ZSWIM1
MEX,ZSWIM2
MGC33890,ZSWIM2
ZZZ2,ZSWIM2
C20ORF164,ZSWIM3
DJ337O18.7,ZSWIM3
PPP1R174,ZSWIM3
FLJ12221,ZSWIM4
KIAA1511,ZSWIM5
KIAA1577,ZSWIM6
4832404P21RIK,ZSWIM8
KIAA0913,ZSWIM8
FLJ10036,ZWILCH
KNTC1AP,ZWILCH
KNTC2AP,ZWINT
SIP30,ZWINT
ZWINT1,ZWINT
ZNF896,ZXDA
ZNF905,ZXDB
FLJ13456,ZYG11B
ZYG11,ZYG11B
FLJ10821,ZZEF1
KIAA0399,ZZEF1
ZZZ4,ZZEF1
ATAC1,ZZZ3
DKFZP564I052,ZZZ3
,5S_rRNA
,
,U6
,5_8S_rRNA
,RNA5-8SN5
,U2
,U1
,RNA5-8SN4
,Y_RNA
,RPL23AP45
,LINC01784
,PRAMEF11
,PRAMEF30P
,PRAMEF10
,PRAMEF7
,RNU6-1072P
,PRAMEF29P
,PRAMEF6
,PRAMEF27
,HNRNPCL3
,PRAMEF25
,PRAMEF34P
,PRAMEF35P
,PRAMEF26
,HNRNPCL4
,PRAMEF9
,PRAMEF13
,PRAMEF18
,PRAMEF31P
,PRAMEF32P
,PRAMEF8
,PRAMEF36P
,OR9G4
,OR9G3P
,OR5G4P
,OR9G9
,LINC02735
,OR5G5P
,LINC00552
,LINC02689
,KRTAP5-AS1
,LINC02708
,TSPY24P
,ZNF92P1Y
,SERBP1P2
,RBMY2HP
,TSPY18P
,PCMTD1P1
,HSFY7P
,ZNF736P6Y
,TTTY2B
,CDY3P
,TSPY25P
,USP9YP22
,TSPY16P
,USP9YP4
,RBMY1A3P
,FAM197Y8
,TSPY8
,TSPY4
,RNF19BPY
,TSPY23P
,TUBB1P2
,DUX4L31
,ACTR3BP1
,TTTY1B
,RCC2P2
,ZNF736P8Y
,RBMY2OP
,EIF1AY
,TSPY19P
,MTND1P12
,CDY10P
,CTBP2P1
,USP9YP3
,MTND6P1
,USP9YP8
,DLGAP5P1
,CDY11P
,CDC27P2
,PABPC1P5
,TSPY22P
,RCC2P1
,RBMY2GP
,ZNF736P11Y
,BPY2DP
,RBMY2JP
,RBMY2UP
,ZNF886P
,TTTY25P
,SNX18P1Y
,RBMY2NP
,HSFY5P
,ZNF885P
,ZNF736P7Y
,SURF6P1
,ANKRD20A6P
,RBMY2KP
,TSPY21P
,TSPY17P
,TSPY15P
,TSPY10
,MTCYBP1
,USP9YP17
,AGPAT5P1
,TSPY20P
,MTND1P1
,ZNF736P10Y
,CDY12P
,MTND2P3
,CDY13P
,TTTY21B
,CDY4P
,RBMY1D
,OR4C12
,OR4C48P
,OR4C45
,OR4C49P
,RBMY2WP
,USP9YP24
,UBE2V1P3
,MED13P1
,RNU6-303P
,RN7SL702P
,RNU6-109P
,RNU6-184P
,GPM6BP2
,USP9YP2
,PRYP6
,XKRYP2
,USP9YP10
,USP9YP28
,RNU1-41P
,MTCYBP2
,ZNF839P1
,RNU6-255P
,GAPDHP19
,TAF9P1
,CDY5P
,ELOCP36
,USP9YP23
,USP9YP27
,RNU1-128P
,CDY6P
,USP9YP7
,CDY7P
,USP9YP34
,USP9YP32
,CDY8P
,USP9YP15
,RNU1-95P
,USP9YP16
,ACTG1P11
,PRYP2
,CDY9P
,TAF9P2
,TUBB1P1
,FAM41AY2
,USP9YP14
,RNU1-48P
,USP9YP5
,XKRYP1
,PRYP5
,USP9YP1
,GPM6BP1
,RAB9AP4
,LRTM2
,LINC00940
,CACNA1C-IT1
,CACNA1C-AS4
,CACNA1C-IT3
,CACNA1C-AS3
,CACNA1C-AS2
,CACNA1C-AS1
,TGIF2LY
,RN7SKP282
,RNU6-941P
,RNU6-521P
,SRIP3
,ZNF736P5Y
,DAZ4
,RNU6-1334P
,TOMM22P2
,NAP1L1P2
,EEF1A1P41
,DPPA2P1
,ST13P19
,RNU5A-8P
,DAZ3
,RN7SKP205
,PPP1R12BP2
,SNORA70
,REREP1Y
,RBMY2CP
,CPNE6
,RBMY1E
,NEDD8-MDP1
,CDY22P
,RAB9AP3
,USP9YP20
,RNU1-40P
,USP9YP21
,XKRYP6
,GMPR2
,PRYP4
,CDY23P
,USP9YP26
,HSFY8P
,RBMY2DP
,REREP2Y
,RNU6-1314P
,ANKRD36P1
,PNPLA4P1
,TBL1YP1
,HSFY4P
,TMEM167AP1
,TOMM22P1
,NEFLP1
,RBMY2TP
,HSFY6P
,USP9YP18
,CDY14P
,XKRYP3
,USP9YP25
,USP9YP29
,RNU1-97P
,RAB9AP1
,PRYP3
,RNU2-57P
,VDAC1P6
,EIF4A1P2
,KRT18P10
,SNX3P1Y
,RPL26P37
,CIDEB
,CDY15P
,XKRYP4
,USP9YP13
,USP9YP11
,USP9YP12
,RNU1-86P
,RAB9AP5
,CDY1B
,CDY17P
,USP9YP35
,USP9YP31
,CDY18P
,RN7SL818P
,CICP2
,RBMY2XP
,ZNF736P12Y
,ZNF736P4Y
,RBMY2YP
,CICP1
,RN7SL725P
,DNM1P48
,GOLGA6L16P
,CDY19P
,USP9YP36
,USP9YP33
,CDY20P
,RAB9AP2
,USP9YP30
,RNU1-107P
,USP9YP9
,USP9YP19
,XKRYP5
,TPTE2P4
,RBMY1J
,ZNF736P9Y
,RBMY1B
,RFTN1P1
,RBMY2FP
,RPL23AP15
,RBMY2QP
,TTTY23B
,FAM197Y9
,FAM197Y3
,TAB3P1
,RBMY2EP
,LEUTX
,PRR13P5
,FAM197Y6
,RPL14P5
,ASMTL
,Metazoa_SRP
,KRT18P53
,DPH3P2
,DDX11L16
,MLLT10P2
,DUX4L9
,RARRES2P4
,RPL23AP84
,DUX4
,LINC03015
,LINC03014
,LINC01300
,GPR20
,HNRNPA1P38
,C8orf90
,RNU6-409P
,ACR
,RNU6-1004P
,RPL21P63
,C6orf52
,ARHGEF19-AS1
,RPL22P3
,GRM5P1
,TRIM51FP
,LINC01783
,PDE4DIPP8
,CROCCP4
,PTMAP9
,MIR1244-4
,RPL21P100
,RPL23AP66
,EI24P3
,MPRIPP1
,ZNF197-AS1
,SOCS5P3
,KIAA1143
,ZNF852
,LINC01971
,LINC03048
,RPL21P135
,NDUFAF4P3
,ITGA9-AS1
,RNU5B-4P
,SMIM33
,NCOA4P4
,GPS2
,C1R
,RNU6-485P
,LINC02783
,PADI6
,OR8U9
,FAM8A2P
,NAA50P1
,OR8U8
,OR8L1P
,OR5T2
,OR8K2P
,OR8I1P
,OR8K3
,OR8H1
,RPL5P29
,OR8K1
,OR8J1
,LDHA
,SOWAHCP2
,CTBP2P10
,LINC00349
,RBPMSLP
,SREK1IP1P1
,CDRT15P8
,MIR548XHG
,ABCD1P4
,PABPC1P9
,SLC9B1P4
,RPL39P40
,ACTR3BP6
,NEK4P1
,PGAM1P9
,CTBP2P9
,D21S2088E
,LSP1P1
,ZNF962P
,SLC25A15P4
,PIMREGP3
,RPL22P14
,LINC00365
,RPL17P51
,GGT4P
,C1QTNF9-AS1
,LINC00384
,LINC01687
,MTCO3P2
,MSANTD2P1
,LINC01667
,LINC01697
,LINC00572
,RPS20P32
,LINC02340
,MTUS2-AS1
,RPL21P81
,LINC01066
,SNX18P10
,RPSAP68
,SURF2
,LINC00398
,LINC00562
,RPS21P8
,RBM22P2
,LINC01683
,LINC01822
,RPL8P2
,LINC02573
,LINC01692
,BTF3L4P1
,RGS17P1
,CHCHD2P11
,LINC02334
,TIMM9P3
,IGSF3P1
,THUMPD1P1
,LINC00457
,PRDX2P1
,LINC00385
,LLPHP2
,LINC01673
,NCSTNP1
,MTCO1P1
,LINC00412
,MTUS2-AS2
,LINC02343
,ZNF646P1
,RPP40P2
,GAMTP2
,LINC01695
,LINC01425
,LINC00366
,PLSCR3
,TMEM256-PLSCR3
,SPEM3
,RPL13AP7
,RNGTTP1
,APP-DT
,RPSAP64
,RPS5P2
,LINC01423
,CLDN8
,LINC02943
,RPSAP28
,ALMS1-IT1
,HUNK
,SNX18P12
,DSCR4-IT1
,GNG5P5
,DPPA2P2
,RN7SL679P
,FHP1
,FREM2-AS1
,WDR95P
,POLR3KP1
,SLC25A5P4
,LINC00378
,SPATA13-AS1
,USP12-AS1
,PRDX3P3
,RPSAP53
,DNAJA1P1
,LINC01065
,DIAPH3-AS1
,ELL2P3
,BCRP9
,NIPA2P3
,DSCR10
,LINC00374
,RPL23AP12
,RPL37P21
,COX7CP1
,RPL23AP64
,RPL13AP25
,MARK2P12
,LINC00393
,RNU6-130P
,MFAP1P1
,LINC01442
,NAP1L4P3
,HNF4GP1
,RPL12P34
,PCDH9-AS4
,HMGN2P39
,PLA2G12AP2
,ZDHHC20P4
,LINC00550
,PCDH9-AS2
,ELF1
,RN7SL32P
,RPL30P4
,CNOT10-AS1
,SUGT1P2
,RPL23AP43
,COX4I1P2
,FGFR1OP2P1
,NPM1P22
,NIPA2P5
,PWWP2AP1
,RPL31P53
,RPL18AP17
,SPATA2P1
,RNU6-787P
,RPL21P111
,RN7SL482P
,CTAGE11P
,PRR20B
,HNRNPA1P18
,VDAC1P12
,RPL21P108
,RPS3AP52
,CTAGE16P
,UBBP5
,PRR20D
,PRR20E
,PTPN2P2
,MTND4P1
,MTCO2P3
,OR7E111P
,RBM26-AS1
,RPL31P54
,UBE2D3P4
,WASF3-AS1
,BCAS2P3
,RABEPKP1
,PCDH9-AS3
,RNU5E-10P
,YPEL5P2
,ANKRD26P2
,PSMD10P3
,CTTN-DT
,OGFOD1P1
,NHLRC3
,LINC02338
,ARF4P3
,LIN28AP2
,CCT5P2
,PSPC1P2
,LINC01078
,LINC00411
,GAA
,NCOR1P4
,TCERG1P2
,SNRPFP3
,LINC01700
,CDRT15P9
,LINC01666
,CYYR1-AS1
,SPATA20P1
,PSMA6P3
,SAMSN1-AS1
,ETS2
,MCPH1-DT
,SRSF1P1
,RPS26P47
,DSTNP1
,RPL23AP4
,SP3P
,RPL21P110
,LINC00440
,RPS12P24
,LINC01050
,TWSG1-DT
,LINC01892
,HIGD1AP2
,TXNL1P1
,ARHGAP28-AS1
,HNRNPA1P31
,LINC00446
,LINC01928
,SLC25A3P3
,IMPA2
,LINC02342
,LINC00560
,MTND5P3
,TRIM43CP
,GPAT2P2
,RN7SL313P
,PPIAP46
,LINC02255
,UBE2CP2
,UBTFL6
,COX5B
,BNIP3P43
,PCCA-AS1
,VENTXP2
,LINC00427
,LINC00543
,GTF2IP2
,ATP6V1G1P7
,LINC02341
,LINC01674
,ARF4P4
,STK24-AS1
,LINC00381
,ZNF415P1
,COX6CP3
,SNRPGP13
,LINC01670
,MIR3648-2
,MIR6724-2
,MIR6724-3
,HMGN1P36
,LINC01254
,RNU7-96P
,RNA5-8SN3
,MIR6724-4
,RNA5-8SN1
,MIR6724-1
,RNU6-286P
,RN7SL52P
,RNU6-113P
,RN7SKP147
,RNU6-1326P
,RNU6-772P
,RNU2-55P
,RNU1-139P
,RNU4-45P
,RN7SKP236
,RN7SL163P
,RNU6-614P
,RN7SL740P
,SNORA62
,SRGNP1
,GAPDHP34
,PPIAP57
,PPP4R1-AS1
,BOD1P2
,LINC00428
,PTMAP5
,LINC01478
,LINC01048
,SCEL-AS1
,LINC01038
,NXT1P1
,FTLP8
,C13orf46
,RASA3-IT1
,RPL34P3
,EZH2P1
,PPP1R2P2
,RPL23AP3
,SETD4-AS1
,RNU6-992P
,CBR1-AS1
,ZDHHC4P1
,DDX6P2
,BNIP3P3
,CASC20
,ANGPT4
,RPL23P2
,RPL12P9
,U3
,LINC01706
,EEF1A1P34
,LINC00351
,LINC02336
,EXOSC3P1
,LINC01428
,SIRPG-AS1
,LINC01713
,BTBD3-AS1
,IDH3B-DT
,RNU6-278P
,LINC01047
,PCDHA1
,PCDHA2
,PCDHA8
,PCDHAC1
,PCDHB1-AS1
,LINC03032
,APOB
,LINC00353
,PCDHB10
,LINC01079
,PEX12P1
,TDRD15
,PRR20C
,LINC00433
,TCEAL4P1
,NUS1P4
,RPL27AP8
,PCDH9
,LINC02958
,CST5
,LINC01752
,LINC01432
,LINC01751
,XRN2
,RN7SL138P
,LINC02978
,DPRXP4
,MIR4733HG
,SIRPB3P
,HLCS-IT1
,DPRXP5
,HLCS-AS1
,LINC00373
,SOX1
,MRPL20P1
,CDYLP1
,LINC01722
,RNU6-696P
,PLCL2-AS1
,PCMTD1P7
,CST7
,NALCN-AS1
,CALM2P4
,SLC14A2-AS1
,FRG1EP
,PDYN-AS1
,CFTRP2
,PCDH9-AS1
,RPL35P9
,COL4A1
,CST2
,CFTRP3
,DUX4L35
,LINC01597
,ISM1-AS1
,RPS2P6
,TMEM97P1
,AATBC
,LINC01723
,DUX4L32
,DDX51
,LINC02361
,FARP1-AS1
,DUX4L33
,GALNT9-AS1
,RPL29P29
,RPL7AP61
,DPPA3P3
,IRS2
,LINC00347
,LINC01067
,GYG1P2
,PPIAP24
,RIOK3P1
,LINC00348
,RNU6-859P
,RNU6-1150P
,LINC01070
,LINC01043
,TPMTP1
,LINC00370
,PCDH8P1
,LINC00564
,TTC39C-AS1
,RPL23AP87
,LINC00566
,LINC01044
,SSR1P2
,RPL7L1P1
,CST2P1
,RPL7P45
,LINC00375
,PCCA
,ZBTB7C-AS1
,DSCAM-IT1
,YRDCP3
,RPS24P18
,BSNDP3
,FAM242B
,DUX4L37
,LINC00676
,LINC01734
,LINC01728
,PGBD4P2
,HBP1
,POLR3GP2
,GPR22
,NPM1P19
,DHX35-DT
,MYO16-AS2
,LINC02337
,MYO16-AS1
,LINC00443
,SUCLA2-AS1
,TRIM60P13
,CDKN2AIPNLP3
,AZU1P1
,BNIP3P7
,LINC00396
,TIMM8BP1
,LINC02335
,L3MBTL4-AS1
,LINC01416
,GAPDHP54
,COL18A1-AS2
,RNU6-401P
,RNU6-1339P
,CSPG4P11
,RN7SL331P
,UBE2Q2P8
,RN7SL417P
,CSPG4P5
,UBE2Q2P11
,UBE2Q2P12
,EGLN1P1
,ATP7BP1
,GOLGA2P7
,DNM1P51
,LINC00933
,RPSAP57
,SNX18P23
,MTCO3P39
,MTND3P22
,NEK2P2
,RPLP0P11
,TOMM40P2
,ZNF402P
,CHEK2P4
,ACTR3BP7
,SLC25A15P5
,LINC01665
,BNIP3P2
,ANKRD62P1
,MED15P7
,LINC00460
,FRG1GP
,GRPEL2P1
,GPM6BP3
,DUXAP8
,RNY1P1
,RN7SL272P
,MTND1P17
,RNU5A-4P
,RN7SKP1
,SNORD116
,RNY4P14
,RNY3P9
,RN7SKP2
,RN7SL700P
,RNY3P2
,RN7SL618P
,RN7SKP6
,RNY4P29
,RNU7-88P
,RNY3P5
,RN7SL375P
,RNU7-87P
,RN7SL761P
,RNY1P8
,RNU4-10P
,RNY3P10
,RN7SL571P
,RNY3P7
,RNY3P3
,RN7SKP8
,RN7SL60P
,RN7SKP10
,SNORD31B
,RN7SL783P
,NME1P1
,MTND3P1
,DDX39AP1
,SNORD36
,RPL7AP73
,IPMKP1
,RFESDP1
,BASP1P1
,NUS1P2
,RNY3P4
,LINC00362
,TATDN2P3
,SDAD1P4
,RPLP1P13
,SACS-AS1
,LINC00352
,RAB27B
,PCNPP5
,LINC01427
,LINC01077
,CDC27P3
,KCNRG
,MRPS5P4
,RPL18P10
,RPL34P26
,RNASEH2B-AS1
,IGKV7-3
,PGBD4P5
,IGKV2-4
,IGKV1-5
,IGKV1-6
,IGKV3-7
,IGKV2-10
,IGKV3-11
,IGKV1-13
,IGKV2-14
,IGKV3-15
,IGKV2-18
,IGKV2-19
,IGKV3-20
,IGKV1-22
,IGKV2-23
,IGKV2-24
,IGKV3-25
,IGKV2-26
,IGKV2-28
,IGKV2-29
,IGKV2-30
,IGKV3-31
,IGKV1-32
,IGKV3-34
,IGKV1-35
,IGKV2-36
,IGKV2-38
,IGKV1-39
,LINC01924
,IGKV2-40
,MRPL51P2
,LINC01754
,EYA2-AS1
,HMGN1P31
,CFAP61-AS1
,DUX4L34
,RPL7AP66
,DSEL-AS1
,OR8U1
,OR5AL2P
,MIR4527HG
,OR5M4P
,RPIAP1
,OR5M9
,OR5M3
,FRG1FP
,OR5M2P
,OR5M8
,OR5M7P
,OR5M6P
,OR5M5P
,IGLV3-12
,IGLV2-11
,RN7SL78P
,RPL11P3
,TP53RK-DT
,LINC01523
,FRG1DP
,LINC01721
,VN1R17P
,MTCO1P3
,OR4M2
,MPTX1
,OR10J2P
,OR4N4
,OR10J7P
,OR10J8P
,OR10J9P
,CDH7
,LINC02819
,GOLGA6L1
,GOLGA6L26
,RNU6-978P
,POTEB2
,POTEB3
,OR4M2B
,OR4N4C
,RIPOR3-AS1
,LINC01522
,RPL36P17
,MYO18B-AS1
,LINC01422
,OR52J3
,OR52E2
,OR52S1P
,OR52E3P
,OR52J1P
,ZNRF3-IT1
,LINC01733
,MC4R
,LINC01903
,RPL5P31
,MAP4K1-AS1
,IPO7P2
,MIATNB
,RNU6-140P
,RPL31P9
,CTBP2P3
,LINC01912
,DHFRP1
,BDP1P
,LINC01908
,RBM22P1
,ATP8A2P2
,ARL2BPP3
,NDE1P2
,LAMTOR3P1
,RPL29P28
,EIF4A1P5
,RFXAP
,WBP2P1
,CCER2
,RPL30P14
,LINC01909
,ERVK9-11
,GAPDHP53
,LINC01524
,MIS18A-AS1
,MRAP-AS1
,LINC01668
,VPS28
,RPS3AP49
,UBA52P9
,RASL11A
,MRPS33P4
,RN7SL288P
,RN7SKP5
,LINC00563
,RNU2-6P
,PPP1R2P4
,OR7E101P
,U4
,PRDX2P3
,RUFY1-AS1
,CBY3
,HMGB3P22
,LINC00683
,CCND3P2
,LINC02565
,KC6
,RN7SKP150
,MRNIP-DT
,BOLA3P2
,OR1M4P
,LINC01198
,RPS3AP51
,NRBF2P1
,AIDAP3
,CST3
,LINC01879
,LINC01440
,LINC01901
,LINC02559
,LINC00555
,CSTP2
,KRT18P23
,CBX7
,BIVM-ERCC5
,OR4G6P
,SCML2P1
,AKR1B10P2
,RNU6-954P
,PPP6R2P1
,DDX11L9
,FRG2MP
,ERLEC1P1
,RBM11
,PCBP2P1
,LINC02856
,GAS6-AS1
,SDHCP1
,CBLN2
,LINC01905
,LINC00454
,PHACTR3-AS1
,LINC01056
,LINC01429
,RARRES2P11
,KRT8P5
,LINC01927
,SOX18
,POLR2KP2
,PSME2P2
,LINC01893
,LINC01898
,LINC01539
,RNU6-1118P
,CICP9
,PABPC1P12
,SLC9B1P3
,ACTR3BP5
,CHEK2P5
,MBP
,HIGD1AP16
,CNN2P1
,ANP32BP2
,TIMM9P2
,BRWD1-IT1
,METTL21AP1
,BRWD1-AS1
,CKAP2LP1
,MEF2D
,IQGAP3
,TTC24
,LINC01749
,NDRG3
,GRK3-AS1
,HNRNPA1P11
,RNF6P1
,KRT18P8
,LINC01900
,OR4K2
,LINC00668
,OR4K5
,OR4K1
,LINC01716
,OR4K14
,LINC01441
,OR4K13
,OR4K17
,OR4N5
,OR11G2
,OR11H6
,OR11H4
,FAM204CP
,RN7SKP9
,EIF4A3P1
,NKILA
,SNORA31B
,RCN1P2
,SLC25A30-AS1
,LINC01718
,HCFC2P1
,ESD
,SNORA79B
,BMP7-AS1
,GET1-SH3BGR
,RPL5P35
,MYL6P2
,RPS26P4
,MRPS18CP6
,JCADP1
,LINC01643
,HTR2A-AS1
,DIAPH3-AS2
,RNY4P28
,LINC00434
,TARDBPP2
,KLHL33
,EIF4A1P6
,PRR5-ARHGAP8
,OR4K6P
,OR4K4P
,OR4K16P
,OR4U1P
,OR4T1P
,PSMB7P1
,GTF2IP22
,OR11G1P
,OR11P1P
,OR11H5P
,LINC01029
,PSMC1P13
,MCPH1-AS1
,GS1-24F4.2
,AAAS
,DEFA10P
,LINC01639
,VPS51P14
,RPS3AP30
,SNRPCP6
,SNRPCP17
,RPS3AP33
,VPS51P9
,ENPP7P12
,OR7E161P
,SUB1P1
,RNU6-1084P
,RN7SL293P
,RPL19P13
,RPL17P29
,RNU6-729P
,PRSS52P
,MSRA
,LAMA5
,MSRB1P1
,IFNL4P1
,GMFG
,RNU6-526P
,RNU6-1151P
,RPL10P19
,RNU6-682P
,RN7SL178P
,LINC02950
,FAM86B3P
,VPS51P16
,USP17L7
,RPS3AP34
,RPS3AP35
,LINC03019
,LINC00681
,RNU6-842P
,SEZ6L-AS1
,DEFB106B
,DEFB104B
,LINC00898
,XKR5
,DEFA1B
,OR7E154P
,PRR23D1
,DEFB105B
,ZNF705G
,FAM66E
,USP17L4
,RPL5P27
,ZNF705D
,DEFB131C
,DEFB131E
,FRG2EP
,DEFB134
,DEFB135
,CTSB
,COL4A2-AS2
,COL4A2-AS1
,RNU6-1149P
,PIM3
,CD300H
,RSPH1-DT
,GATA4
,RN7SL597P
,CALM2P3
,PDE9A
,MORF4L1P4
,SOX7
,C8orf74
,AGGF1P10
,CDC42P6
,ALG1L13P
,TUBBP2
,OR7E155P
,LINC02970
,RN7SL515P
,VWA8-AS1
,RPS28P8
,LINC00456
,PSMA6P4
,PRR34-AS1
,BNIP3P6
,FAM83F
,LLPHP1
,RPL22P20
,RN7SKP69
,RN7SL547P
,RN7SL607P
,RNU1-131P
,RN7SKP111
,RNU6-1257P
,RN7SL561P
,RN7SL690P
,RN7SKP140
,KRR1P1
,RNU1-23P
,LINC01072
,RNA5SP528
,TRDJ1
,SNORA71
,RNU4-40P
,RNU6-937P
,PPIAP28
,LINC00556
,TRAJ60
,RNU6-639P
,RNA5SP532
,RN7SL116P
,RN7SL680P
,TRDD1
,RNU7-144P
,TRAJ54
,RNU6-919P
,RNU6-347P
,TRAJ49
,TRDJ3
,RNU6-147P
,TRDD3
,RNU6-497P
,RNU6-1146P
,RNU6-929P
,RNU4ATAC7P
,RN7SL197P
,RNU7-141P
,RN7SKP33
,RN7SL170P
,RNU6-563P
,LINC01219
,TRAJ48
,TRAJ59
,TRAJ61
,TRDC
,SYNGR1
,TRAJ58
,TRDJ4
,LINC02293
,TRAJ47
,TRDJ2
,SYS1-DBNDD2
,TRAJ56
,KIAA1143P1
,LINC02294
,NDUFB4P10
,STX16-NPEPL1
,SEZ6L
,RPL7AP55
,RNU6-943P
,OR10A6
,TRDD2
,LINC02277
,SNX6
,PIEZO1P2
,RPL3L
,RNF151
,SLC35E1P1
,RNU2-7P
,TRAJ53
,SYNGR3
,TRAJ45
,RANP8
,TRAJ52
,CNOT4P1
,RN7SL219P
,TRAJ55
,HNRNPA1P30
,PPIAP27
,RPSAP54
,LINC00645
,LATS2
,GLRX5P3
,LATS2-AS1
,RNU4-9P
,ARHGAP42P5
,RPS12P23
,IPPKP1
,MTND6P12
,HADHBP1
,PRKX-AS1
,LINC02286
,LINC02315
,LINC02307
,KRT8P1
,LINC02313
,LRFN5-DT
,DRAXINP1
,ANAPC15P1
,GS1-600G8.3
,NOLC1P1
,SLC25A15P3
,RPL34P27
,RN7SL741P
,RNY1P3
,LINC00415
,MTND4P7
,RPL23AP53
,DLGAP2-AS1
,RPS5P8
,RPL23AP54
,MTCYBP12
,TMEM97P2
,RPS27AP20
,BTF3P3
,RPL6P30
,CENPN-AS1
,TRAJ51
,MIR3171HG
,OR6R2P
,EIF4EP5
,RPS3AP46
,GCSH
,LINC03023
,NHIP
,RNU6-1191P
,PPIAP5
,TRAJ57
,LINC02322
,GNRHR2P1
,RPL31P4
,BCAR1P2
,LINC01899
,OR4N3BP
,CXADRP2
,LINC01203
,RN7SKP271
,RNU6-759P
,PARVG
,MIR4307HG
,LINC00907
,H3P46
,GLRX5P1
,EEF1DP3
,OR11H3P
,OR11J6P
,FRY-AS1
,CBLL1P1
,RARRES2P3
,RPS8P10
,MPHOSPH10P5
,LINC02203
,LINC02346
,OR4M2-OT1
,RPL35AP36
,PKIG
,OR11K1BP
,MIR210HG
,LINC00929
,RNY1P4
,LINC00423
,LINC00445
,RNY4P30
,CTAGE10P
,RNY4P9
,DRD4
,OR4N3P
,FAM9CP1
,RPL5P1
,IRF7
,OR11J7P
,RPL24P9
,RN7SL156P
,RN7SL443P
,LMNTD2-AS1
,RNU6-743P
,LINC02554
,SCT
,HIKESHIP1
,LINC02331
,PKDREJ
,RNU6-1251P
,LINC01910
,GRAMD4P6
,LINC02556
,GRAMD4P5
,STYX
,LARP7P3
,LINC01477
,RPL12P40
,MPHOSPH10P4
,SERPINE4P
,LONRF2P3
,PDE9A-AS1
,GOT2P7
,WBP1LP3
,EIF1AXP2
,LINC02319
,FUNDC2P4
,INTS6-AS1
,RPL17P45
,RPL17P2
,LINC02290
,LINC01916
,LINC01922
,RN7SL320P
,RPL35P8
,SNRPGP11
,RNY1P6
,RN7SL413P
,RFKP4
,TTLL1-AS1
,SCUBE1-AS2
,ERICH1
,KIAA1328
,GPR18
,PRKCH-AS1
,DNMT3L-AS1
,LINC01521
,LINC01500
,RPL15P22
,IGLV3-13
,TMSB10P2
,JTBP1
,LINC01456
,FTH1P14
,RPL35AP37
,RDXP2
,CLDN7P1
,ZYX
,PFKL
,SALL4P7
,UBTFL11
,MDM4P1
,BAG1P1
,BRK1P1
,SRSF2P1
,PTP4A1P5
,EPHA1-AS1
,LINC03021
,PAICSP5
,LINC00899
,RNU6-267P
,LINC01894
,ATP8A2P3
,PRUNEP1
,LINC01541
,DDX11L8
,SCUBE1-AS1
,CAPZA1P5
,IQSEC3-AS1
,LINC01656
,SLC16A1P1
,WASH8P
,NFE2L3P1
,RN7SKP72
,RNU6-349P
,RN7SL282P
,RN7SL50P
,RNU6-916P
,RNU2-27P
,RNU6-903P
,SCOCP1
,RNU6ATAC20P
,RNU6-1032P
,RN7SL745P
,RNU6-702P
,RNU6-721P
,RN7SL97P
,RNU6-1289P
,RNU6-408P
,RNU5A-6P
,RNU6-435P
,RNU6-1050P
,RNU6-1242P
,RN7SKP182
,RNU6-706P
,RNU6-708P
,MTND6P19
,RNU6-737P
,SNORA73
,RNU6-116P
,RN7SL342P
,RNU4-17P
,RNU6-567P
,RNU6-142P
,RNU6-1037P
,RN7SL705P
,RN7SL795P
,RN7SL401P
,RNU6-655P
,LINC01895
,RPL31P59
,RPL21P127
,BOD1P1
,NPIPB5
,NPIPB4
,TSPEAR-AS1
,FUT10
,ANKRD10-IT1
,LINC00368
,FLJ16779
,ARHGEF7-AS2
,ARHGEF7-IT1
,ARHGEF7-AS1
,IER3IP1
,TBC1D22A-AS1
,KRTAP10-13P
,RPL7P44
,RNU6-1131P
,RNU6-1066P
,RNU6-338P
,RN7SKP169
,SNORD42
,CLN5
,RN7SKP252
,RNU6-379P
,RPL36AP9
,RN7SKP214
,FOXO6-AS1
,FOXO6
,LINC01303
,MYCBP2-AS1
,SMIM10L1
,TAS2R63P
,MRPL49P2
,MYCBP2-AS2
,ATP11A-AS1
,MCF2L-AS1
,SERPINE3
,BMS1P16
,RPL23AP57
,NF1P2
,PPIAP33
,GTF3AP1
,HNRNPA1P41
,FAM210CP
,RPS29P33
,JKAMPP1
,PABPC1P11
,RN7SL305P
,RPL5P32
,RPS27AP14
,SUMO2P2
,DNAJB6P2
,AKAP8P1
,IFNWP9
,TMEM215
,RANBP6
,PCBP3-AS1
,CUBNP2
,SELENOTP1
,DMRTA1
,OR6D1P
,ANKRD30BP3
,OR13A1
,RNU6-1207P
,LINC02825
,RNU6-994P
,ATP10A-DT
,CRYBB1
,CRYBA4
,RPL31P42
,DSG2-AS1
,RN7SKP44
,KCNQ2-AS1
,HIGD1AP15
,SDAD1P2
,LINC02895
,LINC02853
,KSR1P1
,SLC20A1P3
,PABPC1P8
,ZNF519P3
,SSTR3
,MTCO3P30
,LINC01242
,CLIC4P1
,LAGE3P1
,HSPA8P13
,SAMM50P1
,RPL35AP20
,ACTG1P14
,SYTL5
,ADAM7-AS1
,RNU1-94P
,PTTG4P
,RBM8B
,TUBBP3
,SIPA1L1-AS1
,FUT8-AS1
,RPL23AP71
,LINC01283
,METTL1P1
,PLLPP1
,FTH1P27
,IMPDH1P5
,RPS15AP40
,HMGB1P16
,OR1Q1BP
,ZNF519P2
,PDCL2P1
,TDGF1P1
,PGAM1P7
,LONRF2P4
,NOL4L-DT
,DLG5-AS1
,RN7SL284P
,RNU6-1266P
,RNY4P24
,LINC02306
,DYM-AS1
,PRR13P4
,RPL17-C18orf32
,RPLP0P10
,OR11J5P
,BMF-AS1
,LINC02948
,HMBOX1-IT1
,CCT3P1
,GTF3AP2
,HMGB1P23
,RPL9P6
,GGTLC4P
,RPL10P18
,SNORD58C
,SRP72P1
,LINC02837
,LINC00345
,MTND5P41
,OOSP1
,GABRG3
,OOSP4A
,OOSP4B
,RPL17P33
,RPL21P80
,RNU1-46P
,SPECC1L-ADORA2A
,HNRNPA1P71
,NBEAP4
,RPL10AP2
,PAICSP4
,RPL23P10
,NDUFA12P1
,ASNSP3
,MTCYBP19
,RPL15P18
,PSME2P5
,ZIC5
,GDAP1L1
,ZNF965P
,GXYLT1P1
,CNN2P12
,SNX18P26
,ANKRD20A9P
,VENTXP5
,MTND6P20
,LIG4
,KCNQ1-AS1
,LINC00449
,LINC01039
,CFL1P8
,CLYBL-AS2
,CLYBL-AS1
,TGIF2
,COX6CP18
,MINDY2-DT
,RPL7AP62
,OR4H6BP
,LINC00609
,RN7SL555P
,UBOX5-AS1
,OR11K1P
,FTCD-AS1
,RPL7AP75
,SNX18P27
,IDI1P2
,RPL21P8
,RNU6-1025P
,MUC6
,RNU6-1019P
,HM13-IT1
,HM13-AS1
,RNU6-384P
,HMGB3P23
,RPS3AP54
,POM121L10P
,ARL5AP4
,BCL2L1-AS1
,CRIP1P4
,LINC02284
,NOP56P2
,CHCHD4P3
,LINC02851
,BOLA3P4
,SLC4A1APP1
,KCTD9P3
,RBPJP6
,LINC02296
,RPL21P11
,OR7E159P
,LINC02302
,TRAJ50
,RPL18P1
,FKBP1BP1
,FTCD
,RAI2
,ENTPD4-DT
,FTLP16
,RBM39P1
,MAP2K1P1
,OR4Q1P
,FTLP4
,FAM74A6
,CAP2P1
,LINC00701
,LINC00700
,FUT8
,TUBAP2
,PTGER4P2
,TMEM252-DT
,RBM17P2
,COL6A1
,PTGER4P3
,TNIP2P1
,MKI67P1
,KIZ-AS1
,CPSF1P2
,ZNF877P
,RNU6-192P
,LINC00705
,PTMAP3
,RNU7-137P
,GGCTP2
,RN7SL14P
,ARL4AP3
,RNU2-56P
,FAM47DP
,RN7SKP74
,ZNF133-AS1
,MAGEB17
,RPP40P1
,LAMP5-AS1
,MUC2
,SCML2
,CNTNAP3P2
,LINC02688
,LINC00708
,LINC02287
,LINC02670
,LINC00709
,LINC02639
,CUX2P1
,LINC02656
,AKR1C5P
,SRSF6P1
,CTNNBL1P1
,YBX1P8
,LINC02833
,DOCK11P1
,RPS19P3
,NANOGP10
,NFYCP1
,ITPK1
,LINC01204
,RPL36AP4
,UMODL1
,HMGB1P15
,DDX24
,SNRPGP14
,RNU6-1258P
,LINC02403
,RN7SKP65
,DPPA5P4
,ENSAP2
,UBA52P3
,CHCHD3P1
,RNU6-917P
,HSP90AB7P
,LINC00703
,LINC02645
,LINC02662
,LINC02676
,RGS6
,RPL4P5
,RPS6P22
,LRIG3-DT
,MFFP3
,CCNYL5
,RPL7P52
,SNORD27
,NHLRC4
,C4orf46P1
,LINC01046
,GAPDHP52
,ZDHHC20-IT1
,ELMO2P1
,GAPDHP43
,RPS7P10
,FGF9
,LINC02663
,MTND1P37
,RN7SL766P
,LINC00424
,LINC02063
,UQCR10P1
,CHMP5P1
,AMZ2P3
,RDXP3
,HMGN1P20
,IPO7P1
,SGSM3-AS1
,MRTFA-AS1
,RPL4P6
,GAPDHP37
,EIF4HP2
,PRB4
,LINC02142
,KRT8P37
,LINC01516
,MTND2P16
,RPP38
,KRT8P14
,ZFRP1
,KRTAP19-8
,UBE3AP2
,TIAM1-AS1
,SOD1-DT
,LINC01289
,RPS15AP24
,MREGP1
,E2F6P1
,POM121L15P
,BCRP7
,RPL13AP22
,MTCO1P31
,FLJ13224
,GOLGA6L22
,DGCR6
,HERC2P7
,MPHOSPH10P9
,LINC00400
,CELSR1P1
,CA15P1
,THAP10
,RFPL4AP7
,NDUFA5P12
,HNRNPA1P45
,RPL29P19
,RPL36P19
,OR11J2P
,ENOX1-AS2
,ENOX1-AS1
,MESTP2
,RPL6P22
,LINC02947
,OLA1P1
,OGFRP1
,LINC02162
,LINC02196
,DGKZP1
,PPP4R2P5
,MTCO1P30
,CTD-2194D22.4
,IRX4
,RPL32P21
,RAB28P3
,LYPLA2P3
,TCEA1P4
,NPTXR
,GRTP1-AS1
,CBX6
,MPHOSPH10P7
,IQCH-AS1
,SSBL2P
,FAM236B
,GPR158-AS1
,TMCO5B
,ABCB10P3
,YWHAZP7
,MAP2K5-DT
,HMGB3P3
,ABCB10P4
,GOLGA8M
,RPL41P2
,MTCO1P2
,U8
,APOBEC3B-AS1
,RPL21P84
,GOLGA8J
,ZNF341-AS1
,RPSAP75
,MAOB
,HSPA8P17
,CHRNA7
,LINC02297
,RN7SL666P
,PDCD6IPP2
,MTCYBP27
,EEF1A1P2
,FRMD3-AS1
,HNRNPMP1
,KRT8P9
,YWHAZP8
,KPNA4P1
,BUB1B-PAK6
,RAB8B
,RRAGAP1-AS1
,PCNA
,PPIAP87
,NEK5
,CDS2
,LURAP1L-AS1
,ZNF33BP1
,RPL19P20
,LINC02291
,FOXN3-AS1
,LINC02960
,LINC00540
,LINC00658
,SDR42E1P2
,LINC01058
,LINC00426
,BMS1P14
,AQP7P4
,LINC00544
,BUD31P1
,LINC00462
,DNAJA1P6
,SNX5
,LINC00404
,SLC25A18
,LINC02305
,SSTR1
,RBMXP5
,PHKA1-AS1
,ZNF674-AS1
,MTND4P33
,SMIM15P1
,NPIPA5
,DGKK
,RPL37P6
,ASNSP4
,KCTD9P6
,RPS24P13
,DUXAP3
,NDP-AS1
,SPRING1P3
,SPIN4-AS1
,PIR
,MRPL3P1
,LINC00421
,PARP4P2
,SLC25A15P2
,MRPS31P2
,LINC00350
,RPL36AP21
,RPL15P20
,LINC02211
,MTCO3P40
,HNRNPA1P14
,RPL32P14
,LINC02116
,RPL23AP83
,PSMA5P1
,RPL3P3
,OR7K1P
,LINC02221
,CCDC88C-DT
,POLR3GP1
,RN7SL166P
,GNRH2
,ST6GALNAC4P1
,PFN5P
,NTAN1
,NPIPA3
,NPIPA9
,SLC28A3-AS1
,LINC00395
,LINC02339
,RAC1P8
,RPL17P40
,LINC00358
,LINC01075
,LINC01074
,LINC00459
,RPL32P28
,SQSTM1P1
,LINC00448
,DNAJC19P9
,PPP1R2P10
,LINC00355
,DIO2-AS1
,HNRNPA3P5
,LINC01052
,TRIM60P19
,NOMO3
,IGHA2
,IGHEP1
,IGHG3
,IGHV3-11
,RNU2-52P
,TOP1
,IGHV3-20
,IGHE
,IGHV1-24
,RPS20P25
,IGHV4-31
,LINC01017
,CCDC85C
,IGHV7-34-1
,IGHV4-34
,NPIPA7
,LINC02112
,PKD1P3
,IGHV4-39
,IGHG1
,ABCC6P2
,IGHV3-33
,PKD1P1
,IGHV3-21
,IGHV1-17
,ALG3P1
,IGHV1-12
,SLC20A1P2
,IGHV1-45
,IGHV3-50
,MTCO2P30
,IGHV4-28
,PKD1P6
,IGHV3-53
,IGHG4
,IGHV1-68
,IGHV3-54
,IGHV3-16
,IGHV7-56
,IGHV3-13
,IGHV1-18
,UBE2V1P12
,IGHV3-19
,IGHV3-30-2
,HOMER2P2
,GNA14
,IGHV3-64
,IGHV3-65
,IGHV3-35
,IGHV3-15
,IGHV5-51
,IGHV3-42
,IGHV3-6
,IGHV3-7
,IGHV2-26
,IGHV4-55
,IGHV7-27
,IGHV3-41
,IGHV4-59
,IGHV3-33-2
,IGHV2-70
,IGHV3-43
,IGHV3-66
,IGHV3-22
,IGHV3-72
,IGHV3-48
,IGHV7-40
,RPL23AP81
,IGHV1-69D
,RN7SL615P
,IGHV3-29
,IGHV3-36
,IGHV1-58
,IGHV2-5
,IGHV3-47
,IGHV3-57
,IGHV3-63
,IGHV3-60
,IGHV3-38
,IGHV3-73
,IGHV4-61
,IGHV3-74
,IGHV3-25
,IGHV3-75
,IGHV2-70D
,IGHV3-37
,IGHV3-62
,IDI1P3
,IGHV1-67
,HOMER2P1
,IGHV3-30
,PLCB2-AS1
,IGHV4-4
,IGHG2
,LINC01679
,IGHV3-52
,IGHV3-49
,COPDA1
,FOXF2-DT
,IGHV3-76
,LINC01694
,IGHV1-46
,SLC20A1P1
,IGHV5-78
,IGHV3-23
,IGHV1-14
,HMGN2P28
,IGHM
,IGHJ6
,IGHJ5
,IGHJ4
,IGHJ3
,IGHJ2
,LINC02205
,IGHJ1
,LINC02124
,MARK2P18
,PDCL3P1
,RPL3P9
,IGHV6-1
,ITGA8
,RPL5P20
,ARPC3P5
,MRPL9P1
,FEM1B
,FXYD6P1
,HNRNPRP1
,LINC02658
,SGPP1
,RNU7-116P
,RPS28P1
,BTF3P4
,RPS23P5
,LERFS
,LINC02220
,MARK2P5
,TERF1P7
,GOT2P6
,LINC02226
,MTND1P31
,TOMM20P4
,PTPN11P4
,FGF7P5
,FAM74A7
,RPL21P85
,CTRB2
,RBM17P3
,RPL21P83
,CDK2AP2P2
,GNA14-AS1
,TMEM170B
,RHEBP3
,LINC00840
,ARL2BPP10
,KRT8P27
,ALG1L11P
,DNAJB5P1
,XKR9
,RPL24P8
,CUBNP1
,MTCO1P51
,MIR4290HG
,C21orf58
,LINC01640
,AMD1P1
,AQP7P1
,PSMC1P11
,LINC00581
,SNORA50B
,LARGE-IT1
,JARID2-DT
,EEF1E1-BLOC1S5
,LARGE-AS1
,PPIAP29
,LINC02318
,MRPL42P2
,RPS6P12
,VENTXP6
,COX6CP8
,DPPA3P6
,CCL4L2
,SFR1P2
,HNRNPH3P1
,CCL3-AS1
,PSMA1P1
,PCNPP4
,TBC1D3I
,TPMTP4
,SAR1AP4
,LINC00561
,RPL21P61
,LINC02675
,SUB1P3
,MMADHCP1
,HMGN1P34
,NF1P9
,SPTLC1P2
,RPL18AP2
,MTND6P2
,RN7SL301P
,LINC02146
,EIF4A1P7
,LINC02316
,MTHFD2P6
,LINC02239
,TCF4-AS2
,LINC02114
,RPL21P126
,MTND5P35
,LINC02111
,CHORDC2P
,POM121L13P
,LINC02241
,RPL23AP10
,RPL6P18
,MIR5689HG
,RPL6P17
,BMS1P11
,TBC1D3P7
,HERC2P11
,RPL7AP36
,CDRT15P7
,FAM136EP
,FAM88E
,KRTAP9-12P
,EIF2AP4
,LINC02834
,FTLP19
,ANKH-DT
,LINC01019
,LINC02123
,LARGE1-AS1
,LINC02543
,SDR42E1P4
,MYO5BP2
,LINC02330
,RPL36AP55
,HIRAP1
,LINC00841
,LINC02672
,SCGB1C2
,LINC02091
,MKX-AS1
,LINC00838
,DIS3L-AS1
,DIP2A-IT1
,RNU6-396P
,LINC00642
,SDR42E1P3
,FAM88B
,BID
,IFITM8P
,RPH3AL-AS1
,MTND3P4
,RPH3AL-AS2
,LINC02887
,MIR548A1HG
,FGF7P8
,RNU6-742P
,RSL24D1P11
,LINC01897
,HMGN1P30
,MRPL50P4
,UQCRHP3
,GPN3P1
,CUBNP3
,CDYL-AS1
,MRPS35P3
,UBE2V2P1
,MYL6P3
,LYRM4-AS1
,SNORA108
,RPL9P31
,VN1R54P
,ANKRD54P1
,MALT1-AS1
,LINC00967
,SPRING1P1
,RPL26P28
,RPL29P30
,RNU6-219P
,LINC01926
,RNU2-69P
,B2M
,REXO1L5P
,SORD2P
,C12orf29P3
,DPPA3P9
,RPL7AP46
,BMS1P9
,CYLC2
,LINC02858
,LINC01623
,MAPT-IT1
,REXO1L11P
,RPL13AP18
,HIGD1AP18
,LINC02849
,LINC03025
,BARX1
,MRPL35P1
,MTCO2P33
,LINC01508
,PPIAP88
,CPB2-AS1
,RPSAP49
,GAPDHP26
,MTND2P9
,FAM242F
,IRX1P1
,KCTD9P5
,TUBB4BP6
,KANSL1-AS1
,ARL2BPP7
,CDH10
,PTCSC2
,SLC25A6P2
,RPL7P47
,LINC02937
,UBE2Q2P6
,HNRNPA1P37
,MAPT-AS1
,CSPG4P10
,OR2W1-AS1
,RNY1P7
,RPL26P34
,LINC02309
,GALC
,LINC01195
,BNIP3P4
,RGS11
,RDM1P2
,BTF3P6
,GPX5
,KRT18P66
,TUBB4BP8
,SETP4
,LINC01284
,C5orf34-AS1
,MTND2P25
,ADH5P5
,LINC02119
,KRT18P38
,DDX18P3
,TATDN1P1
,SNRPEP8
,CTDSPL2P1
,CORO1CP1
,EIF3MP1
,RN7SL673P
,UBE2V1P7
,LINC01496
,GOLGA8T
,UBE2V1P9
,RN7SL469P
,PI4KAP2
,SRIP2
,ABR-AS1
,ARHGAP11B-DT
,RN7SL628P
,GATA6
,DNM1P50
,YWHAZP3
,GOLGA8Q
,LINC02632
,RN7SL796P
,MPHOSPH10P2
,GOLGA8N
,RN7SL286P
,SCG5-AS1
,GREM1-AS1
,ENPP7P9
,CEP164P1
,LINC00504
,IGHV3-64D
,TTC7B-AS1
,RN7SKP221
,ZBED9-AS1
,GCSHP1
,COPS8P1
,RPL21P56
,UQCRFS1P3
,EIF4A1P10
,SOX4
,SHC1P1
,LINC02533
,RPL21P62
,AK4P2
,LINC02522
,ACTG1P15
,RNU6-495P
,RPL21P46
,BOLA2P3
,STAU2P1
,HNRNPA1P25
,PPATP2
,HNRNPDLP3
,FCF1P9
,RPS29P28
,HNRNPA1P5
,TTC3-AS1
,RPS7P11
,TEX101P1
,STIP1P3
,KAT7P1
,B3GNT2P1
,MAPK8IP1P2
,RN7SL678P
,DND1P1
,LINC02120
,GCNT1P2
,LINC02210-CRHR1
,CPZ
,UQCRBP3
,NDUFAF4P1
,SLC24A3
,LINC02984
,PKIA-AS1
,CAPZA1P3
,RPL6P29
,WBP11P3
,IGBP1-AS2
,SLC24A3-AS1
,RPL31P40
,USP37P1
,RPS7P14
,FOXN3P2
,RPS26P8
,ATG4AP1
,ADI1P1
,BUD31P2
,PAICSP7
,MRPS22P1
,DIAPH2-AS1
,POMPP1
,SERBP1P4
,PDK1P2
,NPM1P43
,HCN4
,LINC01182
,RNPS1P1
,TGIF2LX
,MTND2P31
,LINC01396
,C1QTNF7-AS1
,RPS21P4
,ST13P18
,LINC02438
,ACTR3P2
,WEE1P1
,KPNB1P1
,DLGAP5P2
,OOEPP1
,HMGB1P32
,SLC2A13P1
,SEPTIN9-DT
,ACTBP6
,RNU6-1018P
,LINC02317
,GLRXP2
,EEF1A1P40
,GTF3C6P1
,TRAPPC13P1
,CSGALNACT2P1
,LINC01410
,RPL31P44
,LINC02957
,CDH9
,CNTNAP3P1
,SNRPCP13
,CDK2AP2P3
,CORO7-PAM16
,FKBP4P8
,CTDSPL2-DT
,GLIS2-AS1
,NEK4P3
,MRPS21P5
,PRELID1P3
,RPL22P16
,CCNO-DT
,TPM3P3
,BRDTP1
,LINC02228
,LRRFIP2P1
,NDUFA5P7
,KRTAP9-10P
,PSKH2
,LINC02100
,RPS3AP44
,ADAMTS12
,HNRNPDLP1
,C3orf49P1
,CFAP97D2
,VDAC1P3
,XRCC6P5
,PRDM14
,UQCRBP1
,TERF1P4
,CCNB1IP1P3
,NT5DC1P1
,SLC6A14
,NAPG
,RPL21P87
,DEPDC1P2
,HNRNPA1P15
,RPS20P24
,ALG1L5P
,RAB28P4
,E2F5-DT
,LINC01111
,SERPINA7P1
,RPL34P36
,RPS15AP25
,RANBP1P1
,HAUS1P3
,AP2B1P1
,RNU6ATAC38P
,LINC02225
,RPL13AP3
,RPL21P72
,OR7E105P
,LINC01592
,LINC01887
,LINC02312
,ECM1P2
,RNU6-476P
,IGHV3-32
,PMM2P1
,ALG1L7P
,CA3-AS1
,KIAA0895LP1
,VPS51P18
,RNU6ATAC22P
,MGC4859
,RN7SL162P
,HSPA8P8
,SLIT2-IT1
,LINC01335
,RPL21P128
,RNU6-120P
,EXOGP1
,GREB1L-DT
,LINC02630
,MRPS15P1
,CNOT6LP1
,HNRNPA3P11
,MYL6P5
,COMT
,C12orf4
,MYCLP2
,TATDN2P1
,JARID2-AS1
,TMEM183AP2
,LINC02149
,IMPDH1P9
,TPMT
,MSC-AS1
,HSP90AB4P
,EIF1P4
,ZFAND2A-DT
,LINC02472
,MDH1P2
,HNRNPA1P58
,RPL29P17
,ENPP7P11
,GPR78
,RFPL4AP3
,OR7E86P
,KRTAP26-1
,OR7E149P
,KRTAP27-1
,GABARAPL1-AS1
,OR7E140P
,A2ML1-AS1
,LINC01054
,RPL23AP97
,ARVCF
,NMT2
,KRTAP21-3
,RNU6-426P
,RPS26P5
,SNORD74B
,RNU1-98P
,TIAM1
,LINC00354
,RPL10L
,LINC00551
,LINC00571
,REXO1L4P
,LINC03082
,TFAP2A-AS1
,TUSC2P2
,MIR4500HG
,TUBAP6
,LINC01055
,UBAC2-AS1
,ADGRA3P1
,SUMO2P12
,LINC00621
,PCCA-DT
,LINC02311
,RNU6-324P
,SDHDP1
,LINC02513
,LINC00545
,PMM2P2
,RPL15P7
,ACTRT1P1
,NDFIP2-AS1
,LINC01068
,EIF3JP1
,SNX3P1X
,FAM236C
,PPIAP56
,PSMA2P2
,HMGN2P32
,PSMC2P2
,TPT1P13
,KRT8P17
,POP1
,RNU6-170P
,RPL36AP25
,HSPE1P12
,SLCO4A1-AS2
,SLCO4A1-AS1
,GAPDHP31
,CTDP1-DT
,KRT18P68
,MDH1P1
,MTCYBP31
,STAU2-AS1
,PABPC1L2B-AS1
,PPP1R11P2
,CYLC1
,TRIM60P15
,IRF5P1
,VEZTP1
,RIPPLY1
,RPS23P1
,C8orf34-AS1
,RPS15AP27
,DOCK9-AS1
,RPL7L1P12
,RPS6P23
,MTND4P31
,GAPDHP22
,PGAM4P1
,DPRXP6
,MTND6P13
,TLCD2
,RPL36P18
,EEF1A1P29
,HMGN1P35
,ARL5AP5
,TMEM230P1
,TMEM184CP1
,RPL7AP72
,LINC01177
,NLRP7P1
,IMPDH1P4
,RPL22P22
,A2ML1-AS2
,RPL31P63
,RRM2P3
,PCNAP3
,RPL7P55
,MTCO1P53
,PRPF4BP1
,COX6CP12
,NCKAP1P1
,UBE2V1P16
,SNORA77B
,MTCO3P44
,LINC02270
,MLECP1
,SETBP1-DT
,RN7SL105P
,RPL31P43
,LINC02191
,COQ7-DT
,AMD1P4
,E2F4P1
,TUBBP9
,LINC02177
,RPL6P23
,PCMTD1P2
,LDLRAD4-AS1
,CCNB2P1
,RARRES2P9
,RARRES2P8
,FRG2HP
,AGGF1P5
,VN1R68P
,CCDC188
,AGGF1P8
,DUX4L46
,KRT18P62
,NAMPTP3
,UBE2MP1
,RARRES2P5
,DUX4L47
,WBP1LP12
,RN7SL362P
,REXO1L3P
,LINC02940
,ITGB2-AS1
,RPL15P17
,GDF3
,LINC01492
,PPP1R1AP2
,YBX1P6
,ITFG1-AS1
,RPL19P11
,RNU6-222P
,HMGB1P47
,LINC01690
,FGF10
,ZNF519P1
,LINC02655
,HSP90AB6P
,TULP3P1
,RN7SKP7
,C12orf29P1
,AKTIPP2
,RAB3C
,DAPK1-IT1
,RPS27AP15
,C9orf57
,RN7SL168P
,UFD1-AS1
,METRNL
,KLRC4-KLRK1
,MAMDC2-AS1
,TBCD
,CHORDC1P4
,SNRPCP4
,GRID1-AS1
,DUX4L45
,LINC00603
,SLC25A1P4
,PNPLA10P
,SPRYD7P1
,AGGF1P7
,LINC01331
,GEMIN8P3
,JMJD1C-AS1
,AGGF1P9
,LINC01519
,VN1R69P
,RAB5CP1
,NDUFA8P1
,CLUHP11
,ZNF971P
,EEF1A1P38
,RPS7P13
,RPL26P36
,MYL12-AS1
,MED28P4
,CCNYL3
,NXPH1
,CENPB
,LINC01730
,MACC1-AS1
,VKORC1P1
,SUMO2P21
,THRAP3P3
,DUTP4
,GLCCI1-DT
,MIOS-DT
,MYO5BP3
,ASB6
,RPL23AP52
,RPL36AP26
,VPS35P1
,RNU6-857P
,SMG1-DT
,FRG2IP
,SUCLG2P4
,LINC02127
,DPP3P2
,RPSAP38
,HMGN2P41
,RPS17P11
,GAS1
,LINC02184
,FGFR3P5
,PBX3-DT
,TMF1P1
,KIF18BP1
,KRT18P36
,OR11Q1P
,PCMTD1P3
,BTG3P1
,ICA1-AS1
,H2BP8
,C2orf69P1
,LINC01678
,RBBP4P3
,EEF1B2P5
,YAP1P2
,KRT18P44
,NANOGP3
,LINC01281
,RPL37P15
,ANKRD26P4
,HAX1P1
,CNOT7P1
,OR7L1P
,TUBB4AP1
,ORC1P1
,SKP2P1
,RPL15P19
,LINC00392
,LINC00402
,RNY1P5
,DDX55P1
,PLBD1-AS1
,UBL5P1
,RNU6-167P
,LINC02133
,LINC01520
,LINC02498
,MTCO3P27
,FRG2JP
,EVA1CP1
,C1QL1P1
,C2orf69P4
,RPS3AP17
,RPL23AP72
,EVA1CP3
,RBMX2P4
,RARRES2P10
,FRG2GP
,FARSBP1
,LINC02129
,STK24P1
,N4BP1
,LINC01282
,F7
,CTDSPL2P2
,PLS3-AS1
,LNMICC
,MYL12AP1
,FLJ46284
,RBBP8P1
,FSBP
,UFM1P1
,AGGF1P6
,RPL7P40
,DUXAP2
,PPIAP30
,FAM133CP
,RPL32P35
,F10
,RPL3P12
,LINC02568
,LINC00895
,RPL7AP65
,RPL7L1P11
,TCF12-DT
,RPL21P121
,EVPLL
,YWHAEP2
,KRT16P4
,TNPO1P2
,REXO1L12P
,LGALS9C
,LINC02839
,LINC02653
,ZYG11AP1
,LINC02671
,MTND4P9
,TRMT1P1
,MTND4P24
,KRT17P5
,RPS27P13
,RAP2C-AS1
,LINC00863
,KRT17P2
,OR11N1P
,RPS7P9
,F10-AS1
,RSU1P3
,LINC01518
,RBBP4P4
,LINC02505
,AFF2-IT1
,WARS2P1
,EIF2S2P3
,NPAP1P3
,RPS3AP43
,BNIP3P41
,M6PRP1
,PGBD4P6
,ZFYVE9P1
,AGGF1P4
,NRSN2-AS1
,NPM1P11
,UQCRB-AS1
,LIPC-AS1
,BRWD1P3
,TRAJ46
,COX5AP2
,LAP3P1
,RNU6-458P
,RN7SL660P
,RNU6-1261P
,RNU6-301P
,MTCO3P42
,RN7SL598P
,RN7SKP99
,RNU6-297P
,RN7SL683P
,RNU6-552P
,AQP7P2
,RELL1
,FXNP2
,RNU6-976P
,RNU6ATAC28P
,GPR50-AS1
,SNORA11B
,RN7SKP107
,RN7SKP255
,RN7SL714P
,RNU6-684P
,RNU2-33P
,RNU6-91P
,TRAJ44
,TRAJ43
,HNRNPH1P2
,TRAJ42
,TRAJ41
,TRAJ40
,TRAJ39
,TRAJ37
,TRAJ36
,TRAJ35
,MTND3P24
,RPS29P11
,TRAJ34
,RPL7AP70
,TRAJ33
,LINC02204
,TRAJ32
,TRAJ31
,TRAJ30
,GTF3AP5
,TRAJ29
,TRAJ28
,TRAJ27
,TRAJ26
,MTND1P33
,TRAJ25
,TRAJ24
,TRAJ23
,TRAJ22
,TRAJ21
,PRODHLP
,TRAJ20
,TRAJ19
,TRAJ18
,RBMX2P2
,TRAJ17
,TRAJ16
,TRAJ14
,TRAJ13
,TRAJ12
,TRAJ11
,TRAJ10
,TRAJ9
,TRAJ8
,TRAJ7
,TRAJ6
,TRAJ5
,TRAJ4
,TRAJ3
,TRAJ2
,TRAJ1
,TRAC
,LINC02332
,CPVL
,TP53TG3GP
,OXA1L-DT
,CDH8
,OR6E1P
,HSPA8P11
,MTND5P40
,LINC01333
,PTPN11P2
,REXO1L10P
,GCNT1P4
,LINC02494
,CUL4A
,VN1R70P
,LINC02540
,RPS16P5
,TRAM2-AS1
,ARHGAP19-SLIT1
,LINC02278
,LINC02364
,SDHCP2
,RPS6P7
,TLL2
,SYK
,HMGN1P11
,LINC02484
,LINC02283
,LINC02271
,ME1
,UNC93B7
,LINC02616
,MTND4LP22
,RPL31P31
,GABRB1
,NPM1P26
,LINC01566
,LINC00919
,UBA52P8
,MTCYBP38
,LINC02628
,MKNK2P1
,EIF4A1P8
,CYP26C1
,CHRNA3
,TBC1D3G
,CDH18-AS1
,RCAN2-DT
,NDUFA5P9
,TBC1D3K
,HMGB1P24
,LHX1-DT
,NPM1P38
,TBC1D3L
,MIR378D2HG
,RPL34P18
,E2F5
,NDUFB3P5
,RPL29P12
,RPL21P113
,RPL36AP52
,RUNX2-AS1
,RPL32P22
,LINC01243
,PRMT5-AS1
,LINC01426
,PPIAP78
,KRT18P56
,CCNB3P1
,MTCYBP16
,TPT1P7
,LINC01162
,LINC02664
,MIR4280HG
,TBC1D3H
,LINC02889
,MTND2P39
,RRM2P4
,LRRC37A9P
,USP3-AS1
,ELL2P4
,CHRNA5
,ANKRD11P2
,LINC01252
,LHFPL1
,DCAF13P3
,TRABD-AS1
,SELENOO-AS1
,HNRNPABP1
,LINC00937
,MTCYBP20
,GAPDHP30
,RPSAP51
,MTCYBP21
,MTND6P21
,MTND5P1
,NUTF2P3
,RBMXP2
,LINC01239
,CCL15-CCL14
,RPL35P3
,NAB1P1
,PRDX2P4
,HNRNPCP10
,HMGB3P20
,NPM1P37
,RPL21P75
,TCERG1P1
,CXorf51B
,BRIX1P1
,HSPE1P14
,ZNF317P1
,CYP39A1
,CHRNB3
,CLEC19A
,TBC1D3F
,C2orf69P2
,MTND2P38
,7SK
,LINC02501
,YWHAEP7
,RPL22P13
,SUMO2P8
,HMGB1P20
,LINC02549
,LINC02183
,SRSF3P2
,LINC02842
,C2orf69P3
,TPTE2P6
,AMD1P3
,LINC02109
,ANKRD20A19P
,WASH5P
,EGFLAM-AS2
,LINC00431
,TPTE2P3
,MRPS31P4
,OR7E156P
,HMGB3P30
,OR7E104P
,LINC02353
,TPTE2P1
,LINC01002
,MTCO3P28
,LMX1B-DT
,APOOP5
,SCAMP2
,MIPEPP3
,SPTLC1P5
,EDNRB-AS1
,RPS2P44
,LINC02483
,SNX18P24
,UGT2B27P
,LINC02165
,EXOC5P1
,NPAP1L
,SETP8
,CBX1P1
,LINC02134
,OR1AA1P
,LINC02360
,AJUBA-DT
,RPS27P27
,PPIAP48
,TJAP1P1
,EEF1GP5
,UNGP1
,MTCO2P4
,RPS23P3
,LINC02141
,RPS15AP34
,RPS27AP16
,WBP1LP11
,CICP19
,RN7SL810P
,LINC01069
,NT5ELP
,LINC01241
,PBX3
,LINC02110
,RPL5P15
,RUVBL2P1
,NDUFB5P2
,LINC01896
,MESTP3
,RPS26P24
,CSGALNACT2P2
,UGT2B10
,LINC01568
,SLC25A39P2
,HIGD1AP8
,TP53TG3HP
,TOMM22P3
,RPL29P20
,LINC02380
,RDH10-AS1
,SLC15A5
,GYS2
,OCIAD1-AS1
,TPI1P3
,LAMA4-AS1
,SNX18P25
,KCTD8
,TXNP7
,MCHR2-AS1
,HMGB1P44
,MTND3P5
,MTND6P16
,HNRNPA1P67
,LINC02261
,EEF1GP6
,CASC6
,GAPDHP41
,EIF4EBP2P3
,RPSAP44
,ZFHX2-AS1
,STARD13-IT1
,RPS27P22
,LINC02344
,RPL31P56
,PSMD7-DT
,MTATP6P30
,ONECUT3
,EEF1A1P16
,CHCHD4P2
,LINC02333
,CKAP2-DT
,SMARCE1P2
,SUPT4H1P2
,RPL31P32
,SUGT1-DT
,TIMM17BP1
,LRRC34P1
,ENPP5
,LINC02406
,CNN2
,RPS27AP9
,SYT10
,LINC02126
,PPIAP26
,VPS13A-AS1
,PRRX2-AS1
,RORB-AS1
,LONRF2P2
,LINC00388
,FEM1AP4
,LINC00387
,TERF1P5
,FAM207BP
,RPS2P25
,RPL17P22
,RHOT1P3
,CSTF1
,SNX19P2
,LINC00408
,CD84P1
,MATR3P1
,PHF2P2
,PLA2G10GP
,GAPDHP42
,LINC00442
,PRELID1P1
,LINC02180
,SEC63P2
,EPS8
,USP24P1
,CYP2AC1P
,GTF2IP3
,HMGB3P18
,ST3GAL1P1
,LINC02493
,CENPIP1
,DHFRP5
,SMPD4P2
,LINC02131
,PSPC1P1
,PKMP2
,HMGN2P48
,SLIRPP2
,RPL21P134
,NAP1L4P2
,COX7B2
,SOCS5P5
,SLIRPP1
,RPL18P13
,SLC6A14P2
,UGT2B11
,PMFBP1
,SLC6A14P1
,ACTBP1
,OR5AW1P
,CBX3P9
,LINC02518
,COL19A1
,GNAL
,IFNAR2-IL10RB
,PLD5P1
,COL6A2-DT
,USP3
,GRAMD4P1
,LONRF2P5
,FAM207CP
,GXYLT1P2
,CNN2P7
,ZNF114P1
,SNX18P13
,LINC02650
,RPL21P109
,RPL35AP31
,RPS10P21
,LINC01375
,DBF4P1
,RPL17P34
,OR13K1P
,RHOT1P2
,RNU6-114P
,SNORA48B
,RNU6-146P
,HSPE1P28
,RN7SL658P
,RN7SKP183
,RNU6-133P
,RNU6-641P
,RNU6-591P
,RNU6-1087P
,RN7SL732P
,HMGB3P7
,RNU7-164P
,LIPT1P1
,RNU6-1124P
,RNY1P2
,RNU6-630P
,RPL39P29
,FGF14-IT1
,RNU6-421P
,FGF14-AS1
,RNU6-434P
,FGF14-AS2
,RN7SL799P
,RNU6-562P
,RPL7AP34
,RN7SL790P
,RPL31P28
,RNU6-867P
,LINC02857
,RNU2-26P
,RNU6-332P
,RNU1-112P
,RNU6-974P
,RNU6-995P
,RNU6-345P
,RNU6-493P
,RNU6-394P
,RN7SKP194
,RPA2P2
,RNU6-309P
,SMARCE1P7
,RNU6-648P
,RN7SL74P
,DUXAP4
,SNORA35B
,ZNF25-DT
,RNU6-555P
,RN7SL379P
,RNU6-1323P
,RNU6-154P
,RNU6-1015P
,RN7SKP31
,RN7SKP149
,RN7SKP81
,RN7SL325P
,RNU6-985P
,RNU1-115P
,RN7SKP267
,RN7SKP189
,RNU6-382P
,NICN2P
,RN7SL785P
,SNORA11C
,NPM1P49
,NUS1P1
,KATNBL1P1
,CHCHD2P8
,PAN3-AS1
,PAN3
,RPLP1P10
,KLF8P1
,PAICSP2
,RPL36P14
,RBMX2P1
,AP1G2-AS1
,C7orf31
,LINC02920
,MEP1B
,ELK1
,LINC02118
,LINC02106
,PSMC1P8
,CLUHP6
,UXT-AS1
,SMSP1
,RPL7P57
,RNU7-167P
,RPL5P19
,EEF1A1P36
,VGLL2
,RPL7AP41
,BRD7P3
,STX7
,BACH1-IT1
,BACH1-AS1
,BACH1-IT2
,BICC1
,KRT18P18
,TRAJ38
,RPL35AP18
,EEF1A1P19
,RPL13AP14
,SNORD12B
,DCAF13P2
,RPL7AP50
,CPVL-AS1
,RPL7P37
,RPL23P8
,EIF4HP1
,LINC01514
,ADNP-AS1
,MRPL35P2
,RPS2P36
,LINC02659
,RPL17P35
,ITGB8
,LINC02534
,RPL7AP35
,KRT18P22
,MFSD4BP1
,hsa-mir-8069-1
,SUMO2P15
,RN7SL49P
,RN7SKP3
,RORA-AS2
,LINC00927
,LARP1BP1
,RN7SKP4
,NPM1P18
,DPY19L1P1
,DPPA3P11
,RNU6-123P
,RNU6-926P
,POLR3DP1
,MAPKAPK5P1
,MTND5P17
,COX7CP4
,SNRPGP6
,LINC01424
,TPT1-AS1
,GUSBP8
,VCAN-AS1
,HSPA8P5
,MRPS18CP4
,TUBB8P5
,TTYH1
,HNRNPKP5
,ZCRB1P1
,RHOG2P
,MTND5P10
,PABPN1P1
,SIM1-AS1
,SOCS6P1
,LENG9
,LENG1
,TMC4
,TSEN15P3
,SNRPCP19
,RPS26P30
,FAM86LP
,SRD5A2P1
,YWHAZP5
,R3HDM2P2
,PSMC1P5
,RAI14-DT
,RAMP3
,TMLHE-AS1
,COX6CP11
,ATG10-IT1
,MUC5B-AS1
,TARM1
,SLC25A30
,OSCAR
,CHRNB4
,RPL21P10
,ZMYND19P1
,LINC02468
,PRDX4P1
,NPM1P41
,FRAT1
,LINC02751
,LINC02647
,AOAH-IT1
,MTND4P18
,TOMM22P5
,RPS19P7
,PPIAP25
,LINC01053
,LINC01076
,RPL23AP69
,MTMR6
,FAM86MP
,LINC01495
,RANBP3
,HMGB3P4
,TEX28P3
,RPL18P11
,RN7SL452P
,LINC02386
,PSMC1P2
,NPM1P52
,REXO1L9P
,RPL30P10
,LL22NC01-81G9.3
,LINC02619
,LINC01227
,RPS26P6
,LINC02144
,LINC01948
,NAV2-AS3
,ZNF214
,SUMO2P18
,RAP1BP3
,EGLN3P1
,RPL23AP48
,MTND5P4
,SLC25A6P6
,NASPP1
,SDCBPP2
,LINC02699
,LINC02847
,RPS12P15
,AMN1
,MTBP
,RNU6-900P
,BTF3L4P3
,SERPINB11
,RN7SL697P
,ATF4P2
,FMN2P1
,RPL7P58
,RNU1-142P
,RPL36AP40
,RPL31P41
,LINC01609
,HMGB1P40
,NPAP1P4
,RPSAP48
,METTL5P1
,MTND5P13
,H2BP9
,ELF2P1
,NANOGNB
,RORA-AS1
,SLC25A53P1
,DPPA3P1
,LIMK2P1
,GSTCD-AS1
,PABPC1P7
,PPIAP85
,GNA15-DT
,REXO1L2P
,ASXL3-DT
,DYNAPP2
,DYNAPP3
,COL6A2
,LINC02955
,FLJ30679
,LINC00558
,MTND1P5
,IFITM3P6
,CDC25B
,RLIMP1
,RAB5CP2
,NRBF2P4
,LINC01414
,SUMO2P20
,RPL7P24
,RPL7AP74
,SYT9
,TPTE2P5
,NAV2-AS4
,LINC02759
,ACTG1P19
,LINC02745
,MRPS36P3
,COX7C
,LINC02741
,MATN2
,LINC02061
,LINC02059
,TSC22D1-AS1
,KRT18P24
,SMARCE1P5
,LINC00407
,YDJC
,RFC5P1
,LINC02760
,LINC00559
,LINC02686
,LINC02865
,LINC01509
,FAR1P1
,KRT18P27
,IFNWP15
,LINC01049
,IL9RP1
,LINC00410
,PPIAP79
,MTND2P8
,BRK1P2
,LINC00379
,POLL
,LINC00604
,OR4F8BP
,GPC6
,PDZPH1P
,CSRP3-AS1
,MTCO1P22
,MLH3
,HNRNPA1P29
,DNAJC19P2
,GPC6-AS2
,C1GALT1P2
,IGBP1P5
,GPC6-AS1
,HMGB3P16
,FCF1P10
,HNRNPCP3
,DUXAP6
,DNAJC19P3
,DBX2-AS1
,TPM3P5
,DPPA3P12
,LINC01480
,UBE2L2
,PPP1R1A
,PRLR
,EEF1A1P27
,RPL32P15
,RPL21P66
,STMN1P1
,HNRNPA1P56
,RBPMS2
,LINC00391
,RN7SL585P
,RNU6-689P
,SOX21-AS1
,ACYP1
,DDX10P2
,RPS19P6
,NFYCP2
,RNU6-1073P
,RNU2-47P
,BRD7P5
,RPL21P112
,RN7SL98P
,LINC00557
,RNU6-246P
,RN7SL123P
,RNU6-264P
,RNU6-319P
,RN7SL720P
,RN7SKP120
,RN7SL25P
,RN7SL849P
,RMRPP5
,RNU6-677P
,RNA5SP530
,RN7SL565P
,RN7SL343P
,RNU6-1293P
,RN7SL570P
,CST1
,RN7SKP47
,RNU6-445P
,LINC03020
,RN7SL422P
,RN7SKP59
,RNU6-1303P
,MTND5P5
,RN7SKP242
,CST4
,RNU4-15P
,RNU2-36P
,RNU4-29P
,RN7SKP264
,RNU6-1228P
,HIF1AP1
,RN7SKP87
,RNU6-996P
,RNU6-329P
,OR10A7
,RNU6-492P
,RN7SL659P
,RNU6-1064P
,RNU6-855P
,RNU6-432P
,RNY4P18
,RN7SL57P
,RN7SL430P
,RNU6-710P
,RNU4-82P
,RN7SL302P
,RNU6-1039P
,RN7SL30P
,RNU6-785P
,RNU4ATAC14P
,ALG1L3P
,RPL21P91
,RPS6P15
,YPEL1
,CAT
,LINC02188
,RN7SL280P
,NBPF26
,TAX1BP1-AS1
,RPS27AP11
,RRBP1P1
,NOTCH2NLR
,WIZP1
,NAV2-IT1
,RNU6-225P
,RPL15P2
,ADIPOR1P2
,PHB2P1
,TIMM9P1
,LINC02349
,LINC02105
,CRLF3P2
,SUMO2P19
,RN7SL812P
,MTCO3P22
,KRT18P5
,EEF1A1P37
,DDTL
,TTC34
,GSTT3P
,NDUFS5P6
,MTND1P7
,VN1R31P
,BHLHE22-AS1
,INMT
,MMEL1-AS1
,HSPE1P7
,LINC01176
,HECW1-IT1
,ROBO2P1
,GGCTP1
,RN7SL551P
,HMGN1P14
,MTND4P35
,LINC02930
,RNU6ATAC9P
,RNY3P8
,RNY4P27
,MEMO1P5
,PNLIPRP3
,FRMPD4-AS1
,RPL17P49
,RN7SKP290
,PSMA6P2
,MRPL35P4
,TLR7
,TLR8-AS1
,HMGN2P34
,VN1R33P
,RPL31P35
,CLDN10-AS1
,RPL23AP39
,HAUS6P1
,CHL1-AS1
,ELMO1-AS1
,SSX7
,RACK1P1
,LDHBP3
,S100A11P10
,STARD4
,S100A11P8
,EIF4A2P4
,CRK
,PPIHP2
,QTRT1P1
,RNU1-57P
,RN7SL93P
,SNORD30
,XACT
,CBX1P4
,NHS-AS1
,CHP1P3
,SCML1
,PTGES3P5
,TEKT1
,ZNRF3-AS1
,TDGP1
,ITPRIP-AS1
,RNU6-810P
,RNU6-1219P
,LINC02264
,LINC02450
,VMAC
,FAM136GP
,F8A3
,MTND5P2
,MTND6P18
,MTCYBP3
,RPL5P14
,HMGB1P51
,LINC02148
,SALL4P1
,LINC02115
,LINC02215
,RPL31P33
,PAUPAR
,RPL34P20
,LINC02546
,LINC00678
,YAP1P3
,KRT18P50
,EEF1A1P42
,DBX1
,HSFX4
,NDUFAB1P1
,POM121L14P
,ZNF275
,PEX3
,MTND4LP31
,LINC02503
,DYNLL1P6
,PGAM4P2
,SHROOM3-AS1
,DKK2
,LINC02919
,RPS18P9
,HSF2
,PEBP1P3
,HMGN1P24
,HS6ST3
,RN7SL164P
,LINC01378
,AMMECR1LP1
,LUZP2
,AK6P2
,TINAG
,LINC02938
,SNORD125
,HDC
,ANO3-AS1
,RFPL4AP6
,NAV2-AS6
,BTC
,TPTE2P2
,AMPH
,ARL14EP-DT
,CLUHP8
,LINC02181
,CBX3P1
,RPL7AP63
,RBMX2P5
,LINC01846
,OR4C13
,TBX18
,FTLP5
,GTF2IP11
,MRPS36P5
,BBOX1-AS1
,RPL31P20
,LMCD1-AS1
,RAD1P1
,RPL17P36
,ENO1P2
,PTP4A1P4
,CLK2
,LINC02101
,THRAP3P2
,PKLR
,ADI1P3
,NREP-AS1
,DUX4L27
,MTATP6P2
,ZP3P1
,SERBP1P6
,ACTN4P1
,TRPC6P6
,LINC01365
,LINGO1-AS1
,GNL2P1
,HMGN1P19
,LINC02624
,BTBD2
,PPIAP39
,LINC02922
,MESTP4
,XPC-AS1
,RPL23AP73
,LINC02117
,FPGS
,RPSAP32
,IGBP1P3
,NCALD
,LINC02742
,ANKRD33BP5
,OR4C14P
,NAV2-AS5
,PGAM1P12
,LINC02785
,LINC01581
,MRPS33P3
,ARNT2-DT
,LINC02836
,ST13P21
,ZBTB46-AS2
,ZBTB46-AS1
,PIMREGP2
,RMEL3
,NDUFS5P5
,TMEM183AP6
,LINC01347
,RPL6P14
,LINC02060
,ACTR3BP4
,LINC02113
,RNU6-747P
,SETP20
,LSP1P3
,GUSBP7
,TMEM239
,NIPSNAP1
,DYNLRB2-AS1
,EEF1A1P20
,B3GNTL1P1
,RPL17P21
,PSMC1P4
,RPL21P55
,HMGN1P13
,PDCD6IP-DT
,BTF3P15
,ARF1P3
,RPL31P12
,RPEP4
,CABP7-DT
,LINC02726
,ANKRD33BP6
,OR4A49P
,OR2BH1P
,RPL34P22
,FRAT2
,PPIAL4F
,RNVU1-26
,RPL19P16
,CHL1-AS2
,VPS16
,RPL21P17
,CNTN4-AS2
,MTND4LP9
,EIF4A2P5
,ARPP21-AS1
,MTND5P21
,CBX3P8
,TRIM51DP
,KLHL25P1
,HNRNPA3P9
,OR5D15P
,LINC02740
,LINC01967
,RPS8P6
,LINC01981
,RPL12P26
,DUX4L24
,LINC02681
,XIAPP1
,LINC01811
,KRT18P40
,RPS21P1
,MTCYBP14
,MTND6P14
,MTND5P19
,MTND4P10
,MTND4LP21
,MTND3P8
,MTCO3P46
,BNIP3P24
,FLJ42969
,RPL29P18
,PNPT1P1
,MGMT
,RPL17P31
,NDUFA5P2
,RNU4-53P
,RPS10P16
,TUBB8P4
,FKBP4P1
,RPL21P107
,LINC00567
,TUBB4BP5
,OR2T3
,TTC39CP1
,OR2T5
,OR2AS2P
,PTGES2-AS1
,OR2G6
,MYO1F
,OR2AS1P
,OR2T29
,OR2T34
,OR2T10
,OR2T35
,OR2T27
,RPS20P20
,LINC00917
,FRG2B
,CTD-2350J17.1
,KRT8P32
,BOLA3P3
,KRT126P
,RPL12P27
,FCHO2
,LINC02189
,MTND2P17
,SLC25A18P1
,RPS3P6
,DUX4L28
,GLYCAM1
,CDH8-AS1
,ZNF100
,LINC02135
,CCNYL6
,BRI3BPP1
,RCC2P8
,VN1R84P
,MTDHP4
,RPSAP35
,RPSAP56
,ETNK1-DT
,RBMXP4
,ZNF970P
,SSBL3P
,UBE2FP2
,LINC02378
,DUXAP11
,VN1R20P
,GAPDHP44
,THRB-IT1
,MTCO1P25
,NF1P12
,LINC02838
,SDAD1P3
,LINC02448
,RPL34P11
,LINC02461
,SRGAP3-AS3
,VN1R32P
,RNF215
,ZNRF2P1
,CPNE8
,GTF2IP9
,LTV1P1
,KRT18P21
,CXXC4-AS1
,PARM1-AS1
,LINC02845
,NTAN1P1
,MTCO1P4
,ARHGEF38-IT1
,PDCL3P2
,LINC02125
,RPL30P16
,TMPRSS11CP
,MTND4LP5
,IFITM3P1
,ZCCHC10P2
,NUDT7
,STARD4-AS1
,MRPL49P1
,ZNF729
,ZNF676
,DMXL1-DT
,ZNF92P2
,MTDHP5
,VN1R85P
,BNIP3P31
,BNIP3P30
,MTCO2P22
,PGAM1P1
,NPM1P10
,RPS3AP20
,DAAM2-AS1
,AFF4-DT
,TRMT10BP1
,SERPINB12
,MRPL54
,LINC01579
,MIR219A2HG
,RNU7-129P
,ODF2-AS1
,OR4A19P
,YWHAZP6
,SYF2P2
,RNU6-984P
,LINC01153
,RPL21P82
,HSPE1P22
,MTATP6P29
,MTCO3P29
,MTND3P23
,MTND4LP7
,MTND4P15
,BEND3P2
,KRT125P
,SNORA84
,VN2R10P
,KLF17P1
,UCHL3
,SMILR
,BTBD10P1
,RSL24D1P5
,RPS2P52
,RPS17P13
,AOAH
,GPC5
,TXNP1
,KRT8P39
,VTI1BP3
,LINC02400
,RNU6-564P
,RNU4ATAC3P
,GPC5-AS2
,GRAPL
,GPC5-IT1
,GPC5-AS1
,PPIAP23
,RPL34P31
,GCAWKR
,CSPG4BP
,KRT18P42
,NACAP10
,PPIAP86
,ZCCHC14-DT
,SOD1P3
,PGAM1P13
,SLC38A2-AS1
,LINC01603
,RARRES2P6
,LINC00690
,SRGAP3-AS2
,GRB10
,BMP5
,SDC4P
,FAM136FP
,PTCD2P1
,COL10A1
,RN7SL268P
,UBN1
,KRT8P24
,LINC02601
,SHISA5P1
,RN7SL15P
,GEMIN7P1
,CASK-AS1
,RNU6-1321P
,YWHAZP10
,RN7SL144P
,IGLV3-31
,IGLV1-40
,GPR82
,SEC24B
,VENTXP3
,ASH2LP1
,LL22NC03-63E9.3
,IGLV3-30
,TUBAP12
,RPS15AP39
,RPL10P13
,IGLV1-44
,RNU6-202P
,IGLV3-32
,RNU6-854P
,RN7SL460P
,COX7B
,MRPL40P1
,IGLV2-34
,GSTT1
,IGLV5-37
,IGLV7-43
,HNRNPA1P10
,IGLV1-41
,IGLV1-36
,IGLV2-33
,IGLV5-45
,RNASE11-AS1
,GSTT2
,S100A11P9
,THEMIS3P
,AKR1B1P6
,RAB12
,IGLV7-35
,FECH
,RANBP20P
,EDDM3DP
,RARRES2P7
,MAST4-IT1
,RN7SL619P
,MAL2
,RN7SL189P
,LENG8-AS1
,NDUFB9P3
,CCDC188BP
,LINC01659
,LINC02557
,OR10AF1P
,CES5AP1
,OR5D14
,LINC02193
,OR4A21P
,CYP4F10P
,PALM3
,EEF1DP1
,MISP3
,C19orf67
,SAMD1
,LINGO1-AS2
,PORCN-DT
,LINC02240
,DSG1-AS1
,ADGRL1-AS1
,LINC02253
,RN7SL231P
,LINC02524
,RNU6-800P
,FNDC1-IT1
,C1GALT1P3
,RPF2P2
,PRPF31-AS1
,OR4A7P
,OR4A6P
,TUBB4BP7
,OR4A18P
,MRPS35P2
,TYRL
,C5orf64-AS1
,CDO1
,LINC02707
,OR5D13
,GNPATP
,OR9Q1
,MTND5P34
,RN7SL850P
,RNU4-46P
,OR4C16
,RNU6-1340P
,RNU6-257P
,OR4R3P
,OR5D17P
,LINC01975
,RN7SL841P
,RNU4-58P
,RN7SKP76
,RNU7-90P
,RNU6-758P
,RN7SKP233
,SNORD33
,RN7SL381P
,HMGN1P15
,MFSD1P1
,MTND1P14
,KYNUP1
,CNTNAP3C
,RPL23AP2
,PIGPP3
,RN7SL462P
,RNU7-173P
,RNU7-92P
,ZSWIM5P1
,FLJ36000
,LINC01992
,OR10AK1P
,RPL39P18
,KRT8P18
,IMPDH1P8
,RPL36AP17
,OR4A5
,AKAP13-AS1
,SAP18P3
,NAV2-AS1
,RPL12P31
,MTND1P29
,MTND2P22
,MTCO1P7
,MTCO2P7
,ZNF219
,LINC02033
,MTATP6P7
,MTCO3P7
,MED15P5
,MTND3P15
,RPL19P4
,RBMS3-AS1
,TEKT4P3
,MTND6P8
,HINT2P1
,MTCYBP8
,MTND5P29
,RPL21P86
,RBMS3-AS3
,FANCD2P2
,RNU1-62P
,TUBA3E
,MTCO3P47
,RHOQP3
,NOC2LP1
,LINC01005
,KLF2P1
,POTEF-AS1
,RPSAP42
,RNU6-1049P
,LINC02854
,ELK1P1
,RPS3AP23
,KRT8P20
,CKAP2P1
,RNU6-252P
,OR5AU1
,SMARCE1P3
,LINC00641
,PLAC9P1
,LINC01856
,RPL22P7
,RAB6C-AS1
,ARHGAP42P2
,MTCYBP22
,HSPE1P10
,RPS26P35
,LINC02750
,ITGB7
,TRIM64FP
,LINC02216
,SYT15B
,BCL9P1
,TRIM51JP
,UBTFL3
,KATNBL1P4
,PROM2
,HNRNPK-AS1
,GUSBP19
,FABP7P2
,CIR1P3
,LINC02214
,CLDN9
,MTND3P19
,UBTFL5
,ANKRD33BP1
,CLDN6
,HMGB3P26
,RPL10AP1
,TRMT61A-DT
,RNU7-160P
,MMADHCP2
,LINC01880
,EEF1A1P47
,RNU4-68P
,KLC1-AS1
,PCNAP4
,LINC01399
,XRCC3
,TOM1
,CCDC179
,KDM5C-IT1
,OR10V3P
,RPSAP62
,MPV17L2P1
,LINC00620
,RNF138P2
,LINC01980
,RN7SL22P
,TIPINP1
,MTND2P12
,EEDP1
,U7
,RPS17P17
,RPS16P8
,RPL36AP31
,LINC02087
,GZMAP1
,LINC01273
,SYPL1P2
,RPL18AP16
,TRIM36-IT1
,RN7SL687P
,CEBPB-AS1
,SLC25A1P2
,RN7SL636P
,RPL7P31
,NEU4
,SLC17A6-DT
,OR5W1P
,MTATP6P21
,OR10Q2P
,MTCO1P57
,LINC01237
,FAM240C
,RPS29P31
,RN7SL672P
,LINC00972
,LINC01271
,KPNA2P2
,PDE3A-AS1
,MTND1P24
,PRDX3P1
,LINC02300
,EIF4A1P12
,BTF3P2
,RNU1-125P
,RNU1-22P
,LINC02282
,LINC01115
,LINC02281
,LINC01985
,POLE4P1
,CDC42P7
,EIF4A2P3
,RFC3P1
,LINC01986
,LINC02251
,LRRC3B-AS1
,NSA2P4
,TFDP1P3
,NMNAT1P5
,BTBD1
,NXT1-AS1
,LBHD2
,ZNF90P3
,LSM3P3
,TRIM60P17
,VKORC1L1
,TCF7L1-IT1
,RNU6-674P
,SNRPEP11
,PEBP1P2
,MTCO1P28
,MTND1P8
,NDUFB4P11
,COX6A1P7
,RPL21P12
,CDHR17P
,GCSHP2
,RBFADN
,LINC00605
,LINC02840
,RPL21P13
,RAP2CP1
,RPL17P4
,EIF5-DT
,LINC02279
,RPA3P2
,LINC02254
,SLC25A6P4
,MAN1A1
,HSPA8P18
,RPL6P25
,LINC02421
,GRAPLDR
,IGFBP6
,BSNDP4
,LINC02564
,ARF1P1
,IL9RP4
,CYP4F2
,GEMIN2P1
,NCAPD2P1
,EIF4A1P13
,PLCB4
,MARK2P14
,NUP210P2
,LINC02292
,CEND1P1
,DDX43P2
,RN7SL759P
,RNU6-1235P
,RNU6-498P
,RNU6-749P
,RN7SL400P
,MIR5701-3
,RNU6-631P
,RN7SL106P
,LINC02280
,MAN2A1-DT
,LINC01033
,RNU6-1014P
,RN7SKP101
,RNU1-119P
,RN7SKP139
,RN7SL577P
,RN7SL307P
,RNU6-94P
,RN7SL494P
,RNU2-53P
,RN7SL568P
,RN7SKP95
,RNU4-80P
,RNU6-212P
,LINC02661
,HINT2
,RNU6-745P
,RN7SL429P
,PCBP2P3
,RPSAP37
,RNU6-380P
,RPEP1
,MTCO2P24
,RN7SKP217
,RNU6-185P
,RNU6-1280P
,RN7SL677P
,RPSAP74
,RN7SKP254
,RNU6-1186P
,MAL2-AS1
,RNU4-22P
,FILNC1
,BOLA2P1
,RPS27P18
,RN7SKP178
,PPIAP68
,Vault
,RPL27P8
,SNORD115
,PLXNB3-AS1
,GCSHP3
,LINC01904
,EEF1B2
,IMPDH1P6
,LINC01299
,snoZ196
,RNU6-90P
,RN7SKP200
,HMGN1P6
,RN7SKP260
,LEO1
,CYP4F24P
,ACER2P1
,HNRNPA1P51
,RPL21P36
,CRIM1-DT
,SLC25A46
,TEX36-AS1
,CYP4F12
,NDUFA5P4
,RPL29P6
,PGAM1P2
,LINC01499
,OR2S2
,YBX1P10
,hsa-mir-423
,OR10V1
,LINC01493
,PKHD1L1
,SAPCD2P4
,PPP4R2P6
,RPL7AP38
,LINC03075
,MUC20-OT1
,IGKV1D-8
,IGKV3D-7
,RPL7P30
,CICP8
,LMNB1-DT
,RPL37P25
,CCT7P2
,LINC01848
,KATNBL1P3
,SEPTIN7P10
,RNU6-340P
,CBX3P2
,LMNB1
,RNU4-26P
,RPL7AP48
,FOCAD-AS1
,SNORA30B
,ILVBL-AS1
,DUX4L14
,LINC02674
,TCERG1L-AS1
,LINC02718
,MUC4
,OR10Y1P
,LINC03031
,LINC02755
,ZFP91-CNTF
,GGTLC5P
,NDUFS5P1
,RPL7AP56
,RPL7AP79
,PPP1R14BP5
,CYP4F8
,RPL7P29
,HNRNPA1P69
,ADSL
,RCC2P6
,RNU6-554P
,RNU6-610P
,PDIA3P2
,KRT8P4
,SLC6A14P3
,RNU6-353P
,RNU6-354P
,LINC02242
,RNU4-92P
,EVA1CP5
,LSP1P2
,ALG1L6P
,MIR583HG
,MTCYBP36
,RPL32P16
,LINC02018
,MEMO1P2
,MTCO3P31
,SPTLC1P3
,C11orf98P2
,LINC02066
,AADACL2-AS1
,KLF2-DT
,ENPP7P2
,SNRPCP10
,RPS3AP15
,SETP5
,OR5BC1P
,RNU6-86P
,GNAZ
,RPS10P3
,OR10V2P
,HNRNPRP2
,RPL7AP58
,DOCK8-AS2
,RPL12P25
,RNU6-1327P
,EIF1P1
,MRPS16P3
,RNU6-829P
,BHMT2
,SMIM32
,LINC02464
,RN7SL181P
,TRPC6P4
,TRMT112P4
,FYTTD1P1
,RPL13AP15
,TMEM246-AS1
,RPL23AP47
,COX6CP10
,BCRP8
,RN7SL263P
,LINC02025
,MTATP6P25
,KRT18P45
,VDAC1P8
,LINC01340
,LINC02161
,RPL12P23
,RNF138P1
,MTND6P22
,MRS2P2
,LINC02410
,GALR3
,SNORD13E
,GJA1P1
,SERPINA15P
,CBX3P5
,RN7SL100P
,DLX1
,TBX18-AS1
,TOP1MT
,RPL21P38
,RNU6-182P
,HNRNPA1P44
,GUSBP16
,HCFC1-AS1
,TPT1P5
,RNU6-934P
,RN7SL185P
,GOLGA8O
,LINC02667
,DUX4L20
,LIX1-AS1
,MMP21
,TICAM2-AS1
,IFT74-AS1
,CDH6
,RPL36A-HNRNPH2
,RPL36AP34
,RN7SL539P
,GOLGA6L23P
,HMGB3P12
,RN7SL214P
,SNORA63
,DUX4L2
,MRFAP1P1
,KRT18P48
,RNU6-1282P
,WEE1P2
,GRB7
,LINC02147
,RARRES2P2
,IDH3A
,DUX4L25
,EGFLAM-AS4
,TMEM242-DT
,MTHFD2P2
,NNT
,NUTF2P7
,RNU1-56P
,SOCS5P4
,SNX12
,CRB3P1
,NBPF21P
,MTND4LP19
,PDE7B-AS1
,RPL31P25
,H2AZP7
,MTARC2P1
,LINC01267
,MYOM1
,DUX4L23
,AGGF1P2
,OR5D16
,FAM8A6P
,LINC02531
,TINAG-AS1
,OR5B19P
,LINC02687
,FRG1-DT
,CXorf65
,ATF1P1
,RPL21P69
,RNU1-51P
,RAC1P9
,SOCS5P1
,SLURP2
,TBILA
,NUDT19P3
,ARMC2-AS1
,RAET1L
,INAVAP1
,HMGB3P21
,MTCO1P8
,DDX43P3
,TMBIM7P
,ZNHIT1P1
,LINC01841
,EEF1A1P33
,LINC02408
,RPL31P5
,RNU6-330P
,RNU6-597P
,RNU6-1162P
,EEF1A1P28
,LINC00536
,RPSAP61
,TOMM40P4
,RN7SL291P
,DUSP21
,RPL21P78
,CNN2P6
,NPTX2
,CT45A11P
,E2F6P4
,KRT18P49
,FRMPD3-AS1
,RNU6-1233P
,IFITM3P4
,BET1-AS1
,RBMS3
,LINC01060
,PIN4P1
,BDNF
,RPL7AP27
,RNU6-823P
,TUBB8P2
,HMGB3P19
,MTCO1P56
,PATL1-DT
,XRCC6P2
,RPL7P56
,RANP4
,RAB28P5
,EDRF1-AS1
,LGR4-AS1
,FANK1
,LYZ
,PPIAP76
,RNU6-360P
,RPL9P14
,RPL12P17
,LINC02964
,LYNX1-SLURP2
,OR10H4
,DUX4L15
,NDST4
,RPL22P23
,SRRM1P3
,GPR101
,TCEAL3-AS1
,CNEP1R1P1
,BNIP3P18
,RPL7AP40
,RNU6-164P
,LINC01258
,CEP72-DT
,ACTR6P1
,CIR1P2
,ALDOAP2
,H3P15
,DUX4L29
,RBM20
,ARHGEF26-AS1
,SRGAP3-AS1
,WEE2P1
,PSMA2P1
,GUSB
,TUBAP10
,MUC15
,CNTNAP3B
,MORF4L2-AS1
,RPS12P5
,HMGN1P17
,LINC02379
,LINC01339
,GAPDHP56
,TERF1P3
,LINC02479
,CTNNA1-AS1
,ATG10-AS1
,UGT2B29P
,RBBP4P6
,MT2P1
,MTCO2P32
,RPL23AP38
,RHBDF1P1
,VENTXP4
,RPS24P8
,SYP-AS1
,LINC01925
,GRM3-AS1
,RN7SKP146
,RPL31P18
,RPL5P12
,CDC42P4
,TECRP2
,MAD2L1-DT
,YTHDF3P1
,RPS24P9
,MYLKP2
,LINC01154
,ESM1
,LAMTOR3P2
,COQ10BP2
,PSD2-AS1
,LINC01950
,PRELID3BP8
,KNOP1P5
,ACTBP4
,LINC01170
,YWHAQP7
,TMEM265
,SNRPGP20
,PPP1R12A-AS2
,CSMD3
,PHKG2
,LINC02054
,DUX4L52
,LINC02452
,NSA2P2
,TRPC7-AS1
,BTN1A1P1
,RNU6-502P
,OR7H2P
,SEMA6A-AS1
,DUX4L21
,GUSBP9
,PPIC-AS1
,LINC02058
,CCT5P1
,RPL5P17
,CRKL
,LINC02720
,RBM48P1
,AUH
,LINC02485
,C1GALT1P1
,RPL7AP26
,HNRNPA3P13
,NTAN1P3
,UBTFL10
,LINC01490
,ANKRD33BP7
,LINC02285
,LINC02748
,LINC01297
,GRAMD4P3
,RPS10P18
,TRPC7-AS2
,TOMM40P3
,TUBA3GP
,EIF3KP3
,LINC02994
,RPL26P20
,SSR1P1
,SNRPEP6
,RNU6-1268P
,MED15P6
,RPL21P104
,ARHGAP42P4
,OR4N2
,MTCO1P20
,MTCO2P20
,OR11K2P
,RNU1-109P
,OR4N1P
,LRRC30
,MTATP6P20
,LINC02197
,MTCO3P20
,MTCYBP34
,MTND1P10
,PMCHL2
,DLL1
,GPR26
,RBMS3-AS2
,RNF180
,SUDS3P1
,PROP1
,ZNF630-AS1
,RNU6-707P
,S100A11P5
,S100A11P7
,S100A11P6
,BAALC
,SATL1
,LINC02627
,CLCP1
,GNG10P1
,LINC02536
,PTPRK-AS1
,MRPS17P5
,LINC02262
,NDNF-AS1
,LINC02516
,DUTP8
,LINC02502
,RPL23AP60
,LINC02982
,UROS
,PRPS2
,FTH1P9
,LINC02122
,GABRA4
,EGFLAM-AS3
,LINC02758
,EIF4A1P4
,VN1R80P
,HMGB1P29
,MTCYBP44
,NDUFB4P12
,RPL3P6
,DUX4L51
,PAIP1
,HOMER3-AS1
,MTDHP2
,BNIP3P19
,BCKDK
,DNAJC8P3
,RFPL4AP5
,NCAPGP1
,MTND4LP18
,H3P34
,LINC00997
,MTCO3P8
,SNRPCP9
,CATSPER2
,LINC02377
,RPL21P79
,PENK
,TMEM248P1
,LDHAL6FP
,PGBD4P4
,TPI1P4
,LINC02844
,KRT18P54
,LINC03017
,RAET1M
,ZNF311
,SOCS2-AS1
,PARAL1
,VIP
,DUX4L11
,COX6A1P4
,CBX3P7
,MTMR12P1
,MIR4300HG
,ARHGAP26-IT1
,EEF1DP5
,TRPC6P9
,TRPC6P2
,MTND3P20
,HLA-F-AS1
,PRDM6-AS1
,ZNF714
,RNU6-821P
,RSF1-IT2
,RPSAP40
,COX6A1P3
,ANKRD18DP
,LINC02553
,RRAGB
,LINC00498
,VN1R79P
,VN1R82P
,C8G
,LINC03003
,GABRG1
,OSBPL9P2
,PABPC4L
,RPL19P14
,EEF1A1P35
,PBX4
,RPS14P8
,RPS12P10
,RPL7L1P4
,SNX2
,LINC02829
,FANK1-AS1
,YBX2P1
,PPT2
,PARLP2
,BCKDHB
,TRIM31-AS1
,HLA-DQB1-AS1
,GJD3-AS1
,CLIC3
,CRYZP2
,TPM4P3
,HLA-H
,FUT7
,BNIP3P27
,VN1R78P
,PPIAP89
,RAD21P1
,RPL17P19
,NDUFA3P6
,SPIN2P1
,RNU6-935P
,MTCO1P47
,LINC02039
,LINC02855
,SPRING1P2
,SELENOTP2
,KLHL26
,LINC02030
,LINC02466
,MMP27
,HLA-G
,HLA-A
,UAP1L1
,LINC01015
,RN7SL191P
,AK3P4
,HSPD1P18
,LINC02064
,KLHDC7B-DT
,BNIP3P28
,TMEM210
,FLOT1
,LINC02019
,LINC02057
,ZMYND10-AS1
,CTHRC1P1
,DDX43P1
,ILF2P1
,DLEC1P1
,PPIAP69
,HLA-F
,UST-AS1
,TOMM20P1
,PPIAP43
,HMGN2P38
,HAS2
,DUTP2
,HLA-DOB
,ADD3-AS1
,PPIAP38
,TRAF6P1
,DUX4L12
,HMGB3P8
,EDRF1-DT
,NIP7P1
,RNF224
,WNT8B
,C4B-AS1
,RPL9P18
,MARCKSL1P2
,LINC02529
,HAUS6P3
,RPS24P12
,NIP7P3
,DUX4L22
,DUX4L13
,RPS26P39
,DDX39B-AS1
,TAAR4P
,RGS10
,CT69
,LINC02040
,FAM166A
,BNIP3P25
,MTND4LP20
,BTBD7P2
,MRPL35P3
,MIR3663HG
,NDUFB9P1
,NRG3
,MTCO2P31
,SH3BGRL2
,CD109-AS1
,MTRES1P1
,RPL35AP19
,RN7SKP159
,RN7SL318P
,RNU5F-7P
,SETP15
,RN7SL474P
,RNU6-336P
,RNU7-153P
,RPL23AP75
,RNU6-397P
,RNU4-71P
,RN7SL621P
,RNU6-1218P
,RN7SL457P
,RNU6-528P
,RNU6-533P
,LINC01875
,SNORD65B
,RNU6-295P
,RN7SKP32
,RNU6-356P
,RNA5SP531
,CHKB-CPT1B
,RN7SKP294
,RNU6-895P
,VAX1
,RNU6-819P
,RNU4-50P
,RN7SKP135
,MIR7515HG
,RNU6-596P
,RN7SL675P
,RNU1-101P
,RN7SKP29
,DEPDC1P1
,RN7SL19P
,RNU6-656P
,RN7SL203P
,XRCC6P1
,ENPP7P14
,RNU7-102P
,VPS51P1
,RNU2-54P
,LINC02164
,RNY3P14
,RNU6-1040P
,RNU6-1172P
,RNU6-690P
,RN7SL685P
,RPS3AP48
,RNU6-1220P
,RNU6-703P
,SNRPCP20
,SNORD3H
,LINC01570
,RN7SL563P
,RNU6-748P
,RN7SKP231
,RN7SL41P
,SNORD77B
,RNU6ATAC8P
,RNU6-914P
,RNU6-1224P
,RN7SKP155
,CHCHD2P2
,HLA-E
,RN7SL228P
,UST-AS2
,RN7SL329P
,RNU7-99P
,RN7SL826P
,RNU6-457P
,RN7SKP226
,RNU6-328P
,RNU6-875P
,SNORA72
,RN7SKP249
,RN7SL396P
,RNU4-83P
,RPL21P64
,RNU4-37P
,MICG
,RPS27P14
,RNU6-442P
,RN7SL260P
,RNU6-220P
,TRAPPC12-AS1
,C2
,LINC01939
,RPL17P25
,MTND4P13
,LINC01247
,HDGFL3P1
,MT1CP
,NAIPP4
,HMGN1P12
,SLC25A6P5
,RN7SKP77
,MTCO1P52
,BNIP3P32
,MTND2P24
,MTND1P30
,BNIP3P23
,CDH12P4
,RPL7AP23
,DPPA2P4
,VPS51P2
,AP1S2P1
,SPATA12
,RPS3AP26
,PON3
,VPS51P4
,PRICKLE2-AS3
,RPL30P3
,LINC00298
,RPL23AP1
,RNASEH1
,MCCD1
,RPL7AP44
,RNU2-46P
,PARK7P2
,BNIP3P36
,EIF4BP3
,RPL36AP35
,ACTL7A
,RNU6-1005P
,RNU6-196P
,RPL21P74
,MTND1P2
,VSTM2A-OT1
,LINC01874
,PPIL4
,RPS12P6
,HINT1P2
,HNRNPA3P7
,STEAP2-AS1
,LINC02103
,MTCO1P24
,RPS3AP19
,PELO
,RPL21P52
,C6orf47-AS1
,CSNKA2IP
,PPIAP31
,THAP9-AS1
,TCEAL8P1
,TMEM191C
,VN1R90P
,RAD54L2P1
,RN7SKP117
,RPL7P42
,MAPRE1P2
,HERC3
,RAB36
,LINC01858
,TPRKBP2
,RNY1P10
,GAPDHP35
,RPS20P22
,RPL10AP6
,CDC37P2
,RNF5P1
,RARA-AS1
,RNU4-25P
,LINC02267
,FAM227A
,UGT2B26P
,GBE1
,LINC02711
,AKTIPP3
,LINC02429
,HIGD1AP6
,PKMP4
,RPL17P17
,CFAP20DC-DT
,RIMBP3C
,MTCO2P6
,HNRNPA3P8
,HMGB1P38
,RPL32P20
,DPPA3P7
,PLA2G10DP
,PLA2G10KP
,LINC01085
,RPL31P29
,TAAR7P
,PPM1F-AS1
,TOP3B
,PHKG1P1
,MTATP6P18
,PRICKLE2-AS1
,ID2B
,RPEP2
,BNIP3P35
,HLA-DPA3
,DYNLL1P7
,BNIP3P8
,DGAT2L7P
,RPL34P33
,MTND2P4
,NCOR1P3
,LINC01859
,HS1BP3-IT1
,LINC02510
,CDC42EP3P1
,DHFRP2
,KRT8P34
,LINC02820
,ACSL6-AS1
,CD19
,RNU1-116P
,WBP1LP8
,RNU1-79P
,RPL10P10
,AK4P5
,C4A-AS1
,ORMDL3
,ASNS
,SGK2
,SETP6
,GTF2IP6
,PIK3CDP1
,WDR35-DT
,RPS23P2
,PES1P1
,SERF1AP1
,RNU7-195P
,NFATC2IP-AS1
,LINC00616
,HNRNPA1P12
,HMGB1P17
,IGLV4-69
,IGLV10-54
,IGLV10-67
,PDE7B
,IGLV1-62
,ERVK-28
,IGLV8-61
,BNIP3P33
,IGLV4-60
,POLG-DT
,RPS25P3
,SOCS2P2
,BNIP3P20
,BMP6P1
,WTAPP1
,IGLV6-57
,LINC02646
,VN1R91P
,IGLV11-55
,BNIP3P29
,SRSF6P2
,CACYBPP3
,BMS1P20
,IGLV5-52
,IGLV1-51
,EMX2
,IGLV1-50
,ASH2LP3
,IGLV9-49
,IGLV5-48
,IGLV1-47
,ASH2LP2
,IGLV7-46
,BNIP3P22
,STPG2-AS1
,BNIP3P40
,LINC02756
,R3HDM2P1
,EFCAB9
,CDRT15P11
,ANKRD20A17P
,BNIP3P38
,ZNF730
,CCDC157
,LY6L
,RPL17P24
,RPL23AP46
,ZNF849P
,IPO5P1
,CTAGE13P
,RPL34P34
,DPY19L3-DT
,MTDHP3
,ELL2P2
,UQCRFS1-DT
,AZGP1P2
,ZNF728
,RPS3AP29
,VN1R83P
,LINC01532
,MTCYBP41
,BNIP3P37
,RPL36AP51
,CYP26C1-DT
,GAPDHP45
,LINC02641
,LINC02850
,C10orf67-AS1
,MIR2052HG
,RPL34P19
,LINC01810
,LINC00867
,SRD5A2
,PTCHD3P1
,GSTO2
,EFCAB6-DT
,PCBP2P2
,TFPI2-DT
,MTUS1-DT
,FIBCD1-AS1
,NUTF2P8
,TTC32
,PPIAP58
,HMGB1P7
,RRN3P2
,RNU6-576P
,LINC01533
,RNU6-163P
,RNU6-889P
,RN7SL159P
,RNU6-1212P
,RNU6-1141P
,RNU6ATAC39P
,RN7SKP219
,RN7SKP37
,IER5L-AS1
,RNU6-413P
,LINC01834
,RN7SKP132
,DDX11L17
,VN1R92P
,RNU6-908P
,RNU6-632P
,RN7SL825P
,RN7SKP220
,ZNF251
,RN7SL398P
,RBM17P1
,RNU6-795P
,RN7SL640P
,RNU6-1170P
,RNU6-885P
,RN7SKP196
,KATNA1
,RNU6-543P
,SMG1P6
,RN7SL840P
,RPA2P3
,RNU6-325P
,RNU6-478P
,RN7SKP238
,RNU6-129P
,RN7SKP143
,RNU6-441P
,SLX1B-SULT1A4
,RNU2-43P
,RN7SKP278
,RNU5B-6P
,RNU6-463P
,SKP1P3
,RNU6-1165P
,FKBP4P2
,RNU2-59P
,SDR42E1P1
,RNU6-839P
,HNRNPA1P13
,RNU2-42P
,RNU6-728P
,RAB28P1
,RBPJP5
,PLA2G10HP
,RN7SL763P
,PGAM5P1
,RPL7AP49
,RNU6-1269P
,SNX18P8
,CNN2P2
,GXYLT1P3
,SMG1P2
,AQP7P5
,MUPP
,KRT18P67
,UBTFL2
,DEFB103B
,OR7E157P
,FAM90A21P
,FAM90A6P
,LINC01165
,TMEM26-AS1
,VTI1BP1
,RPSAP45
,OR7E121P
,LINC02625
,PPATP1
,LINC02008
,FAM66B
,VPS51P15
,RN7SL266P
,OR3B1P
,MTRF1LP2
,MID1IP1-AS1
,RPL9P30
,PNKDP1
,HIRIP3
,LINC01095
,PPIAP82
,GTF2IP5
,CCNG2
,RPL21P21
,LINC01345
,EEF1DP6
,PEX14
,TMEM183AP5
,RPL21P41
,LINC01646
,LINC01777
,RPL23AP58
,EIF4BP2
,MTCYBP17
,NPM1P30
,NEBL-AS1
,RN7SKP173
,LUZP4P1
,EFCAB8
,RPL7AP80
,LINC02782
,LINC02266
,ADAM32
,RPL9P21
,LINC02511
,MYH9-DT
,RPS15AP38
,SEC14L6
,MTCYBP40
,AGKP2
,MTND6P25
,LINC01946
,RNY1P15
,RPS16P2
,AIDAP2
,RPL3P10
,KIAA1671
,PSMC1P6
,PPIAP54
,NPY2R-AS1
,DOC2A
,DDIT4L-AS1
,EEF1GP8
,YWHAEP4
,KIAA1671-AS1
,RPL21P50
,EVA1CP2
,LINC02715
,RNU6-740P
,MED28P5
,LINC00502
,OSBPL9P3
,DDX18P6
,RPL35AP24
,SNORA74C-2
,SLC9A3P3
,OSBPL9P1
,RNPC3P1
,PSME2P3
,SRRM1P2
,LINC02276
,LINC02272
,NDUFA5P5
,STMN1P2
,RARRES2P1
,HYDINP1
,USP38-DT
,CCDC166
,ADAMTS9-AS1
,PTPN11P5
,ZNF707
,SPDYE16
,AGGF1P3
,RPS13P4
,VN1R71P
,LINC01866
,LINC02923
,LINC03009
,CRTC1P1
,TLE1P1
,AP1M2P1
,RPL7P27
,DNAJA1P4
,RN7SKP175
,LINC01393
,MTATP6P31
,BAG2
,KRT18P65
,RPL36P10
,RNU6-820P
,LSM1P1
,LINC02781
,MTCYBP45
,KRT17P3
,KYNUP2
,SMCR2
,RPL17P48
,MFFP1
,PGAM1P11
,ARL2BPP5
,ARHGAP26-AS1
,CLN8-AS1
,C20orf202
,LIFR-AS1
,MRPS17P3
,HSPE1P19
,RPS18P6
,CLUHP10
,TUBBP11
,EZRP1
,LINC02070
,LINC02077
,MRPS5P3
,LINC02201
,CCNB1IP1P2
,RPS3AP25
,FNDC1-AS1
,FEM1AP3
,HNRNPDP2
,RAB23
,RAB1AP2
,RPL37P11
,OR2A42
,CTAGE8
,OR2A1
,MTCO1P6
,DYNC1I2P1
,LINC02621
,RN7SL591P
,RPSAP72
,SCUBE1
,LINC02929
,WASH9P
,SENP7
,LINC02666
,EBF3-AS1
,CTBP2P4
,MTND1P21
,LINC02643
,RPL35AP15
,KLF3P1
,RN7SL352P
,RNU6ATAC21P
,RN7SL554P
,RNU6-793P
,RNU6-306P
,RNU1-64P
,RNU6-522P
,NPS
,LINC01913
,RNU6-645P
,RNU7-133P
,RN7SL332P
,RN7SKP293
,RNU6-263P
,RNU6-1114P
,RN7SL128P
,RNU6-141P
,RNU6-1060P
,RN7SKP240
,RNU2-45P
,RN7SL334P
,RNU6-801P
,RNU6-150P
,RN7SL502P
,RN7SL273P
,RNU6-643P
,RNU1-54P
,RN7SL748P
,RNU6-754P
,RNU1-136P
,RN7SL580P
,RNU6-1023P
,RNU6-261P
,RNU6-84P
,RNU6-155P
,RNU6-1338P
,KRT8P8
,RN7SL650P
,RN7SKP256
,RNU6-248P
,RN7SL643P
,RN7SL415P
,RN7SL509P
,RNU4-66P
,RN7SL797P
,RNU6-1299P
,RNU6-1106P
,RN7SL47P
,RNU6-344P
,RNU6-957P
,RNU6-1163P
,RNU6-214P
,RNU6-1016P
,RN7SKP18
,RNU6-897P
,RN7SKP163
,RNU6-1226P
,RN7SKP51
,RN7SKP56
,RNU6-253P
,RNU6-200P
,RNU4-76P
,BAG3
,RNU6-475P
,RNU1-18P
,RNU6-1222P
,RNU6-194P
,LTBP1
,RNU7-152P
,RN7SKP211
,RNU6-896P
,RNU2-8P
,RNU6-300P
,RN7SKP106
,RN7SL564P
,SNORD28B
,RNU6-293P
,DNAJC19P6
,RNU6-366P
,RER1
,RN7SKP110
,CSAG4
,LINC01445
,PIM2
,MARK2P11
,VCL
,EEF1A1P50
,RNU1-33P
,RNU6-722P
,CORO1A-AS1
,BOLA2B
,SLX1A-SULT1A3
,LONRF2P1
,CXADRP3
,GRAMD4P7
,LSM1P2
,LINC00847
,B4GALNT2P1
,GSTA3
,SEMA6A-AS2
,HMGB1P21
,PTMAP2
,PLA2G10JP
,RPL5P16
,RPS26P28
,GSTA4
,LCN10
,RNU6-1021P
,SNX19P3
,VN1R74P
,GTF2IP8
,RNU6-1210P
,LINC01906
,RPL19P7
,RN7SL244P
,LINC00971
,LINC01443
,LINC01444
,RNU6-464P
,SOD1P1
,ACTG1P13
,ACTR3P3
,ERRFI1-DT
,OR2W4P
,TATDN2P2
,LCN6
,RPS2P48
,RN7SL862P
,PIGPP4
,SULT1A4
,NRAP
,PPP1R3G
,ATP6V1G1P3
,LINC02050
,NIT2
,RPL5P33
,RNU6-341P
,RNU6-953P
,ARGFXP1
,RPSAP46
,LINC02732
,MTCO2P8
,MTATP6P9
,LINC02358
,SMARCE1P1
,RNU4-52P
,OR7E7P
,RN7SL262P
,GLRA3
,GTF3AP6
,DUSP12P1
,MTND4P2
,ABRAXAS1P2
,MTND4LP26
,XRCC6P4
,GAB4
,LINC02462
,CAPN14
,TARS2P1
,TARDBPP4
,TMED7-TICAM2
,RPL36AP14
,SLC30A4-AS1
,NAMPTP2
,HNRNPA1P60
,ARL6IP1P3
,RPSAP50
,MYOM2
,NCLP1
,TREHP1
,KBTBD11-OT1
,KBTBD11-AS1
,SNORA41B
,DPPA5P2
,LINC01938
,RPL31P26
,SNHG27
,RN7SL135P
,CKS1BP6
,GK-IT1
,ECM2
,GK-AS1
,TAB3-AS2
,LINC02431
,ATP6V0E1P1
,SUMO2P6
,TOMM20L-DT
,ZSWIM5P3
,FTH1P6
,PRKCE
,LINC03012
,H2BP7
,PCYT1B-AS1
,METTL5P4
,RNU6-946P
,RNU6-490P
,RN7SKP206
,LINC02995
,SNRPBP1
,LINC01392
,RPS27P28
,RNU2-24P
,RPL38P4
,RPAP2P1
,LINC02426
,LINC00879
,SUCLG2P2
,LINC02420
,LRP1-AS
,EEF1B2P4
,RPL23AP44
,RPL21P59
,PHF3
,LINC02713
,PAFAH1B2P1
,RN7SL91P
,RPL34P23
,CKS1BP5
,BTG4P1
,AHCYP7
,LINC01884
,RNU6-1274P
,HMGN2P35
,C16orf95
,LINC01318
,ZFX-AS1
,RPS26P58
,ZFYVE9P2
,LINC01479
,FKTN-AS1
,FBXL12P1
,RPL10P17
,LINC03074
,ADAM20P2
,PON2
,EEF1A1P21
,LINC02512
,LINC02433
,RPL23AP95
,CRYZP1
,EIF3CL
,HMGB1P22
,ARMC10P1
,LINC01099
,SLIT1-AS1
,WEE2-AS1
,MC5R
,MBD2
,RPS13P3
,CALML3-AS1
,USP50
,AK6P1
,RN7SL445P
,TSEN2P1
,HIGD1AP3
,LINC02229
,ARHGEF28P1
,BRD7P7
,RAP1BP2
,RPL14P2
,DYNLL1P3
,FAM157D
,C4B_2
,NRBF2P5
,RPL12P28
,RPS29P30
,WTIP
,LINC01797
,STARD6
,PGAM1P6
,PRKCE-AS1
,LINC01824
,SSX2IPP1
,COX6CP6
,LGALS16
,ST13P14
,GPR15
,RN7SL617P
,RPS10P10
,LINC01883
,DRG1P2
,IGSF21-AS1
,LINC01205
,ARHGEF9-IT1
,BTF3P8
,PPIAP34
,RN7SL354P
,LAPTM5
,RPL32P30
,HSBP1P1
,HSPA8P14
,RPL9P5
,KRT8P19
,ANP32BP3
,GAS2L3
,RPS4XP23
,VN1R107P
,RABL2B
,TSHZ3-AS1
,RPS26P55
,GPR84-AS1
,PPFIA2-AS1
,SNX6P1
,LINC02744
,IFITM3P7
,RPS26P43
,LINC02727
,TM7SF3
,KRT8P35
,PGBD4P1
,MGAM2
,OR9A2
,UBE2Q2P9
,GAPDHP50
,RPL29P33
,ZNF222-DT
,RAB11AP1
,ZNF222
,RPL21P98
,DPPA3P5
,RPL23AP68
,RHPN2
,RNU6-339P
,RNU6-796P
,HLA-DRB7
,WBP1LP1
,ZNF516-AS1
,NDUFV2-AS1
,LINC02697
,RN7SL233P
,RNU6-1038P
,FEZ2
,AGA-DT
,MTND6P17
,RPS15AP29
,MARCKSL1P1
,ST13P13
,RPEL1
,NQO2-AS1
,HTATSF1P2
,TOMM20P3
,RPL12P22
,MIR3142HG
,LINC01531
,RNU11-3P
,RNU5F-3P
,GSS
,LINC00671
,GRP
,TUBB2BP1
,RNU6-391P
,GPLD1
,LINC00698
,EEF1A1P46
,LINC01648
,RPL21P70
,VDAC1P13
,PLCE1-AS2
,RABGGTBP1
,LCORLP1
,HMGB1P36
,HDAC1P1
,RNU6-657P
,SERHL2
,PLCE1-AS1
,SUMO2P17
,LINC01482
,HMGN2P27
,KIF2B
,RN7SL798P
,RN7SL323P
,NPM1P21
,MOS
,RPS26P54
,RPLP0P12
,LINC02457
,LINC00500
,NFYBP1
,CTBP2P2
,ALDH1L1-AS1
,CD200LP
,POLD2P1
,IL9RP2
,LINC01949
,DDX20P1
,RN7SL754P
,KCNMA1-AS1
,KCNMA1-AS2
,COX6CP15
,KCNMA1-AS3
,FAM8A5P
,UBL5P3
,LINC01951
,RN7SL453P
,RHEBP2
,CACNG5
,RPL7P34
,RPL7AP33
,RN7SKP80
,RNU6-513P
,KRT8P43
,KRT18P59
,RPS29P26
,RPS27P20
,SLC25A1P5
,LINC01873
,DPY19L3
,HSP90AA6P
,LINC01179
,RPL5P34
,GOLGA2P4
,ARL8BP2
,MTND2P33
,LINC02442
,PLS1P1
,PPP1R1AP1
,NAPGP1
,KRT8P38
,SZRD1P1
,RCBTB2P1
,OR10U1P
,RNU6-598P
,LINC02073
,EEF1A1P39
,GOLGA2P6
,RN7SL241P
,ABCA9-AS1
,PRMT5P1
,RNU6-407P
,CCNHP1
,RPL21P48
,HNRNPA1P32
,RN7SL63P
,PSTPIP2
,SNRPGP12
,MTCO2P9
,CHRM5
,GSC
,RBBP4P5
,OR10G1P
,UBE2NP1
,DUSP5-DT
,OR10G2
,RN7SKP26
,HMGB3P5
,TRAV1-2
,RNY4P37
,TRAV2
,DNAJB12P1
,LINC02530
,TRAV3
,TRAV5
,RPL4P1
,PTAFR
,HLA-DRB8
,RNU6-571P
,MED28P1
,ACTBP14
,RPS12P17
,LINC00613
,LINC01847
,MYL12BP2
,NDUFB2P1
,WWC2-AS1
,LINC01098
,LINC01756
,MTND1P22
,TLL1
,SNRPGP18
,RPL30P12
,BHLHB9P1
,RPL17P3
,RANBP17
,RPS26P21
,BARX2
,LINC02035
,B4GALT4-AS1
,UNGP3
,LINC02308
,RPL37P13
,RNU6-1278P
,GMPR
,RPL31P47
,RPL23AP62
,RPL9P28
,RPL31P48
,LINC01982
,BPTFP1
,PLEK2
,RPL32P33
,LINC02071
,LINC02423
,PIGAP1
,LINC02016
,RAB1C
,RN7SKP171
,LINC02780
,TRPC6P5
,LINC02089
,LINC02706
,MTHFD2P4
,RPL21P106
,SNX5P2
,ST13P12
,ARHGEF3-AS1
,HNRNPCP4
,PAICSP1
,LINC02392
,HAUS8P1
,TMX2P1
,SHB
,LINC01226
,PRM3
,BNIP3P34
,RNU7-124P
,ASB5
,SNN
,RN7SL712P
,AKR1B1P8
,NDUFB5P1
,CHORDC1P3
,SERPINB7
,LINC02504
,RNU6-881P
,LINC01483
,ZFAND2AP1
,MAGI1-IT1
,MTCO1P9
,ING2-DT
,LINC02477
,LINC02092
,NAF1
,SALL4P2
,LINC01471
,LINC02074
,ARL2BPP8
,LINC02086
,RPL7P48
,LINC02509
,TMEM14B-DT
,RPL6P16
,MARK2P4
,SPCS3-AS1
,PLA2G5
,RPL10P7
,PPIAP51
,VPS51P6
,DUX4L26
,PSMC1P10
,ARG2
,LINC01291
,LINC02613
,GOLGA8UP
,RN7SL82P
,HERC2P10
,UBR1
,RNU1-124P
,IRS4-AS1
,ZFP28-DT
,RPL35AP12
,AK1
,RN7SL279P
,VN1R46P
,RPL12P39
,RN7SL369P
,RPL21P9
,RN7SL213P
,RNU7-93P
,RPS3AP47
,SMUG1P1
,NKX2-1-AS1
,PHKBP2
,RPL29P3
,RN7SKP257
,PAX9
,RNU6-104P
,XPNPEP2
,LINC02500
,APOBEC3AP1
,LINC02382
,CYP2T3P
,RPL36P16
,ADAD1P2
,RN7SL310P
,RPL26P15
,RPS20P9
,TOB1-AS1
,HNRNPH1P1
,RNU4ATAC18P
,MTND4P25
,RPS15AP15
,RPL27P5
,USP21P2
,LBH
,SRP54
,SNX2P2
,FCF1P4
,GLUD1P9
,RPS10P14
,RSL24D1P3
,MTND1P3
,SOD2-OT1
,FTLP18
,RPL13AP16
,ACAT2
,RNU6-496P
,MEIS1-AS3
,GRPEL2P3
,RPL21P37
,EIF4BP7
,DNAJB6P1
,LINC02717
,LINC02725
,MTND4LP2
,DOCK4-AS1
,EEF1GP1
,PTMAP11
,RPLP0P6
,ST6GALNAC2P1
,MTND5P27
,ATP1B4
,ARHGAP27P1-BPTFP1-KPNA2P3
,MIPEPP1
,LINC02810
,NDUFAF4P2
,RDM1P4
,PDLIM1P3
,ISCA1P3
,YRDCP2
,ASTN2-AS1
,SNORA70C
,RN7SKP128
,RN7SKP125
,LAMB4
,CUL4B
,DDX19A-DT
,LINC02743
,PSG4
,LINC02684
,LINC02712
,OR2AT4
,RPSAP29
,RAD51AP1P1
,CCDC137P2
,RPS29P12
,RPL31P62
,RPS10P28
,MYL6P4
,SPCS2P4
,RPL3P8
,LINC01828
,KLK2
,LINC02445
,LINC01404
,GNMT
,PPIAP64
,HNRNPFP1
,GUCA2B
,COPS8P2
,RPS27P26
,LINC02764
,PKNOX2
,RPS26P49
,RPS2P4
,MTND5P9
,HSPA5P1
,MTCO1P39
,LINC02436
,MIA-RAB4B
,HSPA8P9
,RPL9P32
,RPS29P6
,GPR199P
,CCDC90B-AS1
,TIMMDC1-DT
,MORC1-AS1
,LINC02704
,TSPAN18-AS1
,LINC02702
,SLC16A6P1
,LINC01882
,LRRTM4-AS1
,LINC01815
,SMIM17
,TPT1P11
,IFITM3P9
,CBLN3
,RPS27P9
,FUNDC2P2
,RNU6-883P
,RPS26P41
,DLX5
,CMA1
,LINC02391
,SYNPO2L-AS1
,BMS1P4-AGAP5
,LINC01654
,DUSP8P5
,CD82-AS1
,TOMM22P4
,AKIRIN2P1
,LINC02514
,LINC02430
,RAC1P6
,LINC02830
,LINC01809
,STK25P1
,SMIM7P1
,EIF4A2P1
,COX6A1P6
,RYR3
,RPS26P48
,RNU6-921P
,MAP9-AS1
,BLZF2P
,RN7SL403P
,HMGN1P3
,MAGI1-AS1
,RFKP2
,RPS29P1
,NPM1P17
,ARHGAP31-AS1
,RPL27P9
,RPS14P7
,RPL6P11
,MGAT2P2
,ANGPTL5
,SLC41A3-AS1
,MTND3P2
,RPLP0P8
,CT45A8
,PSG7
,CECR3
,CECR9
,RN7SL843P
,CT45A9
,SUMO2P14
,HNRNPA3P3
,RN7SL727P
,ADRA1B
,MTND6P7
,DNMT3AP1
,RNU6-783P
,RPL7P21
,RN7SL240P
,RPL6P32
,RNU6-99P
,LINC02227
,RNU6-365P
,RN7SKP158
,RN7SKP192
,RNU6-544P
,RNU6-1135P
,RN7SL223P
,DDX18P1
,RN7SL222P
,RN7SKP53
,RN7SKP115
,SNORD39
,ARFGEF1-DT
,RNU6-376P
,RNU4-23P
,RNU6-321P
,AMMECR1-IT1
,RN7SL167P
,RNU6-1156P
,SNORD14E
,SNORD14D
,SNORD14C
,RN7SKP121
,RN7SKP279
,ZNF8-ERVK3-1
,SUMO1P4
,PRSS37
,MTCO1P40
,LINC03076
,ARL2BPP6
,CLSPN
,LINC01944
,DRD1
,ARPP19P1
,LINC01933
,LINC00994
,OR7E100P
,ZSWIM8-AS1
,VN1R88P
,RPS11P7
,IMPDH1P2
,UBE2CP1
,RPL12P5
,CAMK2G-AS1
,LINC02594
,RPL7AP42
,SNORA74C-1
,RPL23AP61
,KLC4-AS1
,TEX53
,TEX48
,EEF1GP2
,PCAT14
,E2F6P2
,LINC02515
,LINC02374
,LRRC74B
,ZNF827
,TMEM108-AS1
,DIMT1P1
,PRELID3BP10
,RPS15AP28
,SERPINA11
,LINC01837
,RNU6-894P
,NPM1P8
,DMD-AS3
,TBCAP1
,RN7SL667P
,ECMXP
,GIP
,RNU6-504P
,PGK1P1
,RNU6-1225P
,AKIRIN1P2
,CCDC74BP1
,SLC9A3P2
,CDCA4P1
,RN7SL774P
,RNU6-468P
,RNU6-1260P
,RNU6-990P
,DUXB
,SNORD63
,RNU6-1267P
,RN7SL520P
,RNA5SP526
,UBE2V1P10
,CPHXL
,SNORD124
,RN7SL316P
,EIF3JP3
,RNY4P13
,RNU6-287P
,RN7SL125P
,RN7SL493P
,PRSS3P4
,RNU6-1152P
,TMEM256P1
,MTATP6P23
,MTCO2P23
,RNU6-633P
,MTCO1P23
,MTND2P15
,GNAO1-DT
,MTND1P20
,RNU1-42P
,RNU6-826P
,RNU7-115P
,RNU6-928P
,RN7SKP14
,RN7SKP180
,RNU7-155P
,RN7SL404P
,LINC02651
,RNU6-245P
,GNAO1-AS1
,RNU6-666P
,RNU6-452P
,LINC02673
,RPL36AP49
,RNU4ATAC11P
,SNORD121B
,SNORD121A
,OSTCP8
,RN7SKP114
,TUBB4BP2
,MTCO3P41
,RPL21P22
,LINC02812
,RN7SL786P
,DGAT2-DT
,FCF1P6
,FRG2LP
,CLUL1
,PTGES3L-AARSD1
,ADAM20P3
,MTND4P8
,RPS23P4
,RPL6P1
,KMT5AP2
,MTATP8P2
,E2F6P3
,NOTO
,POM121L8P
,BCRP6
,DRD5P1
,RPL37P10
,MTND3P3
,RPL12P18
,LYARP1
,RPL12P19
,SUCLA2P2
,RN7SL187P
,LINC01651
,HMGB1P37
,RN7SKP63
,RPL26P13
,LINC01484
,RN7SKP210
,SOX30
,PPIAP93
,SSX5
,DYNLL1P4
,RPL17P44
,ACTBP9
,CLDN2
,GNAI1
,PDZRN3-AS1
,HMGN2P25
,DRP2
,TMA16P2
,TMA7B
,FAM246C
,ANKRD11P1
,NCAL1
,HNRNPA1P57
,ZNF863P
,SULT1D1P2
,RAB3B
,ADAL
,RPL36AP20
,RPL12P21
,RPL6P27
,C5orf52
,LINC02172
,KIF4B
,LINC01902
,SNORA38B
,RPSAP67
,LINC01942
,RPL17P41
,RN7SL622P
,FBXO36P1
,MRPS6P2
,RDM1P3
,ARHGAP27P2
,LINC02808
,LINC01470
,LINC02778
,LRRC37A7P
,RN7SL726P
,PIGUP1
,RPL35AP21
,OR13F1
,RNF133
,IGLV3-29
,IGLV2-28
,IGLV3-27
,OR13C4
,OR13C8
,OR13D2P
,IGLV3-26
,OR13C5
,IGLV3-25
,OR13C2
,IGLV3-24
,IGLV2-23
,OR13C9
,IGLV3-22
,IGLV3-21
,OR13D3P
,IGLV3-19
,LINC02439
,IGLV2-18
,IGLV3-17
,RPL7P43
,IGLV3-16
,IGLV3-15
,IGLV2-14
,SYNPR-AS1
,PRR23E2P
,RPL32P9
,LINC02024
,MRPS36P2
,LINC02492
,ATP1B3-AS1
,KNOP1P4
,PGAM1P10
,KCNQ5-AS1
,RBPMS2P1
,COSMOC
,KHDC1P1
,LINC00667
,KCNK4-TEX40
,RPSAP41
,SDCBP2P1
,PAICSP3
,RPL11P4
,RN7SL644P
,LINC02636
,OSBPL9
,RPS6P8
,CALM2P2
,RPS25P9
,LINC00494
,SDHBP1
,PARD6G-AS1
,LINC01915
,HSFX3
,MTCYBP7
,EPB41L1-AS1
,GLRA4
,LINC01742
,IGSF11-AS1
,DLX6
,KDSR-DT
,C12orf29P2
,DSCAS
,ST8SIA5-DT
,VN1R81P
,ATXN7L3P1
,EIF4BP9
,SPTLC1P1
,MTFR1P1
,GTSCR1
,NETO1-DT
,EML4-AS1
,RNU6-359P
,LINC01782
,LINC01255
,CHCHD2P3
,LINC02032
,MAN1A2P1
,VN1R87P
,LINC02034
,MRPL50P1
,LINC02029
,ANAPC1P3
,TEMN3-AS1
,SIDT1-AS1
,IL20RB-AS1
,LINC02508
,ASNSP6
,RNU6-527P
,CHMP1B-AS1
,MATN4
,RPL21P65
,LINC02526
,RNU6-117P
,YWHAQP4
,SNORA40C
,RNU6-1115P
,CNN2P9
,F11-AS1
,RBISP4
,CRLF3P3
,RPS2P17
,GAD3P
,GLULP5
,NUDT19P5
,PFN2-AS1
,CLSTN2-AS1
,LINC02355
,HK2
,ROCK1P1
,NPIPB1P
,LINC01791
,MTCO3P9
,VTI1BP2
,LINC02496
,NPY2R
,SETP12
,RNU6-1076P
,RN7SL121P
,RNU6-993P
,RNU6-782P
,LINC02437
,RN7SL146P
,RN7SL70P
,RNU6-1028P
,LINC02434
,RNU6-1179P
,RN7SL860P
,RN7SL340P
,RNU6-967P
,RN7SL154P
,RN7SL491P
,C9orf78P2
,RN7SL368P
,DPP3P1
,WDR38
,HSPE1P23
,LINC02507
,LINC02465
,LINC02724
,GPR21
,CHMP4AP1
,NDUFB4P7
,GSTM2P1
,RNU6-824P
,DHFRP3
,LINC01793
,HMGN1P10
,CCDC12P1
,RBX1P1
,RNU6-331P
,RNU6-375P
,RPL30P15
,RN7SKP20
,CLDN20
,LRRC37A14P
,GPM6A-DT
,TMEM184C-DT
,RPL7AP28
,RN7SKP113
,RNU6-578P
,RN7SKP170
,SNORA75B
,RN7SL16P
,RNU6-420P
,RN7SL101P
,RNU7-126P
,RNU6-573P
,RNU6-931P
,RNU6-412P
,RN7SL193P
,RN7SKP199
,RNU6-158P
,RNU6-1325P
,RNU6-699P
,RNU6-191P
,RNU1-63P
,RNA5SP527
,FAM151B-DT
,RNU6ATAC5P
,RNU4ATAC9P
,RNU6-499P
,RNU6-774P
,RN7SKP48
,RNU6-615P
,RNU6-1059P
,RN7SKP28
,LINC01863
,RNU6-462P
,RNU6-551P
,RNU6-635P
,RNU6-431P
,RN7SL55P
,RN7SKP137
,RNU6-948P
,RNU6-119P
,RNU6-550P
,RN7SL205P
,RNU1-89P
,RNU6-224P
,RN7SL808P
,RNU7-197P
,RNU6-1230P
,RN7SKP253
,AK3P5
,RN7SL254P
,MTND4LP11
,RN7SKP35
,RPL7AP53
,RNU4-79P
,RNU6-284P
,RN7SKP188
,PFKP-DT
,RNU6ATAC13P
,RN7SKP105
,PITRM1-AS1
,RN7SL776P
,RNU1-45P
,RN7SKP136
,L3MBTL2-AS1
,RN7SKP13
,RNU6-335P
,RNU6-1053P
,RNU6-479P
,RN7SL28P
,RNU2-34P
,RNU2-66P
,RNU6-687P
,RN7SKP67
,RNU2-44P
,RNU6-173P
,NEFMP1
,RNU7-192P
,GAPDHP21
,RPS3AP22
,NRXN2-AS1
,RN7SL566P
,RN7SL338P
,PIGO-AS1
,NAPGP2
,E2F7
,HSPE1P4
,LINC02418
,RN7SL704P
,RPL13AP13
,HSFX2
,LINC02143
,NDST1-AS1
,HSPA8P4
,C8orf44-SGK3
,LINC02045
,NUDT16-DT
,PPIAP72
,KCNAB1-AS1
,RPL21P71
,LINC01260
,AFF4P1
,SLC9A9-AS1
,LINC02394
,ETDA
,ETDC
,RN7SKP258
,RAP1BP1
,WDR4P1
,RNY3P12
,MARK2P9
,LINC01020
,NPAP1P2
,PGGT1BP2
,BMS1P21
,SFTPD-AS1
,ZNRF2P3
,DPY19L2P5
,NDUFB4P3
,C1DP4
,ABCD1P5
,RNU6-838P
,RN7SL449P
,RNU7-134P
,CCDC182
,SEMA5A-AS1
,RN7SKP94
,WBP1LP4
,ARL2BPP4
,INTS6P1
,RASL11B
,CIB4
,SLC35E4
,RN7SKP275
,ERHP1
,RN7SL335P
,CTBP2P5
,RPL13AP26
,RPL13AP21
,LINC02121
,ATP1B3P1
,LINC02440
,CNTFR
,MRPS6P4
,RPL31P36
,CNTFR-AS1
,LINC01755
,CZIB-DT
,ST3GAL3-AS1
,PPP1R2P6
,RPL22P18
,SOCS2P1
,MTCYBP37
,MTFR2P1
,LINC01867
,PNPP1
,LINC01103
,PSAT1P2
,RNU6-668P
,GALT
,TRIM60P14
,LINC01813
,LINC02444
,FAM218BP
,TXNDC12-AS1
,RPS27P23
,RPS12P27
,FGGY-DT
,LINC02459
,RPL36AP43
,RPL21P51
,DOCK7-DT
,JMJD7
,MTCO2P34
,LINC01685
,BPIFB5P
,PIGQP1
,LINC02668
,SF1-DT
,ZNF619P1
,JMJD7-PLA2G4B
,ITPR2-AS1
,RPL10P11
,IFITM3P5
,RPL21P76
,CCZ1P1
,PAIP1P2
,UBE2SP2
,LINC00602
,RNU6-153P
,PAICSP6
,RNU6-520P
,RNU6-784P
,RPS13P2
,RN7SKP193
,RPL23AP85
,HNRNPA1P49
,MPC1-DT
,RPS6KA2-IT1
,SOS2
,HMGN1P37
,SYPL1P1
,EEF1A1P31
,ZNF622P1
,FOXN3P1
,ARMCX5-GPRASP2
,LINC01634
,USP18
,RPS27P17
,RCC2P3
,TRHR
,RNU6-589P
,BEND7P1
,EEF1B2P6
,RPL17P27
,LINC02917
,WBP1P2
,GAPDHP39
,RPL38P2
,LINC02010
,RN7SL627P
,GAPDHP77
,SENP3-EIF4A1
,PREP
,RNU6-1262P
,LINC01851
,DNMT3B
,MFN1P1
,RNU6-891P
,FAM86KP
,RNU4-30P
,ALG1L14P
,USP17L10
,USP17L11
,ANKRD46
,USP17L12
,LTA4H
,USP17L13
,USP17L17
,USP17L18
,USP17L23
,RPS29P24
,USP17L5
,USP17L27
,USP17L28
,RPS29P25
,USP17L29
,USP17L30
,DEFB130D
,USP17L20
,USP17L21
,GAPDHP38
,USP17L22
,USP17L24
,USP17L25
,USP17L26
,USP17L14P
,USP17L16P
,USP17L19
,LINC02173
,GIMD1
,MTND4P3
,RPL35AP33
,RNU4-36P
,MRPL42P4
,CDH13-AS2
,RNU6-1196P
,RN7SL419P
,RNU6-1092P
,RNU6ATAC41P
,RPS20P23
,RPS15AP18
,RN7SKP73
,RNU1-76P
,NTN4
,SNORD123
,LINC01798
,RNU6-679P
,RN7SKP133
,RNU6-660P
,RN7SL58P
,RN7SL364P
,RNU6-1003P
,SNORD81
,RNU4-43P
,RNU6-374P
,RN7SKP207
,CAPZBP1
,RNU6-1079P
,EEF1A1P18
,RNU6-378P
,SNORD29
,RNU6-358P
,LINC01808
,RNU6-760P
,RNU6-909P
,RNU6-1190P
,RNU6-484P
,RNU7-130P
,RNU1-150P
,RNU6-480P
,MSANTD7
,RNU6-1296P
,LINC01799
,RN7SL383P
,RNU6-272P
,RN7SL801P
,RNU6-381P
,RNU6ATAC2P
,RPL36AP44
,RNU6-299P
,RN7SL169P
,RNU6-294P
,RNU6-540P
,RNU6-913P
,RNU7-196P
,RN7SL814P
,RNU4-11P
,RN7SL378P
,RN7SKP295
,RNU6-620P
,RN7SKP34
,RN7SL629P
,RNU6-606P
,RNU6-727P
,RNU6-448P
,SYNJ2BP-COX16
,RNU6-804P
,RNY3P1
,RNU6-211P
,RN7SL802P
,RNU6-1119P
,RN7SKP62
,RN7SKP68
,RNU4-90P
,AP3M1
,RNU6-524P
,RN7SKP230
,RN7SKP57
,RNU1-140P
,RN7SL255P
,RNU6-334P
,RNU6-644P
,RNU2-49P
,OR51C4P
,RN7SL711P
,RN7SL174P
,KRT8P49
,OR51F3P
,RNU6-752P
,RNU6-373P
,OR51F4P
,RNU6-701P
,OR51N1P
,RNU6-718P
,RNU2-51P
,OR52R1
,RN7SL689P
,RNU6-290P
,OR51A6P
,RNU4-69P
,RNU6ATAC10P
,OR51A3P
,OR51A2
,OR51A5P
,RNU6-236P
,GTF2F2P2
,RN7SL87P
,RN7SKP246
,KLF18
,RNU7-156P
,RPS15AP7
,RNU6-588P
,RNU6-659P
,GAPDHP51
,RNU6-390P
,ADAM20
,RN7SL655P
,LINC02791
,OR51A1P
,RNU6-260P
,RN7SL868P
,RN7SKP60
,RNU2-48P
,RNU6-500P
,RNU6-209P
,RNU6-168P
,RNU1-17P
,RNU6-525P
,RNU6-1036P
,DEPDC1-AS1
,LINC01707
,HBD
,RPS5P7
,F8A2
,REPS1
,TREX2
,PYGB
,LINC01285
,PFN3
,AKR7A2P2
,COBLP1
,RPL37P12
,OR51AB1P
,OR51B4
,OR51B3P
,OR51B8P
,OR51B6
,TMEM258P1
,OR51Q1
,OR51K1P
,OR52D1
,MEIS1
,OLFM5P
,OR52V1P
,OR52H2P
,OR52T1P
,HNRNPA1P53
,OR52B6
,KRT18P7
,TTC9-DT
,RN7SL77P
,EGLN3-AS1
,RN7SKP108
,LINC02299
,RNU6-132P
,MRPL15P1
,GYG2-AS1
,EFCAB10
,CLIC4P2
,ARSD-AS1
,ARSH
,ZNF236-DT
,RNU6-346P
,ZNF236
,RPL7P50
,RN7SL578P
,RPS24P21
,LINC03008
,SEC23A
,GGCTP3
,FAM110C
,FNDC3CP
,LINC01964
,TRIM6-TRIM34
,OTX1
,GGA1
,RPL5P23
,RPS17P14
,PDLIM7-AS1
,OR52U1P
,OR52N3P
,OR52E6
,OR52E7P
,MTND1P32
,MTND2P2
,MTCO1P19
,SAP30
,MTCO2P19
,MTATP6P19
,MTCO3P19
,ITCH-AS1
,NDUFA5P8
,PPP1R21-DT
,ITCH-IT1
,NKAIN1P2
,MTND4P32
,MTND5P26
,NDUFA5P1
,MTND6P32
,MTCYBP32
,RNU6-1130P
,DBF4P3
,LINC01885
,RPL5P11
,RNU6-1096P
,ZNF195
,RANP6
,NACAP5
,RPL26P35
,SEC23A-AS1
,PPIAP4
,TRAPPC6B
,SSBL6P
,RNU6-316P
,RPL7AP2
,PNN-AS1
,RNU6-1111P
,TERF1P2
,FEM1AP2
,HIPK2
,RNU7-111P
,THOC1-DT
,MIA2-AS1
,RPL29P2
,RPS29P22
,RN7SL39P
,UQCRFS1P2
,KRT18P63
,MTCO3P38
,DLGAP1-AS3
,RNU6-531P
,RN7SL382P
,PPP1R14BP3
,RN7SL311P
,RNU6-506P
,RNU6-1074P
,ILRUNP1
,RNU6-831P
,DUXAP1
,DLGAP1-AS4
,SRSF8CP
,TGFA
,DLGAP1-AS5
,EFCAB10-AS1
,FAM86GP
,CYCSP56
,ENPP7P15
,SLC9A9-AS2
,SNRPCP5
,NPM1P28
,RPS3AP39
,DNAJC8P2
,RPS24P14
,RPS6P4
,CYTH1P1
,PHEX-AS1
,METTL15P3
,RNU6-266P
,GLYATL1P1
,GLYATL1P4
,RNU6-1214P
,UBTD2P1
,PSMC1P3
,LINC02046
,FAM111A-DT
,RN7SL42P
,LINC01747
,SLC25A47P1
,RN7SL435P
,OR5AN2P
,OR5BR1P
,WDR70P1
,TMEM212-AS1
,LINC01812
,HMGB3P11
,PFDN1P2
,PLCE1P1
,MAGEA4-AS1
,GABRE
,PDXP-DT
,PSAT1P4
,SIAH2
,RN7SL385P
,TOMM22P6
,LINC02190
,LINC02934
,VN1R64P
,VN1R65P
,VN1R66P
,MTCYBP39
,EMX1
,HPRT1P1
,LINC02831
,SMIM28
,RN7SL221P
,LINC02409
,PKMP5
,LRRC14B
,SNAPC5P1
,SEPHS1P4
,PPP4R2P1
,SHISA5P2
,AARSD1P1
,OR8F1P
,UHRF2P1
,OR8G7P
,SLC5A4P1
,TALDO1
,LINC02544
,THBS2-AS1
,VTA1P1
,SMIM15P2
,MTCH1P1
,ASPHD1
,PP7080
,IFIT6P
,AMZ2P2
,EZR-AS1
,RPSAP43
,TGIF1P1
,DM1-AS
,SLC16A12-AS1
,COX5AP1
,FBXO34-AS1
,RPL15P14
,GSTA1
,VN1R76P
,LINC01917
,SDCBPP3
,RPL32P36
,RPS2P55
,CLIC4P3
,TRMT2B-AS1
,KCTD13-DT
,LINC01919
,CHMP4BP1
,ALDOA
,RNU6-805P
,RPL7AP4
,SNX19P4
,RPL29P32
,RN7SKP241
,PRPF38AP2
,CUPIN1P
,DYNAPP1
,GSTA5
,YWHAQP8
,GAS2L1P2
,VN1R51P
,FAM220CP
,RNU6-798P
,ANAPC1P5
,SUGT1P4
,RSL24D1P2
,LINC01276
,CMAS
,DYNLL1P5
,TPTEP2-CSNK1E
,RPL21P43
,LINC01210
,RN7SL638P
,KDELR3
,RNU6ATAC34P
,DUXAP7
,DTD1-AS1
,LARP4B-DT
,BRD9P2
,SPCS2P3
,RNU6-572P
,OR13H1
,RABGEF1P2
,PIGPP2
,GDI2P2
,OR13C6P
,OR2AM1P
,LINC01360
,SNORA74D
,BRI3
,SNORD38D
,AKR1B15
,CXorf49B
,ANTXRLP1
,H2BP5
,OPN1MW2
,USP1
,UBE2L4
,RN7SL706P
,RTEL1-TNFRSF6B
,RN7SL108P
,RPL7AP5
,PPIAP6
,RPL12P7
,PAPOLA-DT
,LINC02304
,MAGEA9B
,RPLP0P3
,DNAJC8P1
,RPS3AP4
,KRT18P6
,QRSL1P3
,NUTF2P2
,FAM236D
,SH3RF3-AS1
,CXorf49
,CENPNP1
,NPAS2-AS1
,RPL7AP67
,RPL23AP27
,ST6GAL2-IT1
,RPL10P15
,PIN1-DT
,TMEM167AP2
,MED15P4
,RPL39P39
,LINC00842
,ILF2P2
,HNRNPA1P33
,RNFT1P2
,AK5
,HMGB3P24
,MTND3P7
,NPM1P29
,MFNG
,RPL23AP40
,RNU6-697P
,RPSAP76
,RNU6-285P
,ADH5P2
,TXNP2
,RPL29P5
,RPL23AP80
,ZNF587B
,BUB3P1
,RPL7P32
,HSPA5-DT
,TRPC6P8
,RNU6-1020P
,SLC25A5P8
,KRT8P21
,UBE2CP5
,DMRTC1B
,MTND1P9
,RBM38-AS1
,ATP6V1G2-DDX39B
,SUCLG1
,RNFT1P3
,RN7SKP64
,HNRNPA1P19
,OLA1P2
,RNU6-1178P
,SPECC1P2
,TTLL8
,LINC02097
,LINC02003
,LINC02796
,NDUFS5P3
,AHCYP3
,RPS12P4
,NMS
,LINC01868
,IGSF3P2
,PPIAP63
,HNRNPA3P16
,RPL17P46
,SIGLEC11
,ME2
,LINC02435
,RPL17P20
,RN7SL492P
,RN7SL357P
,RPL13AP9
,DFFBP1
,TAF1L
,SNRPCP1
,VRK3
,VAC14-AS1
,RNU6ATAC25P
,MMACHCP1
,LARP7P4
,MTCYBP33
,MTND6P33
,MTND5P33
,MTND4P34
,MTND4LP24
,MTND3P13
,MTCO3P24
,MTATP6P24
,NDUFB9P2
,PTMAP10
,RNU6-732P
,RN7SKP145
,ANAPC1P6
,MTND4P26
,LINC01956
,PGM5P4
,MTND2P21
,LINC01955
,RPL22P8
,SMC3P1
,KNOP1P3
,TPRX1P1
,RPS12P18
,SS18L2P2
,RNU6-998P
,RSL24D1P9
,MRPL32P2
,RIMBP3B
,FAM246A
,UBE2CP3
,CT45A10
,RPL17P30
,PLAT
,LINC02797
,COX6CP13
,PDE4B-AS1
,EEF1B2P8
,KRT18P34
,LINC01324
,RPL23AP67
,HK2-DT
,GALM
,COG7
,SI
,LINC02679
,NUTM2B-AS1
,DDX11L5
,MIR1302-9HG
,RPS14P5
,BBIP1P1
,RN7SKP23
,SNORA75
,TESC-AS1
,RNU6-667P
,ST20-MTHFS
,USP51
,DMRTC1
,BEND3P3
,MTND5P28
,SRMP3
,DPP10-AS2
,CCNYL7
,RNU6-780P
,WAPL-DT
,CYP2C58P
,RPL7AP52
,RNU6ATAC23P
,SMKR1
,RPL22L1
,ZP3P2
,ASPDH
,NT5C1B-RDH14
,MTND4P20
,PP12613
,SYT3
,RPS10P27
,RPL23AP77
,DDX11L2
,SUB1P4
,EIF2S2P7
,WNT16
,BTF3P5
,RPSAP60
,TPMTP3
,LINC02451
,MECOM-AS1
,NAP1L5P1
,MCUR1P2
,MTCO1P43
,SNORA11E
,NCKAP5-IT1
,LINC01961
,SRSF3P5
,ZNF862
,EN1
,C19orf81
,SNORA11D
,PAWRP1
,RPS3AP36
,TMEM229A
,POLB
,HMGN1P18
,MTCO1P55
,BPGM
,RNU6-203P
,RPS24P19
,RPSAP63
,GPC3-AS1
,OR4M1
,TIMM8BP2
,LARP1BP3
,FAM117A
,OR10G3
,STAG1-DT
,RPS25P5
,MTND4P17
,SDHDP3
,NEGR1-IT1
,LINC02777
,NF1P11
,KRT18P33
,PABPC1P6
,TNRC6B-DT
,LINC01664
,DNAJA1P2
,NDUFAF2P1
,ZNF861P
,LINC01764
,HAUS6P2
,MGC27382
,LINC01726
,PAX1
,ZNF566-AS1
,CTBP2P7
,SRP14P3
,RALY-AS1
,RNU6-1313P
,DLX3
,RN7SL192P
,SORCS3-AS1
,SERTAD3-AS1
,PSG6
,PPIAP74
,KRT18P35
,LINC02068
,DKK4
,TTC14-DT
,NAALADL2-AS1
,TMEM38BP1
,HMGN2P26
,NACAP2
,CH25H
,LINC01208
,RNU6-876P
,SRP14P5
,RPL10P12
,CHEK2P3
,UHRF1BP1L-DT
,ANAPC1P4
,LINC02939
,LINC01638
,BBS7-DT
,ABCA17P
,XIAPP3
,TRPC3
,MTND1P28
,YY1P2
,SOCAR
,RPS14P4
,LINC00578
,IMPDH1P3
,RPL7P59
,POLR2DP2
,RPL19P6
,LINC01997
,CAPZA1P4
,CPVL-AS2
,EEF1A1P25
,NAALADL2-AS3
,UBE2V1P2
,SETP7
,NENFP2
,LINC01763
,CLPX
,RPL29P26
,CRADD-AS1
,YWHAQP6
,LINC02801
,EEF1GP7
,LMO4
,RPL17P6
,CACNG2-DT
,LINC01644
,TBC1D22A-DT
,RNU7-171P
,MTND2P5
,CPMER
,PNPT1P2
,VTI1BP4
,KANK1P1
,AHCYP4
,DYNLT3P2
,MTND6P9
,XRCC4
,SDHCP3
,HSPB2-C11orf52
,ISCA1P6
,RNU6-975P
,RN7SL827P
,RNU6-686P
,SNORA24B
,PPP1R2P5
,LINC02372
,SNRPGP9
,RNU6-741P
,PAQR5-DT
,HNRNPA3P12
,PGBD4P8
,MTND2P30
,RPL7P10
,PKN2-AS1
,TEDC2-AS1
,LINC02792
,GAPDHP57
,MRPS18BP2
,KIF23-AS1
,TRPC7
,SLC25A6P3
,PSAT1P3
,RPL21P89
,RENO1
,LINC02571
,LINC02896
,RNU7-107P
,SHQ1P1
,PPIHP1
,RPS26P38
,RNU6-893P
,ANKRD44-IT1
,FMR1-IT1
,ATP6V0E2-AS1
,RNU6-890P
,EI24P4
,RNA5SP524
,TMEM213
,ATP6V0CP3
,RN7SKP299
,MAP7-AS1
,MAP3K5-AS1
,RPS26P31
,RN7SL757P
,MCM8-AS1
,RN7SL498P
,LINC02090
,MPRIP-AS1
,RNU6-767P
,RN7SL775P
,RPL7AP37
,NHEG1
,ACTBP15
,RNU1-55P
,TEX12
,RPL26P6
,RPL29P16
,GFRA4
,EP300-AS1
,LINC02347
,RPL21P73
,EIF4EP4
,INSIG1-DT
,GSR
,CAPN11
,KCTD9P4
,MRPS36P4
,RPS12P21
,SRD5A1
,DPY19L4P2
,RPS6P16
,AGK-DT
,RPL13P12
,TSEN15P1
,ST13P10
,LINC02102
,POTEH-AS1
,RNU6-816P
,NDUFB10P2
,GRAMD4P2
,IGLV3-10
,IGLV3-9
,IGLV2-8
,IGLV3-7
,IGLV3-6
,IGLV2-5
,IGLV3-4
,IGLV4-3
,IGLV3-2
,IGLV3-1
,IGLL5
,MTCO2P25
,IGLJ1
,IGLJ2
,IGLJ3
,MTCYBP9
,IGLJ4
,IGLJ5
,IGLJ6
,IGLJ7
,IGLC7
,RPL36AP39
,RN7SKP79
,ERCC8-AS1
,HIKESHIP3
,TXNP6
,LINC02412
,OR4C50P
,OR4C46
,OR4C7P
,OR4R2P
,OR4A3P
,OR4A2P
,OR52L1
,KRT18P58
,OR56A7P
,OR52X1P
,OR56B4
,OR56B3P
,LINC00943
,RNU6ATAC12P
,HOXB13
,OR8B6P
,RPL7P17
,OR8B5P
,OR8X1P
,RNU6-1187P
,RNU6-887P
,KLB
,OR8A2P
,OR8B10P
,OR8A3P
,OR8Q1P
,SLC1A2-AS1
,OR52Q1P
,RPSAP55
,EEF1A1P22
,LINC00508
,LINC02826
,FGF21
,LSM3P2
,RNU6-317P
,LINC02443
,SNRPA1-DT
,PCSK6-AS1
,UBA52P7
,KRT18P60
,LINC02413
,SNRPCP18
,LINC02348
,RN7SL560P
,LINC02159
,GABRA6
,CHURC1-FNTB
,SNRPGP3
,USP47
,MPP7-DT
,ZNF101P1
,LINC02652
,RN7SKP39
,WAC-AS1
,GTPBP2
,RNU4ATAC6P
,TPRKBP1
,RNU6-1067P
,RAB15
,ZNF474-AS1
,BMS1P22
,RNU6-807P
,CICP4
,RNU6-270P
,RPL5P28
,UTF1
,MIR202HG
,POM121L9P
,SSTR4
,LINC02537
,NPM1P51
,PGC
,LINC00656
,DSTNP5
,DBF4P2
,TBPL1P1
,ENDOG
,LINC02053
,RPL9P13
,PRELID2P1
,RPS3AP28
,LINC02082
,P2RX6P
,NAALADL2
,MRPL52
,NUCB1-AS1
,ELF5
,USP41
,NPM2
,FAM247A
,SMPD4P1
,RPSAP33
,LINC02023
,POM121L4P
,TPT1P3
,ZCCHC10P1
,MTND4LP10
,BZW1P1
,LINC02006
,SLC7A14-AS1
,RPSAP23
,ACTP1
,RPL22P1
,SOX2
,ZNF511-PRAP1
,RPS17P10
,OGFR-AS1
,MIR646HG
,PAK1
,RPS27P21
,RPL36AP10
,LINC01712
,FAM204DP
,LINC00904
,STEAP3-AS1
,LINC01838
,LINC01431
,MAOA
,GRAMD1A-AS1
,LINC01270
,HMGB1P18
,LGI4
,LINC01829
,RPL14P6
,ANAPC1P2
,HNRNPA1P64
,COPRSP1
,RAPGEF4-AS1
,COL28A1
,LINC00659
,LINC01275
,SNHG17
,FXYD7
,HMGB1P50
,LINC02424
,CHAT
,TFIP11-DT
,YPEL5P3
,CBX3P6
,LINC01853
,LINC02369
,PIP5K1P2
,RPL31P39
,HNRNPA1P20
,NAALADL2-AS2
,RNU6-534P
,RN7SKP228
,RN7SKP92
,RN7SL542P
,SNORD65C
,RNU6-1103P
,RPL26P3
,ISCA2P1
,RNU6-438P
,LINC02327
,RN7SL83P
,RN7SL132P
,SNORA20B
,RNU6-565P
,RNU6-575P
,RN7SKP218
,RN7SL292P
,RNU2-29P
,SNORA22B
,RNU4-14P
,RNU6-1125P
,RNU6-1052P
,RNU6-1335P
,FAM247B
,RNU6-417P
,GGTLC3
,RNU6-912P
,RNU6-229P
,RNU6-973P
,RNU6-832P
,TMEM191B
,RNU6-313P
,RN7SL869P
,RNU6-849P
,RN7SL35P
,LINC02326
,RNU6-274P
,RN7SKP129
,RNU4-16P
,RNU6-956P
,RN7SKP104
,RNU6-532P
,RNU6-364P
,RN7SL478P
,RNU7-188P
,PI4KAP1
,RN7SL252P
,RNU6-864P
,RNU6-1104P
,SNORA25B
,RNU6-581P
,RN7SKP277
,LINC02359
,RNU6-517P
,RNU1-29P
,RNU6-223P
,RNU6-92P
,RNU6-1154P
,RNU6-797P
,RN7SKP223
,PIGBOS1
,RNU6-911P
,RNU1-72P
,RNU11-5P
,RNU1-82P
,RNU1-58P
,RNU6-1234P
,HSPA2-AS1
,RNU4-74P
,RN7SL76P
,RN7SKP174
,LINC02388
,LGI3
,HIGD1AP4
,THUMPD3P1
,SUGCT-AS1
,RN7SKP131
,SUSD2P2
,FAM246B
,CA15P2
,GABRQ
,LINC01637
,THAP7-AS1
,TUBA3FP
,LINC00507
,RPS21P2
,LRRC57P1
,SPTB
,RPL21P103
,RPL12P32
,CPM
,ARPP19P2
,RPL21P34
,GUSBP11
,DUX4L50
,FRG1JP
,RPL36P13
,BLACE
,LINC03010
,EN2-DT
,EN2
,VPS51P3
,FARSA-AS1
,LINC01257
,RN7SL496P
,CDK13-DT
,MAGEA6-DT
,JPT1P1
,HNMT
,PARG
,EHMT2-AS1
,HAUS1P1
,RPL36P11
,LINC01450
,MTCO1P44
,LINC01449
,LAMA5-AS1
,PHKA1P1
,RPL27P7
,MTM1
,RAD52P1
,SDCBP2-AS1
,COL24A1
,MAS1
,FZD8
,LINC00654
,RNU6-102P
,LINC01729
,DDX5P1
,RPL7AP43
,DTX2P1-UPK3BP1-PMS2P11
,DTX2P1
,UPK3BP1
,RNU6-1169P
,CHP1P2
,RBAK-RBAKDN
,RBAKDN
,RPS15AP13
,NANOGNBP1
,PPIAP91
,CPNE7
,NDUFA5P6
,OR4E2
,TMEM238
,RNU6-1306P
,RCOR2
,LINC01953
,RPS16P3
,PRXL2CP1
,ALOXE3P1
,LINC02463
,RPS6P20
,LINC02368
,ZNF628-DT
,LINC02824
,PIWIL2-DT
,ZIC4-AS1
,NHS
,DKFZP434A062
,RNU1-134P
,MIR941-5
,RNU6-730P
,RPL7P54
,NT5DC1P2
,LINC02352
,LINC02370
,COPS5P2
,UBE2CP4
,RPL21P116
,RNU6-415P
,ATXN2-AS
,LINC01362
,KRT18P20
,ZNF580
,LINC02166
,ACTG1P18
,RN7SL366P
,PTPRT-DT
,HIGD1AP17
,RPL21P5
,RNU6-541P
,ACTN1
,EPN1
,RPL21P77
,RN7SKP85
,RN7SL350P
,COX6C
,RPL36AP54
,DAB1-AS1
,LINC00629
,MTCO1P21
,LINC01364
,RPL21P133
,RPS7P12
,RNU4-44P
,RN7SKP109
,RFPL4AP1
,RN7SL864P
,FLRT3
,RNU6-228P
,RNU6-1159P
,RNU6-115P
,RPL7P60
,RN7SL339P
,RPSAP71
,SNORA70J
,RPL10P8
,KRT18P41
,MROH7-TTC4
,MRPS18CP7
,NTAN1P2
,SLC2A3P4
,CPNE3
,LINC02356
,STAG3L5P-PVRIG2P-PILRB
,RPL7AP25
,RN7SL477P
,SAP30P1
,PVRIG2P
,MBD3
,ACTG1P23
,CBY1P1
,PPP1R35-AS1
,TBR1
,RNU6-393P
,RNF14P3
,RNU6-1161P
,ZNF200
,TUBB3P2
,C22orf42
,MIOXP1
,MTCH2P1
,RASA2-IT1
,UBE2Q2P10
,PCBP2P4
,EIF2AK1P1
,GOLGA2P1
,OR7E96P
,RPL32P8
,LINC01994
,HMGN2P13
,FIGN
,RPS3AP31
,KLF2P2
,HNRNPCP9
,MTND2P19
,KATNBL1P2
,SNRPA1P1
,RPSAP27
,KIAA1549
,NGRNP1
,WWTR1-IT1
,LINC01832
,LDLRAD1
,PSMG3P2
,PPIAP73
,GHSR
,SNRPCP3
,SNRNP40P1
,NDUFB4P1
,ANKRD20A21P
,BMS1P19
,TUBBP8
,ZNF285DP
,NCAPGP2
,PYGO1
,PPIAP66
,VINAC1P
,RPL27AP4
,DMRTA2
,RPL4P4
,RPL21P42
,PAQR9-AS1
,LINC00880
,HMGB1P45
,RPEP6
,FAF1-AS1
,EI24P1
,MTND4P11
,FGFR3P4
,PPIAP75
,ATP13A4-AS1
,ADIPOQ-AS1
,YEATS2-AS1
,SETP14
,OPA1-AS1
,SLC16A14P1
,PRICKLE2-DT
,RPL37P24
,OXR1-AS1
,RPL7AP71
,TAGLN2P1
,PPIAP52
,FZD3
,RPS26P45
,LINC01311
,LINC02405
,FRG1CP
,NMNAT1P3
,SRP19
,MTCO1P45
,MTND1P27
,PIK3R5-DT
,VN1R96P
,GPR34
,DACH2
,MTCO3P21
,TBCAP2
,EEF1A1P45
,RPL23AP65
,BARHL2
,WWTR1-AS1
,RPL21P97
,LINC02036
,OAZ1P1
,CNN3
,SNAP25-AS1
,EDDM13
,ZSCAN5A-AS1
,VN2R17P
,SLC25A36P1
,OOSP1P1
,VAV3
,TBX3-AS1
,LINC02329
,RN7SKP50
,LINC00911
,LINC02709
,COL5A3
,FLRT2
,RNU1-19P
,ADM-DT
,LINC01854
,RPL17P15
,RPL19P18
,RPL36AP32
,RPS20P12
,LINC02376
,COL4A6
,LINC02460
,RNU6ATAC17P
,ZNF337-AS1
,ADIRF-AS1
,KRT18P46
,RN7SL633P
,SMTN
,LINC01202
,RN7SL594P
,MED28P7
,LINC01790
,RNU6ATAC33P
,ACRP1
,GABRG2
,CRYGN
,VN1R108P
,FAM182B
,GLP2R
,SPAG16-DT
,KRT18P47
,RNU6-529P
,BSNDP1
,BSNDP2
,LDHD
,LY75-CD302
,RN7SL733P
,WDR86
,RAB18
,LINC02690
,CRY2
,RN7SKP187
,ZNF277-AS1
,NPM1P45
,MTND5P8
,MTND6P24
,MTCYBP24
,LINC02415
,LINC01361
,LINC02373
,PPAN-P2RY11
,RPS20P5
,PRICKLE2-AS2
,KIAA1328P1
,EEF1A1P23
,ALG1L15P
,COX6A1P5
,LINC01891
,TPT1P2
,MTND2P20
,RPL17P37
,PSMD14-DT
,RN7SL484P
,SNORD105B
,SNRPF-DT
,RPL15P5
,LINC02398
,CERS3-AS1
,RNU6-322P
,PRKXP1
,RNU6-181P
,LINC02206
,HMGN2P47
,NFU1P2
,MATR3P3
,OR7A19P
,CEP250-AS1
,TPRG1-AS2
,PEX16
,HSPE1P9
,LINC03056
,LLPHP3
,SULT6B2P
,ANHX
,RPS24P16
,NPM1P14
,LINC02411
,VSIG10
,OR7E97P
,TECTB
,RPL12P24
,SYCP3
,OR11H12
,FBLIM1P2
,LINC02710
,PCNPP3
,RN7SL37P
,KRT8P33
,HMGB3P17
,NKD1
,LINC02375
,HSPE1P20
,MARK3P1
,LINC02168
,HMGB3P32
,NGB
,LINC02366
,RNF185-AS1
,LIMK2
,TRAV7
,TRAV8-1
,TRAV9-1
,TRAV11
,TRAV12-1
,TRAV8-2
,TRAV8-3
,TRAV13-1
,TRAV12-2
,TRAV8-4
,TRAV13-2
,TRAV9-2
,TRAV8-6
,TRAV20
,TRAV21
,TRAV24
,TRAV26-1
,TRAV8-7
,TRAV27
,TRAV28
,ZNF808
,EI24P6
,TRAV30
,TRAV32
,ARL6IP1P2
,RNU6-811P
,RN7SL314P
,TRAV37
,TMEM161BP1
,VN1R53P
,LINC01209
,CIR1P1
,RN7SL803P
,LINC00886
,RPL21P57
,RPL39P34
,HNRNPA1P24
,RNU6-275P
,PRDX3P4
,RN7SKP161
,RNU6-1128P
,RNU6-491P
,RNU6-837P
,RNU6-251P
,RN7SL38P
,RNU1-149P
,RN7SKP262
,RNU6-472P
,RNU6-1093P
,RNU6-1069P
,RNU6-333P
,RNU6-400P
,RN7SKP289
,RNU6-871P
,RNU6-279P
,RNU4-20P
,RNU6-595P
,RNU1-83P
,RN7SL804P
,RNU6-769P
,RNU6-1012P
,RNU6-238P
,RN7SKP172
,RNU7-120P
,RNU1-117P
,RN7SL737P
,RNU6-808P
,RNU6-1329P
,RNU6-977P
,RNU6-768P
,RN7SL88P
,RN7SL483P
,RNU4-24P
,RNU6-1183P
,RNU5E-5P
,RNU4-41P
,RN7SL330P
,RNU6-735P
,RNU6-101P
,RNY1P16
,RNU6-172P
,RN7SL630P
,RNU6-1068P
,RNU6-247P
,RNU7-94P
,RNU6-1188P
,RN7SL176P
,RN7SKP263
,RN7SKP11
,GEMIN5
,RN7SL865P
,RNU1-104P
,RNU6-717P
,RPL32P25
,RN7SL508P
,RNU6-361P
,IGHV7-4-1
,PABPN1P2
,LINC02790
,MYO3B-AS1
,HMGB1P46
,ASB7
,PGM1
,IGHV3-79
,IGHV4-80
,IGHV7-81
,GLIS3-AS2
,RNU6-694P
,INHBB
,RNU6-661P
,CKS1BP3
,RPL35AP14
,TMEM220
,GABRB2
,EIF4EBP2
,NODAL
,YY1P1
,RNPC3-DT
,TMEM220-AS1
,TPRG1LP1
,DPYD-IT1
,MTCO1P58
,PIRT
,IDH3G
,RNU6-1065P
,RPL15P21
,RN7SL601P
,FAM151AP1
,LINC01585
,YWHAEP5
,SNORD18
,RN7SL363P
,PPIAP32
,ZNF571-AS1
,RBM12B-DT
,SPRY4
,BEND7-DT
,RPL6P24
,RPL23AP28
,KANSL1L-AS1
,RPL19P2
,TM4SF19-AS1
,HERPUD2-AS1
,SIAH2-AS1
,LINC03013
,KCNAB1-AS2
,MTAPP2
,SELENOKP1
,CNOT7P2
,VAV3-AS1
,RPL21P23
,RPL36AP12
,RN7SL718P
,ALG14-AS1
,CYP2S1
,RPL6P28
,MTND3P21
,ELAVL4-AS1
,RPL13AP17
,RALB
,MAGI2-AS1
,MAGI2-AS2
,RNU6-337P
,RNU6-530P
,NUP35P2
,TRPC6P10
,XIAP-AS1
,RNU6-122P
,PARD6BP1
,STAG2-AS1
,ZIK1P1
,HSPA8P20
,TEX13D
,NPM1P34
,PANK1-AS1
,ELOAP1
,LINC02623
,SRSF3P6
,IDI1P1
,TM4SF1-AS1
,RN7SL34P
,RPL34P10
,VPS26CP1
,RPL21P122
,COX7BP3
,LINC01349
,PCDH12
,CSGALNACT2-DT
,VDAC1P11
,PTMAP12
,YRDCP1
,RNU6-669P
,FBP2
,GFOD1-AS1
,RNU11-2P
,RN7SKP204
,MYOCD-AS1
,ARHGAP44-AS1
,TPM3P8
,CST6
,RNU6ATAC11P
,RPL5P26
,LINC00644
,RPS27AP17
,YAE1-DT
,AHCYP2
,SNX9-AS1
,HSPE1P26
,RNU6-786P
,PPIAP65
,LINC01825
,TXNL4AP1
,USP21P1
,RNU6-719P
,CICP22
,RPL21P26
,RPSAP19
,BCAS2P2
,BARD1
,WARS2-IT1
,LINC01739
,DNAJA1P5
,LINC01746
,LINC00489
,HSD3BP2
,LINC01787
,SEC63P1
,PANK2-AS1
,LINC01708
,MTATP6P13
,MAGED4B
,RPL9P33
,LINC02787
,GPR88
,RPL7P51
,KLC2-AS1
,KLC2-AS2
,SYNJ2-IT1
,RAB1B
,HNRNPA1P34
,VDAC2P2
,A2M-AS1
,KRT17P8
,BTG1P1
,RPS18P13
,LINC02048
,LRIG2-DT
,LINC02665
,COX6CP17
,RNU6-535P
,RN7SKP167
,CPEB1-AS1
,LINC01753
,DPYD-AS1
,LINC02026
,OSTN-AS1
,LINC02093
,LINC01972
,ANKRD49P1
,LINC01213
,BRPF3-AS1
,MTCH2P3
,RBMX2P3
,COX10
,LINC01676
,KATNB1
,PSMD14P1
,MTND4P28
,RPL6P6
,RNF14P1
,SMC4P1
,RIN1
,RPS6P2
,TPT1P12
,PTMAP4
,POU5F1P2
,RPL7AP51
,RN7SKP216
,AKR1B10P1
,RPL21P92
,MAST3-AS1
,SNORA74
,RNU2-50P
,CDRT15
,RNU6-1250P
,RN7SL394P
,DNAJC19P1
,RNU6-523P
,RPS18P12
,ADI1P2
,LINC02096
,RPL23AP76
,CDRT8
,RPL5P24
,RNU6-1189P
,RNU6-879P
,R3HDM2-DT
,INHBC
,HSPA2
,LINC01650
,RPS3AP38
,RN7SL220P
,RPL36AP1
,LINC02924
,RN7SL461P
,RNU6-1204P
,OTX2
,RAB3A
,GAPDHP23
,SAPCD2P3
,LINC01776
,B4GAT1-DT
,RPL26P9
,RPL35P5
,GTF2IP23
,RNU6-1254P
,RPL31P38
,SH2D4B
,SMARCE1P4
,RPL39P38
,LINC01934
,ANTXRL
,GIMAP1-GIMAP5
,BET1P1
,TMX4-AS1
,KIAA2012-AS1
,NEMP2-DT
,PHKBP1
,PLCB1-IT1
,ITPK1P1
,JAG2
,SLC35A3
,SSBP4
,DNAJC25-GNG10
,SPADH
,GNG10
,LINC02680
,ETV7-AS1
,BRD9P1
,RNU1-84P
,ADGB-DT
,RPL7P49
,RNU6-906P
,KATNBL1P6
,RNU6-1013P
,MTND5P30
,ITPRID2-DT
,SNHG31
,FAM133DP
,ELF2P4
,MTND4P6
,MTCYBP6
,SPOPL-DT
,RN7SL771P
,KLF3P2
,SIRT5
,HRG-AS1
,TMEM212-IT1
,ZDHHC1P1
,NDUFB2-AS1
,RNU6-85P
,CCT4P1
,RN7SL665P
,RNU6-1153P
,RNU6-227P
,RNY4P36
,RNU6-97P
,RPL5P8
,NCKAP5-AS1
,CPA2
,ZNF189
,RN7SL395P
,LINC01907
,GTF3C6P2
,DNAJA1P3
,C4orf46P2
,PTOV1-AS1
,PTOV1-AS2
,HNRNPA3P4
,RPS20P33
,TEX22
,MTA1
,ASAH2
,RN7SKP184
,RNU2-25P
,RN7SL592P
,GPS2P1
,PTGER4P2-CDK2AP2P2
,CDK2AP2P1
,MYO5BP1
,RPL7AP45
,SNORD3J
,RNU7-193P
,LINC01920
,PPIAP67
,CAP1P2
,ZNF485
,ACTG1P17
,RPL21P88
,LINC02028
,GJA6P
,CICP25
,PPEF1-AS1
,BLOC1S6P1
,HAUS1P2
,PHKA2-AS1
,RNU6-1243P
,RNU6-271P
,NPM1P25
,UBXN7-AS1
,HEATR3-AS1
,ACTG1P16
,RPL10P14
,ADAMTS14
,LINC02012
,RPL21P115
,RN7SL48P
,RNU6-1056P
,GLOD5
,CRADDP1
,ACAA2P1
,RPS26P40
,RNU4-47P
,SUMO2P16
,SMCO4P1
,LINC01180
,LINC02729
,RPL13AP23
,NEURL1-AS1
,SH3PXD2A-AS1
,RN7SL524P
,MED6P1
,RPS24P17
,RN7SL819P
,RPL6P26
,CD101-AS1
,H1-8P2
,VASH1-DT
,LINC01968
,DMRT2
,RPL7AP17
,CHIAP3
,VASH1-AS1
,RPS3AP12
,ATP13A5-AS1
,ENAHP1
,DTWD1P2
,RPL22P2
,RN7SKP17
,RN7SL356P
,LINC02288
,LINC02289
,EIF3JP2
,PTPRT-AS1
,RN7SKP100
,SNX7
,YBX1P4
,LINC01003
,RPL36AP28
,RN7SL20P
,RNU6-201P
,LINC02558
,LINC01709
,RNU7-185P
,NXPE2P1
,VWC2L
,RNU6-1083P
,OR7E158P
,RN7SL828P
,RNU6-713P
,MTCH2P2
,VPS51P12
,PLCH1-AS1
,PLCH1-AS2
,RPS27AP8
,DPPA2P3
,RPL6P7
,HSD3BP1
,RPL7AP24
,RPL9P15
,PRICKLE1P1
,SYN3-AS1
,CPNE2-DT
,PRELID3BP5
,PRELID3BP6
,PRELID3BP7
,TUBAP14
,SYN3
,TENT5C-DT
,RPL12P35
,CAST
,ZNF789
,RNU6-231P
,RPS26P15
,SNORA11G
,VPS33A
,DPYD-AS2
,AGBL1-AS1
,LINC02788
,VPS25P1
,LINC01780
,RAP2B
,LINC01731
,NAA50P2
,GAPDHP74
,RPL23AP91
,LINC01998
,KMT2CP3
,ETV5-AS1
,KIF18B
,TVP23CP3
,GAPDHP47
,MTND5P20
,XIRP2-AS1
,RPL23AP29
,ST13P15
,TANK-AS1
,RBM43P1
,E2F3P2
,GLULP6
,CLIP1-AS1
,SLC9A7P1
,MAPK10-AS1
,KIF18B-DT
,RN7SKP96
,LINC01970
,GABRA2
,UBL5
,RPL10P6
,EIF5A2
,WNT7B
,PIP5K1A
,OR6L2P
,SLC44A3P1
,OR7M1P
,VWC2L-IT1
,KLHL6-AS1
,HSPE1P18
,ITGB6
,TMEM225B
,HMGN2P40
,RNU6-1108P
,RNU6-1332P
,RNU6-966P
,RNU1-78P
,RN7SL183P
,OR6L1P
,RN7SKP202
,LINC02640
,KRT19P4
,VDAC2P3
,FTLP17
,HIGD1AP12
,TSHB
,RNU6-799P
,RN7SL792P
,HNRNPA1P50
,EIF3LP3
,FXYD6P2
,LINC02798
,CNTNAP2-AS1
,PAFAH1B2
,DUTP3
,RANP2
,PSMC1P12
,RNU6-1184P
,RN7SL456P
,RN7SL72P
,HNRNPA1P47
,IMPDH1P7
,LINC01876
,RNU6-863P
,RABGEF1P3
,LINC02821
,KCNMB4
,MTCO3P43
,RNU4-65P
,PPIAP81
,RPS15AP9
,FLG-AS1
,SNRPEP9
,LINC02828
,PDK3
,PRKCIP1
,RNU6-1194P
,RN7SKP144
,RNU4ATAC17P
,RNU6-905P
,RN7SL147P
,RN7SL120P
,RNU4-85P
,RNU6-822P
,RNU6-815P
,RNU6-243P
,RN7SKP227
,RNU6-235P
,RNU6-367P
,RN7SL863P
,RNU6-139P
,RN7SL647P
,RNU7-119P
,RNU2-10P
,RN7SKP284
,RNU6-739P
,RN7SL271P
,RNU6-281P
,RN7SL751P
,RNU6-873P
,RNU2-28P
,RN7SKP61
,RNU6-1129P
,RNU6-1236P
,RNU6ATAC15P
,RNU6-712P
,RNU6-461P
,RNU6-1127P
,RNU1-43P
,RNU6-1047P
,RNU6-1200P
,RPL36AP29
,RNU6-1284P
,RNU6-789P
,RN7SL300P
,RNU6-509P
,RNU1-30P
,RN7SL715P
,RNU6-425P
,RN7SKP46
,RNU6-1294P
,RNU1-100P
,RN7SKP298
,RNU6-901P
,RNU2-20P
,RN7SKP177
,RNU6-1098P
,RNU6-1120P
,RNU6-547P
,RNU6-637P
,RN7SL215P
,SNORA63D
,RNU6-348P
,RN7SKP40
,RNU6-486P
,ARMCX3-AS1
,RNU6-910P
,RNU6-505P
,RNU1-70P
,RNU6-720P
,RN7SL703P
,RNU6-507P
,RNU4-91P
,SNORA63E
,RNU6-1317P
,LINC02983
,RNU6-1279P
,ENSAP3
,RN7SL434P
,RN7SL738P
,RN7SL447P
,RNU6-1109P
,RN7SL141P
,ACTB
,IMP3P1
,RN7SL722P
,DNAJC17P1
,SCTR-AS1
,FAM242E
,GMFBP1
,ABRAXAS1P1
,RNU6-865P
,CPA3
,RN7SL787P
,RNU6-368P
,RN7SKP118
,SEC61GP1
,RNU6-587P
,EIF5P1
,SMIM41
,GAPDHP49
,HMGN1P33
,CLDN34
,WWC3-AS1
,PRR13P3
,OR5AK4P
,OR5AO1P
,OR5BP1P
,RNF216-IT1
,ZNF596
,RNU1-123P
,RPL27AP3
,KRT18P29
,RBP4
,NCBP2L
,IFNNP1
,IFNWP4
,IFNW1
,RLIMP2
,MTIF2P1
,PKD1P2
,DYRK2
,SORD
,BANF1P3
,FAM87A
,TBC1D8-AS1
,LINC01789
,LINC01231
,RFX3
,PDF
,RNU1-91P
,SRGAP2-AS1
,RPS26P56
,DUOXA2
,HLTF-AS1
,MED28P2
,RPL6P2
,SLC6A17-AS1
,SYNGR4
,ACSF3
,DNAJB8-AS1
,GATA2-AS1
,TMED10P2
,HMGN2P22
,CNTNAP5-DT
,POU5F1P6
,MARK2P8
,CBX5P1
,ABCF2P1
,FAM136CP
,BTF3P16
,PPT2-EGFL8
,LINC01649
,PCNP
,RPS18P5
,RPL32P7
,RNU6-1256P
,RNY1P12
,HMGB3P14
,RPL39P5
,HMGN1P9
,HMGB3P13
,DPPA4P2
,LINC02138
,RNU6-746P
,LRRC34P2
,FCF1P8
,SRD5A3-AS1
,LINC01761
,LINC01768
,HAO2-IT1
,LINC01943
,MTND3P10
,TXNP3
,CALCRL-AS1
,LINC02772
,RPS29P29
,LINC01945
,RPS15AP14
,PNRC2P1
,PRKCQ
,LINC02799
,RNU6-1174P
,LINC01661
,SPHK2
,OR7E85BP
,UNC93B8
,OR7E111FP
,VPS51P7
,RN7SL656P
,SNRPCP16
,ENPP7P10
,RN7SL199P
,IRAK2
,KYNUP3
,COX6CP4
,EPN2-AS1
,LARP4P
,RPL26P26
,TPST2P1
,FAM90A25P
,ALG1L12P
,ENPP7P6
,MRPS21P2
,GAB3
,SEC1P
,SNORD63B
,MFAP4
,SYTL4
,LINC02259
,ARL5AP1
,RN7SL853P
,KIAA1210
,BBS4
,LINC01796
,CAPZA1P2
,BTF3L4P2
,CCDC159
,LINC01937
,LINC02094
,RPS2P46
,RPL17P43
,CLDN15
,RPL6P10
,RNU2-40P
,EPOR
,RPL6P13
,RPL7P35
,ARPC1AP4
,TECRP1
,ADPGK-AS1
,NPM1P42
,RN7SL303P
,MTCO2P21
,HNRNPA1P68
,PFN1P12
,TM6SF1
,LINC02701
,MRPL21
,PRKAR2A-AS1
,LINC01889
,LINC01807
,MRGPRF-AS1
,LINC02230
,LINC01386
,ANKRA2
,UBE2E3-DT
,MTATP6P14
,NKAIN1P1
,DHCR24-DT
,LINC02805
,JAKMIP3-AS1
,CHILL1
,SH3BP4
,FMO8P
,RPL7AP19
,NAP1L4P1
,LMX1A-AS1
,RN7SL681P
,RNU1-44P
,USP17L15
,BTF3L4P4
,PALLD-AS1
,HIGD1AP13
,BMP2K-DT
,PAQR3
,KIF12
,RPL23AP55
,SLC25A24P2
,LINC02843
,FMO11P
,LINC00624
,RN7SL127P
,TONSL-AS1
,KIFC2
,CT45A7
,GAPDHP76
,RNU6-1311P
,SEC24A
,NINJ2-AS1
,OR13J1
,ELF2P3
,NPAP1P7
,LINC02455
,RNU4ATAC16P
,CDHR18P
,RAD52
,RNU6-1164P
,RNU6-757P
,THOC7-AS1
,PSMD6-AS2
,H2BP3
,ZBTB20-AS1
,SLED1
,TRPC6P7
,RNU6-351P
,TET2-AS1
,RN7SL89P
,RNU6-553P
,ZBTB20-AS5
,ZBTB20-AS2
,ZBTB20-AS3
,YBX1P3
,ZBTB20-AS4
,EIF4E2P2
,MME-AS1
,LINC01487
,MFSD3
,MTND4LP14
,LINC01827
,ALG1L9P
,CRLF3P1
,DEFB108B
,DEFB131B
,OR7E128P
,IL21-AS1
,INSC
,RN7SKP232
,LINC01701
,ATOX1-AS1
,RPLP1P6
,EIF1AX-AS1
,ALDOB
,RNU6-923P
,FLT3LG
,TPSB2
,C1QTNF3-AMACR
,RN7SL684P
,SNCB
,ZNF517
,TPSD1
,PIGCP2
,RPS20P2
,CEP19P1
,OR7E89P
,LINC01720
,TERF1P6
,COX6CP7
,KIAA2012
,LRRC8D-DT
,TRIM65
,RPL7P61
,RNU6-98P
,CDK8P2
,HS6ST2-AS1
,NAA20P1
,RPS17P8
,USP26
,GPR55
,LOX
,HMGB1P39
,COPS8-DT
,UBE2V1P15
,MHENCR
,RNU1-34P
,TEN1-CDK3
,GSTM3P2
,TMSB15B-AS1
,RPS15AP17
,RPL21P47
,SRP68
,DANT1
,CHMP1B2P
,CCDC160
,IGBP1-AS1
,RN7SL581P
,MXRA7P1
,RNU2-16P
,CNN2P10
,RAB41
,RN7SL33P
,EIF4A1P9
,SAMD11P1
,RN7SL608P
,hsa-mir-1253
,SNORA80C
,AHCYP5
,IRF3
,FAM222A-AS1
,RBISP3
,RN7SL441P
,RNU6-399P
,MIRLET7IHG
,RPL32P26
,RPL36P9
,TRAPPC2LP1
,RNY4P23
,MTCO1P14
,SNX16
,RNU4-81P
,DLG3-AS1
,MRPS10P1
,BIN3
,RNU6-416P
,RNU6-1043P
,RNU6-1158P
,GMPSP1
,TMC3
,TPR
,REPIN1-AS1
,SDHDP2
,RNU6-112P
,RPS12P26
,LIN28AP1
,HNRNPCP2
,LINC01107
,PERPP2
,FAH
,TSTD3
,UGT3A2
,RNF126P1
,NCOA4P2
,PIGY-DT
,RN7SKP244
,RPL15P11
,RN7SL645P
,RNU6-1305P
,FKBP14-AS1
,LINC01850
,PLA2G10FP
,CPEB2
,LINC02991
,TUBAP13
,MSI2
,RPS3AP13
,NCKAP5-AS2
,GLTP
,DUT-AS1
,NDFIP1P1
,ZKSCAN7P1
,RN7SKP185
,RNU6-320P
,TM4SF19
,MYL6BP1
,LINC01680
,MRPS21P7
,MRPS21P8
,RPL34P29
,NCOA5LP
,CUEDC1
,MUSK
,RN7SL237P
,IQCM
,PSMC1P9
,RNU6-972P
,PIK3C2G
,FBN1-DT
,SVIL
,RN7SL698P
,RPS15AP16
,MARK2P17
,MARK3P3
,MARK2P6
,IFT122P3
,CIDECP2
,DPRXP7
,CCDC121P1
,FBLIM1P1
,TEX13C
,RNU6-1287P
,HMGB1P33
,TMEM183AP3
,DYNLL2-DT
,RAB22A
,GRAMD4P8
,ARPC1BP1
,MTND4P27
,CACYBPP2
,RNU6-841P
,PRELID1P7
,CRYZL2P-SEC16B
,RN7SL265P
,SP100
,SNX11
,EXTL2
,CKLF-CMTM1
,TPT1P14
,TDRD6-AS1
,NNMT
,HILPDA-AS1
,EFCAB3P1
,RNU6-466P
,NPM1P9
,GRPEL2P2
,BLOC1S2P1
,HEXA
,IMMP1LP2
,CCT4P2
,NANOGP9
,IRX2
,MYLK-AS2
,RPL7P15
,LPGAT1-AS1
,EIF1P6
,RPL31P52
,ADGRF5-AS1
,C2-AS1
,LSINCT5
,RPL5P6
,OR10J5
,CRIP1P2
,MRPL32P1
,WDR13
,VN1R110P
,RPL29P24
,TFDP1P2
,POP5
,FAM47C
,HNRNPA1P28
,NUDT19P6
,RASA4DP
,MRPS17P9
,SLC25A43
,RPL11P5
,RPL7AP39
,RNU6-600P
,RPL32P27
,PLCB3
,RNU1-67P
,SLC29A4P1
,RN7SL118P
,RNY3P16
,DDX59-AS1
,PHKG1P4
,SEPTIN7P15
,MTATP6P8
,MTCO3P10
,MTND4LP32
,MTND4P4
,HSPE1P6
,MTND5P6
,MTND6P29
,MTCYBP29
,GUSBP10
,MTND1P4
,MTND2P6
,MTCO1P10
,MTCO2P10
,MTATP6P10
,MTCO3P4
,MTND4P5
,MTND5P7
,MTCYBP5
,C8orf89
,GUSBP12
,RNU7-157P
,MIR3147HG
,LINC01633
,SETP9
,LINC02770
,VN1R28P
,SAPCD2P2
,RNU6-940P
,LRRTM3
,RPL32P11
,TAF9BP1
,SETP17
,RN7SL225P
,GATA3-AS1
,RN7SKP288
,LINC00692
,ARF3
,PTP4A1P6
,LINC01502
,LINC01941
,RNU6-781P
,LCN9
,EEF1AKMT4
,EEF1AKMT4-ECE2
,TUBB8P9
,ARPC1AP2
,CLDN12
,NTF6G
,NTF6B
,EIF5P2
,IQCA1-AS1
,RN7SL708P
,IDH2-DT
,OR1L8
,SNF8P1
,NDUFA3P4
,PDK1-AS1
,RPL3P5
,CERS6-AS1
,ALG9-IT1
,GNG5P3
,PHOSPHO1
,WDR17
,RPL37AP8
,ZNF845
,LINC02803
,ZNF765
,RPL39P36
,TPM3P9
,TPM3P6
,PIGFP2
,OSTCP3
,RN7SL317P
,RNU6-698P
,RNU6-803P
,RNU6-980P
,RNU6-982P
,RNU6-751P
,RNU6-1041P
,TVP23CP1
,PTP4A1P3
,LINC02802
,NIPA2P1
,IMMP1LP1
,PTTG1IP2
,QRSL1P1
,FLJ40288
,HSPE1P3
,H3C5P
,RN7SL380P
,CD4
,RN7SL596P
,CBX1P3
,SRP14P2
,CLK3
,LINC01448
,RPL23AP78
,IFT20
,RPS23P8
,RPS6P14
,HIGD1AP5
,MRGPRX12P
,GLTPP1
,MRGPRX13P
,LINC01775
,SAA2-SAA4
,ISCUP1
,SAA2
,LINC01864
,ZNF787
,MSN
,GNB3
,HNRNPA1P46
,GALP
,OR5F2P
,AMMECR1
,OR8I4P
,OR5BN2P
,OR8H3
,OR5BN1P
,OR8K4P
,SNRPGP15
,OR8K5
,OR5J7P
,OR5J2
,OR8V1P
,OR4V1P
,OR4P1P
,VN2R9P
,OR9I2P
,OR5BL1P
,OR10Q1
,OR5BB1P
,OR4D8P
,OR5B15P
,TMEM230P2
,GRAP
,RPSAP34
,ZACNP1
,EXOC7P1
,RAB28
,RPS29P16
,SLC26A5-AS1
,RN7SKP86
,ANKRD63
,CSK
,PWWP4
,SELENOKP3
,RN7SL337P
,RN7SL842P
,COX7BP6
,P4HA2-AS1
,RPL13AP19
,SEPHS1P7
,MTND5P22
,RNF11P1
,GOLGA2P8
,RNU6-449P
,HNRNPA1P74
,RN7SL275P
,HSBP1P2
,RNF14P2
,RNU6-205P
,ZBED1P1
,RPL7L1P13
,ZNF969P
,LINC00607
,LYPLA1P2
,RNU6-289P
,RPL36AP23
,CCDC34P1
,TUBB8P3
,RPL36AP19
,AP1AR-DT
,DPP10-AS3
,EEF1A1-AS1
,LINC01803
,RPS27P15
,RPS29P5
,MTO1
,RNU6-363P
,RTEL1P1
,TOX4P1
,RNU4-60P
,RPS7P1
,MTATP6P26
,EDARADD
,ALDOC
,ARMC8P1
,TCEA1P3
,GAS2L1P1
,LINC02635
,VN1R48P
,ATP6V1G1P4
,YWHABP1
,RNU6-765P
,PTCD2P2
,RN7SL791P
,RPL35AP6
,LINC01655
,ORMDL1P1
,LINC00710
,TPI1
,LINC02547
,RN7SKP153
,CELF2-AS2
,OR4A11P
,OR4A12P
,OR4A9P
,OR4X7P
,OR4A13P
,OR4A50P
,OR10G5P
,OR10D5P
,NDUFA5P3
,MAP1LC3BP1
,C11orf98P1
,HNRNPA1P9
,RNU6-456P
,RN7SL541P
,LINC01087
,CT47C1
,RNU6-204P
,TNPO3P1
,LINC01935
,SSU72P1
,KDM3AP1
,RPL7AP29
,SNORA11F
,RPL36AP53
,HSPA8P7
,RPS26P57
,RN7SL190P
,RPS27AP19
,TMEM179B
,LINC01830
,SPAG5-AS1
,ST13P2
,MTX2
,SDF2
,LINC00957
,RPS12P28
,ANKRD34C
,HNRNPLP2
,FSCN1P1
,GOLGA8B
,RPL21P129
,AK4P4
,CLEC4GP1
,KRT8P48
,PPP2R2B-IT1
,EXOSC3P2
,PRR36
,NIPAL4-DT
,LYPLA2P2
,RNU6-118P
,STX5-DT
,SNORD22
,HMGCR
,MIR130AHG
,DPT
,LINC01760
,EIF4A2P2
,KRT18P19
,RNU6-833P
,LINC02252
,MEMO1P4
,CHCHD2P1
,RN7SL760P
,GYG1P1
,BCAR1P1
,RCC2P7
,RN7SL584P
,DST-AS1
,BMS1P15
,RPL17P26
,RNU6-626P
,RHPN2P1
,LINC01696
,GOLGA6L4
,RGS5
,OSTCP6
,MRPL30P1
,KIAA1586
,IL11RA
,RN7SKP243
,RPS20P21
,DSTNP3
,RGPD4-AS1
,RNU6-1300P
,RPS3AP32
,RNU6-1197P
,RBM12B
,LINC02257
,SLC25A14P1
,RPL30P5
,RPL9P25
,LINC00664
,BNIP3P26
,RN7SL646P
,RN7SKP70
,LYPLAL1-AS1
,RN7SL734P
,PHLDA1-AS1
,PHLDA1-DT
,RPL38P3
,RNU6-410P
,RN7SL424P
,RPL34P17
,NID2
,RPL35AP32
,YKT6
,C5orf60
,RN7SL822P
,METTL5P3
,KPNA2P1
,RPSAP39
,LINC02469
,PIMREGP4
,GLRX3P2
,TLCD1
,RN7SKP266
,HDAC9-AS1
,NPM1P13
,ARPC3P4
,YWHAZP2
,KCTD5P1
,COL5A2
,CARD11-AS1
,RN7SKP130
,DPPA4P3
,FMO10P
,LINC01698
,KRT18P32
,RIMKLBP2
,RPL31P58
,CALM2P1
,TEDDM3P
,ATE1
,HMGB1P19
,ZHX1-C8orf76
,UBA52P5
,ZHX1
,RNU1-65P
,RNU6-628P
,CFC1B
,LINC02612
,FAM240B
,PPP2R2DP1
,LINC01169
,LINC02256
,ARHGAP11A-DT
,RN7SKP239
,SPATA17-AS1
,USH2A-AS2
,RNU6-1238P
,MIPEPP2
,ECI2-DT
,RPS6KA2-AS1
,LINC02357
,CCKAR
,LINC02928
,KRT18P31
,NENFP3
,RPL29P13
,RN7SL75P
,RPS2P35
,DPPA3P10
,NANOGP5
,SEPSECS-AS1
,SRP14P4
,RPL12P29
,TNPO1P1
,CACYBPP1
,VIM
,RNU6-1247P
,RNY4P20
,RN7SKP268
,RPL7AP21
,CTXN2
,RPL21P28
,NDUFB4P9
,RPL14P3
,CLGN
,BEAN1-AS1
,HSPA8P15
,RNU6-813P
,INHBA
,UBBP2
,LHX9
,INHBA-AS1
,HMGN2P30
,RPS29P13
,ADIPOR1P1
,EBLN1
,PSME2P6
,RPL31P45
,RNU6-1271P
,RN7SL152P
,RPS3AP24
,TNRC18P1
,CHCHD2P5
,LINC02538
,LINC02487
,FGF23
,CCND2
,HIGD1AP14
,CTAGE9
,RPL15P9
,SELENOKP2
,RN7SKP245
,SLC26A9
,MBIP
,YWHAZP4
,RPL5P18
,GAR1-DT
,COMMD3-BMI1
,RNF157-AS1
,KRT19P3
,RNU2-58P
,LINC01142
,CTXN2-AS1
,UBAP1L
,OLA1P3
,MPHOSPH10P3
,NMNAT1P4
,SYNE1-AS1
,NANOGP11
,RNU6-709P
,UBE2V1P5
,SMAD1-AS2
,NCOA4P3
,C4orf51
,COX6CP5
,PRR13P1
,LINC02815
,RPL7AP82
,RNU6-1227P
,LINC02634
,RNU6-794P
,RNU6-1167P
,OVCA2
,LYPLA1P1
,TUB-AS1
,RN7SL351P
,SYT15-AS1
,LINC02637
,SRRM2-AS1
,DCTD
,SNORA3C
,LINC02926
,PGK1P2
,RNU6-296P
,RN7SL719P
,RPL10P16
,MPHOSPH10P6
,HERC2P6
,RNY4P10
,RPL35AP26
,LMX1A-AS2
,DHX9-AS1
,ISCA1P2
,LINC01035
,RPS27AP18
,RN7SL624P
,ASB15-AS1
,LMOD2
,PHGR1
,HNRNPA1P16
,LINC02814
,WASL-DT
,HYAL4
,TUBB4BP3
,RPL12P43
,SAGE4P
,SAGE3P
,SAGE2P
,FAM86B2
,LINC02649
,C1orf53
,LINC02642
,MGAT2P1
,LINC00836
,TSPAN14-AS1
,LINC00845
,TMEM72-AS1
,RPL7P19
,PDCD4-AS1
,CELF2-DT
,LINC02944
,REN
,PPIAP55
,RPL32P13
,LINC01653
,RPL7AP30
,GS1-279B7.1
,JUNB
,ANK2-AS1
,RN7SL184P
,RNU1-138P
,EPC1-AS2
,EPC1-AS1
,LINC01341
,RNU6-1244P
,GNB2
,OR2L6P
,RPS6P25
,BLVRBP1
,LINC01861
,ACE3P
,FAM136DP
,SMIM40
,ZAN
,RPL4P2
,KIRREL3-AS1
,NRADDP
,ACVR2B-AS1
,MFAP3
,RNU6-128P
,CHCHD2P7
,NIPA2P4
,RPS26P34
,SLC10A5P1
,RNU1-36P
,RPL12P47
,RPS2P28
,DDTP1
,RPL18AP7
,LINC02752
,LRRFIP1P1
,OR2L9P
,HMGB1P42
,RPL31P24
,RNU6-818P
,RNU6ATAC31P
,TBCEL-TECTA
,RNU6-1298P
,EEF1DP7
,FSHB
,SERBP1P5
,PENK-AS1
,SLC35A4
A2MP,A2MP1
ALOX12E,ALOX12P2
bA144G6.6,CTSLP2
bA342C24.4,CTSLP2
CYP2B,CYP2B7P
CYP2B7,CYP2B7P
CYP2B7P1,CYP2B7P
CD34,FCGR1BP
CD64b,FCGR1BP
FCG1,FCGR1BP
FcgammaRIa,FCGR1BP
FCGR1,FCGR1BP
FCGR1B,FCGR1BP
FcRI,FCGR1BP
IGFR1,FCGR1BP
IGFRB,FCGR1BP
Beta-GC,GBAP1
GBA,GBAP1
GBAP,GBAP1
GC,GBAP1
GLUC,GBAP1
WBSCR7,GTF2IP1
SAA3,SAA3P
GPR57,TAAR3P
GPR58,TAAR3P
TAAR2,TAAR3P
TAAR3,TAAR3P
CLCA3,CLCA3P
PPBPL2,PPBPP2
SPBPBP,PPBPP2
CYP2G1,CYP2G1P
CYP2G2P,CYP2G1P
CYP2GP1,CYP2G1P
OR7E141,OR7E47P
FAM91A2,LINC00869
STAG3L4P,STAG3L4
ZNF767,ZNF767P
CROCCL1,CROCCP2
HBD,KRT87P
KRT121P,KRT87P
KRTHBP4,KRT87P
psihHbD,KRT87P
D-X,ULK4P1
FAM7A1,ULK4P1
TRIM70,TRIM16L
ZNF542,ZNF542P
SBDSP,SBDSP1
NSUN5B,NSUN5P1
WBSCR20B,NSUN5P1
FetA,ATP8B5P
FOLH2,FOLH1B
FOLHP,FOLH1B
PSM,FOLH1B
PSMA-LIKE,FOLH1B
PSMAL,FOLH1B
SDHAL1,SDHAP1
SDHALP1,SDHAP1
NAP1L,NAPSB
NAP2,NAPSB
NAPB,NAPSB
NAPSBP,NAPSB
D15F37S4,HERC2P3
HSPC078,SIGLEC17P
SIGLECP2,SIGLEC17P
SIGLECP3,SIGLEC17P
INTS4L1,INTS4P1
CA5BL,CA5BP1
CA5BP,CA5BP1
PRO2325,CA5BP1
NMRAL1P1,NMRAL2P
HCP5P10,HCP5B
P5-10,HCP5B
P5.9,HCP5B
FKBP9L,FKBP9P1
CT-2,SLC6A10P
CT2,SLC6A10P
SLC6A10,SLC6A10P
SLC6A10pA,SLC6A10P
b55C20.1,GUSBP2
bA239L20.1,GUSBP2
bA239L20.5,GUSBP2
bGLU-Lp,GUSBP2
GUSBL1,GUSBP2
GUSBP4,GUSBP2
SMA3-L,GUSBP2
SMAC3L,GUSBP2
SMAC3L2,GUSBP2
ASNSL1,ASNSP1
CXorf25,CXXC1P1
NCRNA00236,CXXC1P1
BMS1LP1,BMS1P1
BMS1LP5,BMS1P1
BMS1P5,BMS1P1
AVPC1948,FLJ42393
OR51H1P,OR51H1
bA178A10.2,CCNYL2
C10orf21,CCNYL2
CCNYL2P,CCNYL2
GLUD1P7,GLUD1P2
GLUDP2,GLUD1P2
GLUDP7,GLUD1P2
CD3G,TRGC1
CD3G,TARP
TCRG,TRGC1
TCRG,TARP
TCRGC1,TRGC1
TCRGC1,TARP
TCRGC2,TRGC1
TCRGC2,TARP
TCRGV,TRGC1
TCRGV,TARP
C8orf24,NCRNA00250
STRCP,STRCP1
KARMA,KLKP1
KLK31P,KLKP1
KRSP1,KLKP1
PsiKLK1,KLKP1
YKLK1,KLKP1
CCT6-3P,CCT6P3
PPIEP1,PPIEL
C9orf73,LINC00484
URAH,URAHP
PPP5D1,PPP5D1P
LincDUSP,LINC01605
ODIR1,LINC01605
RAET1G-AS1,RAET1E-AS1
lncRHOXF1,RHOXF1P1
TCONS_00017086,RHOXF1P1
WI2-925H4.1,NBPF25P
CH17-118O6.3,PDE4DIPP4
C7orf70,SAGSIN1
A1BG-AS,A1BG-AS1
A1BGAS,A1BG-AS1
FLJ23569,A1BG-AS1
NCRNA00181,A1BG-AS1
ACF,A1CF
ACF64,A1CF
ACF65,A1CF
APOBEC1CF,A1CF
ASP,A1CF
A3GALT2P,A3GALT2
IGB3S,A3GALT2
IGBS3S,A3GALT2
ALPHA4GNT,A4GNT
ACSF1,AACS
FLJ12389,AACS
SUR-5,AACS
AACSL,AACSP1
OTTHUMG00000001887,AADACL3
OTTHUMG00000001889,AADACL4
DKFZP686K16132,AAK1
KIAA1048,AAK1
C11ORF67,AAMDC
CK067,AAMDC
FLJ21035,AAMDC
PTD015,AAMDC
AARSL,AARS2
BA444E17.1,AARS2
KIAA1270,AARS2
ACSF4,AASDH
LYS2,AASDH
NRPS998,AASDH
AASD-PPT,AASDHPPT
ACPS,AASDHPPT
CGI-80,AASDHPPT
LYS5,AASDHPPT
LKRSDH,AASS
LORSDH,AASS
AATYK,AATK
AATYK1,AATK
KIAA0641,AATK
LMR1,AATK
LMTK1,AATK
PPP1R77,AATK
GABA-T,ABAT
GABAT,ABAT
ABCR,ABCA4
ARMD2,ABCA4
CORD3,ABCA4
FFM,ABCA4
RP19,ABCA4
STGD,ABCA4
STGD1,ABCA4
EST155051,ABCA6
KIAA0822,ABCA8
EST640918,ABCA9
EST698739,ABCA10
ABCA11,ABCA11P
EST1133530,ABCA11P
FLJ14297,ABCA11P
ABCB5ALPHA,ABCB5
ABCB5BETA,ABCB5
EST422562,ABCB5
EST45597,ABCB6
MTABC3,ABCB6
UMAT,ABCB6
EST328128,ABCB8
M-ABC1,ABCB8
MABC1,ABCB8
MITOSUR,ABCB8
EST122234,ABCB9
EST20237,ABCB10
M-ABC2,ABCB10
MTABC2,ABCB10
CMOAT,ABCC2
CMRP,ABCC2
DJS,ABCC2
MRP2,ABCC2
EST277145,ABCC5
MOAT-C,ABCC5
MRP5,ABCC5
SMRP,ABCC5
ABC36,ABCC8
HHF1,ABCC8
HI,ABCC8
HRINS,ABCC8
MRP8,ABCC8
PHHI,ABCC8
SUR,ABCC8
SUR1,ABCC8
TNDM2,ABCC8
CMD1O,ABCC9
SUR2,ABCC9
EST182763,ABCC10
MRP7,ABCC10
SIMRP7,ABCC10
MRP8,ABCC11
MRP9,ABCC12
EST352188,ABCD4
P70R,ABCD4
PMP69,ABCD4
PXMP1L,ABCD4
OABP,ABCE1
RLI,ABCE1
RLI1,ABCE1
RNASEL1,ABCE1
RNASELI,ABCE1
RNS4I,ABCE1
ABCF2-H2BE1,ABCF2-H2BK1
EST201864,ABCF3
WHITE2,ABCG4
STSL,ABCG5
GBD4,ABCG8
FLJ36128,ABHD1
LABH1,ABHD1
FLJ12816,ABHD4
FLJ11743,ABHD8
MGC14280,ABHD8
MGC2512,ABHD8
FLJ11342,ABHD10
PP1226,ABHD11
WBSCR21,ABHD11
DKFZP564O243,ABHD14A
DORZ1,ABHD14A
CIB,ABHD14B
MGC15429,ABHD14B
LINC-TP53I13,ABHD15-AS1
LNC-TP53I13,ABHD15-AS1
ABHD17AP2,ABHD17AP1
C1ORF47,ABHD17AP1
FAM108A11P,ABHD17AP1
FAM108A2,ABHD17AP1
FAM108A3,ABHD17AP1
FAM108A3P,ABHD17AP1
FAM108A4,ABHD17AP3
FAM108A4P,ABHD17AP3
FAM108A8P,ABHD17AP7
FAM108A9P,ABHD17AP8
FAM108A10P,ABHD17AP9
C4ORF29,ABHD18
FLJ21106,ABHD18
ABI-1,ABI1
E3B1,ABI1
SSH3BP1,ABI1
ABI-2,ABI2
ABI2B,ABI2
ABLBP3,ABI2
AIP-1,ABI2
ARGBPIA,ABI2
SSH3BP2,ABI2
DKFZP586L2024,ABI3BP
NESHBP,ABI3BP
TARSH,ABI3BP
ABL,ABL1
C-ABL,ABL1
JTK7,ABL1
P150,ABL1
ABLL,ABL2
ARG,ABL2
ABLIM,ABLIM1
LIMAB1,ABLIM1
LIMATIN,ABLIM1
KIAA1808,ABLIM2
KIAA0843,ABLIM3
ABRO1,ABRAXAS2
EM:AC068896.4,ABRAXAS2
FAM175B,ABRAXAS2
KIAA0157,ABRAXAS2
BPOZ,ABTB1
BTB3,ABTB1
BTBD21,ABTB1
EF1ABP,ABTB1
ACACBETA,ACACB
ACC-BETA,ACACB
ACC2,ACACB
ACCB,ACACB
ACCBETA,ACACB
HACC275,ACACB
MGC14452,ACAD9
NPD002,ACAD9
MGC5601,ACAD10
FLJ12592,ACAD11
ACAD1,ACADM
MCAD,ACADM
MCADH,ACADM
ACAD3,ACADS
SCAD,ACADS
ACAD6,ACADVL
LCACD,ACADVL
VLCAD,ACADVL
CENTB2,ACAP2
CNT-B2,ACAP2
KIAA0041,ACAP2
CENTB5,ACAP3
KIAA1716,ACAP3
GCP60,ACBD3
GOCAP1,ACBD3
GOLPH1,ACBD3
PAP7,ACBD3
RP11-275I14.4,ACBD3-AS1
FLJ13322,ACBD4
MGC2404,ACBD6
ACS,ACCS
PHACS,ACCS
PIP1,ACD
PTOP,ACD
TINT1,ACD
TPP1,ACD
ASAH3,ACER1
APHC,ACER3
FLJ11238,ACER3
PHCA,ACER3
YT,ACHE
CCBP1,ACKR1
CD234,ACKR1
DARC,ACKR1
DFY,ACKR1
FY,ACKR1
GPD,ACKR1
CCBP2,ACKR2
CCR10,ACKR2
CCR9,ACKR2
CMKBR9,ACKR2
D6,ACKR2
CCBP2,ACKR4
CCR11,ACKR4
CCRL1,ACKR4
CCX-CKR,ACKR4
PPR1,ACKR4
VSHK1,ACKR4
ACL,ACLY
ATPCL,ACLY
CLATP,ACLY
ACH2,ACOT1
CTE-1,ACOT1
LACH2,ACOT1
MTE1,ACOT2
ZAP128,ACOT2
FLJ31235,ACOT4
PTE-IB,ACOT4
PTE2B,ACOT4
C14ORF42,ACOT6
ACH1,ACOT7
ACT,ACOT7
BACH,ACOT7
CTE-II,ACOT7
HBACH,ACOT7
LACH1,ACOT7
MGC1126,ACOT7
BFIT,ACOT11
BFIT1,ACOT11
KIAA0707,ACOT11
STARD14,ACOT11
THEA,ACOT11
THEM1,ACOT11
CACH,ACOT12
STARD15,ACOT12
THEAL,ACOT12
PALMCOX,ACOX1
FLJ11042,ACOXL
HAAP,ACP1
LMW-PTP,ACP1
LMWPTP,ACP1
LAP,ACP2
ACP-3,ACP3
ACPP,ACP3
PAP,ACP3
TM-PAP,ACP3
HPAP,ACP5
TRACP,ACP5
TRAP,ACP5
ACPL1,ACP6
LPAP,ACP6
D11S4365,ACRV1
SP-10,ACRV1
SPACA2,ACRV1
BG1,ACSBG1
BGM,ACSBG1
FLJ30320,ACSBG1
HBG1,ACSBG1
HSBG,ACSBG1
KIAA0631,ACSBG1
MGC14352,ACSBG1
BGR,ACSBG2
DKFZP434K1635,ACSBG2
PRTD-NY3,ACSBG2
ACSMW,ACSF2
FLJ20920,ACSF2
ACS1,ACSL1
FACL1,ACSL1
FACL2,ACSL1
LACS,ACSL1
LACS1,ACSL1
LACS2,ACSL1
ACS3,ACSL3
FACL3,ACSL3
PRO2194,ACSL3
BUCS1,ACSM1
MACS1,ACSM1
A-923A4.1,ACSM2A
ACSM2,ACSM2A
MGC150530,ACSM2A
ACSM2,ACSM2B
HXMA,ACSM2B
HYST1046,ACSM2B
SA,ACSM3
SAH,ACSM3
FLJ20581,ACSM5
BA310E22.3,ACSM6
C10ORF129,ACSM6
ACTA,ACTA1
NEM3,ACTA1
ACTSA,ACTA2
ACTGP5,ACTBP12
ACTC,ACTC1
CMD1R,ACTC1
ACT1GP1,ACTG1P1
ACTGP1,ACTG1P1
ACTGP4,ACTG1P4
AGPG,ACTG1P25
ACTA3,ACTG2
ACTL3,ACTG2
ACTSG,ACTG2
ACTL6,ACTL6A
ARP4,ACTL6A
BAF53A,ACTL6A
INO80K,ACTL6A
SMARCN1,ACTL6A
MGC33407,ACTL9
ACTBP13,ACTL11P
C19ORF54,ACTMAP
FLJ41131,ACTMAP
ARP2,ACTR2
AC104653.1,ACTR3-AS1
ARP11,ACTR3C
ARP6,ACTR6
FLJ13433,ACTR6
ARP8,ACTR8
INO80N,ACTR8
ACTRT2,ACTRT2
ARP-T2,ACTRT2
ARPM2,ACTRT2
FLJ25424,ACTRT2
ARPM1,ACTRT3
ACVR1A,ACVR1
ACVRLK2,ACVR1
ALK2,ACVR1
SKR1,ACVR1
ACTRIB,ACVR1B
ACVRLK4,ACVR1B
ALK4,ACVR1B
SKR2,ACVR1B
ACVRLK7,ACVR1C
ALK7,ACVR1C
ACTRII,ACVR2A
ACVR2,ACVR2A
ACVRLK1,ACVRL1
ALK1,ACVRL1
HHT,ACVRL1
HHT2,ACVRL1
ORW2,ACVRL1
ACY-3,ACY3
HCBP1,ACY3
MGC9740,ACY3
ADAM1,ADAM1A
ADAM1P,ADAM1A
FTNA,ADAM1A
FTNAP,ADAM1A
PH-30A,ADAM1A
EAPI,ADAM7
GP-83,ADAM7
MDC15,ADAM15
CD156B,ADAM17
CSVP,ADAM17
TACE,ADAM17
C14ORF55,ADAM20P1
ADAM21P,ADAM21P1
MDC2,ADAM22
ADAM23,ADAM28
EMDCII,ADAM28
MDC-LM,ADAM28
MDC-LS,ADAM28
SVPH4,ADAM30
M12.219,ADAMDEC1
ADAM-TS2,ADAMTS2
ADAMTS-3,ADAMTS2
HPCPNI,ADAMTS2
NPI,ADAMTS2
PCINP,ADAMTS2
ADAMTS-4,ADAMTS3
KIAA0366,ADAMTS3
ADAMTS-2,ADAMTS4
ADMP-1,ADAMTS4
KIAA0688,ADAMTS4
ADAM-TS6,ADAMTS6
ADAM-TS8,ADAMTS8
FLJ41712,ADAMTS8
METH2,ADAMTS8
ADAM-TS10,ADAMTS10
GON-1,ADAMTS20
KIAA0605,ADAMTSL2
DKFZP434K1772,ADAMTSL4
TSRC1,ADAMTSL4
C1ORF138,ADAMTSL4-AS1
FLJ45786,ADAMTSL4-AS1
THSD6,ADAMTSL5
CENTA2,ADAP2
ADAR1,ADAR
DRADA,ADAR
G1P1,ADAR
IFI4,ADAR
AC3,ADCY3
AC5,ADCY5
AC6,ADCY6
PAC1,ADCYAP1R1
PAC1R,ADCYAP1R1
PACAPR,ADCYAP1R1
C6ORF103,ADGB
CAPN16,ADGB
DJ408K24.1,ADGB
FLJ23121,ADGB
DKFZP434C211,ADGRA2
DKFZP434J0911,ADGRA2
FLJ14390,ADGRA2
GPR124,ADGRA2
KIAA1531,ADGRA2
TEM5,ADGRA2
BAI1,ADGRB1
BAI2,ADGRB2
AL391807.1,ADGRB3-DT
RP3-525N10.2,ADGRB3-DT
GPR144,ADGRD2
PGR24,ADGRD2
EMR1,ADGRE1
TM7LN3,ADGRE1
EMR4,ADGRE4P
EMR4P,ADGRE4P
GPR127,ADGRE4P
PGR16,ADGRE4P
GPR111,ADGRF2
HGPCR35,ADGRF2
PGR20,ADGRF2
GPR113,ADGRF3
HGPCR37,ADGRF3
PGR23,ADGRF3
FLJ38076,ADGRF4
GPR115,ADGRF4
PGR18,ADGRF4
GPR116P2,ADGRF5P2
CIRL2,ADGRL2
KIAA0786,ADGRL2
LEC1,ADGRL2
LPHH1,ADGRL2
LPHN2,ADGRL2
KIAA0768,ADGRL3
LEC3,ADGRL3
LPHN3,ADGRL3
ADH1,ADH1A
ADH2,ADH1B
ADH3,ADH1C
ADH-2,ADH4
ADH-3,ADH5
ADHX,ADH5
FDH,ADH5
GSNOR,ADH5
ADH-5,ADH6
ADH-4,ADH7
FLJ32430,ADHFE1
ACDCR1,ADIPOR1
PAQR1,ADIPOR1
AM5,ADM5
C19ORF76,ADM5
C10ORF22,ADO
FLJ14547,ADO
RDC7,ADORA1
ADORA2BP,ADORA2BP1
A3AR,ADORA3
AD026,ADORA3
ARH1,ADPRH
ADPRHL2,ADPRS
ARH3,ADPRS
FLJ20446,ADPRS
ADRA2L1,ADRA2B
ADRA2RL1,ADRA2B
ADRARL1,ADRA2B
ADRA2L2,ADRA2C
ADRA2RL2,ADRA2C
ADRARL2,ADRA2C
ADSSL1,ADSS1
FLJ38602,ADSS1
ADSS,ADSS2
MGC17922,AEBP2
FLJ36748,AFAP1L1
EM:AC005383.4,AFAP1L2
FLJ14564,AFAP1L2
KIAA1914,AFAP1L2
XB130,AFAP1L2
AF-6,AFDN
AF6,AFDN
MLLT4,AFDN
AFDN-AS1,AFDN-DT
C6ORF124,AFDN-DT
DJ431P23.3,AFDN-DT
HGC6.4,AFDN-DT
MLLT4-AS1,AFDN-DT
XBP1SBM,AFDN-DT
AF-4,AFF1
AF4,AFF1
FEL,AFF1
MLLT2,AFF1
PBM1,AFF1
LAF4,AFF3
MLLT2-LIKE,AFF3
AFG3,AFG3L1P
AFG3L1,AFG3L1P
ALB2,AFM
ALBA,AFM
DKFZP686F03259,AFMID
KF,AFMID
FETA,AFP
HPAFP,AFP
FLJ20080,AFTPH
FLJ23793,AFTPH
MGC33965,AFTPH
NBLA10388,AFTPH
CENTG2,AGAP1
GGAP1,AGAP1
KIAA1099,AGAP1
CENTG1,AGAP2
CENTG3,AGAP3
BA324H6.1,AGAP6
CTGLF3,AGAP6
BA548K23.1,AGAP13P
CTGLF9P,AGAP13P
CCP6,AGBL4
FLJ14442,AGBL4
CCP5,AGBL5
FLJ21839,AGBL5
HRB,AGFG1
RAB,AGFG1
RIP,AGFG1
HRBL,AGFG2
RABR,AGFG2
FLJ10283,AGGF1
GPATC7,AGGF1
GPATCH7,AGGF1
HSU84971,AGGF1
VG5Q,AGGF1
FLJ23384,AGMAT
EIF2C1,AGO1
HAGO1,AGO1
CASC7,AGO2
EIF2C2,AGO2
HAGO2,AGO2
LINC00980,AGO2
Q10,AGO2
EIF2C3,AGO3
FLJ12765,AGO3
HAGO3,AGO3
BSCL,AGPAT2
LPAAT-BETA,AGPAT2
LPLAT2,AGPAT2
DJ473J16.2,AGPAT4
LPAAT-DELTA,AGPAT4
LPAAT4,AGPAT4
LPLAT4,AGPAT4
ADAP-S,AGPS
ADAS,AGPS
ADHAPS,AGPS
ADPS,AGPS
ALDHPSY,AGPS
AGRIN,AGRN
SERPINA8,AGT
AG2S,AGTR1
AGTR1A,AGTR1
AGTR1B,AGTR1
AT1,AGTR1
AT1B,AGTR1
AT2R1,AGTR1
AT2R1A,AGTR1
AT2R1B,AGTR1
ATR1,AGTR1
HAT1R,AGTR1
ATRAP,AGTRAP
AGT,AGXT
AGT1,AGXT
AGXT1,AGXT
PH1,AGXT
SER-PYRAT,AGXT
SPAT,AGXT
SPT,AGXT
TLH6,AGXT
AGT2,AGXT2
ELYS,AHCTF1
IRBIT,AHCYL1
PPP1R78,AHCYL1
XPVKONA,AHCYL1
ADOHCYASE3,AHCYL2
IRBIT2,AHCYL2
KIAA0828,AHCYL2
LONG-IRBIT,AHCYL2
DJ159A19.3,AHDC1
RP1-159A19.1,AHDC1
C6ORF217,AHI1-DT
LINC00271,AHI1-DT
NCRNA00271,AHI1-DT
AHH,AHRR
AHHR,AHRR
BHLHE77,AHRR
KIAA1234,AHRR
AHA1,AHSA1
C14ORF3,AHSA1
HAHA1,AHSA1
P38,AHSA1
AHA1,AHSA2P
AHSA2,AHSA2P
DKFZP564C236,AHSA2P
HCH1,AHSA2P
A2HS,AHSG
FETUA,AHSG
HSGA,AHSG
AID,AICDA
ARP2,AICDA
CDA2,AICDA
HIGM2,AICDA
C1ORF80,AIDA
FLJ12806,AIDA
PYHIN4,AIM2
EMAP-2,AIMP1
EMAPII,AIMP1
P43,AIMP1
SCYE1,AIMP1
JTV-1,AIMP2
JTV1,AIMP2
P38,AIMP2
PRO0992,AIMP2
ARA9,AIP
FKBP16,AIP
FKBP37,AIP
XAP2,AIP
JUB,AJUBA
MGC15563,AJUBA
AK3L1,AK3
AK6,AK3
AKL3L1,AK3
AK3L2,AK4P3
AK3L2P,AK4P3
AKD1,AK9
AKD2,AK9
C6ORF199,AK9
C6ORF224,AK9
DJ70A9.1,AK9
FLJ25791,AK9
FLJ42177,AK9
MGC26954,AK9
AKAP110,AKAP3
CT82,AKAP3
FSP95,AKAP3
SOB1,AKAP3
AKAP75,AKAP5
AKAP79,AKAP5
AKAP15,AKAP7
AKAP18,AKAP7
AKAP95,AKAP8
DKFZP586B1222,AKAP8
HAP95,AKAP8L
NAKAP95,AKAP8L
AKAP350,AKAP9
AKAP450,AKAP9
CG-NAP,AKAP9
HYPERION,AKAP9
KIAA0803,AKAP9
LQT11,AKAP9
MU-RMS-40.16A,AKAP9
PPP1R45,AKAP9
PRKA9,AKAP9
YOTIAO,AKAP9
BCA3,AKIP1
C11ORF17,AKIP1
C1ORF108,AKIRIN1
FLJ12666,AKIRIN1
KIAA1968,AKNA
C1ORF62,AKNAD1
MGC26989,AKNAD1
ALR,AKR1A1
DD3,AKR1A1
ALDRL1,AKR1B1P1
ALDRP,AKR1B1P2
ALDRL3,AKR1B1P3
COROMARKER,AKR1B1P3
AKR1C8P,AKR1C8
AKR1CL1,AKR1C8
AKR1D1P,AKR1D1P1
SRD5BP1,AKR1D1P1
AFAR,AKR7A2
AFAR3,AKR7L
AKT,AKT1
PKB,AKT1
PRKBA,AKT1
RAC,AKT1
RAC-ALPHA,AKT1
PKBB,AKT2
ALAS,ALAS1
ALAS-H,ALAS1
ALAS3,ALAS1
ALDH7,ALDH3B1
ALDH8,ALDH3B2
MMSDH,ALDH6A1
ATQL1,ALDH7A1P1
ATQL3,ALDH7A1P3
ALDH4,ALDH9A1
ALDH7,ALDH9A1
ALDH9,ALDH9A1
E3,ALDH9A1
CDG1K,ALG1
HMAT1,ALG1
HMT-1,ALG1
MAT-1,ALG1
ALG1L,ALG1L1P
ALG1L1,ALG1L1P
CDG1I,ALG2
CDGII,ALG2
FLJ14511,ALG2
HALPG2,ALG2
NET38,ALG2
MGC2840,ALG8
CDG1S,ALG13
CXORF45,ALG13
FLJ23018,ALG13
GLT28D1,ALG13
MDS031,ALG13
TDRD13,ALG13
YGL047W,ALG13
AUGA,ALKAL2
FAM150B,ALKAL2
DEPC-1,ALKBH3
MGC15677,ALKBH6
MGC10974,ALKBH7
SPATA11,ALKBH7
MGC10235,ALKBH8
TRM9,ALKBH8
TRMT9A,ALKBH8
ALC,ALLC
KIAA0328,ALMS1
12S-LOX,ALOX12
15-LOX-1,ALOX15
ALOX15P,ALOX15P1
ALPPL2,ALPG
GCAP,ALPG
IAP,ALPI
FLJ22670,ALPK1
KIAA1527,ALPK1
LAK,ALPK1
HOPS,ALPL
TNALP,ALPL
TNAP,ALPL
TNSALP,ALPL
PALP,ALPP
PLAP,ALPP
ALS2CR6,ALS2
FND,ALX3
FPP,ALX4
KIAA1788,ALX4
PFM,ALX4
PFM2,ALX4
ALY,ALYREF
ALY/REF,ALYREF
BEF,ALYREF
REF,ALYREF
THOC4,ALYREF
P504S,AMACR
RACE,AMACR
DCAF3,AMBRA1
FLJ20294,AMBRA1
KIAA1736,AMBRA1
WDR94,AMBRA1
FAM123C,AMER3
FLJ38377,AMER3
MIF,AMH
MIS,AMH
MISR2,AMHR2
MISRII,AMHR2
AMIGO,AMIGO1
KIAA1163,AMIGO1
ALI1,AMIGO2
DEGA,AMIGO2
MGC4268,AMMECR1L
AMNIONLESS,AMN
LCCP,AMOTL2
MAD,AMPD1
MADA,AMPD1
SPG63,AMPD2
GCST,AMT
NKH,AMT
AMY1,AMY1A
AMY1,AMY1B
AMY1,AMY1C
AMY2,AMY2A
AMY2,AMY2B
AMY2P,AMYP1
KIAA1950,AMZ1
FLJ32065,AMZ2P1
APC7,ANAPC7
APC10,ANAPC10
DKFZP564L0562,ANAPC10
DOC1,ANAPC10
ANAPC10P,ANAPC10P1
APC11,ANAPC11
APC11P,ANAPC11
HSPC214,ANAPC11
MGC882,ANAPC11
APC13,ANAPC13
DKFZP566D193,ANAPC13
SWM1,ANAPC13
APC15,ANAPC15
C11ORF51,ANAPC15
DKFZP564M082,ANAPC15
HSPC020,ANAPC15
CCR4D,ANGEL2
FLJ12793,ANGEL2
KIAA0759L,ANGEL2
AGPT-1,ANGPT1
ANG1,ANGPT1
KIAA0003,ANGPT1
ANG3,ANGPTL1
ANGPT3,ANGPTL1
ANGY,ANGPTL1
ARP1,ANGPTL1
ARP2,ANGPTL2
HARP,ANGPTL2
AGF,ANGPTL6
ARP5,ANGPTL6
ANGX,ANGPTL7
CDT6,ANGPTL7
C19ORF80,ANGPTL8
RIFL,ANGPTL8
TD26,ANGPTL8
ANK,ANK1
SPH1,ANK1
CFAP87,ANK2
FAP87,ANK2
LQT4,ANK2
FLJ25415,ANKAR
FLJ25870,ANKDD1A
FLJ38335,ANKFN1
X-KINASE,ANKK1
ANKRD41,ANKLE1
FLJ39369,ANKLE1
LEMD6,ANKLE1
KIAA0692,ANKLE2
LEM4,ANKLE2
LEMD7,ANKLE2
FLJ20499,ANKMY1
ZMYND13,ANKMY1
ARPP,ANKRD2
KIAA0957,ANKRD6
ANCO-1,ANKRD11
ANCO1,ANKRD11
LZ16,ANKRD11
T13,ANKRD11
ANKRD13,ANKRD13A
NY-REN-25,ANKRD13A
FLJ25555,ANKRD13B
DJ677H15.3,ANKRD13C
DKFZP566D1346,ANKRD13C
DKFZP434N1511,ANKRD16
FLJ22206,ANKRD17
GTAR,ANKRD17
KIAA0697,ANKRD17
MASK2,ANKRD17
NY-BR-16,ANKRD17
FLJ35740,ANKRD18A
KIAA2015,ANKRD18A
BA255A11.3,ANKRD18B
ANKRD19,ANKRD19P
FLJ36178,ANKRD19P
ANKRD20A,ANKRD20A1
DKFZP434A171,ANKRD20A1
ANKRD20A2,ANKRD20A2P
ANKRD20A3,ANKRD20A3P
ANKRD20A4,ANKRD20A4P
OTTHUMG00000066855,ANKRD20A4P
ANKRD20B,ANKRD20A8P
DARP,ANKRD23
FLJ32449,ANKRD23
MARP3,ANKRD23
KIAA1981,ANKRD24
FLJ43980,ANKRD26P1
DKFZP434L0718,ANKRD27
FLJ00040,ANKRD27
VARP,ANKRD27
CFAP79,ANKRD28
FAP79,ANKRD28
KIAA0379,ANKRD28
PITK,ANKRD28
PP6-ARS-A,ANKRD28
PPP1R65,ANKRD28
NY-BR-1,ANKRD30A
ANKRD30BP3,ANKRD30BL
NCRNA00164,ANKRD30BL
FLJ40191,ANKRD31
C12ORF7,ANKRD33
DKFZP686O1689,ANKRD33
PANKY,ANKRD33
ANKRD34,ANKRD34A
FLJ25124,ANKRD35
DKFZP667P0924,ANKRD36C
LRP2BP,ANKRD37
MGC41816,ANKRD39
FLJ37874,ANKRD42
PPP1R79,ANKRD42
SARP,ANKRD42
CT117,ANKRD45
FLJ45235,ANKRD45
FGIF,ANKRD49
FLJ20189,ANKRD49
GBIF,ANKRD49
FLJ34236,ANKRD52
PP6-ARS-C,ANKRD52
FLJ12056,ANKRD53
FLJ36160,ANKRD53
ANKS1,ANKS1A
KIAA0229,ANKS1A
AIDA-1,ANKS1B
ANKS2,ANKS1B
CAJALIN-2,ANKS1B
EB-1,ANKS1B
ANKRD14,ANKS6
FLJ36928,ANKS6
NPHP16,ANKS6
SAMD6,ANKS6
FLJ10415,ANKZF1
VMS1,ANKZF1
ZNF744,ANKZF1
ANILLIN,ANLN
SCRA,ANLN
SCRAPS,ANLN
DOG1,ANO1
FLJ10261,ANO1
ORAOV2,ANO1
TAOS2,ANO1
TMEM16A,ANO1
C12ORF3,ANO2
TMEM16B,ANO2
GDD1,ANO5
LGMD2L,ANO5
TMEM16E,ANO5
DKFZP313M0720,ANO6
TMEM16F,ANO6
IPCA-5,ANO7
NGEP,ANO7
PCANAP5,ANO7
PCANAP5L,ANO7
TMEM16G,ANO7
KIAA1623,ANO8
TMEM16H,ANO8
PIG5,ANO9
TMEM16J,ANO9
TP53I5,ANO9
C15ORF1,ANP32A
I1PP2A,ANP32A
LANP,ANP32A
MAPM,ANP32A
MAPMODULIN,ANP32A
PHAPI,ANP32A
PP32,ANP32A
APRIL,ANP32B
PHAPI2,ANP32B
SSP29,ANP32B
PP32R2,ANP32D
LANP-L,ANP32E
LANPL,ANP32E
MGC5350,ANP32E
ATR,ANTXR1
FLJ10601,ANTXR1
FLJ21776,ANTXR1
TEM8,ANTXR1
AXIIR,ANXA2R
C5ORF39,ANXA2R
ANX6,ANXA6
ANX31,ANXA9
UPAT,AOC4P
AP-O,AOPEP
APO,AOPEP
C90RF3,AOPEP
C9ORF3,AOPEP
FLJ14675,AOPEP
AO,AOX1
AOH1,AOX1
AOH2,AOX2P
AOX2,AOX2P
AOH1,AOX3P
ADTG,AP1G1
CLAPG1,AP1G1
AP1-MU2,AP1M2
HSMU1B,AP1M2
MU2,AP1M2
SIGMA1C,AP1S3
ADTAA,AP2A1
CLAPA1,AP2A1
AP50,AP2M1
CLAPM1,AP2M1
MU2,AP2M1
CLAPS2,AP2S1
FBH3,AP2S1
FBHOK,AP2S1
HHC3,AP2S1
ADTB3A,AP3B1
HPS2,AP3B1
ADTD,AP3D1
AP47B,AP3M2
CLA20,AP3M2
BETA-4,AP4B1
SPG47,AP4B1
AP-5,AP5B1
DKFZP761E198,AP5B1
PP1030,AP5B1
APAF-1,APAF1
CED4,APAF1
FE65,APBB1
RIR,APBB1
FE65L,APBB2
FE65L1,APBB2
MGC35575,APBB2
FE65L2,APBB3
DP2,APC
DP2.5,APC
DP3,APC
PPP1R46,APC
MGC88159,APCS
PTX2,APCS
SAP,APCS
D3F15S2,APEH
D3S48E,APEH
DNF15S2,APEH
APH-1A,APH1A
CGI-78,APH1A
AAC-11,API5
AAC11,API5
API5L1,API5
APIP2,APIP
CGI-29,APIP
MMRP19,APIP
C2ORF13,APLF
MGC47799,APLF
XIP1,APLF
ZCCHH1,APLF
AGTRL1,APLNR
APJ,APLNR
APJR,APLNR
FLJ90771,APLNR
APLP,APLP1
APPH,APLP2
APPL2,APLP2
APOA-V,APOA5
RAP3,APOA5
C1ORF169,APOBEC4
FLJ25691,APOBEC4
MGC26594,APOBEC4
RP1-127C7.4,APOBEC4
APOB100R,APOBR
APOB48R,APOBR
LINCRNA-APOC1P1-3,APOC1P1
APO-C3,APOC3
APO-CIII,APOC3
APOC-3,APOC3
APOC-III,APOC3
APOCIII,APOC3
APO-D,APOD
AD2,APOE
B2G1,APOH
BG,APOH
DKFZP434F0318,APOLD1
FLJ25138,APOLD1
AC092683.1,APPAT
LINC02969,APPAT
HS.84084,APPBP2
KIAA0228,APPBP2
PAT1,APPBP2
RSBN1L-AS1,APTR
CHIP28,AQP1
CO,AQP1
AC025154.2,AQP5-AS1
MIAC,AQP5-AS1
AQP2L,AQP6
AQPAP-3,AQP7P3
HST17287,AQP9
SSC1,AQP9
AQP12,AQP12A
INSSA3,AQP12B
FSAP164,AQR
IBP160,AQR
KIAA0560,AQR
AIS,AR
DHTR,AR
HUMARA,AR
NR3C4,AR
SBMA,AR
SMAX1,AR
CENTD2,ARAP1
CENTD1,ARAP2
PARX,ARAP2
ARG3.1,ARC
KIAA0278,ARC
COPD,ARCN1
AR,AREG
AREGB,AREG
SDGF,AREG
ARF2,ARF4
ARF4P,ARF4P1
FLJ14576,ARFGAP2
IRZ,ARFGAP2
ZFP289,ARFGAP2
ZNF289,ARFGAP2
POR1,ARFIP2
CDC42GAP,ARHGAP1
P50RHOGAP,ARHGAP1
RHOGAP,ARHGAP1
C1,ARHGAP4
KIAA0131,ARHGAP4
P115,ARHGAP4
RHOGAP4,ARHGAP4
SRGAP4,ARHGAP4
BM046,ARHGAP15
BA307O14.2,ARHGAP18
MACGAP,ARHGAP18
KIAA1391,ARHGAP20
KIAA0053,ARHGAP25
FLJ00267,ARHGAP30
GC-GAP,ARHGAP32
GRIT,ARHGAP32
KIAA0712,ARHGAP32
MGC1892,ARHGAP32
RICS,ARHGAP32
FLJ39019,ARHGAP33
SNX26,ARHGAP33
TCGAP,ARHGAP33
GRF-1,ARHGAP35
GRLF1,ARHGAP35
KIAA1722,ARHGAP35
P190A,ARHGAP35
P190ARHOGAP,ARHGAP35
P190RHOGAP,ARHGAP35
CRGAP,ARHGAP39
KIAA1688,ARHGAP39
VILSE,ARHGAP39
KIAA0672,ARHGAP44
RICH-2,ARHGAP44
RICH2,ARHGAP44
HA-1,ARHGAP45
HMHA1,ARHGAP45
KIAA0223,ARHGAP45
GDIA1,ARHGDIA
RHOGDI,ARHGDIA
GDIA2,ARHGDIB
GDID4,ARHGDIB
LY-GDI,ARHGDIB
RAP1GN1,ARHGDIB
RHOGDI2,ARHGDIB
LBCL2,ARHGEF1
P115-RHOGEF,ARHGEF1
SUB1.5,ARHGEF1
GEF-H1,ARHGEF2
GEFH1,ARHGEF2
KIAA0651,ARHGEF2
LFC,ARHGEF2
LFP40,ARHGEF2
P40,ARHGEF2
DKFZP434F2429,ARHGEF3
GEF3,ARHGEF3
STA3,ARHGEF3
XPLN,ARHGEF3
ASEF,ARHGEF4
ASEF1,ARHGEF4
KIAA1112,ARHGEF4
STM6,ARHGEF4
FLJ10521,ARHGEF10L
KIAA1626,ARHGEF10L
GTRAP48,ARHGEF11
KIAA0380,ARHGEF11
PDZ-RHOGEF,ARHGEF11
GEF16,ARHGEF16
NBR,ARHGEF16
KIAA0521,ARHGEF18
MGC15913,ARHGEF18
P114-RHOGEF,ARHGEF18
P114RHOGEF,ARHGEF18
P190RHOGEF,ARHGEF28
RGNEF,ARHGEF28
RIP2,ARHGEF28
B120,ARID1A
BAF250,ARID1A
BAF250A,ARID1A
C10RF4,ARID1A
C1ORF4,ARID1A
P270,ARID1A
SMARCF1,ARID1A
6A3-5,ARID1B
BAF250B,ARID1B
DAN15,ARID1B
ELD/OSA1,ARID1B
KIAA1235,ARID1B
P250R,ARID1B
SMARCF2,ARID1B
BAF200,ARID2
DKFZP686G052,ARID2
FLJ30619,ARID2
KIAA1557,ARID2
SMARCF3,ARID2
BCAA,ARID4B
BRCAA1,ARID4B
RBP1L1,ARID4B
SAP180,ARID4B
MRF-1,ARID5A
RP11-363D14,ARID5A
TRIAD1,ARIH2
ARFL3,ARL3
ARL4B,ARL4AP1
ARL4P,ARL4AP1
EM:AC022390.2,ARL4AP1
ARL4P2,ARL4AP2
ARF4L,ARL4D
ARL5,ARL5A
ARL8,ARL5B
ARL12,ARL5C
BBS3,ARL6
RP55,ARL6
SFRS20,ARL6IP4
SR-25,ARL6IP4
SRP25,ARL6IP4
SRRP37,ARL6IP4
DERP11,ARL6IP5
GTRAP3-18,ARL6IP5
HSPC127,ARL6IP5
JWA,ARL6IP5
PRAF3,ARL6IP5
YIP6B,ARL6IP5
MGC33864,ARL6IP6
ARL10B,ARL8A
FLJ45195,ARL8A
GIE2,ARL8A
ARL10C,ARL8B
FLJ10702,ARL8B
GIE1,ARL8B
ARL10A,ARL10
ARL2L1,ARL13B
DKFZP761H079,ARL13B
JBTS8,ARL13B
ARF7,ARL14
FLJ22595,ARL14
ARFRP2,ARL15
FLJ20051,ARL15
ARF1P2,ARL17A
ARL17P1,ARL17A
FLJ22160,ARMC7
DKFZP434A043,ARMC8
GID5,ARMC8
HSPC056,ARMC8
VID28,ARMC8
ARM,ARMC9
FLJ12584,ARMC9
KIAA1868,ARMC9
KU-MEL-1,ARMC9
C6ORF81,ARMC12
FLJ25390,ARMC12
ARMCX6-PS,ARMCX7P
GASP10PS,ARMCX7P
C1ORF228,ARMH1
MGC33556,ARMH1
NCRNA00082,ARMH1
P40,ARMH1
C6ORF229,ARMH2
BHLHE2,ARNT
HIF-1BETA,ARNT
BHLHE1,ARNT2
KIAA0307,ARNT2
ARC40,ARPC1A
SOP2HS,ARPC1A
SOP2L,ARPC1A
ARC41,ARPC1B
P40-ARC,ARPC1B
P41-ARC,ARPC1B
ARC34,ARPC2
P34-ARC,ARPC2
ARC21,ARPC3
P21-ARC,ARPC3
ARC20,ARPC4
P20-ARC,ARPC4
ARC16,ARPC5
DJ127C7.3,ARPC5
P16-ARC,ARPC5
ARPP-21,ARPP21
R3HDM3,ARPP21
TARPP,ARPP21
ARR1,ARRB1
ARR2,ARRB2
BARR2,ARRB2
DKFZP686L0365,ARRB2
C9ORF37,ARRDC1-AS1
CLONE24945,ARRDC2
PP2703,ARRDC2
KIAA1001,ARSG
FLJ23548,ARSJ
DKFZP313G1735,ARSK
TSULF,ARSK
ART2,ART1
ARTC1,ART1
CD296,ART1
ARTC2BP,ART2BP
ART1P,ART2P
ARTC2AP,ART2P
RT6,ART2P
ARTC3,ART3
ARTC4,ART4
CD297,ART4
DO,ART4
DOK1,ART4
ARTC5,ART5
ENOVIN,ARTN
EVN,ARTN
NBN,ARTN
CYT19,AS3MT
ASAH2C,ASAH2B
ASAH2L,ASAH2B
BA449O16.3,ASAH2B
BA98I6.3,ASAH2B
ASB-1,ASB1
FLJ21255,ASB8
MGC5540,ASB8
FLJ43370,ASB15
FLJ30165,ASB16
C17ORF65,ASB16-AS1
DKFZP762C2414,ASB16-AS1
ASC1P50,ASCC1
CGI-18,ASCC1
EM:AC022392.3,ASCC1
P50,ASCC1
ASH2,ASCL2
BHLHA45,ASCL2
HASH2,ASCL2
BHLHA42,ASCL3
HASH3,ASCL3
SGN1,ASCL3
BHLHA44,ASCL4
HASH4,ASCL4
AMELOD,ASCL5
ASH-5,ASCL5
BHLHA47,ASCL5
CLEC4H1,ASGR1
CLEC4H2,ASGR2
ASH1,ASH1L
ASH1L1,ASH1L
HUASH1,ASH1L
KMT2H,ASH1L
APPLE,ASH1L-AS1
ASH2,ASH2L
ASH2L1,ASH2L
ASH2L2,ASH2L
BRE2,ASH2L
ACCN2,ASIC1
BNAC2,ASIC1
HBNAC2,ASIC1
ACCN,ASIC2
ACCN1,ASIC2
ASIC2A,ASIC2
BNAC1,ASIC2
BNC1,ASIC2
HBNAC1,ASIC2
MDEG,ASIC2
ACCN4,ASIC4
BNAC4,ASIC4
FLJ20752,ASNSD1
NBLA00058,ASNSD1
NS3TP1,ASNSD1
ACY2,ASPA
ASP,ASPA
C14ORF76,ASPG
HASNASE1,ASPG
LYSOLP,ASPG
BAH,ASPH
CASQ2BP1,ASPH
HAAH,ASPH
JCTN,ASPH
ASP,ASPM
CALMBP1,ASPM
FLJ10517,ASPM
FLJ10549,ASPM
MCPH5,ASPM
FLJ25084,ASPRV1
SASPASE,ASPRV1
TAPS,ASPRV1
ASSP2,ASS1P2
ASSP7,ASS1P7
ASSP14,ASS1P14
HT001,ASTE1
OVASTACIN,ASTL
SAS1B,ASTL
ASXH2,ASXL2
FLJ10898,ASXL2
KIAA1685,ASXL2
ALP1,ASZ1
ANKL1,ASZ1
C7ORF7,ASZ1
CT1.19,ASZ1
GASZ,ASZ1
ORF3,ASZ1
FLJ10709,ATAD3A
KIAA1273,ATAD3B
TOB3,ATAD3B
FLJ34599,ATAD3C
C17ORF41,ATAD5
ELG1,ATAD5
FLJ12735,ATAD5
FRAG1,ATAD5
BNIP-H,ATCAY
TREB36,ATF1
CRE-BP1,ATF2
CREB2,ATF2
HB16,ATF2
TREB7,ATF2
ATF4C,ATF4P3
ATF4B,ATF4P4
ATF6A,ATF6
ATFA,ATF7
ATF7IP1,ATF7IP
FLJ10688,ATF7IP
P621,ATF7IP
FLJ12668,ATF7IP2
BLTP4A,ATG2A
KIAA0404,ATG2A
APG4-D,ATG4D
APG4D,ATG4D
AUTL4,ATG4D
APG7L,ATG7
DKFZP434N0735,ATG7
GSA7,ATG7
APG9L1,ATG9A
FLJ22169,ATG9A
APG9L2,ATG9B
FLJ14885,ATG9B
NOS3AS,ATG9B
SONE,ATG9B
KIAA0652,ATG13
ATG16B,ATG16L2
FLJ00012,ATG16L2
WDR80,ATG16L2
C12ORF44,ATG101
FLJ11773,ATG101
AICARFT,ATIC
IMPCHASE,ATIC
PURH,ATIC
ARL6IP2,ATL2
ATLASTIN2,ATL2
ATA,ATM
ATC,ATM
ATD,ATM
ATDC,ATM
TEL1,ATM
TELO1,ATM
BHLHA14,ATOH1
HATH1,ATOH1
MATH-1,ATOH1
MATH1,ATOH1
BHLHA21,ATOH8
FLJ14708,ATOH8
HATH6,ATOH8
ATP1A1OS,ATP1A1-AS1
C1ORF203,ATP1A1-AS1
MGC16179,ATP1A1-AS1
DYT12,ATP1A3
ATP1AL2,ATP1A4
ATP1B,ATP1B1
ATP1BL1,ATP1B1P1
ATP2B,ATP2A2
DAR,ATP2A2
SERCA2,ATP2A2
PMCA1,ATP2B1
LINC00936,ATP2B1-AS1
PMCA2,ATP2B2
CFAP39,ATP2B3
CLA2,ATP2B3
PMCA3,ATP2B3
SCAX1,ATP2B3
ATP2B2,ATP2B4
MXRA1,ATP2B4
PMCA4,ATP2B4
ATP2C1A,ATP2C1
BCPM,ATP2C1
KIAA1347,ATP2C1
PMR1,ATP2C1
SPCA1,ATP2C1
ATP6A,ATP4A
ATP5A1P3,ATP5F1AP3
ATP5AP3,ATP5F1AP3
ATP5B,ATP5F1B
ATPSB,ATP5F1B
ATP5BL1,ATP5F1BP1
ATP5BP1,ATP5F1BP1
ATPMBL1,ATP5F1BP1
ATPSBL1,ATP5F1BP1
ATP5D,ATP5F1D
ATP5G1P2,ATP5MC1P2
ATP5GP4,ATP5MC1P2
ATP5G1P3,ATP5MC1P3
ATP5G2,ATP5MC2
ATP5G3,ATP5MC3
ATP5I,ATP5ME
ATP5J2-PTCD1,ATP5MF-PTCD1
ATP5J2P4,ATP5MFP4
ATP5J2P5,ATP5MFP5
ATP5JG,ATP5MG
ATP5L,ATP5MG
ATP5KP3,ATP5MGP3
ATP5LP3,ATP5MGP3
ATP5LP6,ATP5MGP6
ATP5LP7,ATP5MGP7
ATP5MDP1,ATP5MKP1
USMG5P1,ATP5MKP1
ATP5F1,ATP5PB
ATP5F1P3,ATP5PBP3
ATP5F1P6,ATP5PBP6
ATP5H,ATP5PD
ATP5JD,ATP5PD
ATPQ,ATP5PD
ATP5HP3,ATP5PDP3
ATP6A1,ATP6V1A
ATP6V1A1,ATP6V1A
VA68,ATP6V1A
VMA1,ATP6V1A
VPP2,ATP6V1A
ATP6B1,ATP6V1B1
RTA1B,ATP6V1B1
VATB,ATP6V1B1
VMA2,ATP6V1B1
VPP3,ATP6V1B1
ATP6B2,ATP6V1B2
HO57,ATP6V1B2
VATB,ATP6V1B2
VMA2,ATP6V1B2
VPP3,ATP6V1B2
ATP6C2,ATP6V1C2
VMA5,ATP6V1C2
ATP6EP1,ATP6V1E1P1
ATP6V1EP1,ATP6V1E1P1
ATP6EL1,ATP6V1E1P3
ATP6V1EL1,ATP6V1E1P3
ATP6E1,ATP6V1E2
ATP6EL2,ATP6V1E2
ATP6V1EL2,ATP6V1E2
MGC9341,ATP6V1E2
VMA4,ATP6V1E2
ATP6S14,ATP6V1F
VATF,ATP6V1F
VMA7,ATP6V1F
A1,ATP6V0A1
ATP6N1,ATP6V0A1
ATP6N1A,ATP6V0A1
STV1,ATP6V0A1
VPH1,ATP6V0A1
VPP1,ATP6V0A1
A2,ATP6V0A2
A2V,ATP6V0A2
ATP6A2,ATP6V0A2
ATP6N1D,ATP6V0A2
J6B7,ATP6V0A2
RTF,ATP6V0A2
STV1,ATP6V0A2
TJ6,ATP6V0A2
TJ6M,ATP6V0A2
TJ6S,ATP6V0A2
VPH1,ATP6V0A2
ATP6F,ATP6V0B
HATPL,ATP6V0B
VMA16,ATP6V0B
ATCD1,ATP6V0CP1
ATP6D,ATP6V0D1
ATP6DV,ATP6V0D1
P39,ATP6V0D1
VATX,ATP6V0D1
VMA6,ATP6V0D1
VPATPD,ATP6V0D1
ATP6H,ATP6V0E1
ATP6V0E,ATP6V0E1
M9.2,ATP6V0E1
ATP6V0E2L,ATP6V0E2
C7ORF32,ATP6V0E2
ATPIA,ATP8A1
ATPID,ATP8B2
KIAA1137,ATP8B2
ATPIK,ATP8B3
FETA,ATP8B5P
ATP10C,ATP10A
ATPVA,ATP10A
ATPVC,ATP10A
KIAA0566,ATP10A
ATPIF,ATP11B
ATPIR,ATP11B
KIAA0956,ATP11B
ATPIG,ATP11C
ATPIQ,ATP11C
ATP13A,ATP13A1
CGI-152,ATP13A1
FLJ31858,ATP13A1
KIAA1825,ATP13A1
CLN12,ATP13A2
HSA9947,ATP13A2
PARK9,ATP13A2
AFURS1,ATP13A3
LINC00884,ATP13A3-DT
FLJ16025,ATP13A5
ATP11,ATPAF1
ATP11P,ATPAF1
FLJ22351,ATPAF1
ATP12,ATPAF2
ATP12P,ATPAF2
LP3663,ATPAF2
MGC29736,ATPAF2
FAM173B,ATPSCKMT
JS-2,ATPSCKMT
APR3,ATRAID
C2ORF28,ATRAID
HSPC013,ATRAID
P18,ATRAID
FLJ12343,ATRIP
MGC20625,ATRIP
MGC21482,ATRIP
MGC26740,ATRIP
ATX1,ATXN1
D6S504E,ATXN1
SCA1,ATXN1
AL137003.1,ATXN1-AS1
BOAT1,ATXN1L
A2D,ATXN2L
A2LP,ATXN2L
ATXN7L4,ATXN7L1
KIAA1218,ATXN7L1
MGC33190,ATXN7L1
FLJ00381,ATXN7L2
MGC46534,ATXN7L2
DKFZP761G2113,ATXN7L3
AIBP,AUNIP
C1ORF135,AUNIP
MGC2603,AUNIP
AIP,AURKAIP1
AKIP,AURKAIP1
FLJ20608,AURKAIP1
AURAPS1,AURKAP1
AURKAPS1,AURKAP1
STK6P,AURKAP1
ARK3,AURKC
AURC,AURKC
STK13,AURKC
FBRSL2,AUTS2
KIAA0442,AUTS2
ADVIL,AVIL
DOC6,AVIL
FLJ12386,AVIL
P92,AVIL
KIAA0241,AVL9
PP5395,AVPI1
VIP32,AVPI1
VIT32,AVPI1
AVPR3,AVPR1B
V1BR,AVPR1B
VPR3,AVPR1B
C1ORF125,AXDND1
FLJ32940,AXDND1
DKFZP781B0869,AXIN2
MGC126582,AXIN2
ZA2G,AZGP1
ZAG,AZGP1
OAZI,AZIN1
OAZIN,AZIN1
ODC1L,AZIN1
ADC,AZIN2
KIAA1945,AZIN2
ODC-P,AZIN2
ODC1L,AZIN2
ODCP,AZIN2
BETA3GAL-T1,B3GALT1
BETA3GAL-T2,B3GALT2
BETA3GALT6,B3GALT6
CD57,B3GAT1
GLCAT-P,B3GAT1
HNK-1,B3GAT1
LEU7,B3GAT1
NK-1,B3GAT1
AP004608.1,B3GAT1-DT
LOC283177,B3GAT1-DT
GLCAT-S,B3GAT2
GLCAT-I,B3GAT3
B3GAT3P,B3GAT3P1
PSIGLCAT-I,B3GAT3P1
B3GN-T3,B3GNT3
B3GNT-3,B3GNT3
BETA3GN-T3,B3GNT3
HP10328,B3GNT3
TMEM3,B3GNT3
B3GN-T6,B3GNT6
BETA3GNT7,B3GNT7
B3GALT7,B3GNT8
BETA3GN-T8,B3GNT8
BGALT15,B3GNT8
FLJ25045,B4GALNT4
NGALNAC-T1,B4GALNT4
BETA4GAL-T1,B4GALT1
GGTB2,B4GALT1
BETA4GAL-T2,B4GALT2
BETA4GAL-T3,B4GALT3
BETA4GAL-T7,B4GALT7
XGALT-1,B4GALT7
B9,B9D1
EPPB9,B9D1
MKS9,B9D1
MKSR-1,B9D1
FZD6-DT,BAALC-AS1
LNCFZD6,BAALC-AS1
BAALCOS,BAALC-AS2
C8ORF56,BAALC-AS2
MGC39526,BAALC-AS2
BRCC4,BABAM2
BRCC45,BABAM2
BRE,BABAM2
BACE,BACE1
BACE1-AS1,BACE1-AS
BACE1AS,BACE1-AS
FJ573250,BACE1-AS
NCRNA00177,BACE1-AS
BTBD25,BACH2
BBC2,BAD
BCL2L8,BAD
SODD,BAG4
BAP2,BAIAP2
IRSP53,BAIAP2
WAML,BAIAP2
BAIAP2-AS1,BAIAP2-DT
LNC-BAIAP2,BAIAP2-DT
BAP3,BAIAP3
KIAA0734,BAIAP3
BAK,BAK1
BCL2L7,BAK1
CDN1,BAK1
BALR-6,BALR6
LINC00586,BANCR
BEND1,BANP
DKFZP761H172,BANP
FLJ10177,BANP
FLJ20538,BANP
SMAR1,BANP
SMARBP1,BANP
HUCEP-6,BAP1
KIAA0272,BAP1
UCHL2,BAP1
JDP1,BATF3
JUNDM1,BATF3
SNFT,BATF3
BCL2L4,BAX
ACF1,BAZ1A
HACF1,BAZ1A
WALP1,BAZ1A
WCRF180,BAZ1A
WBSCR10,BAZ1B
WBSCR9,BAZ1B
WSTF,BAZ1B
KIAA0314,BAZ2A
TIP5,BAZ2A
WALP3,BAZ2A
WALP4,BAZ2B
JFY1,BBC3
PUMA,BBC3
C14ORF45,BBOF1
CCDC176,BBOF1
FBB10,BBOF1
FLJ23590,BBS1
BBS,BBS2
DKFZP762I194,BBS5
HBP2,BBX
HSPC339,BBX
MDS001,BBX
CD239,BCAM
LU,BCAM
BEHAB,BCAN
CSPG7,BCAN
MGC13038,BCAN
ENST869,BCAN-AS2
TCONS_L2_00009689,BCAP31P2
TP53LC19,BCAR3-AS1
DAM1,BCAS2
SNT309,BCAS2
SPF27,BCAS2
FLJ20128,BCAS3
PHAF2,BCAS3
AC005884.1,BCAS3-AS1
BIM,BCL2L11
BIMEL,BCL2L11
BIML,BCL2L11
BIMS,BCL2L11
BOD,BCL2L11
BFK,BCL2L15
C1ORF178,BCL2L15
FLJ22588,BCL2L15
BCL4,BCL3
D19S37,BCL3
BAZF,BCL6B
ZBTB28,BCL6B
ZNF62,BCL6B
BCL7,BCL7A
SMARCJ1,BCL7A
SMARCJ2,BCL7B
SMARCJ3,BCL7C
B9L,BCL9L
BCL9-2,BCL9L
DLNB11,BCL9L
C-E10,BCL10
CARMEN,BCL10
CIPER,BCL10
CLAP,BCL10
ME10,BCL10
CTIP-2,BCL11B
CTIP2,BCL11B
HRIT1-ALPHA,BCL11B
SMARCM2,BCL11B
ZNF856B,BCL11B
BCS,BCS1L
BJS,BCS1L
H-BCS,BCS1L
HS.6719,BCS1L
BC200,BCYRN1
BC200A,BCYRN1
LINC00004,BCYRN1
NCRNA00004,BCYRN1
SCA31,BEAN1
BECN1P1,BECN2
CCDC4,BEND4
FLJ35632,BEND4
FLJ43965,BEND4
C1ORF165,BEND5
FLJ11588,BEND5
C10ORF30,BEND7
FLJ40283,BEND7
BEST,BEST1
BMD,BEST1
RP50,BEST1
VMD2,BEST1
VMD2L2,BEST4
GOLIM3,BET1L
GS15,BET1L
DJ79P11.1,BEX2
BEX,BEX3
DXS6984E,BEX3
HGR74,BEX3
NADE,BEX3
NGFRAP1,BEX3
BEXL1,BEX4
FLJ10097,BEX4
MGC2848,BFSP2-AS1
OCN,BGLAP
BGL3,BGLT3
LINC01083,BGLT3
LNCRNA-BGL3,BGLT3
DSPG1,BGN
SLRR1A,BGN
BHLHF42,BHLHA9
BHLHB8,BHLHA15
MIST1,BHLHA15
BHLHB2,BHLHE40
CLAST5,BHLHE40
DEC1,BHLHE40
SHARP2,BHLHE40
STRA13,BHLHE40
BHLHB3,BHLHE41
DEC2,BHLHE41
SHARP-1,BHLHE41
SHARP1,BHLHE41
KIAA0699,BICD2
BICDR-1,BICDL1
CCDC64,BICDL1
FLJ26450,BICDL1
ABHD11-AS1,BICDL3P
LINC00035,BICDL3P
NCRNA00035,BICDL3P
WBSCR26,BICDL3P
GLTSCR1,BICRA
SMARCK1,BICRA
GLTSCR1L,BICRAL
KIAA0240,BICRAL
SMARCK2,BICRAL
AMPH2,BIN1
AMPHL,BIN1
SH3P9,BIN1
API1,BIRC2
C-IAP1,BIRC2
CIAP1,BIRC2
HIAP-2,BIRC2
MIHB,BIRC2
RNF48,BIRC2
API2,BIRC3
C-IAP2,BIRC3
CIAP2,BIRC3
HIAP-1,BIRC3
MALT2,BIRC3
MIHC,BIRC3
RNF49,BIRC3
API4,BIRC5
EPR-1,BIRC5
SURVIVIN,BIRC5
BRUCE,BIRC6
MEGAMIND,BIRC6-AS2
HILP2,BIRC8
ILP-2,BIRC8
RNF136,BIRC8
LNCBST2,BISPR
LINC-UBC1,BLACAT1
LINC00912,BLACAT1
ONCO-LNCRNA-30,BLACAT1
BRCC2,BLID
BASH,BLNK
BCA,BLNK
BLNK-S,BLNK
LY57,BLNK
SLP-65,BLNK
SLP65,BLNK
BLOS1,BLOC1S1
BORCS1,BLOC1S1
GCN5L1,BLOC1S1
BLOS2,BLOC1S2
BORCS2,BLOC1S2
FLJ30135,BLOC1S2
MGC10120,BLOC1S2
BCAS4L,BLOC1S4
CNO,BLOC1S4
FLJ11230,BLOC1S4
FLJ21404,BLTP1
FSA,BLTP1
KIAA1109,BLTP1
KIAA1371,BLTP1
TWEEK,BLTP1
BCOX,BLTP2
BCOX1,BLTP2
CT101,BLTP2
DKFZP686M0843,BLTP2
FMP27,BLTP2
HOB,BLTP2
KIAA0100,BLTP2
MGC111488,BLTP2
C6ORF107,BLTP3A
DJ349A12.1,BLTP3A
FLJ20302,BLTP3A
SHIP164B,BLTP3A
UHRF1BP1,BLTP3A
FLR,BLVRB
SDR43U1,BLVRB
JEM-1,BLZF1
ARNTL,BMAL1
ARNTL1,BMAL1
BHLHE5,BMAL1
JAP3,BMAL1
MOP3,BMAL1
PASD3,BMAL1
ARNTL2,BMAL2
BHLHE6,BMAL2
CLIF,BMAL2
MOP9,BMAL2
PASD9,BMAL2
ARNTL2-AS1,BMAL2-AS1
OP-2,BMP8A
BMP8,BMP8B
OP-2,BMP8B
CRIM3,BMPER
CV2,BMPER
ACVRLK3,BMPR1A
ALK3,BMPR1A
CD292,BMPR1A
BMPR1APS1,BMPR1AP1
ALK6,BMPR1B
CDW293,BMPR1B
BMPR1B-AS1,BMPR1B-DT
TCONS_00007797,BMPR1B-DT
BMPR-II,BMPR2
BMPR3,BMPR2
BRK-3,BMPR2
PPH1,BMPR2
T-ALK,BMPR2
BA144G6.1,BMS1P2
BA302K17.2,BMS1P2
BMS1LP2,BMS1P2
BMS1LP6,BMS1P2
BMS1P6,BMS1P2
OTTHUMG00000018113,BMS1P2
OTTHUMG00000018142,BMS1P2
OTTHUMG00000018478,BMS1P4
BSN2,BNC2
FLJ20043,BNC2
NIP1,BNIP1
SEC20,BNIP1
BNIP-2,BNIP2
NIP2,BNIP2
BNIP-S,BNIPL
BNIP-SALPHA,BNIPL
BNIP-SBETA,BNIPL
BNIPL-1,BNIPL
BNIPL-2,BNIPL
PP753,BNIPL
BOI,BOC
CDON2,BOC
BOD1L,BOD1L1
FAM44A,BOD1L1
FLJ33215,BOD1L1
KIAA1327,BOD1L1
CGI-143,BOLA1
BOLA2A,BOLA2
MY016,BOLA2
BOLA3-AS1,BOLA3-DT
BOULE,BOLL
C10ORF32,BORCS7
FLJ40752,BORCS7
C10ORF32-ASMT,BORCS7-ASMT
MEF2BNBP1,BORCS8P1
NCRNA00187,BPESC1
FAC1,BPTF
FALZ,BPTF
NURF301,BPTF
BRAF-1,BRAF
BRAF1,BRAF
BAAT1,BRAT1
C7ORF27,BRAT1
MGC22916,BRAT1
BRCC1,BRCA1
FANCS,BRCA1
PPP1R53,BRCA1
RNF53,BRCA1
LBRCA1,BRCA1P1
PSEUDO-BRCA1,BRCA1P1
PSIBRCA1,BRCA1P1
KIAA0043,BRD3
ORFX,BRD3
RING3L,BRD3
BA374P20.3,BRD3OS
FLJ35348,BRD3OS
LINC00094,BRD3OS
NCRNA00094,BRD3OS
SERLOC,BRD3OS
CAP,BRD4
HUNK1,BRD4
HUNKI,BRD4
MCAP,BRD4
BP75,BRD7
CELTIX1,BRD7
SMARCI1,BRD7
FLJ13441,BRD9
SMARCI2,BRD9
BRD6,BRDT
CT9,BRDT
BRFU,BRF2
FLJ11052,BRF2
TFIIIB50,BRF2
BNAS1,BRI3BP
HCCR-2,BRI3BP
HCCRBP-3,BRI3BP
KG19,BRI3BP
C16ORF79,BRICD5
MGC21830,BRICD5
DBCCR1L2,BRINP2
FAM5B,BRINP2
LINC01351,BRINP3-DT
BACH1,BRIP1
FANCJ,BRIP1
OF,BRIP1
BRIX,BRIX1
BXDC2,BRIX1
FLJ11100,BRIX1
C1ORF58,BROX
FLJ32421,BROX
BR140,BRPF1
GNG3LG,BSCL2
SEIPIN,BSCL2
SPG17,BSCL2
FLJ10276,BSDC1
RP4-811H24.7,BSDC1
CD147,BSG
EMMPRIN,BSG
EMPRIN,BSG
OK,BSG
ZNF231,BSN
BSN-AS2,BSN-DT
BART,BSND
DFNB73,BSND
BST-2,BST2
CD317,BST2
HM1.24,BST2
TETHERIN,BST2
APACHE,BTBD8
KIAA1107,BTBD8
DJ322I12.1,BTBD9
KIAA1880,BTBD9
GMRP-1,BTBD10
GMRP1,BTBD10
MGC13007,BTBD10
BTBD17A,BTBD17
LGALS3BPL,BTBD17
TANGO10A,BTBD17
BTF3A,BTF3
BTF3B,BTF3
NACB,BTF3
APRO1,BTG2
MGC126063,BTG2
MGC126064,BTG2
PC3,BTG2
TIS21,BTG2
LINC01136,BTG2-DT
APRO3,BTG4
PC3B,BTG4
BTN2.3,BTN2A3P
BTN2A3,BTN2A3P
LRRC58-DT,BTNL12P
BUB1A,BUB1
BUB1L,BUB1
HBUB1,BUB1
CWC26,BUD13
FSAP71,BUD13
MGC13125,BUD13
MERM1,BUD23
MGC19709,BUD23
MGC2022,BUD23
MGC5140,BUD23
PP3381,BUD23
WBMT,BUD23
WBSCR22,BUD23
CWC14,BUD31
EDG-2,BUD31
EDG2,BUD31
FSAP17,BUD31
G10,BUD31
YCR063W,BUD31
BA99L11.2,BVES-AS1
C6ORF112,BVES-AS1
ENP1,BYSL
5MP2,BZW1
BZAP45,BZW1
KIAA0005,BZW1
BZW1L1,BZW1P2
5MP1,BZW2
HSPC028,BZW2
MST017,BZW2
MSTP017,BZW2
LRP1,C1D
RRP47,C1D
SUN-COR,C1D
SUNCOR,C1D
PIG13,C1orf21
MGC4174,C1orf35
MMTAG2,C1orf35
DKFZP586G1722,C1orf43
NICE-3,C1orf43
MGC955,C1orf50
FLJ44982,C1orf52
GM117,C1orf52
FLJ23221,C1orf54
FLJ20519,C1orf56
MENT,C1orf56
LEP7,C1orf68
XP32,C1orf68
FLJ25078,C1orf74
URLC4,C1orf74
MGC15882,C1orf94
FLJ20508,C1orf109
FLJ14146,C1orf115
RDD1,C1orf115
FLJ36507,C1orf116
MGC2742,C1orf116
MGC4309,C1orf116
SARG,C1orf116
FLJ45459,C1orf122
FLJ37118,C1orf127
DKFZP547B1713,C1orf131
SPO16,C1orf146
FLJ20584,C1orf159
MGC24133,C1orf162
DKFZP434E1410,C1orf167
RP11-56N19.2,C1orf167
RP13-531C17.2,C1orf174
FLJ27485,C1orf185
DKFZP667D152,C1orf198
FLJ14525,C1orf198
FLJ16283,C1orf198
FLJ38847,C1orf198
MGC10710,C1orf198
FLJ35530,C1orf220
FLJ13137,C1orf226
GC1Q-R,C1QBP
GC1QR,C1QBP
HABP1,C1QBP
P32,C1QBP
SF2P32,C1QBP
C1QG,C1QC
C1QL,C1QL3
C1QTNF13,C1QL3
CTRP13,C1QL3
K100,C1QL3
C1QTNF11,C1QL4
CTRP11,C1QL4
CTRP1,C1QTNF1
FLJ90694,C1QTNF1
GIP,C1QTNF1
ZSIG37,C1QTNF1
CTRP5,C1QTNF5
DKFZP586B0621,C1QTNF5
LORD,C1QTNF5
CTRP8,C1QTNF8
UNQ5829,C1QTNF8
ADIPOLIN,C1QTNF12
C1QDC2,C1QTNF12
CTRP12,C1QTNF12
FAM132A,C1QTNF12
MGC105127,C1QTNF12
KIAA0285,C2CD2L
TMEM24,C2CD2L
DKFZP586P0123,C2CD3
FAM148A,C2CD4A
NLF1,C2CD4A
FAM148B,C2CD4B
NLF2,C2CD4B
FAM148D,C2CD4D
CDP138,C2CD5
KIAA0528,C2CD5
ALS2CR11,C2CD6
FLJ25351,C2CD6
MGC29762,C2orf15
DKFZP434G118,C2orf16
FLJ20558,C2orf42
ASW,C2orf49
MGC5509,C2orf49
FLJ25143,C2orf50
UNQ6411,C2orf66
FLJ38973,C2orf69
LOC257407,C2orf72
FLJ40298,C2orf73
LOC339804,C2orf74
AC016747.2,C2orf74-AS1
HCG40743,C2orf81
LOC388963,C2orf81
DKFZP547H025,C2orf83
ARMD9,C3
C3A,C3
C3B,C3
CPAMD1,C3
AZ3B,C3AR1
C3AR,C3AR1
HT021,C3orf14
MGC34728,C3orf22
FLJ22173,C3orf36
FLJ23186,C3orf52
TTMP,C3orf52
FLJ43654,C3orf62
MAPS,C3orf62
C3ORF86,C3orf86P
LINC00694,C3orf86P
CPLP,C3P1
C4BP,C4BPA
C4BPAL1,C4BPAP1
C4BPAL2,C4BPAP2
C4BP,C4BPB
ALN,C4orf3
HCVFTP1,C4orf3
LOC441054,C4orf47
FLJ46481,C4orf50
FOPV,C4orf54
LOC285556,C4orf54
C5A,C5
C5B,C5
CPAMD4,C5
HTGN29,C5orf15
KCT2,C5orf15
FLJ44606,C5orf63
YDR286C,C5orf63
FLJ37543,C5orf64
LEG1,C6orf58
DKFZP564G182,C6orf62
FLJ12619,C6orf62
XTP12,C6orf62
BRAP,C6orf89
FLJ25357,C6orf89
BA160E12.4,C6orf120
BA7K24.2,C6orf132
MGC46457,C6orf141
MGC2821,C7orf25
FLJ35803,C9orf50
DENND9,C9orf72
DENNL72,C9orf72
MGC23980,C9orf72
CSU2,C9orf78
HCA59,C9orf78
HSPC220,C9orf78
EM:AC069546.1,C10orf53
BA548K23.1,C10orf62
BA422P15.2,C10orf90
FATS,C10orf90
FLJ32938,C10orf90
RPARP-AS1,C10orf95-AS1
DM4E3,C11orf24
NOV1,C11orf40
MGC34805,C11orf42
SMAP,C11orf58
FLJ20010,C11orf71
FLJ22531,C11orf80
TOPOVIBL,C11orf80
FACI,C11orf86
FLJ22675,C11orf86
AG2,C11orf96
LINC01171,C11orf97
C11ORF48,C11orf98
FLJ25323,C12orf42
CUSTOS,C12orf43
FLJ12448,C12orf43
MGC35033,C12orf54
MGC47869,C12orf60
LOC728858,C12orf71
FLJ40142,C12orf76
DKFZP434H132,C15orf39
FLJ46337,C15orf39
FLJ35681,C16orf54
TNT,C16orf82
FLJ41802,C16orf86
FIMP,C16orf92
FLJ25404,C16orf92
BAP18,C17orf49
HEPIS,C17orf49
MGC49942,C17orf49
NJMU-R1,C17orf75
SRI2,C17orf75
FLJ20721,C17orf80
HLC-8,C17orf80
MIG3,C17orf80
SPEP1,C17orf80
GLPG464,C17orf99
UNQ464,C17orf99
DKFZP762D096,C19orf12
MGC10922,C19orf12
MPAN,C19orf12
NBIA4,C19orf12
SPG43,C19orf12
H2RSP,C19orf33
IMUP,C19orf33
IMUP-1,C19orf33
IMUP-2,C19orf33
HIDE1,C19orf38
FLJ36888,C19orf47
BC006151,C19orf48P
C19ORF48,C19orf48P
MGC13170,C19orf48P
HSPC023,C19orf53
LYDG10,C19orf53
CAIV,CA4
CAR4,CA4
RP17,CA4
CA5,CA5A
CAV,CA5A
CAVA,CA5A
CGI-66,CAB39
MO25,CAB39
AC125616.1,CABP1-DT
DFNB93,CABP2
CSNB2B,CABP4
CABYRP,CABYRP1
APCA,CACNA1A
CACNL1A4,CACNA1A
CAV2.1,CACNA1A
EA2,CACNA1A
FHM,CACNA1A
HPCA,CACNA1A
MHP,CACNA1A
MHP1,CACNA1A
SCA6,CACNA1A
CACH3,CACNA1D
CACN4,CACNA1D
CACNL1A2,CACNA1D
CAV1.3,CACNA1D
CCHL1A2,CACNA1D
BII,CACNA1E
CACH6,CACNA1E
CACNL1A6,CACNA1E
CAV2.3,CACNA1E
CAV3.1,CACNA1G
NBR13,CACNA1G
CAS1,CACNA1G-AS1
CACNL1A3,CACNA1S
CAV1.1,CACNA1S
HOKPP,CACNA1S
HYPOPP,CACNA1S
MHS5,CACNA1S
ALPHA2DELTA-1,CACNA2D1
CACNA2,CACNA2D1
CACNL2A,CACNA2D1
LINC01112,CACNA2D1
LNCRNA-N3,CACNA2D1
MHS3,CACNA2D1
ALPHA2DELTA-2,CACNA2D2
KIAA0558,CACNA2D2
ALPHA2DELTA-3,CACNA2D3
HSA272268,CACNA2D3
CACNLB1,CACNB1
CACNLB2,CACNB2
MYSB,CACNB2
CACNLB3,CACNB3
EJM4,CACNB4
C19ORF29,CACTIN
FSAPC,CACTIN
NY-REN-24,CACTIN
C19ORF29-AS1,CACTIN-AS1
C19ORF29OS,CACTIN-AS1
S100A6BP,CACYBP
SIP,CACYBP
GATD4,CAD
BL2,CADM1
IGSF4,CADM1
IGSF4A,CADM1
NECL-2,CADM1
NECL2,CADM1
RA175,CADM1
ST17,CADM1
SYNCAM,CADM1
SYNCAM1,CADM1
TSLC1,CADM1
IGSF4D,CADM2
NECL-3,CADM2
NECL3,CADM2
SYNCAM2,CADM2
BIGR,CADM3
FLJ10698,CADM3
IGSF4B,CADM3
NECL-1,CADM3
NECL1,CADM3
SYNCAM3,CADM3
TSLL1,CADM3
CTA-134P22.2,CADM3-AS1
CAPS2,CADPS2
LINC00468,CAHM
CALC1,CALCA
CGRP,CALCA
CGRP-ALPHA,CALCA
CALC3,CALCP
CDM,CALD1
H-CAD,CALD1
H-CD,CALD1
L-CAD,CALD1
C6ORF78,CALHM4
FAM26D,CALHM4
FLJ32239,CALHM4
C6ORF188,CALHM5
DJ493F7.3,CALHM5
FAM26E,CALHM5
MGC45451,CALHM5
CALML2,CALM1
CAMI,CALM1
DD132,CALM1
PHKD,CALM1
PHKD1,CALM1
CAMII,CALM2
PHKD,CALM2
PHKD2,CALM2
CAGLP,CALML6
CABP8,CALN1
CC1QR,CALR
CRT,CALR
FLJ26680,CALR
RO,CALR
SSA,CALR
CAMKI,CAMK1
CAMKI-ALPHA,CAMK1
CLICKIII,CAMK1G
DJ272L16.1,CAMK1G
VWS1,CAMK1G
CAMKA,CAMK2A
CAMKIIA,CAMK2A
CAMKIINALPHA,CAMK2A
KIAA0968,CAMK2A
CAM2,CAMK2B
CAMK2,CAMK2B
CAMKB,CAMK2B
CAMKIIB,CAMK2B
CAMKD,CAMK2D
CAMKG,CAMK2G
CAMKIINALPHA,CAMK2N1
C2ORF34,CAMKMT
CLNMT,CAMKMT
MGC8407,CAMKV
VACAMKL,CAMKV
CAP18,CAMP
FALL-39,CAMP
FALL39,CAMP
LL37,CAMP
CAMSAP1L1,CAMSAP2
KIAA1078,CAMSAP2
KIAA0833,CAMTA1
AL512330.1,CAMTA1-AS3
LNCCAMTA1,CAMTA1-DT
KIAA0909,CAMTA2
KIAA0667,CAND2
TIP120B,CAND2
TP120B,CAND2
SCAN-1,CANT1
SHAPY,CANT1
CAP,CAP1
AFCP,CAPG
MCP,CAPG
CANP,CAPN1
CANPL1,CAPN1
MUCANP,CAPN1
MUCL,CAPN1
CANPL2,CAPN2
CANPML,CAPN2
MCANP,CAPN2
CANP3,CAPN3
LGMD2,CAPN3
LGMD2A,CAPN3
NCL-1,CAPN3
P94,CAPN3
ADNIV,CAPN5
HTRA3,CAPN5
NCL-3,CAPN5
VRNI,CAPN5
PALBH,CAPN7
GC36,CAPN9
NCL-4,CAPN9
CAPN10-AS1,CAPN10-DT
LOCUS959,CAPN10-DT
30K,CAPNS1
CANP,CAPNS1
CANPS,CAPNS1
CAPN4,CAPNS1
CDPS,CAPNS1
CAPRIN-1,CAPRIN1
GPIAP1,CAPRIN1
M11S1,CAPRIN1
RNG105,CAPRIN1
C1QDC1,CAPRIN2
CAPRIN-2,CAPRIN2
EEG1,CAPRIN2
FLJ11391,CAPRIN2
FLJ22569,CAPRIN2
RNG140,CAPRIN2
CAPPA2,CAPZA2
CAPZ,CAPZA2
CINCIN1,CARD6
CARDINAL,CARD8
DAKAR,CARD8
KIAA0955,CARD8
NDPP,CARD8
TUCAN,CARD8
AC008392.1,CARD8-AS1
LOC100505812,CARD8-AS1
BIMP3,CARD11
CARMA1,CARD11
BIMP2,CARD14
CARMA2,CARD14
PSORS2,CARD14
COP,CARD16
COP1,CARD16
LLID-114769,CARD16
PSEUDO-ICE,CARD16
CARD17,CARD17P
INCA,CARD17P
ALS2CR8,CARF
FLJ21579,CARF
NYD-SP24,CARF
CRHSP-24,CARHSP1
CSDC1,CARHSP1
PRMT4,CARM1
CARM1L,CARM1P1
CARMIL,CARMIL1
DJ501N12.1,CARMIL1
FLJ20048,CARMIL1
LRRC16,CARMIL1
LRRC16A,CARMIL1
LRRC16C,CARMIL2
RLTPR,CARMIL2
CARMEN,CARMN
MIR143HG,CARMN
ATPGD1,CARNS1
KIAA1394,CARNS1
CARSP1,CARS1P1
CART,CARTPT
CARLO-1,CASC8
LINC00860,CASC8
CARLO-7,CASC11
ENST00000518376,CASC11
LINC00990,CASC11
MYMLR,CASC11
TCONS_00014535,CASC11
LINC00340,CASC15
LNC-SOX4-1,CASC15
CARLO-6,CASC19
LINC01245,CASC19
C7ORF12,CASD1
FLJ21213,CASD1
FLJ21879,CASD1
ANKS5A,CASKIN1
KIAA1306,CASKIN1
ANKS5B,CASKIN2
FLJ21609,CASKIN2
KIAA1139,CASKIN2
ICE,CASP1
IL1BC,CASP1
ICH1,CASP2
MGC2181,CASP2
NEDD2,CASP2
PPP1R57,CASP2
APOPAIN,CASP3
CPP32,CASP3
CPP32B,CASP3
YAMA,CASP3
ICE(REL)II,CASP4
ICH-2,CASP4
TX,CASP4
ICE(REL)III,CASP5
CASP-8,CASP8
FLICE,CASP8
MACH,CASP8
MCH5,CASP8
APAF-3,CASP9
ICE-LAP6,CASP9
MCH6,CASP9
PPP1R56,CASP9
FLICE-2,CASP10
MCH4,CASP10
PDIB2,CASQ2
FHH,CASR
GPRC2A,CASR
HHC,CASR
HHC1,CASR
NSHPT,CASR
GATSL1,CASTOR2
GATSL2,CASTOR2
CASTOR3,CASTOR3P
DKFZP686B07267,CASTOR3P
GATS,CASTOR3P
STAG3OS,CASTOR3P
C2ORF62,CATIP
MGC50811,CATIP
CACRC,CATSPER3
MGC39581,CATSPERD
TMEM146,CATSPERD
C19ORF15,CATSPERG
DKFZP434A1022,CATSPERG
FLJ46353,CATSPERG
LGMD1C,CAV3
LQT9,CAV3
VIP-21,CAV3
VIP21,CAV3
CAVIN-1,CAVIN1
CGL4,CAVIN1
PTRF,CAVIN1
CAVIN-2,CAVIN2
PS-P68,CAVIN2
SDPR,CAVIN2
SDR,CAVIN2
LOC105373813,CAVIN2-AS1
CAVIN-3,CAVIN3
HSRBC,CAVIN3
MGC20400,CAVIN3
PRKCDBP,CAVIN3
SRBC,CAVIN3
BARP,CBARP
C19ORF26,CBARP
DOS,CBARP
MGC40084,CBARP
ETO2,CBFA2T3
MTG16,CBFA2T3
MTGR2,CBFA2T3
RUNX1T3,CBFA2T3
ZMYND4,CBFA2T3
PEBP2B,CBFB
C-CBL,CBL
CBL2,CBL
RNF55,CBL
CBL-3,CBLC
CBL-SL,CBLC
RNF57,CBLC
GIF,CBLIF
IF,CBLIF
IFMH,CBLIF
INF,CBLIF
TCN3,CBLIF
FLJ23109,CBLL1
HAKAI,CBLL1
RNF188,CBLL1
FLJ14431,CBR4
SDR45C1,CBR4
CDCA6,CBX2
M33,CBX2
MGC10561,CBX2
HPC2,CBX4
NBP16,CBX4
PC2,CBX4
HP1,CBX5
HP1-ALPHA,CBX5
HP1HS-ALPHA,CBX5
FREUD-2,CC2D1B
KIAA1836,CC2D1B
LGD1,CC2D1B
JBTS9,CC2D2A
KIAA1345,CC2D2A
MKS6,CC2D2A
BA248J23.4,CC2D2B
BA690P14.3,CC2D2B
C10ORF130,CC2D2B
C10ORF131,CC2D2B
LINC00873,CCAT2
NCCP1,CCAT2
D10S170,CCDC6
H4,CCDC6
PTC,CCDC6
PTC1,CCDC6
TPC,CCDC6
TST1,CCDC6
BIOT2,CCDC7
C10ORF68,CCDC7
FLJ13031,CCDC7
FLJ32762,CCDC7
3M3,CCDC8
DKFZP564K0322,CCDC8
PPP1R20,CCDC8
DKFZP586M1019,CCDC9
C15ORF52,CCDC9B
FLJ43339,CCDC9B
MGC23918,CCDC12
FLJ25467,CCDC13
LINC02158,CCDC13-AS2
DKFZP434L1050,CCDC14
FLJ12892,CCDC14
FLJ13215,CCDC15
FLJ33084,CCDC17
NY-SAR-41,CCDC18
ENST00000440778.1,CCDC18-AS1
MGC45441,CCDC24
FLJ10853,CCDC25
MGC27434,CCDC26
RAM,CCDC26
MGC1203,CCDC28B
RP4-622L5.5,CCDC28B
FLJ20972,CCDC30
LOC728621,CCDC30
PFD6L,CCDC30
C15ORF57,CCDC32
MGC20481,CCDC32
CFAP59,CCDC39
CILD14,CCDC39
DKFZP434A128,CCDC39
FAP59,CCDC39
GK001,CCDC47
FLJ12436,CCDC51
FLJ25362,CCDC54
NYD-SP17,CCDC54
SP17,CCDC54
FLJ00130,CCDC57
FLJ23754,CCDC57
CT109,CCDC62
ERAP75,CCDC62
FLJ40344,CCDC62
TSP-NY,CCDC62
DKFZP686C0433,CCDC66
DKFZP434C171,CCDC69
FLJ13705,CCDC69
FLJ12800,CCDC71
C7ORF74,CCDC71L
FLJ36031,CCDC71L
NY-SAR-79,CCDC73
FLJ40345,CCDC74A
MGC13183,CCDC77
C16ORF25,CCDC78
FLJ34512,CCDC78
CL2,CCDC80
DRO1,CCDC80
LINC01279,CCDC80
SSG1,CCDC80
TCONS_00006930,CCDC80
URB,CCDC80
FLJ23518,CCDC82
CT148,CCDC83
FLJ42119,CCDC83
KP-COT-23,CCDC83
MGC34732,CCDC83
CYCLON,CCDC86
MGC2574,CCDC86
LNCRP5,CCDC86-AS1
RP5-1148A21.3,CCDC86-AS1
FLJ10786,CCDC87
APE,CCDC88A
FLJ10392,CCDC88A
GIV,CCDC88A
GRDN,CCDC88A
HKRP1,CCDC88A
KIAA1212,CCDC88A
FLJ38159,CCDC89
MDS011,CCDC90B
MDS025,CCDC90B
DKFZP779L1558,CCDC91
FLJ11088,CCDC91
P56,CCDC91
FLJ90575,CCDC96
CT52,CCDC110
KM-HN-1,CCDC110
MGC33607,CCDC110
DKFZP434N1418,CCDC113
HSPC065,CCDC113
FLJ13646,CCDC121
FLJ43364,CCDC121
LSO2,CCDC124
OXS1,CCDC124
FLJ23031,CCDC126
DKFZP434G156,CCDC136
KIAA1793,CCDC136
NAG6,CCDC136
FLJ32745,CCDC138
FLJ32447,CCDC140
CAMDI,CCDC141
FLJ39502,CCDC141
FLJ14397,CCDC142
FLJ43983,CCDC144A
KIAA0565,CCDC144A
CCDC144B,CCDC144BP
FLJ36492,CCDC144BP
CCDC144C,CCDC144CP
MGC87631,CCDC144NL
KIAA1505,CCDC146
MBO2,CCDC146
MGC125588,CCDC148
DKFZP761B107,CCDC149
FLJ39660,CCDC150
LOC283152,CCDC153
C16ORF29,CCDC154
LOC645811,CCDC154
FLJ25770,CCDC158
BA425D10.3,CCDC162P
BA425D10.7,CCDC162P
BA487F23.3,CCDC162P
C6ORF183,CCDC162P
C6ORF184,CCDC162P
C6ORF185,CCDC162P
CCDC162,CCDC162P
C1ORF231,CCDC163
CCDC163P,CCDC163
LOC126661,CCDC163
C3ORF19,CCDC174
CTR1,CCDC174
FLJ33839,CCDC174
BDAG1,CCDC180
C9ORF174,CCDC180
CFAP76,CCDC180
DKFZP434I2420,CCDC180
FAP76,CCDC180
KIAA1529,CCDC180
C1ORF114,CCDC181
FLJ25846,CCDC181
C12ORF68,CCDC184
LOC387856,CCDC184
C1ORF65,CCDC185
FLJ35728,CCDC185
MGC50722,CCDC187
C1ORF110,CCDC190
MGC48998,CCDC190
KIAA1407,CCDC191
LINC01183,CCDC192
LINC00854,CCDC200
TMEM106A-AS1,CCDC200
AL589986.2,CCDST
LINC02962,CCDST
LNC-CCDST,CCDST
I-309,CCL1
P500,CCL1
SCYA1,CCL1
SISE,CCL1
TCA3,CCL1
GDCF-2,CCL2
HC11,CCL2
MCAF,CCL2
MCP-1,CCL2
MCP1,CCL2
MGC9434,CCL2
SCYA2,CCL2
SMC-CF,CCL2
D17S1718,CCL3L3
G0S19-2,CCL3L3
LD78BETA,CCL3L3
SCYA3L,CCL3L3
SCYA3L1,CCL3L3
MGC12815,CCL3L3
FIC,CCL7
MARC,CCL7
MCP-3,CCL7
MCP3,CCL7
NC28,CCL7
SCYA6,CCL7
SCYA7,CCL7
HC14,CCL8
MCP-2,CCL8
SCYA8,CCL8
EOTAXIN,CCL11
MGC22554,CCL11
SCYA11,CCL11
CKB10,CCL13
MCP-4,CCL13
MGC17134,CCL13
NCC-1,CCL13
SCYA13,CCL13
SCYL1,CCL13
CKB4,CCL20
EXODUS-1,CCL20
LARC,CCL20
MIP-3A,CCL20
SCYA20,CCL20
ST38,CCL20
CKB-6,CCL24
EOTAXIN-2,CCL24
MPIF-2,CCL24
MPIF2,CCL24
SCYA24,CCL24
CKB15,CCL25
SCYA25,CCL25
TECK,CCL25
EOTAXIN-3,CCL26
IMAC,CCL26
MIP-4A,CCL26
MIP-4ALPHA,CCL26
SCYA26,CCL26
TSC-1,CCL26
CYR61,CCN1
GIG1,CCN1
IGFBP10,CCN1
WISP-3,CCN6
WISP3,CCN6
CCNB,CCNB1
BCL1,CCND1
D11S287E,CCND1
PRAD1,CCND1
U21B31,CCND1
CCND2-AS2,CCND2-AS1
CCND2P,CCND2P1
CCNG,CCNG1
FLJ14166,CCNJL
ANIA-6B,CCNL2
CCNM,CCNL2
CCNS,CCNL2
HLA-ISO,CCNL2
PCEE,CCNL2
SB138,CCNL2
CNTD2,CCNP
FLJ13265,CCNP
FAM58B,CCNQP1
FAM58BP,CCNQP1
CCNT,CCNT1
CYCT1,CCNT1
HIVE1,CCNT1
FLJ40432,CCNYL1
BA178A10.2,CCNYL2
C10ORF21,CCNYL2
CP110,CCP110
KIAA0419,CCP110
CPR8,CCPG1
KIAA1254,CCPG1
CD191,CCR1
CKR-1,CCR1
CMKBR1,CCR1
MIP1AR,CCR1
SCYAR1,CCR1
CC-CKR-2,CCR2
CD192,CCR2
CKR2,CCR2
CMKBR2,CCR2
FLJ78302,CCR2
MCP-1-R,CCR2
CC-CKR-3,CCR3
CD193,CCR3
CKR3,CCR3
CMKBR3,CCR3
CC-CKR-5,CCR5
CD195,CCR5
CKR-5,CCR5
CKR5,CCR5
CMKBR5,CCR5
IDDM22,CCR5
BN-1,CCR6
CD196,CCR6
CKR-L3,CCR6
CMKBR6,CCR6
DCR2,CCR6
DRY-6,CCR6
GPR-CY4,CCR6
GPR29,CCR6
STRL22,CCR6
CDW198,CCR8
CKR-L1,CCR8
CMKBR8,CCR8
CMKBRL2,CCR8
CY6,CCR8
GPR-CY6,CCR8
TER1,CCR8
CDW199,CCR9
GPR-9-6,CCR9
GPR28,CCR9
GPR2,CCR10
ACKR5,CCRL2
CKRX,CCRL2
CRAM-A,CCRL2
CRAM-B,CCRL2
HCR,CCRL2
C1ORF96,CCSAP
CSAP,CCSAP
FLJ41471,CCSAP
FAM190A,CCSER1
KIAA1680,CCSER1
CCTG,CCT3
TRIC5,CCT3
CCTD,CCT4
KIAA0098,CCT5
CCT6AP1,CCT6P1
CCTH,CCT7
NIP7-1,CCT7
C7ORF28A,CCZ1
CCZ1A,CCZ1
CGI-43,CCZ1
C7ORF28B,CCZ1B
DKFZP586I1023,CCZ1B
H_NH0577018.2,CCZ1B
MGC19819,CCZ1B
CD1,CD1A
CD1,CD1B
CD1,CD1C
CMS,CD2AP
CD3-DELTA,CD3D
CD3DELTA,CD3D
T3D,CD3D
CD3-EPSILON,CD3E
CD3EPSILON,CD3E
CD3-GAMMA,CD3G
CD3GAMMA,CD3G
LEU1,CD5
T1,CD5
TP120,CD6
CD8,CD8A
CD8ALPHA,CD8A
P32,CD8A
CD8B1,CD8B
CD8BETA,CD8B
LY-3,CD8B
LYT3,CD8B
P37,CD8B
CD8BP,CD8B2
BA2,CD9
MIC3,CD9
MRP-1,CD9
P24,CD9
TSPAN29,CD9
CD24L1,CD24P1
S152,CD27
TNFRSF7,CD27
TP55,CD27
FLJ00391,CD33
P67,CD33
SIGLEC-3,CD33
SIGLEC3,CD33
CD44R,CD44
CDW44,CD44
CSPG8,CD44
ECM-III,CD44
H-CAM,CD44
HCELL,CD44
HERMES-1,CD44
HUTCH-1,CD44
HUTCH-I,CD44
IN,CD44
MC56,CD44
MDU2,CD44
MDU3,CD44
MIC4,CD44
PGP-1,CD44
PGP1,CD44
MCP,CD46
MGC26544,CD46
MIC10,CD46
TLX,CD46
TRA2.10,CD46
CD46P,CD46P1
MCPL,CD46P1
IAP,CD47
MER6,CD47
OA3,CD47
CDW52,CD52
EDDM5,CD52
HE5,CD52
CR,CD55
CROM,CD55
DAF,CD55
TC,CD55
16.3A5,CD59
EJ16,CD59
EJ30,CD59
EL32,CD59
G344,CD59
HRF20,CD59
MACIF,CD59
MIC11,CD59
MIN1,CD59
MIN2,CD59
MIN3,CD59
MIRL,CD59
MSK21,CD59
P18-20,CD59
ME491,CD63
MLA1,CD63
TSPAN30,CD63
CLEC2C,CD69
CLIP,CD74
DHLAG,CD74
IG-ALPHA,CD79A
IGA,CD79A
IGALPHA,CD79A
MB-1,CD79A
MB1,CD79A
B29,CD79B
IG-BETA,CD79B
IGB,CD79B
IGBETA,CD79B
TAPA-1,CD81
TAPA1,CD81
TSPAN28,CD81
B34I8.3,CD83P1
CD83P,CD83P1
HB15P,CD83P1
HCD84,CD84
MCD84,CD84
SLAMF5,CD84
B7-2,CD86
B7.2,CD86
CD28LG2,CD86
CD99B,CD99L2
MIC2L1,CD99L2
IGSF2,CD101
V7,CD101
BY55,CD160
NK1,CD160
NK28,CD160
M130,CD163
MM130,CD163
SCARI1,CD163
CD163B,CD163L1
M160,CD163L1
SCARI2,CD163L1
WC1,CD163L1
DFNA66,CD164
MGC-24,CD164
MUC-24,CD164
CD200R,CD200R1
HCRTR2,CD200R1
MOX2R,CD200R1
OX2R,CD200R1
CD200R2,CD200R1L
CD200RLA,CD200R1L
CLEC4K,CD207
LANGERIN,CD207
2B4,CD244
NAIL,CD244
NKR2B4,CD244
NMRK,CD244
SLAMF4,CD244
CD3-ZETA,CD247
CD3H,CD247
CD3Q,CD247
CD3Z,CD247
CD3ZETA,CD247
TCRZ,CD247
B7-H,CD274
B7-H1,CD274
B7H1,CD274
PD-L1,CD274
PDCD1LG1,CD274
PDL1,CD274
CD300LE,CD300E
CLM2,CD300E
IREM2,CD300E
CD300F,CD300LF
CLM1,CD300LF
IGSF13,CD300LF
IREM1,CD300LF
NKIR,CD300LF
CLM9,CD300LG
TREM4,CD300LG
CDD,CDA
CDA-I,CDAN1
CDAI,CDAN1
CDC5,CDC5L
CEF1,CDC5L
HCDC5,CDC5L
PCDC5RP,CDC5L
CDC7L1,CDC7
HSCDC7,CDC7
HSK1,CDC7
HUCDC7,CDC7
CDC14B1,CDC14B
CDC14B2,CDC14B
CDC14B3,CDC14B
HCDC14B,CDC14B
CDC14B2,CDC14C
CDC14BRETRO,CDC14C
CDC14CP,CDC14C
MGC26484,CDC14C
CDC20A,CDC20
P55CDC,CDC20
ANAPC3,CDC27
APC3,CDC27
D0S1430E,CDC27
D17S978E,CDC27
NUC2,CDC27
E2-CDC34,CDC34
UBC3,CDC34
UBE2R1,CDC34
CDC37B,CDC37L1
FLJ20639,CDC37L1
HARC,CDC37L1
CDC37L1-AS1,CDC37L1-DT
CDC42HS,CDC42
G25K,CDC42
FLJ23347,CDC42BPA
KIAA0451,CDC42BPA
MRCK,CDC42BPA
MRCKA,CDC42BPA
PK428,CDC42BPA
KIAA1124,CDC42BPB
MRCKB,CDC42BPB
BORG1,CDC42EP2
CEP2,CDC42EP2
BORG2,CDC42EP3
CEP3,CDC42EP3
UB1,CDC42EP3
AC006369.1,CDC42EP3-AS1
BORG4,CDC42EP4
CEP4,CDC42EP4
KAIA1777,CDC42EP4
MGC17125,CDC42EP4
MGC3740,CDC42EP4
SCIP1,CDC42SE1
SPEC1,CDC42SE1
C1ORF28,CDC73
FIHP,CDC73
HRPT1,CDC73
HRPT2,CDC73
PARAFIBROMIN,CDC73
C10ORF7,CDC123
D123,CDC123
PPP1R81,CDCA2
REPO-MAN,CDCA2
GRCC8,CDCA3
TOME-1,CDCA3
LNCCDCA3L,CDCA3P1
FLJ14736,CDCA7
JPO1,CDCA7
BOR,CDCA8
DASRAB,CDCA8
FLJ12042,CDCA8
MESRGP,CDCA8
CD324,CDH1
UVO,CDH1
UVOMORULIN,CDH1
CDHP,CDH3
PCAD,CDH3
7B4,CDH5
CD144,CDH5
CDHH,CDH13
RP11-543N12.1,CDH13-AS1
FLJ20124,CDHR2
FLJ20383,CDHR2
PC-LKC,CDHR2
PCDH24,CDHR2
PCLKC,CDHR2
CDH29,CDHR4
VLLR9392,CDHR4
CDIPT-AS1,CDIPTOSP
LNC-CTHCC,CDIPTOSP
CDC2,CDK1
CDC28A,CDK1
DOC-1,CDK2AP1
DOC1,CDK2AP1
DORC1,CDK2AP1
P12DOC-1,CDK2AP1
ST19,CDK2AP1
DOC-1R,CDK2AP2
P14,CDK2AP2
NCK5A,CDK5R1
P35,CDK5R1
P35NCK5A,CDK5R1
NCK5AI,CDK5R2
P39,CDK5R2
P39NCK5AI,CDK5R2
C53,CDK5RAP3
FLJ13660,CDK5RAP3
HSF-27,CDK5RAP3
IC53,CDK5RAP3
LZAP,CDK5RAP3
MST016,CDK5RAP3
OK/SW-CL.114,CDK5RAP3
BALR-2,CDK6-AS1
CDC2L2,CDK11A
CDC2L3,CDK11A
CDK11-P110,CDK11A
CDK11-P46,CDK11A
CDK11-P58,CDK11A
P58GTA,CDK11A
PITSLRE,CDK11A
CDC2L1,CDK11B
CDK11-P110,CDK11B
CDK11-P46,CDK11B
CDK11-P58,CDK11B
CRK7,CDK12
CRKR,CDK12
CRKRS,CDK12
KIAA0904,CDK12
CDC2L,CDK13
CDC2L5,CDK13
CHED,CDK13
KIAA1791,CDK13
ALS2CR7,CDK15
PFTAIRE2,CDK15
PFTK2,CDK15
PCTAIRE3,CDK18
PCTK3,CDK18
NKIAMRE,CDKL3
CAP20,CDKN1A
CDKN1,CDKN1A
CIP1,CDKN1A
P21,CDKN1A
P21CIP1,CDKN1A
P21CIP1/WAF1,CDKN1A
SDI1,CDKN1A
WAF1,CDKN1A
KIP1,CDKN1B
P27KIP1,CDKN1B
ARF,CDKN2A
CDK4I,CDKN2A
CDKN2,CDKN2A
CMM2,CDKN2A
INK4,CDKN2A
INK4A,CDKN2A
MLM,CDKN2A
MTS1,CDKN2A
P14,CDKN2A
P14ARF,CDKN2A
P16,CDKN2A
P16-INK4A,CDKN2A
P16INK4A,CDKN2A
P19,CDKN2A
P19ARF,CDKN2A
BA149I2.3,CDKN2A-DT
C9ORF53,CDKN2A-DT
CDKN2A-AS1,CDKN2A-DT
C2AIL,CDKN2AIPNL
MGC13017,CDKN2AIPNL
CDK4I,CDKN2B
INK4B,CDKN2B
MTS2,CDKN2B
P15,CDKN2B
P15INK4B,CDKN2B
TP15,CDKN2B
ANRIL,CDKN2B-AS1
CDKN2B-AS,CDKN2B-AS1
CDKN2BAS,CDKN2B-AS1
NCRNA00089,CDKN2B-AS1
P15AS,CDKN2B-AS1
PCAT12,CDKN2B-AS1
RP11-145E5.4,CDKN2B-AS1
INK4D,CDKN2D
P19,CDKN2D
CDO,CDON
CDON1,CDON
IHOG,CDON
ORCAM,CDON
CDR62,CDR2
YO,CDR2
HUMPPA,CDR2L
FLJ36674,CDRT4
DUP,CDT1
RIS2,CDT1
H41,CDV3
CD66D,CEACAM3
CGM1,CEACAM3
CD66E,CEACAM5
CEA,CEACAM5
CD66C,CEACAM6
NCA,CEACAM6
DFNA4B,CEACAM16
CEAL1,CEACAM19
UNQ9366,CEACAM20
CGM13,CEACAMP6
CGM14,CEACAMP7
CGM15,CEACAMP8
CGM16,CEACAMP9
C/EBP-ALPHA,CEBPA
CEBP,CEBPA
ADINR,CEBPA-DT
CEBPA-AS1,CEBPA-DT
C/EBP-DELTA,CEBPD
CELF,CEBPD
CRP3,CEBPD
NF-IL6-BETA,CEBPD
CRP1,CEBPE
GPE1BP,CEBPG
IG/EBP-1,CEBPG
CBF2,CEBPZ
CTF2,CEBPZ
CEBPZ-AS1,CEBPZOS
FEDORA,CEDORA
RP11-298D21.1,CEDORA
ELA2A,CELA2A
ELA2B,CELA2B
RP11-265F14.2,CELA2B
ELA3,CELA3A
ELA3A,CELA3A
CBPP,CELA3B
ELA3B,CELA3B
BRUNOL2,CELF1
CUG-BP,CELF1
CUGBP,CELF1
CUGBP1,CELF1
EDEN-BP,CELF1
HNAB50,CELF1
NAB50,CELF1
NAPOR,CELF1
BRUNOL1,CELF3
CAGH4,CELF3
ERDA4,CELF3
MGC57297,CELF3
TNRC4,CELF3
CELL,CELP
ADGRC2,CELSR2
CDHF10,CELSR2
EGFL2,CELSR2
FLAMINGO1,CELSR2
KIAA0279,CELSR2
MEGF3,CELSR2
ADGRC3,CELSR3
CDHF11,CELSR3
EGFL1,CELSR3
FMI1,CELSR3
HFMI1,CELSR3
MEGF2,CELSR3
CENH3,CENPA
CENP-A,CENPA
CENPBD1,CENPBD1P
MGC16385,CENPBD1P
CENPC,CENPCP1
CENPC1P1,CENPCP1
CENPC2,CENPCP1
KIF10,CENPE
PPP1R61,CENPE
HCP-1,CENPF
C1ORF155,CENPL
DJ383J4.3,CENPL
FLJ31044,CENPL
CENP-O,CENPO
MGC11266,CENPO
APITD1,CENPS
CENP-S,CENPS
FAAP16,CENPS
MHF1,CENPS
APITD1-CORT,CENPS-CORT
C16ORF56,CENPT
CENP-T,CENPT
FLJ13111,CENPT
CENP-V,CENPV
P30,CENPV
PRR6,CENPV
CENP-X,CENPX
FAAP10,CENPX
MGC14480,CENPX
MHF2,CENPX
STRA13,CENPX
C3ORF34,CEP19
MGC14126,CEP19
FGFR1OP,CEP43
FOP,CEP43
BA487F23.2,CEP57L1
C6ORF182,CEP57L1
MGC21731,CEP57L1
FLJ13386,CEP63
KIAA0582,CEP68
CCDC41,CEP83
NPHP18,CEP83
NY-REN-58,CEP83
CCDC21,CEP85
DKFZP434L0117,CEP85
CCDC45,CEP95
DKFZP667E1824,CEP95
FLJ23047,CEP97
LRRIQ2,CEP97
CFAP256,CEP104
GLYBP,CEP104
JBTS25,CEP104
KIAA0562,CEP104
ROC22,CEP104
RP1-286D6.4,CEP104
CCDC46,CEP112
MGC33887,CEP112
CEP4,CEP135
FLJ13621,CEP135
KIAA0635,CEP135
C6ORF84,CEP162
KIAA1009,CEP162
QN1,CEP162
3H11AG,CEP290
BBS14,CEP290
CT87,CEP290
FLJ13615,CEP290
JBTS5,CEP290
KIAA0373,CEP290
LCA10,CEP290
MKS4,CEP290
NPHP6,CEP290
POC3,CEP290
RD16,CEP290
SLSN6,CEP290
DDC8,CEP295NL
KIAA1731NL,CEP295NL
CAP350,CEP350
KIAA0480,CEP350
RP26,CERKL
LAG1,CERS1
LASS1,CERS1
UOG1,CERS1
FLJ10243,CERS2
LASS2,CERS2
SP260,CERS2
FLJ25304,CERS5
LASS5,CERS5
MGC45411,CERS5
TRH4,CERS5
LASS6,CERS6
CERT,CERT1
COL4A3BP,CERT1
GPBP,CERT1
STARD11,CERT1
CE-2,CES2
CES2A1,CES2
ICE,CES2
ES31,CES3
FLJ21736,CES3
CES8,CES4A
FLJ37464,CES4A
C3ORF67,CFAP20DC
FLJ42117,CFAP20DC
FLJ42930,CFAP20DC
BARTL1,CFAP36
CCDC104,CFAP36
MGC15407,CFAP36
CCDC19,CFAP45
NESG1,CFAP45
BA288G11.4,CFAP46
BA288G11.5,CFAP46
BB137A17.2,CFAP46
BB137A17.3,CFAP46
C10ORF123,CFAP46
C10ORF124,CFAP46
C10ORF92,CFAP46
C10ORF93,CFAP46
DKFZP434A1721,CFAP46
FLJ25954,CFAP46
TTC40,CFAP46
CCDC11P1,CFAP53P1
FLJ32000,CFAP57
WDR65,CFAP57
CCDC147-AS1,CFAP58-DT
CFAP58-AS1,CFAP58-DT
LNCITPRIP-1,CFAP58-DT
CCDC108,CFAP65
DKFZP434O0527,CFAP65
MGC35338,CFAP65
CCDC42B,CFAP73
MIA2,CFAP73
C1ORF222,CFAP74
FLJ45476,CFAP74
KIAA1751,CFAP74
C9ORF171,CFAP77
FLJ46082,CFAP77
AAT-1,CFAP91
AAT1,CFAP91
AAT1ALPHA,CFAP91
C3ORF15,CFAP91
CAM-IP2,CFAP91
MAATS1,CFAP91
SPATA26,CFAP91
FAP92,CFAP92
FLJ43738,CFAP92
KIAA1257,CFAP92
C9ORF135-AS1,CFAP95-DT
C9ORF135-DT,CFAP95-DT
DKFZP434F1728,CFAP97
HMW,CFAP97
KIAA1430,CFAP97
C17ORF105,CFAP97D1
CCDC37,CFAP100
FLJ40083,CFAP100
MIA1,CFAP100
CCDC37-AS1,CFAP100-DT
CCDC37-DT,CFAP100-DT
C1ORF158,CFAP107
MGC35194,CFAP107
C1ORF192,CFAP126
FLATTOP,CFAP126
FLTP,CFAP126
C1ORF189,CFAP141
C6ORF165,CFAP206
DJ382I10.1,CFAP206
FLJ25974,CFAP206
C2ORF77,CFAP210
CCDC173,CFAP210
LOC129881,CFAP210
CAM-IP4,CFAP251
MGC33630,CFAP251
WDR66,CFAP251
C1ORF194,CFAP276
C4ORF22,CFAP299
C11ORF70,CFAP300
DNAAF17,CFAP300
FBB5,CFAP300
MGC13040,CFAP300
BBS21,CFAP418
C8ORF37,CFAP418
CORD16,CFAP418
FAP418,CFAP418
FLJ30600,CFAP418
MOT25,CFAP418
RP64,CFAP418
C8ORF37-AS1,CFAP418-AS1
TOSPEAK,CFAP418-AS1
CRYPTIC,CFC1
HTX2,CFC1
ARMD4,CFH
ARMS1,CFH
FHL1,CFH
HF,CFH
HF1,CFH
HF2,CFH
HUS,CFH
CFHL,CFHR1
CFHL1,CFHR1
CFHL1P,CFHR1
CFHR1P,CFHR1
FHR1,CFHR1
H36-1,CFHR1
H36-2,CFHR1
HFL1,CFHR1
HFL2,CFHR1
CFHL3,CFHR3
DOWN16,CFHR3
FHR-3,CFHR3
FHR3,CFHR3
HLF4,CFHR3
CFHL4,CFHR4
FHR-4,CFHR4
FHR4,CFHR4
C3B-INA,CFI
FI,CFI
IF,CFI
KAF,CFI
CFL,CFL1
CFLL2,CFL1P2
CFLP2,CFL1P2
CFLL3,CFL1P3
CFLP3,CFL1P3
CFLL4,CFL1P4
CFLP4,CFL1P4
CFLP6,CFL1P6
NEM7,CFL2
C-FLIP,CFLAR
CASH,CFLAR
CASP8AP1,CFLAR
CASPER,CFLAR
CFLIP,CFLAR
CLARP,CFLAR
FLAME,CFLAR
FLIP,CFLAR
I-FLICE,CFLAR
MRIT,CFLAR
ALS2CR10,CFLAR-AS1
ABC35,CFTR
ABCC7,CFTR
CF,CFTR
CFTR/MRP,CFTR
DJ760C5.1,CFTR
MRP7,CFTR
TNR-CFTR,CFTR
BGAS,CFTR-AS1
FSHA,CGA
GPA1,CGA
GPHA,CGA
GPHA1,CGA
HCG,CGA
LHA,CGA
TSHA,CGA
CGB,CGB3
CG-BETA-A,CGB7
CGGBP,CGGBP1
P20-CGGBP,CGGBP1
KIAA1319,CGN
FLJ14957,CGNL1
JACOP,CGNL1
KIAA1749,CGNL1
PCING,CGNL1
CGR11,CGREF1
CGR19,CGRRF1
RNF197,CGRRF1
MGC4504,CHAC1
GCG1,CHAC2
SLRR4A,CHAD
LINC01578,CHASERR
FLJ31709,CHCHD4
MIA40,CHCHD4
TIMM40,CHCHD4
C2ORF9,CHCHD5
MGC11104,CHCHD5
MIC14,CHCHD5
MIX14,CHCHD5
C17ORF64,CHCT1
LINC02062,CHD1-DT
ALC1,CHD1L
DKFZP547I1315,CHD2
DKFZP686E01200,CHD2
DKFZP781D1727,CHD2
FLJ38614,CHD2
MI-2A,CHD3
MI2-ALPHA,CHD3
ZFH,CHD3
MI-2B,CHD4
MI2-BETA,CHD4
CRG,CHD7
FLJ20357,CHD7
FLJ20361,CHD7
KIAA1416,CHD7
BC022889,CHD9
FLJ12178,CHD9
KIAA0308,CHD9
PR-LNCRNA-1,CHD9NB
CHK1,CHEK1
FLJ10796,CHFR
RNF196,CHFR
GP39,CHI3L1
YK-40,CHI3L1
YKL40,CHI3L1
YKL-39,CHI3L2
YKL39,CHI3L2
BTL,CHIC2
CHI3,CHIT1
CHIT,CHIT1
CHK,CHKA
CKI,CHKA
REP-2,CHML
BC-2,CHMP2A
CHMP2,CHMP2A
VPS2,CHMP2A
VPS2A,CHMP2A
CHMP2.5,CHMP2B
DKFZP564O123,CHMP2B
VPS2B,CHMP2B
CGI-149,CHMP3
NEDF,CHMP3
VPS24,CHMP3
MGC22825,CHMP4C
SHAX3,CHMP4C
VPS32C,CHMP4C
C9ORF83,CHMP5
CGI-34,CHMP5
HSPC177,CHMP5
SNF7DC2,CHMP5
VPS60,CHMP5
FLJ11749,CHMP6
VPS20,CHMP6
ARHGAP2,CHN1
CHN,CHN1
DURS2,CHN1
N-CHIMERIN,CHN1
RHOGAP2,CHN1
ARHGAP3,CHN2
RHOGAP3,CHN2
CHSY2,CHPF
CSS2,CHPF
CHSY-3,CHPF2
CSGLCA-T,CHPF2
KIAA1402,CHPF2
BNF1,CHRDL2
CHRNA,CHRNA1
NACHRA9,CHRNA9
ACHRD,CHRND
ACHRE,CHRNE
ACHRG,CHRNG
CHROME,CHROMR
PRKRA-AS1,CHROMR
C6ST,CHST1
KSGAL6ST,CHST1
C6ST,CHST3
C6ST1,CHST3
HEC-GLCNAC-6-ST,CHST4
LSST,CHST4
FLJ22167,CHST5
I-GLCNAC-6-ST,CHST5
HNK-1ST,CHST10
C4S-2,CHST12
C4ST2,CHST12
C4ST3,CHST13
CTF8,CHTF8
FLJ20400,CHTF8
C16ORF41,CHTF18
C321D2.4,CHTF18
CHL12,CHTF18
CTF18,CHTF18
C1ORF77,CHTOP
DKFZP547E1010,CHTOP
FOP,CHTOP
SRAG,CHTOP
IKBKA,CHUK
IKK-ALPHA,CHUK
IKK1,CHUK
IKKA,CHUK
NFKBIKA,CHUK
TCF16,CHUK
FAM96AP2,CIAO2AP2
CGI-128,CIAO2B
CIA2B,CIAO2B
FAM96B,CIAO2B
MIP18,CIAO2B
BC017397,CIART
C1ORF51,CIART
CHRONO,CIART
CIB,CIB1
KIP,CIB1
SIP2-28,CIB1
FAM92A1P1,CIBAR1P1
FAM92A2,CIBAR1P1
FAM92B,CIBAR2
FLJ44299,CIBAR2
KIAA0306,CIC
CIDE-3,CIDEC
FLJ20871,CIDEC
FSP27,CIDEC
CICE,CIDECP1
CIDECP,CIDECP1
C2TA,CIITA
MHC2TA,CIITA
NLRA,CIITA
KIAA1524,CIP2A
CIR,CIR1
CIRP,CIRBP
C19ORF23,CIRBP-AS1
MGC39338,CIRBP-AS1
C10ORF70,CISD1
MDS029,CISD1
MITONEET,CISD1
ZCD1,CISD1
CIS,CISH
CIS-1,CISH
G18,CISH
SOCS,CISH
CITK,CIT
CRIK,CIT
KIAA0949,CIT
STK21,CIT
MSG1,CITED1
MRG1,CITED2
FLJ40629,CKAP2L
RADMIS,CKAP2L
CH-TOG,CKAP5
KIAA0097,CKAP5
TOG,CKAP5
TOGP,CKAP5
CKS1,CKS1B
CKSHS1,CKS1B
CKS1,CKS1BP7
CKS1A,CKS1BP7
KIAA0622,CLASP1
MAST1,CLASP1
KIAA0627,CLASP2
CLASP,CLASRP
SFRS16,CLASRP
SWAP2,CLASRP
GAL-10,CLC
LGALS10,CLC
MGC149659,CLC
CACC,CLCA1
CLCRG1,CLCA1
CLCRG2,CLCA2
CACC2,CLCA4
MCLC,CLCC1
CLC-1,CLCN1
CLC1,CLCN1
CLC-3,CLCN3
CLC3,CLCN3
CLC-6,CLCN6
KIAA0046,CLCN6
CLC-7,CLCN7
CLC7,CLCN7
OPTA2,CLCN7
PPP1R63,CLCN7
HCLC-KA,CLCNKA
HCLC-KB,CLCNKB
ILVASC,CLDN1
SEMP1,CLDN1
CPE-R,CLDN4
CPETR,CLDN4
CPETR1,CLDN4
HCPE-R,CLDN4
WBSCR8,CLDN4
OSP,CLDN11
OTM,CLDN11
HOMG3,CLDN16
PCLN1,CLDN16
SFTPJ,CLDN18
MGC33839,CLDND2
CLEC-2,CLEC1B
CLEC2,CLEC1B
INPE5792,CLEC2A
KACL,CLEC2A
PILAR,CLEC2A
UNQ5792,CLEC2A
AICL,CLEC2B
CLECSF2,CLEC2B
HP10085,CLEC2B
CLAX,CLEC2D
LLT1,CLEC2D
OCIL,CLEC2D
CLECSF1,CLEC3A
TN,CLEC3B
TNA,CLEC3B
CD367,CLEC4A
CLECSF6,CLEC4A
DCIR,CLEC4A
DDB27,CLEC4A
HDCIR,CLEC4A
BDCA2,CLEC4C
CD303,CLEC4C
CLECSF11,CLEC4C
CLECSF7,CLEC4C
DLEC,CLEC4C
HECL,CLEC4C
CLECSF13,CLEC4F
FLJ39110,CLEC4F
KCLR,CLEC4F
LSECTIN,CLEC4G
UNQ431,CLEC4G
CLEC4O,CLEC4OP
LINC01835,CLEC4OP
CD301,CLEC10A
CLECSF13,CLEC10A
CLECSF14,CLEC10A
HML,CLEC10A
HML2,CLEC10A
CLECSF3,CLEC11A
LSLCL,CLEC11A
P47,CLEC11A
SCGF,CLEC11A
CD371,CLEC12A
CLL-1,CLEC12A
DCAL-2,CLEC12A
MICL,CLEC12A
GOP-1,CLEC16A
KIAA0350,CLEC16A
MRCL,CLEC18A
MRCL2,CLEC18B
FLJ44005,CLEC20A
LINC00083,CLEC20A
NCRNA00083,CLEC20A
RP4-593C16.2,CLEC20A
CLECL1,CLECL1P
DCAL1,CLECL1P
C2ORF63,CLHC1
FLJ31438,CLHC1
CLIC4L,CLIC4
DKFZP566G223,CLIC4
H1,CLIC4
HUH1,CLIC4
P64H1,CLIC4
CLIP,CLIP1
CLIP-170,CLIP1
CLIP170,CLIP1
CYLN1,CLIP1
RSN,CLIP1
CLIPR-59,CLIP3
RSNL1,CLIP3
FLJ21069,CLIP4
RSNL2,CLIP4
CLK2P,CLK2P1
CLLU1OS,CLLU1-AS1
MIST,CLNK
HCLP1,CLP1
HEAB,CLP1
ANKCLB,CLPB
FLJ13152,CLPB
HSP78,CLPB
SKD3,CLPB
C6ORF127,CLPSL1
DJ510O8.6,CLPSL1
C6ORF126,CLPSL2
DJ510O8.5,CLPSL2
UNQ3045,CLPSL2
RP61,CLRN1
USH3,CLRN1
USH3A,CLRN1
DFNB117,CLRN2
MGC32871,CLRN3
TMEM12,CLRN3
USH3AL1,CLRN3
CDHR12,CLSTN1
CSTN1,CLSTN1
KIAA0911,CLSTN1
LCA,CLTA
LCB,CLTB
CLTCL2,CLTC
HC,CLTC
APOJ,CLU
CLI,CLU
CLU1,CLU
CLU2,CLU
KUB1,CLU
SGP-2,CLU
SP-40,CLU
TRPM-2,CLU
CLU1,CLUH
KIAA0664,CLUH
C16ORF67,CLUHP3
KIAA0664L3,CLUHP3
KIAA0664P3,CLUHP3
MGC3020,CLUHP3
KIAA0664L4,CLUHP4
KIAA0664P4,CLUHP4
BA160A10.4,CLVS2
C6ORF212,CLVS2
C6ORF213,CLVS2
RLBP1L2,CLVS2
CMAH,CMAHP
FLJ23617,CMBL
CMPK,CMPK1
UMP-CMPK,CMPK1
NDK,CMPK2
TYKI,CMPK2
UMP-CMPK2,CMPK2
CKLFH,CMTM1
CKLFH1A,CMTM1
CKLFSF1,CMTM1
AFT,CMTR2
FLJ11171,CMTR2
FTSJD1,CMTR2
MTR2,CMTR2
FLJ35802,CNBD1
C16ORF69,CNEP1R1
FLJ38101,CNEP1R1
NEP1-R1,CNEP1R1
TMEM188,CNEP1R1
ACHM2,CNGA3
CCNC1,CNGA3
CCNCA,CNGA3
CNCG3,CNGA3
CNG3,CNGA3
CNCA2,CNGA4
CNG5,CNGA4
CNGB2,CNGA4
OCNC2,CNGA4
OCNCB,CNGA4
CNCG2,CNGB1
CNCG3L,CNGB1
CNGB1B,CNGB1
GAR1,CNGB1
GARP,CNGB1
RCNC2,CNGB1
RCNCB,CNGB1
RP45,CNGB1
CNIH-3,CNIH3
FLJ38993,CNIH3
HSPC163,CNIH4
CNN2P5,CNN2P4
ACDP1,CNNM1
ACDP3,CNNM3
LOC100506036,CNNM3-DT
ACDP4,CNNM4
KIAA1592,CNNM4
AD-005,CNOT1
CDC39,CNOT1
KIAA1007,CNOT1
NOT1,CNOT1
NOT1H,CNOT1
CDC36,CNOT2
NOT2,CNOT2
NOT2H,CNOT2
CLONE243,CNOT4
NOT4,CNOT4
NOT4H,CNOT4
CCR4B,CNOT6L
DKFZP434K098,CNOT6L
CAF40,CNOT9
CT129,CNOT9
RCD1,CNOT9
RCD1+,CNOT9
RQCD1,CNOT9
C2ORF24,CNPPD1
CGI-57,CNPPD1
HP10390,CNPY2
TMEM4,CNPY2
ZSIG9,CNPY2
CAG4A,CNPY3
TNRC5,CNPY3
CB2,CNR2
C2ORF32,CNRIP1
CRIP1,CNRIP1
CRIP1A,CNRIP1
CRIP1B,CNRIP1
DKFZP566K1924,CNRIP1
F3,CNTN1
GP135,CNTN1
AXT,CNTN2
TAG-1,CNTN2
TAX,CNTN2
TAX1,CNTN2
BIG-1,CNTN3
PANG,CNTN3
HNB-2,CNTN5
NB-2,CNTN5
CASPR,CNTNAP1
CNTNAP,CNTNAP1
NRXN4,CNTNAP1
P190,CNTNAP1
CASPR5,CNTNAP5
FLJ31966,CNTNAP5
C7ORF44,COA1
FLJ10803,COA1
MITRAC15,COA1
C2ORF64,COA5
FLJ27524,COA5
MGC52110,COA5
PET191,COA5
C1ORF31,COA6
DPCK,COASY
NBP,COASY
PPAT,COASY
KIAA0633,COBL
KIAA0977,COBLL1
KIAA1381,COG1
LDLB,COG1
LDLC,COG2
COD1,COG4
DKFZP586E1519,COG4
OI4,COL1A1
OI4,COL1A2
AOM,COL2A1
SEDC,COL2A1
STL1,COL2A1
CA44,COL4A4
BA54A22.4,COL5A1-AS1
C9ORF104,COL5A1-AS1
COL6A4,COL6A4P1
COL6A4P,COL6A4P1
DIVA,COL6A4P1
DVWA,COL6A4P1
VWA6,COL6A4P1
COL29A1,COL6A5
FLJ35880,COL6A5
VWA4,COL6A5
EBD1,COL7A1
EBDCT,COL7A1
EBR1,COL7A1
FECD,COL8A2
FECD1,COL8A2
PPCD,COL8A2
PPCD2,COL8A2
EDM2,COL9A2
MED,COL9A2
CO11A1,COL11A1
COLL6,COL11A1
DFNA37,COL11A1
STL2,COL11A1
BP180,COL17A1
BPAG2,COL17A1
C11ORF92,COLCA1
CASC12,COLCA1
FLJ45803,COLCA1
CL-11,COLEC11
CL-K1,COLEC11
MGC3279,COLEC11
FLJ22329,COLGALT1
GLT25D1,COLGALT1
C1ORF17,COLGALT2
GLT25D2,COLGALT2
KIAA0584,COLGALT2
EAD,COLQ
COMET,COMETT
LINC01510,COMETT
C2ORF5,COMMD1
MGC27155,COMMD1
MURR1,COMMD1
FLJ20452,COMMD4
EDM1,COMP
EPD1,COMP
MED,COMP
PSACH,COMP
THBS5,COMP
FLJ23841,COMTD1
HEP-COP,COPA
BETA'-COP,COPB2
BETAPRIME-COP,COPB2
EPSILON-COP,COPE
COPG,COPG1
CIT1,COPG2IT1
COPG2AS,COPG2IT1
NCRNA00170,COPG2IT1
CSN7B,COPS7B
CSNAP,COPS9
MYEOV2,COPS9
CGI-120,COPZ1
COPZ,COPZ1
MGC23008,COPZ2
CGI-10,COQ6
ADCK3,COQ8A
CABC1,COQ8A
COQ8,COQ8A
SCAR9,COQ8A
ADCK4,COQ8B
COQ8,COQ8B
FLJ12229,COQ8B
FLJ32452,COQ10A
FLJ13448,COQ10B
CORONIN-1,CORO1A
HCORO1,CORO1A
P57,CORO1A
CORONIN-3,CORO1C
HCRNN4,CORO1C
IR10,CORO2A
WDR2,CORO2A
CLIPINC,CORO2B
KIAA0925,CORO2B
CLIPINE,CORO6
FLJ14871,CORO6
MGC32686,CORT
SST2,CORT
CLPSMCR,COTL1P1
CLPSMCR,COTL1P2
COX4,COX4I1
COX4-1,COX4I1
COXIV,COX4I1
COXIV-1,COX4I1
COX5BL3,COX5BP3
COX5BL4,COX5BP4
COX6B,COX6B1
COXG,COX6B1
COX6BP1,COX6B1P1
COX7AL,COX7A2
COXVIIA-L,COX7A2
COX8-1,COX8BP
COX8B,COX8BP
COX8H,COX8BP
COX10-AS,COX10-DT
COX10-AS1,COX10-DT
COX10AS,COX10-DT
C12ORF62,COX14
MGC14288,COX14
CEMCOX2,COX15
FAM36A,COX20
FLJ43269,COX20
BA119F7.2,COX20P1
FAM36B,COX20P1
CPA,CPA1
K-CAP,CPAMD8
KIAA1283,CPAMD8
VIP,CPAMD8
CPX-I,CPLX1
CPX-2,CPLX2
DKFZP547D155,CPLX2
ACBP,CPN2
COPN4,CPNE4
CPN4,CPNE4
COPN5,CPNE5
CPN5,CPNE5
KIAA1599,CPNE5
KIAA4217,CPNE9
CSTP1,CPPED1
FLJ11151,CPPED1
GATD6,CPS1
CPS1-IT,CPS1-IT1
CPS1IT,CPS1-IT1
PRO0132,CPS1-IT1
CPSF-73,CPSF3
CPSF73,CPSF3
YSH1,CPSF3
CFIM59,CPSF7
FLJ12529,CPSF7
GLTPD1,CPTP
MGC10334,CPTP
CD35,CR1
KN,CR1
C3DR,CR2
CD21,CR2
CRABP-II,CRABP2
CRAD,CRACD
KIAA1211,CRACD
LCA8,CRB1
RP12,CRB1
MRT2,CRBN
MRT2A,CRBN
C1ORF42,CRCT1
NICE-1,CRCT1
BBF2H7,CREB3L2
TCAG_1951439,CREB3L2
CREB-H,CREB3L3
CREBH,CREB3L3
AIBZIP,CREB3L4
ATCE1,CREB3L4
CREB3,CREB3L4
CREB4,CREB3L4
HJAL,CREB3L4
C5ORF41,CREBRF
LRF,CREBRF
ZF,CREBZF
CREG,CREG1
AVSD2,CRELD1
CIRRIN,CRELD1
HCREM-2,CREM
CRF-BP,CRHBP
CRFBP,CRHBP
HSPC139,CRIPT
DKFZP434B044,CRISPLD2
LCRISP2,CRISPLD2
LGL1,CRISPLD2
CISS,CRLF1
CISS1,CRLF1
CLF,CRLF1
CLF-1,CRLF1
CREME9,CRLF3
CYTOR4,CRLF3
DPYSL1,CRMP1
DRP-1,CRMP1
CRNDEP,CRNDE
LINC00180,CRNDE
LOC643911,CRNDE
C1ORF10,CRNN
SEP53,CRNN
CROCC1,CROCC
ROLT,CROCC
ROOTLETIN,CROCC
MGC12760,CROCCP2
PTX1,CRP
ASPIC1,CRTAC1
CEP-68,CRTAC1
FLJ10320,CRTAC1
CASP,CRTAP
LEPREL3,CRTAP
P3H5,CRTAP
TORC2,CRTC2
FLJ21868,CRTC3
CORD2,CRX
CRD,CRX
LCA7,CRX
OTX3,CRX
CRYB1,CRYBA1
AIM1L,CRYBG2
FLJ38020,CRYBG2
DKFZP667G2110,CRYBG3
CRYG6,CRYGFP
CRYGFP1,CRYGFP
P1,CRYGFP
CRYG8,CRYGS
CSD,CSAD
PCAP,CSAD
CSAG3B,CSAG2
CT24.2,CSAG2
TRAG3,CSAG2
D1S155E,CSDE1
UNR,CSDE1
CD114,CSF3R
GCSFR,CSF3R
CHGN,CSGALNACT1
CSGALNACT-1,CSGALNACT1
FLJ11264,CSGALNACT1
CSA,CSH1
CSMT,CSH1
FLJ75407,CSH1
HCS-A,CSH1
PL,CSH1
CS-2,CSH2
CSB,CSH2
HCS-B,CSH2
CS-5,CSHL1
CSHP1,CSHL1
CSL,CSHL1
HCS-L,CSHL1
MGC149868,CSHL1
CS-KMT,CSKMT
METTL12,CSKMT
U99HG,CSKMT
KIAA1884,CSMD2
ENST00000434181,CSMD2-AS1
CASB,CSN2
CSN10,CSN3
CK1,CSNK1A1
CK1A,CSNK1A1
CK1ALPHA,CSNK1A1
CKIA,CSNK1A1
CKIALPHA,CSNK1A1
CKID,CSNK1D
CKIDELTA,CSNK1D
HCKID,CSNK1D
NGC,CSPG5
AXUD1,CSRNP1
DKFZP566F164,CSRNP1
FAM130B,CSRNP1
TAIP-3,CSRNP1
URAX1,CSRNP1
C12ORF2,CSRNP2
C12ORF22,CSRNP2
FAM130A1,CSRNP2
PPP1R72,CSRNP2
TAIP-12,CSRNP2
CSRP,CSRP1
CYRP,CSRP1
D1S181E,CSRP1
STF1,CSTA
STFA,CSTA
CSTF-64,CSTF2
CSTF-77,CSTF3
CSTF3-AS1,CSTF3-DT
BARS,CTBP1
PCAT10,CTBP1-AS
C4ORF42,CTBP1-DT
CTBP1-AS1,CTBP1-DT
CTBP1-AS2,CTBP1-DT
MGC21675,CTBP1-DT
RIBEYE,CTBP2
CTB,CTBS
AAF132,CTC1
C17ORF68,CTC1
FLJ22170,CTC1
CFAP108,CTCF
FAP108,CTCF
DULLARD,CTDNEP1
HSA011916,CTDNEP1
NET56,CTDNEP1
NLIIF,CTDSP1
SCP1,CTDSP1
C3ORF8,CTDSPL
HYA22,CTDSPL
PSR1,CTDSPL
RBSP3,CTDSPL
SCP3,CTDSPL
CSE,CTH
CD,CTLA4
CD152,CTLA4
CELIAC3,CTLA4
CTLA-4,CTLA4
GSE,CTLA4
IDDM12,CTLA4
CAP-R,CTNNA2
CT114,CTNNA2
ARMADILLO,CTNNB1
BETA-CATENIN,CTNNB1
CTNNB,CTNNB1
ICAT,CTNNBIP1
MGC15093,CTNNBIP1
CTNND,CTNND1
KIAA0384,CTNND1
P120,CTNND1
P120CAS,CTNND1
P120CTN,CTNND1
GT24,CTNND2
NPRAP,CTNND2
CTNS-LSB,CTNS
PQLC4,CTNS
SLC66A4,CTNS
CTPS,CTPS1
GATD5A,CTPS1
CLCR,CTRC
ELA4,CTRC
DPP1,CTSC
PALS,CTSC
PLS,CTSC
CLN10,CTSD
CPSD,CTSD
CATSF,CTSF
CLN13,CTSF
CTSO,CTSK
CTSO2,CTSK
PKND,CTSK
PYCD,CTSK
CTSL3,CTSL3P
HCTSL-S,CTSL3P
CTSL1P3,CTSLP3
CTSLL3,CTSLP3
BA564C4.3,CTSLP4
CTSL1P4,CTSLP4
CTSLL4,CTSLP4
OTTHUMG00000018237,CTSLP4
C7ORF8,CTTNBP2
CORTBP2,CTTNBP2
KIAA1758,CTTNBP2
ORF4,CTTNBP2
ATPBD3,CTU1
MGC17332,CTU1
NCS6,CTU1
C16ORF84,CTU2
NCS2,CTU2
DJ20C7.5,CUL7
KIAA0076,CUL7
PSMD5-AS1,CUTALP
CGI-32,CUTC
CASP,CUX1
CDP,CUX1
CDP/CUT,CUX1
CDP/CUX,CUX1
CDP1,CUX1
CLOX,CUX1
CUT,CUX1
CUTL1,CUX1
CUX,CUX1
CUX/CDP,CUX1
GOLIM6,CUX1
AD002,CWC15
C11ORF5,CWC15
CWF15,CWC15
HSPC148,CWC15
NY-CO-10,CWC27
SDCCAG-10,CWC27
SDCCAG10,CWC27
FLJ10998,CWF19L1
HDRN1,CWF19L1
FLJ32343,CWF19L2
CCRL1,CX3CR1
CMKBRL1,CX3CR1
CMKDR1,CX3CR1
GPR13,CX3CR1
V28,CX3CR1
FSP,CXCL1
GRO1,CXCL1
GROA,CXCL1
MGSA,CXCL1
MGSA-A,CXCL1
NAP-3,CXCL1
SCYB1,CXCL1
CXCL1P,CXCL1P1
GRO1P,CXCL1P1
GROP,CXCL1P1
MGSAP,CXCL1P1
SCYB1P,CXCL1P1
CINC-2A,CXCL2
GRO2,CXCL2
GROB,CXCL2
MGSA-B,CXCL2
MIP-2A,CXCL2
SCYB2,CXCL2
CINC-2B,CXCL3
GRO3,CXCL3
GROG,CXCL3
MIP-2B,CXCL3
SCYB3,CXCL3
ENA-78,CXCL5
SCYB5,CXCL5
3-10C,CXCL8
AMCF-I,CXCL8
B-ENAP,CXCL8
GCP-1,CXCL8
GCP1,CXCL8
IL-8,CXCL8
IL8,CXCL8
K60,CXCL8
LECT,CXCL8
LUCT,CXCL8
LYNAP,CXCL8
MDNCF,CXCL8
MONAP,CXCL8
NAF,CXCL8
NAP-1,CXCL8
NAP1,CXCL8
SCYB8,CXCL8
TSG-1,CXCL8
CMK,CXCL9
CRG-10,CXCL9
HUMIG,CXCL9
MIG,CXCL9
SCYB9,CXCL9
C7,CXCL10
CRG-2,CXCL10
GIP-10,CXCL10
IFI10,CXCL10
INP10,CXCL10
IP-10,CXCL10
MOB-1,CXCL10
SCYB10,CXCL10
B-R1,CXCL11
H174,CXCL11
I-TAC,CXCL11
IP-9,CXCL11
SCYB11,CXCL11
SCYB9B,CXCL11
PBSF,CXCL12
SCYB12,CXCL12
SDF-1A,CXCL12
SDF-1B,CXCL12
SDF1,CXCL12
SDF1A,CXCL12
SDF1B,CXCL12
TLSF-A,CXCL12
TLSF-B,CXCL12
TPAR1,CXCL12
ANGIE,CXCL13
ANGIE2,CXCL13
BCA-1,CXCL13
BLC,CXCL13
BLR1L,CXCL13
SCYB13,CXCL13
BMAC,CXCL14
BOLEKINE,CXCL14
BRAK,CXCL14
KEC,CXCL14
KS1,CXCL14
MIP-2G,CXCL14
NJAC,CXCL14
SCYB14,CXCL14
CXCLG16,CXCL16
SR-PSOX,CXCL16
SRPSOX,CXCL16
CD181,CXCR1
CDW128A,CXCR1
CKR-1,CXCR1
CMKAR1,CXCR1
IL8RA,CXCR1
CD182,CXCR2
CMKAR2,CXCR2
IL8RB,CXCR2
CXCR2P,CXCR2P1
IL8RBP,CXCR2P1
CD184,CXCR4
D2S201E,CXCR4
FUSIN,CXCR4
HM89,CXCR4
HSY3RR,CXCR4
LESTR,CXCR4
NPY3R,CXCR4
NPYR,CXCR4
NPYY3R,CXCR4
BLR1,CXCR5
CD185,CXCR5
MDR15,CXCR5
BONZO,CXCR6
CD186,CXCR6
STRL33,CXCR6
TYMSTR,CXCR6
CXORF25,CXXC1P1
FLJ36789,CXXC1P1
IDAX,CXXC4
HSPC195,CXXC5
RINF,CXXC5
WID,CXXC5
CYB5P2,CYB5AP2
CYB5-M,CYB5B
HUMB5R2,CYB5R1
NQO3A2,CYB5R1
LOC606495,CYB5RL
CYBASC3,CYB561A3
FLJ39035,CYB561D1
FLJ44753,CYB561D1
101F6,CYB561D2
TSP10,CYB561D2
P22-PHOX,CYBA
C17ORF62,CYBC1
EROS,CYBC1
FLJ90469,CYBC1
MGC4368,CYBC1
CYB561A2,CYBRD1
DCYTB,CYBRD1
FLJ23462,CYBRD1
FRRS3,CYBRD1
HCP37,CYCSP2
HCP4,CYCSP4
HCP7,CYCSP7
HCP8,CYCSP8
HCP17,CYCSP17
HCP20,CYCSP20
HC3,CYCSP24
HCP24,CYCSP24
HCP31,CYCSP24
HCP26,CYCSP26
HCP27,CYCSP27
HCP28,CYCSP28
HCP29,CYCSP29
HCP1,CYCSP51
HC6,CYCSP52
HCP2,CYCSP52
HCP3,CYCSP53
BA513I15.3,CYCSP55
CYCSL1,CYCSP55
HCP15,CYCSP55
HCP9,CYCTP
PIR121,CYFIP2
CP11,CYP1A1
CYP1,CYP1A1
P1-450,CYP1A1
P450-C,CYP1A1
P450DX,CYP1A1
CP1B,CYP1B1
GLC3A,CYP1B1
C2ORF58,CYP1B1-AS1
MGC34824,CYP1B1-AS1
CYP2A,CYP2A7
CPCI,CYP2C18
CYP2C,CYP2C18
CYP2C17,CYP2C18
P450IIC17,CYP2C18
CYP2C62P,CYP2C23P
CYP2C-SE1[7],CYP2C56P
SPG49,CYP2U1
SPG56,CYP2U1
CYP3A3,CYP3A4
CP35,CYP3A5
P450PCN3,CYP3A5
PCN3,CYP3A5
CYP4A2,CYP4A11
CYP4AII,CYP4A11
NCRNA-A3,CYP4A22-AS1
CYP4A-SE1[12],CYP4A26P
CYP4A-SE3[12],CYP4A27P
CYP4A-SE2[1],CYP4A43P
CYP4A-SE4[2],CYP4A44P
CYP4F-SE1[6:8],CYP4F25P
CYP4F-SE2[6],CYP4F26P
4F-SE9[6:7:8],CYP4F30P
C2ORF14,CYP4F30P
DKFZP434F1719,CYP4F30P
CYP4F-SE5[6:8],CYP4F32P
CYP4F-SE6[6],CYP4F33P
CYP4F-SE14[6:8],CYP4F59P
CYP4F-SE15[6:7:8],CYP4F60P
CYP4F-SE11[6:7:8],CYP4F62P
CYP4F43P,CYP4F62P
CYP4AH1,CYP4V2
MGC40051,CYP4X1
CYP4A20,CYP4Z1
FLJ40054,CYP4Z2P
CYP12,CYP8B1
CPT7,CYP17A1
CYP17,CYP17A1
P450C17,CYP17A1
S17AH,CYP17A1
ARO,CYP19A1
ARO1,CYP19A1
AROMATASE,CYP19A1
CPV1,CYP19A1
CYAR,CYP19A1
CYP19,CYP19A1
P-450AROM,CYP19A1
CYP-M,CYP20A1
P450RAI-2,CYP26B1
CP27,CYP27A1
CTX,CYP27A1
CYP27,CYP27A1
CYP1,CYP27B1
P450C1,CYP27B1
PDDR,CYP27B1
VDD1,CYP27B1
FLJ16008,CYP27C1
CYP46,CYP46A1
CYP46A-SE1[12:13:14],CYP46A4P
CP51,CYP51A1
CYP51,CYP51A1
CYPL1,CYP51A1
LDM,CYP51A1
P450-14DM,CYP51A1
P450L1,CYP51A1
C7ORF49,CYREN
FLJ22450,CYREN
FLJ27285,CYREN
MGC5242,CYREN
MRI,CYREN
MRI-2,CYREN
CYRI-A,CYRIA
DKFZP566A1524,CYRIA
FAM49A,CYRIA
FLJ11080,CYRIA
BM-009,CYRIB
CYRI,CYRIB
CYRI-B,CYRIB
FAM49B,CYRIB
C9ORF169,CYSRT1
MGC59937,CYSRT1
B2-1,CYTH1
CYTOHESIN-1,CYTH1
D17S811E,CYTH1
PSCD1,CYTH1
ARNO,CYTH2
CTS18.1,CYTH2
CYTOHESIN-2,CYTH2
PSCD2,CYTH2
PSCD2L,CYTH2
SEC7P-L,CYTH2
SEC7P-LIKE,CYTH2
ARNO3,CYTH3
CYTOHESIN-3,CYTH3
GRP1,CYTH3
PSCD3,CYTH3
C2ORF59,CYTOR
LINC00152,CYTOR
MGC4677,CYTOR
NCRNA00152,CYTOR
DOC-2,DAB2
AF9Q34,DAB2IP
AIP1,DAB2IP
DIP1/2,DAB2IP
KIAA1743,DAB2IP
DAPPER,DACT1
DAPPER1,DACT1
FRODO,DACT1
HDPR1,DACT1
THYEX3,DACT1
156DAG,DAG1
A3A,DAG1
AGRNR,DAG1
DAG,DAG1
DAGLBETA,DAGLB
KCCR13L,DAGLB
CER2,DAND5
CKTSF1B3,DAND5
COCO,DAND5
DANTE,DAND5
DTE,DAND5
FLJ38607,DAND5
GREM3,DAND5
DAP1,DAP
BMRP-10,DAP3
DAP-3,DAP3
DKFZP686G12159,DAP3
MGC126058,DAP3
MGC126059,DAP3
MRP-S29,DAP3
MRPS29,DAP3
DAP3P,DAP3P1
MRPS29P1,DAP3P1
MRPS29P2,DAP3P2
DRP-1,DAPK2
MGC119312,DAPK2
ZIP,DAPK3
ZIPK,DAPK3
DARS,DARS1
DARS-AS1,DARS1-AS1
FLJ10514,DARS2
MTASPRS,DARS2
DNAAF18,DAW1
FLJ25955,DAW1
ODA16,DAW1
WDR69,DAW1
DBE-T,DBET
DUX4L30,DBET
ASK,DBF4
CHIF,DBF4
DBF4A,DBF4
ZDBF1,DBF4
DBM,DBH
BPR,DBH-AS1
NCRNA00118,DBH-AS1
ACBD1,DBI
ACBP,DBI
ELP2P,DBIL5P
DBIL2,DBIP1
DBIL1,DBIP2
D0S117E,DBN1
BCKAD-E2,DBT
BCKDH-E2,DBT
BCOADC-E2,DBT
KIAA0800,DCAF1
MGC102804,DCAF1
VPRBP,DCAF1
WDR21B,DCAF4L1
IQWD1,DCAF6
PC326,DCAF6
HAN11,DCAF7
SWAN-1,DCAF7
WDR68,DCAF7
FLJ35857,DCAF8
H326,DCAF8
WDR42A,DCAF8
DKFZP564O0463,DCAF13
GM83,DCAF13
HSPC064,DCAF13
SOF1,DCAF13
WDSOF1,DCAF13
C2ORF37,DCAF17
FLJ13096,DCAF17
FLJ22955,DCAKD
C5ORF20,DCANP1
DCNP1,DCANP1
CLCP1,DCBLD2
ESDN,DCBLD2
DCDC5,DCDC1
FLJ46154,DCDC1
CDH25,DCHS1
CDHR6,DCHS1
FIB1,DCHS1
FLJ11790,DCHS1
KIAA1773,DCHS1
PCDH16,DCHS1
DCAMKL3,DCLK3
DCDC3C,DCLK3
KIAA1765,DCLK3
APOLLO,DCLRE1B
FLJ12810,DCLRE1B
FLJ13998,DCLRE1B
SNM1B,DCLRE1B
A-SCID,DCLRE1C
ARTEMIS,DCLRE1C
FLJ11360,DCLRE1C
SCIDA,DCLRE1C
SNM1C,DCLRE1C
HSA275986,DCP1A
SMAD4IP1,DCP1A
SMIF,DCP1A
NUDT20,DCP2
FLJ32785,DCST1
RP11-307C12.11,DCST1-AS1
FLJ32934,DCST2
DCTN-50,DCTN2
RBP50,DCTN2
DYN4,DCTN4
P62,DCTN4
DCUN1L1,DCUN1D1
RP42,DCUN1D1
SCCRO,DCUN1D1
SCRO,DCUN1D1
TES3,DCUN1D1
DKFZP686O0290,DCUN1D3
FLJ41725,DCUN1D3
MGC48972,DCUN1D3
SCCRO3,DCUN1D3
KIAA0276,DCUN1D4
FLJ32431,DCUN1D5
MGC2714,DCUN1D5
DBCN,DCX
DC,DCX
LISX,DCX
SCLH,DCX
XLIS,DCX
DCR,DCXR
HCR2,DCXR
KIDCR,DCXR
P34H,DCXR
SDR20C1,DCXR
RP13-650J16.1,DCXR-DT
C19ORF58,DDA1
MGC2594,DDA1
PCIA1,DDA1
DDAH,DDAH1
DDBB,DDB2
FLJ34321,DDB2
UV-DDB2,DDB2
XPE,DDB2
AADC,DDC
IPLA1ALPHA,DDHD1
KIAA1705,DDHD1
PA-PLA1,DDHD1
PAPLA1,DDHD1
SPG28,DDHD1
IPLA1GAMMA,DDHD2
KIAA0725,DDHD2
P125B,DDHD2
SAMWD1,DDHD2
SPG54,DDHD2
MGC14844,DDI2
C11ORF82,DDIAS
FLJ25416,DDIAS
FLJ38838,DDIAS
NOXIN,DDIAS
CHOP,DDIT3
CHOP10,DDIT3
GADD153,DDIT3
CAT1507,DDN-AS1
KIAA0115,DDOST
OST,DDOST
OST48,DDOST
WBP1,DDOST
NTRKR3,DDR2
TKT,DDR2
TYRO10,DDR2
DBP-RB,DDX1
CAP-RF,DDX3X
DBX,DDX3X
DDX14,DDX3X
DDX3,DDX3X
HLP2,DDX3X
VASA,DDX4
G17P1,DDX5
HLR1,DDX5
P68,DDX5
HLR2,DDX6
RCK,DDX6
RCK/P54,DDX6
DBP4,DDX10
HRH-J8,DDX10
CHL1,DDX11
CHLR1,DDX11
KRG-2,DDX11
WABS,DDX11
CONCR,DDX11-AS1
SCAT4,DDX11-AS1
DDX11L1,DDX11L10
DDX11P,DDX11L10
DP103,DDX20
GEMIN3,DDX20
PRP28,DDX23
PRPF28,DDX23
SNRNP100,DDX23
U5-100KD,DDX23
GRTH,DDX25
RHELP,DDX42
RNAHP,DDX42
SF3B125,DDX42
SF3B8,DDX42
DKFZP564O176,DDX47
FLJ30012,DDX47
HQ0256,DDX47
RRP3,DDX47
DBP8,DDX49
FLJ10432,DDX49
APR-5,DDX54
DP97,DDX54
MGC2835,DDX54
KIAA1595,DDX55
NOH61,DDX56
FLJ31033,DDX60L
DECR,DECR1
SDR18C1,DECR1
CASP8IP1,DEDD
DEDD1,DEDD
DEFT,DEDD
FLDED1,DEDD
KE05,DEDD
FLAME-3,DEDD2
IBP,DEF6
SLAT,DEF6
SWAP70L,DEF6
DEFB-5,DEFB105A
DEFB105,DEFB105A
DEFB-8,DEFB108A
DEFB108,DEFB108A
DEFB108P1,DEFB108A
DEFB-31,DEFB131A
DEFB131,DEFB131A
DEFQ1,DEFT1P
DEFT1,DEFT1P
DEGS-1,DEGS1
DES-1,DEGS1
DES1,DEGS1
FADS7,DEGS1
MLD,DEGS1
C14ORF66,DEGS2
DES2,DEGS2
FADS8,DEGS2
FAM31A,DENND1A
FLJ21129,DENND1A
KIAA1608,DENND1A
C1ORF218,DENND1B
FAM31B,DENND1B
FLJ20054,DENND1B
MGC27044,DENND1B
HTS1,DENND2B
P126,DENND2B
ST5,DENND2B
DJ1156J9.1,DENND2C
DKFZP686G0351,DENND2C
DKFZP779P1149,DENND2C
FLJ37099,DENND2C
RP5-1156J9.1,DENND2C
FLJ22457,DENND2D
RP5-1180E21.2,DENND2D
KIAA0476,DENND4B
FLJ22354,DENND5A
FLJ33829,DENND5A
FLJ43455,DENND5A
KIAA1091,DENND5A
RAB6IP1,DENND5A
MGC24039,DENND5B
AFI1A,DENND6A
FAM116A,DENND6A
FLJ34969,DENND6A
FAM45A,DENND10
DRP,DENR
DRP1,DENR
SMAP-3,DENR
BRCC3,DEPDC1B
XTP1,DEPDC1B
DEP.4,DEPDC4
FLJ33505,DEPDC4
CGI-101,DERL2
DERLIN-2,DERL2
F-LAN-1,DERL2
F-LANA,DERL2
FLANA,DERL2
CMD1I,DES
CSM1,DES
CSM2,DES
CCDC67,DEUP1
FLJ25393,DEUP1
DFF-45,DFFA
DFF1,DFFA
DFF45,DFFA
ICAD,DFFA
CAD,DFFB
CPAN,DFFB
DFF-40,DFFB
DFF40,DFFB
DAGK2,DGKB
DGK,DGKB
DGK-BETA,DGKB
KIAA0718,DGKB
DGKDELTA,DGKD
KIAA0145,DGKD
DAGK6,DGKE
DGK,DGKE
DGK-IOTA,DGKI
DAGK,DGKQ
DAGK4,DGKQ
DAGK7,DGKQ
DAGK5,DGKZ
DAGK6,DGKZ
DGK-ZETA,DGKZ
HDGKZETA,DGKZ
DGK,DGUOK
SLOS,DHCR7
DS,DHDDS
FLJ13102,DHDDS
HCIT,DHDDS
HDS,DHDDS
RP59,DHDDS
DHFRL1,DHFR2
DHFRP4,DHFR2
FLJ16119,DHFR2
MIG13,DHPS
RDH17,DHRS3
RETSDR1,DHRS3
RSDR1,DHRS3
SDR1,DHRS3
SDR16C1,DHRS3
CGI-93,DHRS7B
DKFZP566O084,DHRS7B
MGC8916,DHRS7B
SDR32C1,DHRS7B
SDR32C2,DHRS7C
3ALPHA-HSD,DHRS9
RDH15,DHRS9
RDHL,DHRS9
RETSDR8,DHRS9
SDR9C4,DHRS9
MGC23280,DHRS13
SDR7C5,DHRS13
CMT2Q,DHTKD1
DKFZP762M115,DHTKD1
KIAA1630,DHTKD1
MGC3090,DHTKD1
DDX8,DHX8
DHR2,DHX8
HRH1,DHX8
PRP22,DHX8
PRPF22,DHX8
DDX29,DHX29
DDX30,DHX30
FLJ11214,DHX30
KIAA0890,DHX30
DDX33,DHX33
DKFZP762F2011,DHX33
FLJ21972,DHX33
DDX34,DHX34
KIAA0134,DHX34
DDX37,DHX37
DHR1,DHX37
KIAA1517,DHX37
MGC2695,DHX37
MGC4322,DHX37
DDX38,DHX38
HPRP16,DHX38
KIAA0224,DHX38
PRP16,DHX38
PRPF16,DHX38
ARG147,DHX40
DDX40,DHX40
FLJ22060,DHX40
PAD,DHX40
DHX40P,DHX40P1
DDX57,DHX57
D11LGP2,DHX58
LGP2,DHX58
DFNA64,DIABLO
DIABLO-S,DIABLO
FLJ10537,DIABLO
FLJ25049,DIABLO
SMAC,DIABLO
DFNA1,DIAPH1
HDIA1,DIAPH1
LFHL1,DIAPH1
MDIA1,DIAPH1
DICER,DICER1
HERNA,DICER1
K12H4.8-LIKE,DICER1
KIAA0928,DICER1
MNG1,DICER1
DICER1-AS,DICER1-AS1
FLJ45244,DICER1-AS1
DIMT1L,DIMT1
HSA9761,DIMT1
DINO,DINOL
TXDI1,DIO1
TXDI3,DIO3
C14ORF134,DIO3OS
DIO3-AS1,DIO3OS
NCRNA00041,DIO3OS
KIAA0934,DIP2C
FAM69A,DIPK1A
FLJ23493,DIPK1A
DI-RAS1,DIRAS1
GBTS1,DIRAS1
RIG,DIRAS1
DI-RAS2,DIRAS2
DKFZP761C07121,DIRAS2
ARHI,DIRAS3
NOEY2,DIRAS3
FLJ14199,DIRC3
FAM6A,DIS3L2
FLJ36974,DIS3L2
MGC42174,DIS3L2
DIS3L2P,DIS3L2P1
FAM6B,DIS3L2P1
DISPA,DISP1
DKFZP434I0428,DISP1
MGC13130,DISP1
MGC16796,DISP1
CRRL,DKK3
REIC,DKK3
RIG,DKK3
DLTA,DLAT
E2,DLAT
PDC-E2,DLAT
DLDH,DLD
E3,DLD
GCSL,DLD
LAD,DLD
OGDC-E3,DLD
DJ1061C18.1.1,DLG1
DLGH1,DLG1
HDLG,DLG1
SAP-97,DLG1
SAP97,DLG1
CHAPSYN-110,DLG2
PPP1R58,DLG2
PSD-93,DLG2
PSD93,DLG2
KIAA1232,DLG3
MRX90,DLG3
NE-DLG,DLG3
NEDLG,DLG3
PPP1R82,DLG3
SAP-102,DLG3
SAP102,DLG3
PSD-95,DLG4
PSD95,DLG4
SAP-90,DLG4
SAP90,DLG4
EGFL9,DLK2
MGC2487,DLK2
DLSTP,DLSTP1
BP1,DLX4
DLX7,DLX4
DLX8,DLX4
DLX9,DLX4
EVF-2,DLX6-AS1
FLJ34048,DLX6-AS1
NCRNA00212,DLX6-AS1
DNMAP1,DMAP1
DNMTAP1,DMAP1
EAF2,DMAP1
FLJ11543,DMAP1
KIAA1425,DMAP1
MEAF2,DMAP1
SWC4,DMAP1
ATX,DMBX1
MBX,DMBX1
OTX3,DMBX1
PAXB,DMBX1
BMD,DMD
DXS142,DMD
DXS164,DMD
DXS206,DMD
DXS230,DMD
DXS239,DMD
DXS268,DMD
DXS269,DMD
DXS270,DMD
DXS272,DMD
MRX85,DMD
DM,DMPK
DM1,DMPK
DM1PK,DMPK
DMK,DMPK
MDPK,DMPK
MT-PK,DMPK
DMT,DMTN
EPB49,DMTN
DNA2L,DNA2
KIAA0083,DNA2
C14ORF104,DNAAF2
CILD10,DNAAF2
FLJ10563,DNAAF2
KTU,DNAAF2
PF13,DNAAF2
C19ORF51,DNAAF3
CILD2,DNAAF3
FLJ36139,DNAAF3
FLJ40069,DNAAF3
PCD,DNAAF3
PF22,DNAAF3
CILD18,DNAAF5
FLJ20397,DNAAF5
FLJ25564,DNAAF5
FLJ31671,DNAAF5
FLJ39381,DNAAF5
HEATR2,DNAAF5
DNAHC1,DNAH1
HDHC7,DNAH1
HL-11,DNAH1
HL11,DNAH1
XLHSRF-1,DNAH1
DNHD3,DNAH2
FLJ46675,DNAH2
KIAA1503,DNAH2
DKFZP434N074,DNAH3
DLP3,DNAH3
DNAHC3B,DNAH3
HSADHC3,DNAH3
CILD3,DNAH5
DNAHC5,DNAH5
HL1,DNAH5
KTGNR,DNAH5
PCD,DNAH5
HDHC9,DNAH8
FLJ45278,DNAH10OS
CILD7,DNAH11
DNAHBL,DNAH11
DNAHC11,DNAH11
DNHBL,DNAH11
DPL11,DNAH11
DHC3,DNAH12
DLP12,DNAH12
DNAH12L,DNAH12
DNAH7L,DNAH12
DNAHC3,DNAH12
DNHD2,DNAH12
FLJ40427,DNAH12
FLJ44290,DNAH12
HDHC3,DNAH12
HL-19,DNAH12
C1ORF67,DNAH14
DKFZP781B1548,DNAH14
DNAHC14,DNAH14
HL-18,DNAH14
HL18,DNAH14
MGC27277,DNAH14
DNAHL1,DNAH17
DNEL2,DNAH17
FLJ40457,DNAH17
CILD9,DNAI2
DIC2,DNAI2
DIC3,DNAI3
FLJ30067,DNAI3
NYD-SP29,DNAI3
WDR63,DNAI3
DIC4,DNAI4
FLJ23129,DNAI4
WDR78,DNAI4
CASC1,DNAI7
CFAP94,DNAI7
FLJ10921,DNAI7
LAS1,DNAI7
PPP1R54,DNAI7
CPR3,DNAJA2
DNAJ,DNAJA2
DNJ3,DNAJA2
HIRIP4,DNAJA2
PRO1472,DNAJA4
DNAJB1P,DNAJB1P1
PSIHSP40,DNAJB1P1
CMT2T,DNAJB2
HSJ1,DNAJB2
HSPF3,DNAJB2
HCG3,DNAJB3
HLJ1,DNAJB4
LGMD1D,DNAJB6
MRJ,DNAJB6
CT156,DNAJB8
MGC33884,DNAJB8
EDJ,DNAJB11
ERDJ3,DNAJB11
HEDJ,DNAJB11
HSPF2,DNAJC4
MCG18,DNAJC4
CSP-GAMMA,DNAJC5G
FLJ40417,DNAJC5G
TPR2,DNAJC7
TTC2,DNAJC7
ERDJ5,DNAJC10
PDIA19,DNAJC10
FLJ10737,DNAJC11
DNAJ,DNAJC14
DRIP78,DNAJC14
FLJ32792,DNAJC14
HDJ3,DNAJC14
LIP6,DNAJC14
KIAA0962,DNAJC16
PAM18,DNAJC19
TIM14,DNAJC19
TIMM14,DNAJC19
DNAJA5,DNAJC21
GS3,DNAJC21
JJJ1,DNAJC21
FLJ13236,DNAJC22
WUS,DNAJC22
RABJS,DNAJC27
RBJ,DNAJC27
1700010H15RIK,DNAL1
C14ORF168,DNAL1
CILD16,DNAL1
MGC12435,DNAL1
DNL1,DNASE1
DNAS1L2,DNASE1L2
DNAS1L3,DNASE1L3
LSD,DNASE1L3
DNL,DNASE2
DNL2,DNASE2
DLAD,DNASE2B
C11ORF47,DNHD1
CCDC35,DNHD1
DHCD1,DNHD1
DKFZP686J0796,DNHD1
DNHD1L,DNHD1
FLJ32752,DNHD1
FLJ35709,DNHD1
FLJ46184,DNHD1
BA413M3.2,DNLZ
C9ORF151,DNLZ
HEP,DNLZ
RP11-413M3.2,DNLZ
TIMM15,DNLZ
ZIM17,DNLZ
DNM,DNM1
DRP1,DNM1L
DVLP,DNM1L
DYMPLE,DNM1L
HDYNIV,DNM1L
VPS1,DNM1L
DNM1DN8-1,DNM1P34
DNM1DN8-5,DNM1P34
DNM1DN8@,DNM1P34
DNM1DN8-2,DNM1P35
DNM1DN8@,DNM1P35
C15ORF51,DNM1P46
DKFZP434I1020,DNM1P46
DNM1DN14.2,DNM1P46
DNM1DN14@,DNM1P46
FLJ45937,DNM1P46
DNM1DN14-3,DNM1P47
DNM1DN14@,DNM1P47
DNM1DN8@,DNM1P49
CMT2M,DNM2
CMTDI1,DNM2
CMTDIB,DNM2
DI-CMTB,DNM2
DYN2,DNM2
DYNII,DNM2
KIAA0820,DNM3
DNM3-AS1,DNM3OS
MIR199A2HG,DNM3OS
ARHGEF36,DNMBP
KIAA1010,DNMBP
TUBA,DNMBP
BA287G8.2,DNMBP-AS1
FLJ40792,DNMBP-AS1
NCRNA00093,DNMBP-AS1
CXXC9,DNMT1
DNMT,DNMT1
MCMT,DNMT1
ASPEP,DNPEP
DAP,DNPEP
KIAA0209,DOCK2
FLJ34238,DOCK4
KIAA0716,DOCK4
KIAA1395,DOCK6
ZIR1,DOCK6
KIAA0694,DOCK10
ZIZ3,DOCK10
P62DOK,DOK1
FLJ22570,DOK3
FLJ10488,DOK4
C4ORF25,DOK7
DOK-7,DOK7
FLJ33718,DOK7
FLJ39137,DOK7
DJ202D23.2,DOP1A
DOPEY1,DOP1A
KIAA1117,DOP1A
DOT1,DOT1L
KIAA1814,DOT1L
KMT4,DOT1L
ALG7,DPAGT1
CDG-IJ,DPAGT1
D11S366,DPAGT1
DGPT,DPAGT1
DPAGT,DPAGT1
DPAGT2,DPAGT1
GPT,DPAGT1
BAF45B,DPF1
NEUD4,DPF1
NEURO-D4,DPF1
SMARCG1,DPF1
BAF45D,DPF2
REQ,DPF2
SMARCG2,DPF2
UBI-D4,DPF2
DPH2L2,DPH2
DELGIP,DPH3
DELGIP1,DPH3
DESR1,DPH3
DPH3A,DPH3
KTI11,DPH3
MGC20197,DPH3
ZCSL2,DPH3
CGI-30,DPH5
ATPBD4-AS1,DPH6-DT
DPH6-AS1,DPH6-DT
MGC125904,DPM3
MGC125905,DPM3
MGC34275,DPM3
ADCP2,DPP4
CD26,DPP4
DPPIV,DPP4
DPL1,DPP6
DPPX,DPP6
DPP2,DPP7
DPPII,DPP7
BC032913,DPP10-AS1
STELLAR,DPPA3P2
FLJ10713,DPPA4
KIAA0877,DPY19L1
THC1072510,DPY19L1P2
FLJ32949,DPY19L2
SPATA34,DPY19L2
IMAGE:5295327,DPY19L2P4
CPS25,DPY30
HDPY-30,DPY30
SAF19,DPY30
CRAM,DPYSL5
CRMP-5,DPYSL5
CRMP5,DPYSL5
CV2,DPYSL5
ULIP6,DPYSL5
FLJ23757,DQX1
NC2-BETA,DR1
NC2B,DR1
NCB2,DR1
MGC54289,DRAM2
PRO180,DRAM2
RP5-1180E21.1,DRAM2
TMEM77,DRAM2
WWFQ154,DRAM2
C1ORF187,DRAXIN
FLJ34999,DRAXIN
NEUCRIN,DRAXIN
CFAP134,DRC3
DKFZP586M1120,DRC3
LRRC48,DRC3
DPI,DSP
DPII,DSP
KPPS2,DSP
PPKS2,DSP
ABL,DSP-AS1
RP3-512B11.3,DSP-AS1
DFNA39,DSPP
DGI1,DSPP
DMP3,DSPP
BP240,DST
BPA,DST
BPAG1,DST
CATX-15,DST
FLJ13425,DST
FLJ21489,DST
FLJ30627,DST
FLJ32235,DST
KIAA0728,DST
MACF2,DST
DUSTYPK,DSTYK
KIAA0472,DSTYK
RIP5,DSTYK
RIPK5,DSTYK
SPG23,DSTYK
C14ORF126,DTD2
MGC9912,DTD2
HDX-1,DTX1
RNF140,DTX1
BBAP,DTX3L
RNF143,DTX3L
LINC00883,DUBR
DUS1,DUS1L
PP3111,DUS1L
DUS2L,DUS2
FLJ20399,DUS2
SMM1,DUS2
DUS3,DUS3L
FLJ13896,DUS3L
CL100,DUSP1
HVH1,DUSP1
MKP-1,DUSP1
PTPN10,DUSP1
VHR,DUSP3
HVH2,DUSP4
MKP-2,DUSP4
TYP,DUSP4
MKP-X,DUSP7
PYST2,DUSP7
DUSP1,DUSP12
YVH1,DUSP12
BEDP,DUSP13
DUSP13A,DUSP13
DUSP13B,DUSP13
FLJ32450,DUSP13
MDSP,DUSP13
TMDP,DUSP13
DUSP17,DUSP19
SKRP1,DUSP19
JKAP,DUSP22
JSP1,DUSP22
MKPX,DUSP22
VHX,DUSP22
DUSP25,DUSP23
FLJ20442,DUSP23
DUSP26,DUSP28
VHP,DUSP28
DUTL,DUTP1
DUX4,DUX4L1
FLJ39632,DUXAP9
LINC01296,DUXAP9
LNCRNA-CTD903,DUXAP9
LNMAT1,DUXAP9
KIAA0208,DVL3
DNCI1,DYNC1I1
DNCIC1,DYNC1I1
DHC1B,DYNC2H1
DHC2,DYNC2H1
DNCH2,DYNC2H1
DYH1B,DYNC2H1
HDHC11,DYNC2H1
CGI-60,DYNC2LI1
D2LIC,DYNC2LI1
DKFZP564A033,DYNC2LI1
LIC3,DYNC2LI1
TCTEX1D4,DYNLT4
FLJ40873,DYNLT5
TCTEX1D1,DYNLT5
HYAK3-2,DYRK3
RED,DYRK3
REDK,DYRK3
FER1L1,DYSF
LGMD2B,DYSF
DZIP2,DZIP1L
FLJ32844,DZIP1L
E2F-6,E2F6
E4F,E4F1
BM040,EAF2
TRAITS,EAF2
U19,EAF2
BM036,EAPP
C14ORF11,EAPP
FLJ20578,EAPP
EB9,EBAG9
RCAS1,EBAG9
COE1,EBF1
EBF,EBF1
OLF1,EBF1
IL27B,EBI3
IL35B,EBI3
EBLN3,EBLN3P
LOC100506710,EBLN3P
EBP2,EBNA1BP2
NOBP,EBNA1BP2
P40,EBNA1BP2
ECE,ECE1
KIAA0604,ECE2
MGC2408,ECE2
DINE,ECEL1
XCE,ECEL1
ECEL2,ECEL1P2
DJ351K20.2,ECHDC1
FLJ10948,ECHDC2
FLJ20909,ECHDC3
DCI,ECI1
AUGURIN,ECRG4
C2ORF40,ECRG4
SITPEC,ECSIT
ARHGEF31,ECT2
GE-1,EDC4
HEDLS,EDC4
RCD-8,EDC4
EDEM,EDEM1
KIAA0212,EDEM1
C1ORF22,EDEM3
ET2,EDN2
HEED,EED
WAIT-1,EED
EEF1AL2,EEF1A1P4
EEF1AL4,EEF1A1P6
EEF1AL6,EEF1A1P8
EEF1AL10,EEF1A1P12
EEF1AL11,EEF1A1P13
C10ORF138,EEF1AKMT2
EFM4,EEF1AKMT2
METTL10,EEF1AKMT2
BETA-3,EEF1B2P2
EEF-1,EEF1B2P2
EEF-1BETA5A,EEF1B2P2
EEF1B,EEF1B2P2
EEF1B3,EEF1B2P2
FLJ26697,EEF1DP4
EEF-2,EEF2
EF2,EEF2
DKFZP779B126,EEIG2
FAM102B,EEIG2
SYM-3B,EEIG2
KIAA1706,EEPD1
CFAP200,EFCAB2
DRC8,EFCAB2
MGC12458,EFCAB2
FLJ25818,EFCAB3
FLJ46247,EFCAB5
C3ORF25,EFCAB12
C17ORF57,EFCAB13
FLJ40342,EFCAB13
THCAT158,EFCAB13-DT
KIAA0494,EFCAB14
KIAA0494-AS1,EFCAB14-AS1
C3ORF73,EFCC1
CCDC48,EFCC1
FLJ12057,EFCC1
FLJ13612,EFHD1
MGC4342,EFHD2
EFTUD1,EFL1
FAM42A,EFL1
FLJ13119,EFL1
HST19294,EFL1
RIA1,EFL1
ECKLG,EFNA1
EPLG1,EFNA1
GMAN,EFNA1
LERK1,EFNA1
TNFAIP4,EFNA1
ELF-1,EFNA2
EPLG6,EFNA2
LERK6,EFNA2
EHK1-L,EFNA3
EPLG3,EFNA3
LERK3,EFNA3
EPLG4,EFNA4
LERK4,EFNA4
AF1,EFNA5
EPLG7,EFNA5
LERK7,EFNA5
ERBB,EGFR
ERBB1,EGFR
ERRP,EGFR
C1ORF12,EGLN1
HIFPH2,EGLN1
PHD2,EGLN1
SM-20,EGLN1
ZMYND6,EGLN1
EGO,EGOT
NCRNA00190,EGOT
KIAA0903,EHBP1
NACSIN,EHBP1
DKFZP762C186,EHBP1L1
TANGERIN,EHBP1L1
PAST4,EHD4
FLJ25832,EID3
NSE4B,EID3
NSMCE4B,EID3
A121,EIF1
EIF-1,EIF1
EIF1A,EIF1
ISO1,EIF1
SUI1,EIF1
GC20,EIF1B
FLJ33065,EIF1B-AS1
EIF-2A,EIF2A
HCR,EIF2AK1
HHRI,EIF2AK1
HRI,EIF2AK1
KIAA1369,EIF2AK1
PKR,EIF2AK2
PPP1R83,EIF2AK2
PRKR,EIF2AK2
PEK,EIF2AK3
PERK,EIF2AK3
GCN2,EIF2AK4
KIAA1338,EIF2AK4
EIF-2B,EIF2B1
EIF-2BALPHA,EIF2B1
EIF2B,EIF2B1
EIF2BA,EIF2B1
EIF2BALPHA,EIF2B1
EIF-2B,EIF2B3
EIF2BGAMMA,EIF2B3
DKFZP586J0119,EIF2B4
EIF-2B,EIF2B4
EIF2B,EIF2B4
EIF2BDELTA,EIF2B4
LGTN,EIF2D
BCM2636,EIF2S2P2
EIF-2-GAMMA2,EIF2S3B
EIF2GA,EIF2S3B
EIF3,EIF3A
EIF3-P170,EIF3A
EIF3-THETA,EIF3A
EIF3S10,EIF3A
KIAA0139,EIF3A
TIF32,EIF3A
EIF3S9,EIF3B
PRT1,EIF3B
EIF3-BETA,EIF3I
EIF3-P36,EIF3I
EIF3S2,EIF3I
TRIP-1,EIF3I
EIF3J-AS1,EIF3J-DT
DDX2A,EIF4A1
EIF-4A,EIF4A1
EIF4A,EIF4A1
BM-010,EIF4A2
DDX2B,EIF4A2
EIF4A,EIF4A2
EIF4F,EIF4A2
EIF4E1,EIF4E
EIF4EL1,EIF4E
EIF4F,EIF4E
4EHP,EIF4E2
EIF4EL3,EIF4E2
IF4E,EIF4E2
4E-BP1,EIF4EBP1
PHAS-I,EIF4EBP1
DAP5,EIF4G2
NAT1,EIF4G2
P97,EIF4G2
EIF4GII,EIF4G3
KIAA0038,EIF4H
WBSCR1,EIF4H
WSCR1,EIF4H
DKFZP434I036,EIF5B
FLJ10524,EIF5B
IF2,EIF5B
KIAA0741,EIF5B
EIPR-1,EIPR1
TSSC1,EIPR1
HUA,ELAVL1
HUR,ELAVL1
MELG,ELAVL1
HUD,ELAVL4
PNEM,ELAVL4
EU32,ELF2
NERF,ELF2
NERF-1A,ELF2
NERF-1B,ELF2
NERF-2,ELF2
EPR-1,ELF3
ERT,ELF3
ESE-1,ELF3
ESX,ELF3
ENST00000415582,ELF3-AS1
SCAT7,ELF3-AS1
PPP1R28,ELFN1
MYCLO-2,ELFN1-AS1
C19ORF17,ELL
ELL1,ELL
MEN,ELL
PPP1R68,ELL
CED-12,ELMO1
CED12,ELMO1
ELMO-1,ELMO1
KIAA0281,ELMO1
DFNB88,ELMOD3
FLJ21977,ELMOD3
RBED1,ELMOD3
RBM29,ELMOD3
SVAS,ELN
WBS,ELN
WS,ELN
CTB-51J22.1,ELN-AS1
SIII,ELOA
TCEB3,ELOA
TCEB3A,ELOA
TCEB3-AS1,ELOA-AS1
SIII,ELOB
TCEB2,ELOB
TCEB2P2,ELOBP2
TCEB2P4,ELOBP4
TCEB1P21,ELOCP21
TCEB1P29,ELOCP29
TCEB1P31,ELOCP31
TCEB1P32,ELOCP32
TCEB1P33,ELOCP33
ELF1,ELOF1
MGC4549,ELOF1
SSC1,ELOVL1
SSC2,ELOVL2
FLJ10422,ELP3
KAT9,ELP3
C3ORF75,ELP6
FLJ20211,ELP6
TMEM103,ELP6
E12,ELSPBP1
EDDM12,ELSPBP1
HE12,ELSPBP1
KIAA0090,EMC1
TMEM111,EMC3
MGC2963,EMC6
RAB5IFL,EMC6
TMEM93,EMC6
C16ORF2,EMC8
C16ORF4,EMC8
COX4NB,EMC8
FAM158B,EMC8
NOC4,EMC8
C19ORF63,EMC10
HSM1,EMC10
HSS1,EMC10
INM02,EMC10
FLJ31364,EME1
MMS4L,EME1
SLX2A,EME1
FLJ00151,EME2
SLX2B,EME2
C2F,EMG1
GRCC2F,EMG1
NEP1,EMG1
DKFZP586M121,EMILIN1
EMILIN,EMILIN1
GP115,EMILIN1
ELP79,EML1
EMAP,EML1
EMAPL,EML1
HUEMAP,EML1
ELP70,EML2
EMAP-2,EML2
EMAP2,EML2
ELP95,EML3
FLJ35827,EML3
EMAP-2,EML5
FAP16,EML5
HUEMAP-2,EML5
FLJ42562,EML6
CL-20,EMP1
TMP,EMP1
XMP,EMP2
YMP,EMP3
C11ORF30,EMSY
FLJ10773,ENAH
MENA,ENAH
NDPP1,ENAH
ENC-1,ENC1
KLHL37,ENC1
NRPB,ENC1
PIG10,ENC1
TP53I10,ENC1
KIAA0830,ENDOD1
FLJ35220,ENDOV
CD105,ENG
END,ENG
HHT1,ENG
ORW,ENG
ORW1,ENG
FLJ21865,ENGASE
C16ORF48,ENKD1
DKFZP434A1319,ENKD1
FBB11,ENKD1
ENO1L1,ENO1
MBP-1,ENO1
MPB1,ENO1
PPH,ENO1
ENO1P,ENO1P1
E1,ENOPH1
MASA,ENOPH1
MTNC,ENOPH1
CD249,ENPEP
GP160,ENPEP
B10,ENPP3
CD203C,ENPP3
GP130RB13-6,ENPP3
PD-IBETA,ENPP3
PDNP3,ENPP3
ALK-SMASE,ENPP7
NPP7,ENPP7
DUNQU1,ENPP7P13
ARPP-19E,ENSA
MGC4319,ENSA
MGC78563,ENSA
MGC8394,ENSA
CD39L3,ENTPD3
HB6,ENTPD3
NTPDASE-3,ENTPD3
FLJ36665,ENTPD3-AS1
CD39L4,ENTPD5
NTPDASE-5,ENTPD5
PCPH,ENTPD5
FLJ30978,ENTPD7
LALP1,ENTPD7
SDCCAG3P2,ENTR1P2
AER61,EOGT
C3ORF64,EOGT
FLJ33770,EOGT
TBR2,EOMES
CAGH32,EP400
DKFZP434I225,EP400
KIAA1498,EP400
KIAA1818,EP400
P400,EP400
TNRC12,EP400
4.1R,EPB41
EL1,EPB41
4.1-G,EPB41L2
4.1G,EPB41L2
C5ORF26,EPB41L4A-AS1
NCRNA00219,EPB41L4A-AS1
TIGA1,EPB41L4A-AS1
EHM2,EPB41L4B
LULU2,EPB41L4B
DKFZP566F2124,EPC2
17-1A,EPCAM
323/A3,EPCAM
BER-EP4,EPCAM
BEREP4,EPCAM
CD326,EPCAM
CO-17A,EPCAM
EGP-2,EPCAM
EGP34,EPCAM
EGP40,EPCAM
EP-CAM,EPCAM
ESA,EPCAM
GA733-2,EPCAM
HEA125,EPCAM
KS1/4,EPCAM
KSA,EPCAM
LY74,EPCAM
M4S1,EPCAM
MH99,EPCAM
MIC18,EPCAM
MK-1,EPCAM
MOC-31,EPCAM
MOC31,EPCAM
TACST-1,EPCAM
TACSTD1,EPCAM
TROP1,EPCAM
EPDR,EPDR1
MERP-1,EPDR1
MERP1,EPDR1
UCC1,EPDR1
ALGV3072,EPGN
EPG,EPGN
PRO9904,EPGN
HEK8,EPHA4
TYRO1,EPHA4
FLJ35246,EPHA6
EEK,EPHA8
HEK3,EPHA8
FLJ16103,EPHA10
FLJ33655,EPHA10
EPHT2,EPHB1
HEK6,EPHB1
DRT,EPHB2
EPHT3,EPHB2
ERK,EPHB2
HEK5,EPHB2
TYRO5,EPHB2
EPHX,EPHX1
ABHD20,EPHX2
SEH,EPHX2
ABHD7,EPHX4
EH4,EPHX4
EPHXRP,EPHX4
FLJ90341,EPHX4
C5ORF66-AS1,EPIST
CTC-276P9.1,EPIST
EPIST,EPIST
FBXO30-DT,EPM2A-DT
FLJ11207,EPM2AIP1
KIAA0766,EPM2AIP1
EHB21,EPN2
KIAA1065,EPN2
FLJ20778,EPN3
MGC129899,EPN3
EARS,EPRS1
EPRS,EPRS1
GLUPRORS,EPRS1
PARS,EPRS1
QARS,EPRS1
QPRS,EPRS1
DRC3,EPS8L1
FLJ20258,EPS8L1
MGC23164,EPS8L1
MGC4642,EPS8L1
FLJ21935,EPS8L2
FLJ22171,EPS8L2
MGC3088,EPS8L2
FLJ21522,EPS8L3
MGC16817,EPS8L3
AF-1P,EPS15
MLLT5,EPS15
HERA-B,ERAL1
L-RAP,ERAP2
LRAP,ERAP2
C-ERB-2,ERBB2
C-ERB2,ERBB2
CD340,ERBB2
HER-2,ERBB2
HER2,ERBB2
MLN-19,ERBB2
NEU,ERBB2
NGL,ERBB2
P185(ERBB2),ERBB2
HER3,ERBB3
LCCS2,ERBB3
ALS19,ERBB4
HER4,ERBB4
ERBB2IP,ERBIN
LAP2,ERBIN
CAST2,ERC1
ELKS,ERC1
KIAA1081,ERC1
MGC12974,ERC1
RAB6IP2,ERC1
CAST,ERC2
CAST1,ERC2
ELKSL,ERC2
KIAA0378,ERC2
SPBC110,ERC2
SPC110,ERC2
C1ORF1,ERC2-IT1
C3ORF51,ERC2-IT1
PO42,ERC2-IT1
RAD10,ERCC1
EM9,ERCC2
MAG,ERCC2
MGC102762,ERCC2
MGC126218,ERCC2
MGC126219,ERCC2
XPD,ERCC2
BTF2,ERCC3
RAD25,ERCC3
SSL2,ERCC3
XPB,ERCC3
FANCQ,ERCC4
RAD1,ERCC4
XPF,ERCC4
FLJ20105,ERCC6L
PICH,ERCC6L
RAD26L,ERCC6L
C9ORF102,ERCC6L2
FLJ37706,ERCC6L2
HEBO,ERCC6L2
RAD26L,ERCC6L2
C9ORF130,ERCC6L2-AS1
LINC00476,ERCC6L2-AS1
CKN1,ERCC8
CSA,ERCC8
ER,EREG
C1QTNF15,ERFE
CTRP15,ERFE
FAM132B,ERFE
FLJ37034,ERFE
ERFL1,ERFL
ERGIC-32,ERGIC1
ERGIC32,ERGIC1
KIAA1181,ERGIC1
NET24,ERGIC1
ERV41,ERGIC2
PTX1,ERGIC2
DROER,ERH
EXOD1,ERI2
KIAA1504,ERI2
MGC16943,ERI2
ZGRF5,ERI2
FLJ22943,ERI3
PINT1,ERI3
PRNPIP,ERI3
ERIC,ERICD
LINC01130,ERICD
TCONS_00014875,ERICD
C1ORF173,ERICH3
DKFZP547I048,ERICH3
RP11-653A5.1,ERICH3
C2ORF30,ERLEC1
CL25084,ERLEC1
ERLECTIN,ERLEC1
XTP3-B,ERLEC1
XTP3TPB,ERLEC1
C10ORF69,ERLIN1
ERLIN-1,ERLIN1
KE04,ERLIN1
SPFH1,ERLIN1
SPG62,ERLIN1
C8ORF2,ERLIN2
ERLIN-2,ERLIN2
NET32,ERLIN2
SPFH2,ERLIN2
SPG18,ERLIN2
BTN5,ERMAP
RD,ERMAP
SC,ERMAP
ERMIN,ERMN
JN,ERMN
KIAA1189,ERMN
IRE1,ERN1
IRE1P,ERN1
IRE1B,ERN2
ERO1-L(BETA),ERO1B
ERO1BETA,ERO1B
ERO1LB,ERO1B
C12ORF46,ERP27
FLJ32115,ERP27
PDIA8,ERP27
C12ORF8,ERP29
ERP28,ERP29
ERP31,ERP29
PDI-DB,ERP29
PDIA9,ERP29
KIAA0573,ERP44
PDIA10,ERP44
TXNDC4,ERP44
GENE-33,ERRFI1
MIG-6,ERRFI1
RALT,ERRFI1
ENVR,ERV3-1
ERV-R,ERV3-1
ERV3,ERV3-1
H-PLK,ERV3-1
HERV-R,ERV3-1
ENVFRD,ERVFRD-1
ERVFRDE1,ERVFRD-1
HERV-FRD,ERVFRD-1
HERV-W/FRD,ERVFRD-1
SYNCYTIN-2,ERVFRD-1
HERV-K(HML6-1),ERVK3-1
ENVV1,ERVV-1
FLJ32214,ERVV-1
HERV-V1,ERVV-1
W117M,ESAM
EFO2,ESCO2
RBS,ESCO2
ESP1,ESPL1
KIAA0165,ESPL1
SEPA,ESPL1
DFNB36,ESPN
FLJ42568,ESPNL
ER-ALPHA,ESR1
ERA,ESR1
ESR,ESR1
NR3A1,ESR1
HESRG,ESRG
FLJ20171,ESRP1
RBM35A,ESRP1
ERR1,ESRRA
ERRA,ESRRA
ERRALPHA,ESRRA
ESRL1,ESRRA
NR3B1,ESRRA
ERR-GAMMA,ESRRG
ERRG,ESRRG
NR3B3,ESRRG
FAM62A,ESYT1
KIAA0747,ESYT1
MBC2,ESYT1
CHR2SYT,ESYT2
FAM62B,ESYT2
KIAA1228,ESYT2
ERF,ETF1
ERF1,ETF1
RF1,ETF1
SUP45L1,ETF1
TB3-1,ETF1
EMA,ETFA
GA2,ETFA
MADD,ETFA
LYRM5,ETFRF1
HSCO,ETHE1
YF13H12,ETHE1
EKI2,ETNK2
FLJ10761,ETNK2
ETS-1,ETS1
EWSR2,ETS1
FLJ10768,ETS1
PANCETS-1,ETS1-AS1
ER81,ETV1
ER71,ETV2
PE-1,ETV3
FLJ16478,ETV3L
E1A-F,ETV4
E1AF,ETV4
PEA3,ETV4
C1ORF78,EVA1B
FAM176B,EVA1B
FLJ10647,EVA1B
DWF-1,EVC
EVC1,EVC
EVDA,EVI2A
EVI2,EVI2A
NB4S,EVI5
RNB6,EVL
EVX1-AS1,EVX1-AS
FLJ33768,EWSAT1
LINC00277,EWSAT1
NCRNA00277,EWSAT1
TMEM84,EWSAT1
C14ORF114,EXD2
EXDL2,EXD2
FLJ10738,EXD2
HEX1,EXO1
HEXOI,EXO1
C1ORF176,EXO5
DEM1,EXO5
FLJ21144,EXO5
BM-102,EXOC1
FLJ10893,EXOC1
SEC3,EXOC1
SEC3L1,EXOC1
SEC3P,EXOC1
C5ORF55,EXOC3-AS1
FLJ36147,EXOC3L2
XTP7,EXOC3L2
C14ORF73,EXOC3L4
KIAA1699,EXOC4
MGC27170,EXOC4
SEC8,EXOC4
SEC8L1,EXOC4
SEC8P,EXOC4
KIAA0919,EXOC6B
SEC15B,EXOC6B
SEC15L2,EXOC6B
EXO84,EXOC8
EXO84P,EXOC8
SEC84,EXOC8
ENDOGL1,EXOG
ENDOGL2,EXOG
ENGL,EXOG
ENGL-A,EXOG
ENGL-B,EXOG
FLJ20591,EXOSC4
HRRP41P,EXOSC4
P12A,EXOSC4
RRP41,EXOSC4
RRP41A,EXOSC4
RRP41P,EXOSC4
SKI6,EXOSC4
SKI6P,EXOSC4
HRRP46P,EXOSC5
MGC12901,EXOSC5
P12B,EXOSC5
RRP41B,EXOSC5
RRP46,EXOSC5
RRP46P,EXOSC5
EAP1,EXOSC7
HRRP42P,EXOSC7
KIAA0116,EXOSC7
P8,EXOSC7
RRP42,EXOSC7
RRP42P,EXOSC7
P2,EXOSC10
P3,EXOSC10
P4,EXOSC10
PM-SCL,EXOSC10
PM/SCL-100,EXOSC10
PMSCL2,EXOSC10
RRP6,EXOSC10
RRP6P,EXOSC10
SLAC2-B,EXPH5
SOTV,EXT2
BOTV,EXTL3
REGR,EXTL3
CMD1J,EYA4
DFNA10,EYA4
KIAA0388,EZH1
KMT6B,EZH1
ENX-1,EZH2
EZH1,EZH2
KMT6,EZH2
KMT6A,EZH2
VIL2,EZR
CF2R,F2R
PAR-1,F2R
PAR1,F2R
TR,F2R
GPR11,F2RL1
PAR2,F2RL1
PAR3,F2RL2
PAR4,F2RL3
FXI,F11
CD321,F11R
JAM-1,F11R
JAM-A,F11R
JAM1,F11R
JAMA,F11R
JCAM,F11R
PAM-1,F11R
FAAH-1,FAAH
FAAH-OUT,FAAHP1
LINC00505,FAAHP1
C1ORF86,FAAP20
FLJ31031,FAAP20
C19ORF40,FAAP24
FLJ46828,FAAP24
MGC32020,FAAP24
I-FABP,FABP2
FABP5L6,FABP5P6
FABP5L9,FABP5P9
FABP5L14,FABP5P14
GIG3,FADD
MORT1,FADD
D6D,FADS2
DES6,FADS2
FADSD6,FADS2
LLCDL2,FADS2
SLL0262,FADS2
TU13,FADS2
CGI-03,FAF1
HFAF1,FAF1
HFAF1S,FAF1
UBXD12,FAF1
UBXN3A,FAF1
ETEA,FAF2
KIAA0887,FAF2
UBXD8,FAF2
UBXN3B,FAF2
C16ORF36,FAHD1
DKFZP566J2046,FAHD1
FAHD2P,FAHD2P1
FAIM1,FAIM
FLJ10582,FAIM
KIAA0950,FAIM2
LFG,FAIM2
LFG2,FAIM2
LIFEGUARD,FAIM2
NMP35,FAIM2
TMBIM2,FAIM2
FAL1,FALEC
LINC00568,FALEC
NCRNA-A1,FALEC
AHCP,FAM8A1
ARHGAP49,FAM13B
C5ORF5,FAM13B
FAM13B1,FAM13B
KHCHP,FAM13B
N61,FAM13B
DKFZP434F2322,FAM20A
GXK1,FAM20B
KIAA0475,FAM20B
FLJ31813,FAM21EP
BA144G6.8,FAM25BP
FAM25B,FAM25BP
AC012044.5,FAM25EP
BA592B15.5,FAM25EP
FAM25D,FAM25EP
FAM25E,FAM25EP
FAM27L,FAM27E5
MGC35151,FAM27E5
FLJ90022,FAM43A
FLJ44952,FAM43B
FLJ42946,FAM47E
LOC100129583,FAM47E
DNTNP,FAM53A
LMPIP,FAM72A
MGC57827,FAM72A
P17,FAM72A
RP11-312O7.1,FAM72A
UGENE,FAM72A
RP11-439A17.6,FAM72B
RP5-998N21.9,FAM72C
MGC34648,FAM76A
C9ORF59,FAM78A
FLJ00024,FAM78A
FLJ25333,FAM81B
HCCC11,FAM83A-AS1
FLJ20200,FAM83E
FLJ41564,FAM83G
PAWS1,FAM83G
MGC16279,FAM86B1
FAM86C,FAM86C1P
FAM86C1,FAM86C1P
FLJ10661,FAM86C1P
FLJ27199,FAM86C1P
FLJ40008,FAM87B
LNC-PPRL,FAM88C
C1ORF153,FAM89A
MGC15887,FAM89A
LRAP25,FAM89B
MTVR1,FAM89B
FLJ10408,FAM90A1
FAM90A4,FAM90A4P
FAM90A5,FAM90A5P
FAM90A8P,FAM90A8
FAM90A11,FAM90A11P
FAM90A12,FAM90A12P
FAM90A13,FAM90A13P
FAM90A15,FAM90A15P
FAM90A17P,FAM90A17
FAM90A18P,FAM90A18
FAM90A24,FAM90A24P
FAM90A26P,FAM90A26
DKFZP434H0923,FAM95A
DKFZP686P0734,FAM95B1
DKFZP564F0522,FAM98A
FLJ38426,FAM98B
FLJ44669,FAM98C
FLJ14775,FAM104A
FAM106CP,FAM106C
FLJ22794,FAM111A
KIAA1895,FAM111A
NOXP20,FAM114A1
ALS2CR13,FAM117B
FLJ38771,FAM117B
C9ORF10,FAM120A
KIAA0183,FAM120A
OSSA,FAM120A
BA165J3.3,FAM120A2P
C9ORF129,FAM120A2P
KIAA0773,FAM131B
C1ORF117,FAM131C
FLJ36766,FAM131C
C8ORFK32,FAM135B
FLJ14668,FAM136A
F379,FAM138A
DKFZP564J102,FAM149A
MST119,FAM149A
MSTP119,FAM149A
FAM149B2,FAM149B1P1
KIAA0974P,FAM149B1P1
NY-REN-7,FAM153A
FAM153C,FAM153CP
NY-REN-7-LIKE,FAM153CP
FLJ13305,FAM161A
RP28,FAM161A
C14ORF44,FAM161B
FLJ31697,FAM161B
C3ORF28,FAM162A
E2IG5,FAM162A
C1ORF76,FAM163A
MGC16664,FAM163A
NDSP,FAM163A
C9ORF166,FAM163B
C1ORF90,FAM167B
DIORA-2,FAM167B
MGC10820,FAM167B
KIAA0280,FAM168A
TCRP1,FAM168A
KIAA0280L,FAM168B
MANI,FAM168B
KIAA0888,FAM169A
SLAP75,FAM169A
TP53LC02,FAM169A-AS1
ZNFD,FAM170A
AC084727.4,FAM170B
C10ORF73,FAM170B
MGC34829,FAM171A2
FLJ34104,FAM171B
KIAA1946,FAM171B
LOC400451,FAM174B
MGC102891,FAM174B
C19ORF24,FAM174C
FLJ20640,FAM174C
C14ORF24,FAM177A1
FAM177A2,FAM177A1P1
FLJ43505,FAM177B
RP11-452F19.2,FAM177B
LOC220382,FAM181B
MGC33846,FAM181B
MGC35361,FAM185A
FAM185B,FAM185BP
C12ORF25,FAM186B
DKFZP434J0113,FAM186B
FLJ25660,FAM187B
TMEM162,FAM187B
C4ORF8,FAM193A
RES4-22,FAM193A
FLJ10404,FAM193B
IRIZIO,FAM193B
KIAA1931,FAM193B
C9ORF144,FAM205BP
C9ORF144A,FAM205BP
DKFZP434J193,FAM205BP
FAM205B,FAM205BP
APR-2,FAM215A
C17ORF88,FAM215A
LINC00530,FAM215A
C12ORF24,FAM216A
HSU79274,FAM216A
C15ORF17,FAM219B
FLJ00005,FAM219B
ACPIN1,FAM220A
C7ORF70,FAM220A
MGC12966,FAM220A
SIPAR,FAM220A
C7ORF46,FAM221A
DKFZP686F0810,FAM221A
FLJ45875,FAM221A
MGC72075,FAM221A
C17ORF63,FAM222B
FLJ10700,FAM222B
CXORF52,FAM223A
LINC00204A,FAM223A
NCRNA00204,FAM223A
NCRNA00204A,FAM223A
SPCX,FAM223A
CXORF52B,FAM223B
LINC00204B,FAM223B
NCRNA00204B,FAM223B
C2ORF84,FAM228A
FLJ30851,FAM228A
KIAA1467,FAM234B
BA128B16.2,FAM238A
C10ORF50,FAM238A
LINC00264,FAM238A
NCRNA00264,FAM238A
LINC00202-2,FAM238B
BB27G4.1,FAM238C
C10ORF51,FAM238C
LINC00202,FAM238C
LINC00202-1,FAM238C
NCRNA00202,FAM238C
C4ORF32,FAM241A
FLJ39370,FAM241A
FA-H,FANCA
FAA,FANCA
FACA,FANCA
FAH,FANCA
FANCH,FANCA
FA3,FANCC
FAC,FANCC
FACC,FANCC
FA-D2,FANCD2
FACD,FANCD2
FAD,FANCD2
FANCD,FANCD2
FACE,FANCE
FAE,FANCE
FAG,FANCG
XRCC9,FANCG
FLJ10719,FANCI
KIAA1794,FANCI
FAAP43,FANCL
FLJ10335,FANCL
PHF9,FANCL
POG,FANCL
FAAP250,FANCM
KIAA1596,FANCM
DPPIV,FAP
FLJ22728,FAR1
MLSTD2,FAR1
SDR10E1,FAR1
FLJ10462,FAR2
MLSTD1,FAR2
SDR10E2,FAR2
APO-1,FAS
APT1,FAS
CD95,FAS
FAS1,FAS
TNFRSF6,FAS
APT1LG1,FASLG
CD178,FASLG
FASL,FASLG
TNFSF6,FASLG
FAS,FASN
SDR27X1,FASN
FAST,FASTK
FLJ21901,FASTKD1
CDHF7,FAT1
CDHR8,FAT1
FAT,FAT1
CDHF8,FAT2
CDHR9,FAT2
HFAT2,FAT2
MEGF1,FAT2
CDHF15,FAT3
CDHR10,FAT3
KIAA1989,FAT3
ASR1,FAU
FLJ22986,FAU
FUB1,FAU
FUBI,FAU
MNSFBETA,FAU
RPS30,FAU
S30,FAU
PAARH,FAUP4
ALB,FBF1
FBF-1,FBF1
FLJ00103,FBF1
KIAA1863,FBF1
FBX18,FBH1
FBXO18,FBH1
FLJ14590,FBH1
CAL,FBLIM1
FBLP-1,FBLIM1
MIGFILIN,FBLIM1
LOC345630,FBLL1
ARMD3,FBLN5
DANCE,FBLN5
EVEC,FBLN5
UP50,FBLN5
FLJ37440,FBLN7
TM14,FBLN7
FBN,FBN1
MASS,FBN1
MFS1,FBN1
OCTD,FBN1
SGS,FBN1
WMS,FBN1
CCA,FBN2
DA9,FBN2
KIAA1776,FBN3
KIAA1545,FBRSL1
FBL2,FBXL2
FBL3,FBXL2
FBL9,FBXL9P
FBXL9,FBXL9P
LRRC29,FBXL9P
CFAP169,FBXL13
DRC6,FBXL13
FBL13,FBXL13
MGC21636,FBXL13
FBL14,FBXL14
MGC40195,FBXL14
C16ORF22,FBXL16
FBL16,FBXL16
MGC33974,FBXL16
DKFZP434C1715,FBXL17
FBL17,FBXL17
FBX13,FBXL17
FBXO13,FBXL17
FBL18,FBXL18
FLJ11467,FBXL18
FBG1,FBXO2
FBS1,FBXO2
FBX2,FBXO2
NFB42,FBXO2
OCP1,FBXO2
FBA,FBXO3
FBX3,FBXO3
FBXO3-AS1,FBXO3-DT
FBG2,FBXO6
FBS2,FBXO6
FBX6,FBXO6
FBX6B,FBXO6
FBX11,FBXO11
UBR6,FBXO11
FBX16,FBXO16
FBX21,FBXO21
KIAA0875,FBXO21
FBX22,FBXO22
FISTC1,FBXO22
FBX24,FBXO24
FBG5,FBXO27
FBX27,FBXO27
CENP-30,FBXO28
FBX28,FBXO28
FLJ10766,FBXO28
KIAA0483,FBXO28
FBX14,FBXO31
FBX31,FBXO31
FBXO14,FBXO31
MGC15419,FBXO31
FBX33,FBXO33
FBX36,FBXO36
FLJ37592,FBXO36
FBX38,FBXO38
FLJ13962,FBXO38
MOKA,FBXO38
SP329,FBXO38
FBX40,FBXO40
KIAA1195,FBXO40
FBX41,FBXO41
KIAA1940,FBXO41
FBG3,FBXO44
FBX30,FBXO44
FBX44,FBXO44
FBXO6A,FBXO44
MGC14140,FBXO44
20D7-FC4,FBXO46
FBX46,FBXO46
FBXO34L,FBXO46
AGO,FBXW7
CDC4,FBXW7
FBW7,FBXW7
FBX30,FBXW7
FBXW6,FBXW7
FLJ11071,FBXW7
SEL-10,FBXW7
SEL10,FBXW7
DEAR,FBXW7-AS1
DESPR,FBXW7-AS1
FBW12,FBXW12
FBXO35,FBXW12
CD351,FCAMR
FCA/MR,FCAMR
FCALPHA/MUR,FCAMR
FKSG87,FCAMR
FCEPSILONRIGAMMA,FCER1G
CD64,FCGR1A
CD64A,FCGR1A
FCG1,FCGR1A
FCGAMMARI,FCGR1A
FCGAMMARIA,FCGR1A
FCGR1,FCGR1A
CD64B,FCGR1BP
CD64C,FCGR1CP
FCGR1C,FCGR1CP
CD32,FCGR2A
CD32A,FCGR2A
CDW32,FCGR2A
FC-GAMMA-RIIA,FCGR2A
FCG2,FCGR2A
FCGAMMARIIA,FCGR2A
FCGR2,FCGR2A
FCGR2A1,FCGR2A
IGFR2,FCGR2A
CD32,FCGR2B
CD32B,FCGR2B
FCG2,FCGR2B
FCGAMMARIIB,FCGR2B
FCGR2,FCGR2B
FCGRIIB,FCGR2B
CD32C,FCGR2C
FC-GAMMA-RIIC,FCGR2C
FCGAMMARIIC,FCGR2C
HFCRII-C,FCGR2C
CD16,FCGR3A
CD16A,FCGR3A
FCG3,FCGR3A
FCGAMMARIIIA,FCGR3A
FCGR3,FCGR3A
FCGRIIIA,FCGR3A
CD16,FCGR3B
CD16B,FCGR3B
FCG3,FCGR3B
FCGAMMARIIIB,FCGR3B
FCGR3,FCGR3B
FCRIIIB,FCGR3B
KIAA0290,FCHO1
TCONS_00010375,FCHO2-DT
FAIM3,FCMR
FCMUR,FCMR
TOSO,FCMR
FCNM,FCN1
EBP-37,FCN2
FCNL,FCN2
FICOLIN-2,FCN2
P35,FCN2
FCNH,FCN3
HAKA1,FCN3
CD307A,FCRL1
FCRH1,FCRL1
IFGP1,FCRL1
IRTA5,FCRL1
CD307B,FCRL2
FCRH2,FCRL2
IRTA4,FCRL2
SPAP1,FCRL2
CD307C,FCRL3
FCRH3,FCRL3
IFGP3,FCRL3
IRTA3,FCRL3
SPAP2,FCRL3
SPAP2A,FCRL3
SPAP2B,FCRL3
SPAP2C,FCRL3
SPAP2D,FCRL3
SPAP2E,FCRL3
CD307D,FCRL4
FCRH4,FCRL4
IGFP2,FCRL4
IRTA1,FCRL4
BXMAS1,FCRL5
CD307E,FCRL5
FCRH5,FCRL5
IRTA2,FCRL5
FCRH6,FCRL6
FLJ16056,FCRL6
IFGP6,FCRL6
FCRL,FCRLA
FCRLB,FCRLA
FCRLC1,FCRLA
FCRLC2,FCRLA
FCRLD,FCRLA
FCRLE,FCRLA
FCRLM1,FCRLA
FCRLX,FCRLA
FREB,FCRLA
MGC4595,FCRLA
FCRL2,FCRLB
FCRLM2,FCRLB
FCRLY,FCRLB
FLJ31052,FCRLB
FREB-2,FCRLB
C4ORF7,FDCSP
FDC-SP,FDCSP
FDX1L,FDX2
MGC19604,FDX2
ADR,FDXR
ADXR,FDXR
FENL1,FEN1P1
PPP1R74,FER
TYK3,FER
DKFZP434I0121,FER1L5
BHLHA31,FERD3L
N-TWIST,FERD3L
NATO3,FERD3L
KIND2,FERMT2
MIG-2,FERMT2
PLEKHC1,FERMT2
UNC112B,FERMT2
KIND3,FERMT3
MGC10966,FERMT3
MIG2B,FERMT3
UNC112C,FERMT3
URP2,FERMT3
PET-1,FEV
ZNF312B,FEZF1
FFA1R,FFAR1
GPR40,FFAR1
FFA2R,FFAR2
GPR43,FFAR2
ZFYVE4,FGD2
CMT4H,FGD4
FRABIN,FGD4
FRABP,FGD4
ZFYVE6,FGD4
FGFB,FGF2
HBGF-4,FGF4
HST,FGF4
HST-1,FGF4
HSTF1,FGF4
K-FGF,FGF4
KFGF,FGF4
KGFLP2,FGF7P3
KGFLP1,FGF7P6
FGF12B,FGF12
FHF1,FGF12
FGF2,FGF13
FHF2,FGF13
FLJ30672,FGF13
LINC00889,FGF13
C10ORF13,FGFBP3
MGC39320,FGFBP3
BFGFR,FGFR1
CD331,FGFR1
CEK,FGFR1
FLG,FGFR1
FLT2,FGFR1
H2,FGFR1
H3,FGFR1
H4,FGFR1
H5,FGFR1
KAL2,FGFR1
N-SAM,FGFR1
BEK,FGFR2
CD332,FGFR2
CEK3,FGFR2
CFD1,FGFR2
ECT1,FGFR2
JWS,FGFR2
K-SAM,FGFR2
KGFR,FGFR2
TK14,FGFR2
TK25,FGFR2
ACH,FGFR3
CD333,FGFR3
CEK2,FGFR3
JTK4,FGFR3
CD334,FGFR4
JTK2,FGFR4
FLJ10986,FGGY
C-FGR,FGR
P55C-FGR,FGR
SRC2,FGR
KIAA1937,FHAD1
C11ORF56,FHIP1B
DKFZP566M1046,FHIP1B
FAM160A2,FHIP1B
FHIP,FHIP1B
FLJ22665,FHIP1B
KIAA1759,FHIP1B
BA106M7.3,FHIP2A
FAM160B1,FHIP2A
KIAA1600,FHIP2A
AP3AASE,FHIT
FRA3B,FHIT
SLIM2,FHL3
ACT,FHL5
DJ393D12.2,FHL5
FLJ33049,FHL5
HIP13,FICD
HYPE,FICD
BHLHC8,FIGLA
FIGALPHA,FIGLA
DOC-1,FILIP1L
GIP130,FILIP1L
DKFZP586K0717,FIP1L1
FIP1,FIP1L1
HFIP1,FIP1L1
LINC01200,FIRRE
FKBP12.6,FKBP1B
FKBP1L,FKBP1B
FKBP9,FKBP1B
OTK4,FKBP1B
PPIASE,FKBP1B
FKBP-25,FKBP3
FKBP25,FKBP3
FKBP52,FKBP4
FKBP59,FKBP4
FKBP36,FKBP6
PPIASE,FKBP6
FKBP23,FKBP7
FKBP38,FKBP8
FKBPR38,FKBP8
FKBP60,FKBP9
FKBP63,FKBP9
MGC20531,FKBP9P1
FKBP6,FKBP10
FKBP65,FKBP10
FLJ20683,FKBP10
FLJ22041,FKBP10
FLJ23833,FKBP10
HFKBP65,FKBP10
FKTR,FKRP
LGMD2I,FKRP
MDC1C,FKRP
ALS2CR12,FLACC1
FAD1,FLAD1
PP591,FLAD1
EWSR2,FLI1
FLI-1,FLI1
SIC-1,FLI1
ABP-278,FLNB
FH1,FLNB
FLN1L,FLNB
LRS1,FLNB
TABP,FLNB
TAP,FLNB
ABP-280,FLNC
ABPL,FLNC
FLN2,FLNC
ECS-1,FLOT2
ECS1,FLOT2
ESA,FLOT2
ESA1,FLOT2
M17S1,FLOT2
MGC21624,FLRT1
SPG68,FLRT1
AL049775.1,FLRT2-AS1
LOC391533,FLT1P1
PCL,FLT4
VEGFR-3,FLT4
VEGFR3,FLT4
AXPC1,FLVCR1
FLVCR,FLVCR1
MFSD7B,FLVCR1
PCA,FLVCR1
SLC49A1,FLVCR1
FLVCR1-AS1,FLVCR1-DT
LQK1,FLVCR1-DT
NCRNA00292,FLVCR1-DT
AC007182.6,FLVCR2-AS1
C17ORF1,FMNL1
C17ORF1B,FMNL1
FMNL,FMNL1
FHOD2,FMNL2
KIAA1902,FMNL2
DKFZP762B245,FMNL3
MGC45819,FMNL3
WBP3,FMNL3
FMOII,FMO3
FMO2,FMO4
FMO6,FMO6P
RP11-45J16.2,FMO9P
SLRR2E,FMOD
CIG,FN1
FINC,FN1
GFND2,FN1
LETS,FN1
LNC-ABCA12-8,FN1
MSF,FN1
FLJ12171,FN3KRP
FN3KL,FN3KRP
FBP17,FNBP1
KIAA0554,FNBP1
C1ORF39,FNBP1L
FLJ20275,FNBP1L
TOCA1,FNBP1L
FLJ22362,FNDC4
FRCP1,FNDC4
FRCP2,FNDC5
FLJ35838,FNDC7
DKFZP434H2215,FNDC8
C1ORF233,FNDC10
KIAA1961,FNIP1
FNTAL1,FNTAP1
FRB,FOLR2
FR-G,FOLR3
FRG,FOLR3
AP-1,FOSB
DKFZP686C0818,FOSB
G0S3,FOSB
GOS3,FOSB
GOSB,FOSB
MGC42291,FOSB
FLJ23306,FOSL2
FRA2,FOSL2
HNF3A,FOXA1
ODRUL,FOXC2-AS1
LINC01379,FOXCUT
TCONS_00011636,FOXCUT
FKHL17,FOXD2
FREAC9,FOXD2
MGC12982,FOXD2-AS1
GENESIS,FOXD3
HFH2,FOXD3
FAST,FOXD3-AS1
PASFOXD3,FOXD3-AS1
FOXD5,FOXD4L1
BA460E7.2,FOXD4L4
FOXD4L2,FOXD4L4
OTTHUMG00000013337,FOXD4L4
OTTHUMG00000066752,FOXD4L4
BA15J10.2,FOXD4L5
OTTHUMG00000013332,FOXD4L5
OTTHUMG00000066822,FOXD4L6
FKHL12,FOXE3
FREAC8,FOXE3
BF1,FOXG1
FKH2,FOXG1
FKHL1,FOXG1
FKHL2,FOXG1
FKHL3,FOXG1
FKHL4,FOXG1
FOXG1A,FOXG1
FOXG1B,FOXG1
FOXG1C,FOXG1
HBF-3,FOXG1
HFK1,FOXG1
HFK2,FOXG1
HFK3,FOXG1
QIN,FOXG1
FHX,FOXJ2
BPES,FOXL2
BPES1,FOXL2
C3ORF72,FOXL2NB
FLJ43329,FOXL2NB
FKHL16,FOXM1
HFH-11,FOXM1
HNF-3,FOXM1
INS-1,FOXM1
MPHOSPH2,FOXM1
MPP2,FOXM1
TGT3,FOXM1
TRIDENT,FOXM1
FKHL20,FOXN1
RONU,FOXN1
WHN,FOXN1
HTLF,FOXN2
FKHRL1P1,FOXO3B
12CC4,FOXP1
HFKH1B,FOXP1
HSPC215,FOXP1
QRF1,FOXP1
CAGH44,FOXP2
SPCH1,FOXP2
TNRC10,FOXP2
AIID,FOXP3
DIETER,FOXP3
IPEX,FOXP3
JM2,FOXP3
PIDX,FOXP3
SCURFIN,FOXP3
XPID,FOXP3
FLJ40908,FOXP4
DLNB13,FOXR1
FOXN5,FOXR1
H17,FOXRED1
GFPP,FPGT
FMLP,FPR1
FPR,FPR1
FLJ14927,FRAS1
FLJ22031,FRAS1
KIAA1500,FRAS1
TCONS_L2_00020053,FRG2FP
BA164L23.1,FRMD1
DKFZP434O0117,FRMD1
FLJ00181,FRMD1
FLJ22615,FRMD1
FLJ40260,FRMD1
BA295P9.4,FRMD4A
FLJ10210,FRMD4A
FRMD4,FRMD4A
KIAA1294,FRMD4A
AL157392.2,FRMD4A-AS1
FKSG44,FRMD8
FLJ90369,FRMD8
ITAP,FRMD8
BA556L1.2,FRMPD2B
FRMPD2L1,FRMPD2B
FRMPD2L2,FRMPD2B
FRMPD2P1,FRMPD2B
FRMPD2P2,FRMPD2B
PDZD5A,FRMPD2B
PDZD5B,FRMPD2B
PDZK5A,FRMPD2B
PDZK5B,FRMPD2B
YX59F3.2,FRMPD2B
SDFR2,FRRS1
SDR2,FRRS1
FRS2A,FRS2
FRS2ALPHA,FRS2
SNT-1,FRS2
SNT1,FRS2
AF4P12,FRYL
DKFZP686E205,FRYL
KIAA0826,FRYL
MOR2,FRYL
FRE,FRZB
FRITZ,FRZB
FRP-3,FRZB
FRZB-1,FRZB
FRZB-PEN,FRZB
FRZB1,FRZB
FZRB,FRZB
HFIZ,FRZB
SFRP3,FRZB
SRFP3,FRZB
MGC3213,FSD1
MIR1,FSD1
FLJ35989,FSIP1
FLJ34780,FSIP2
FRP,FSTL1
FSL1,FSTL1
OCC-1,FSTL1
OCC1,FSTL1
TSC36,FSTL1
FLRG,FSTL3
FSRP,FSTL3
KIAA1061,FSTL4
FONG,FTCDNL1
FHC,FTH1
FTH,FTH1
FTHL6,FTH1
PIG15,FTH1
PLIF,FTH1
FTHL3,FTH1P3
FTHL23,FTH1P23
FTHL24,FTH1P24
TCLLNC1,FTH1P24
ALKBH9,FTO
KIAA1752,FTO
MGC5149,FTO
SPB1,FTSJ3
FLJ33139,FTX
LINC00182,FTX
MIR374AHG,FTX
NCRNA00182,FTX
FBP,FUBP1
FUBP,FUBP1
FBP3,FUBP3
FUCA1P,FUCA1P1
H,FUT1
HSC,FUT1
SE,FUT2
SE2,FUT2
SEC2,FUT2
SEJ,FUT2
CD15,FUT4
ELFT,FUT4
FCT3A,FUT4
FUC-TIV,FUT4
FUC-TV,FUT5
FCT3A,FUT6
FLJ40754,FUT6
FT1A,FUT6
FUCT-VI,FUT6
FMR1L2,FXR2
ATP1G1,FXYD2
HOMG2,FXYD2
MGC12372,FXYD2
MAT-8,FXYD3
PLML,FXYD3
ARAP,FYB2
C1ORF168,FYB2
FLJ43208,FYB2
RP4-758N20.2,FYB2
FLJ13335,FYCO1
ZFYVE7,FYCO1
MGC45350,FYN
SLK,FYN
SYN,FYN
DKFZP761B1514,FYTTD1
UIF,FYTTD1
CD344,FZD4
EVR1,FZD4
C2ORF31,FZD5
DKFZP434E2135,FZD5
HFZ5,FZD5
HFZ6,FZD6
FZE3,FZD7
CD349,FZD9
FZD3,FZD9
CD350,FZD10
FLJ31485,FZD10-AS1
FZD10-DT,FZD10-AS1
CDC20C,FZR1
CDH1,FZR1
FZR,FZR1
FZR2,FZR1
HCDH,FZR1
HCDH1,FZR1
KIAA1242,FZR1
UGRP,G6PC3
DFNB26,GAB1
KIAA0571,GAB2
ATG8A,GABARAP
MM46,GABARAP
E4TF1,GABPAP
E4TF1B,GABPAP
GABPB1,GABPAP
LINC01458,GACAT3
LNCRNA-AC130710,GACAT3
GAD,GAD1
DDIT1,GADD45A
GADD45,GADD45A
DNAJC26,GAK
SDR1E1,GALE
GALK,GALK1
GALN6S,GALNS
GALNAC6S,GALNS
GAS,GALNS
GALNAC-T2,GALNT2
GALNAC-T3,GALNT3
HFTC,GALNT3
HHS,GALNT3
GALNAC-T4,GALNT4
GALNAC-T7,GALNT7
GALNAC-T8,GALNT8
GALNAC-T12,GALNT12
GALNT7,GALNT15
GALNTL2,GALNT15
PP-GALNAC-T15,GALNT15
GALNAC-T16,GALNT16
GALNTL1,GALNT16
KIAA1130,GALNT16
GALNAC-T17,GALNT17
GALNAC-T19,GALNT17
GALNAC-T5L,GALNT17
GALNTL3,GALNT17
PPGALNAC-T17,GALNT17
WBSCR17,GALNT17
GALNAC-T5L,GALNTL5
GALNT15,GALNTL5
GALNAC-T6L,GALNTL6
GALNT17,GALNTL6
G2AN,GANAB
GIIA,GANAB
GLUII,GANAB
KIAA0088,GANAB
B-50,GAP43
GAP-43,GAP43
PP46,GAP43
GAPD,GAPDH
GAPDHL1,GAPDHP58
GAPDL1,GAPDHP58
GAPDHL15,GAPDHP70
GAPDL15,GAPDHP70
GAPD2,GAPDHS
GAPDH-2,GAPDHS
GAPDS,GAPDHS
C5ORF29,GAPT
FLJ33641,GAPT
FAM59B,GAREM2
FLJ00375,GAREM2
GAREML,GAREM2
KIAA2038,GAREM2
FAM137B,GARIN1A
FAM71F2,GARIN1A
GARI,GARIN1A
FAM137A,GARIN1B
FAM71F1,GARIN1B
GARI-L1,GARIN1B
NYD-SP18,GARIN1B
C14ORF54,GARIN2
FAM71D,GARIN2
GARI-L2,GARIN2
FAM71B,GARIN3
GARI-L3,GARIN3
MGC26988,GARIN3
FAM71A,GARIN4
FLJ32796,GARIN4
GARI-L4,GARIN4
FAM71E1,GARIN5A
GARIL5,GARIN5A
FAM71C,GARIN6
MGC39520,GARIN6
AC005154.1,GARS1-DT
AC005154.6,GARS1-DT
GARS-DT,GARS1-DT
GARSP1,GARS1P1
LNCRNA-HH,GAS1RR
RP11-276H19.1,GAS1RR
GAR17,GAS2L2
NCRNA00030,GAS5
SNHG2,GAS5
KIAA0394,GAS7
MGC1348,GAS7
C3ORF41,GASK1A
DKFZP434B172,GASK1A
FAM198A,GASK1A
GAS,GAST
ERYF1,GATA1
GATA-1,GATA1
GF1,GATA1
NF-E1,GATA1
NFE1,GATA1
NFE1B,GATA2
HDR,GATA3
P66ALPHA,GATAD2A
GALNT8-DT,GAU1
LIMIT,GBP1P1
FLJ10961,GBP3
MPA2,GBP4
DKFZP686G0786,GBP6
FLJ38822,GBP7
GBP4L,GBP7
DBP,GC
HDBP,GC
VDBP,GC
GCL,GCA
FLJ22035,GCC1
GCC1P,GCC1
GCC88,GCC1
MGC20706,GCC1
GCC185,GCC2
KIAA0336,GCC2
ACAD5,GCDH
GCD,GCDH
GLP-1,GCG
GLP1,GCG
GLP2,GCG
GRPP,GCG
HK4,GCK
MODY2,GCK
GCS,GCLC
GLCL,GCLC
GLCLC,GCLC
AL033397.2,GCLC-AS1
GCN1L,GCN1
GCN1L1,GCN1
KIAA0219,GCN1
C2/4GNT,GCNT3
C2GNT-M,GCNT3
C2GNT2,GCNT3
C2GNT3,GCNT4
LINC01336,GCNT4
FLJ30973,GCOM1
GRINL1A,GCOM1
MYZAP-POLR2M,GCOM1
C1ORF150,GCSAML
FLJ44728,GCSAML
MIC-1,GDF15
MIC1,GDF15
NAG-1,GDF15
PDF,GDF15
PLAB,GDF15
PTGFB,GDF15
GDI2P,GDI2P1
FLJ37451,GDPD1
GDE4,GDPD1
GDE6,GDPD4
DKFZP434B131,GEMIN4
DKFZP434D174,GEMIN4
HC56,GEMIN4
HCAP1,GEMIN4
HHRF-1,GEMIN4
P97,GEMIN4
FLJ13956,GEMIN7
WRBP1,GET1P1
FLJ45472,GFAP
GFI-1,GFI1
GFI1A,GFI1
ZNF163,GFI1
EFGM,GFM1
EGF1,GFM1
GFM,GFM1
MTEF-G1,GFM1
EF-G2MT,GFM2
EFG2,GFM2
FLJ21661,GFM2
FLJ23802,GFOD2
MGC11335,GFOD2
GFA,GFPT1
GFAT,GFPT1
GFAT1,GFPT1
GFPT,GFPT1
GFRA-3,GFRA3
GOOFY,GFY
KIAA0154,GGA3
VKCFD1,GGCX
FLJ35713,GGN
MGC33369,GGN
GGPPS1,GGPS1
FLJ90165,GGT6
GH,GH1
GH-N,GH1
GHN,GH1
HGH-N,GH1
GH-V,GH2
GHL,GH2
GHV,GH2
HGH-V,GH2
LGP1,GHDC
LNCRNA-GHET1,GHET1
C17ORF39,GID4
VID24,GID4
GYF1,GIGYF1
PERQ1,GIGYF1
GYF2,GIGYF2
KIAA0642,GIGYF2
PARK11,GIGYF2
PERQ2,GIGYF2
PERQ3,GIGYF2
TNRC15,GIGYF2
FLJ11110,GIMAP4
HIMAP4,GIMAP4
IAN1,GIMAP4
IMAP4,GIMAP4
HIMAP3,GIMAP5
IAN4L1,GIMAP5
IAN5,GIMAP5
FLJ22690,GIMAP6
IAN6,GIMAP6
IAN7,GIMAP7
MGC27027,GIMAP7
DKFZP667I133,GIMAP8
HIAN6,GIMAP8
IAN9,GIMAP8
FLJ20125,GIN1
GIN-1,GIN1
TGIN1,GIN1
ZH2C2,GIN1
MGC14799,GINS4
SLD5,GINS4
C19ORF64,GIPC3
DFNB15,GIPC3
DFNB72,GIPC3
DFNB95,GIPC3
MACC1-DT,GIRGL
KIAA0148,GIT2
PKL,GIT2
CX43,GJA1
GJAL,GJA1
ODD,GJA1
ODDD,GJA1
ODOD,GJA1
SDTY3,GJA1
CX40,GJA5
CAE,GJA8
CAE1,GJA8
CX50,GJA8
CZP1,GJA8
CX46.6,GJC2
CX47,GJC2
GJA12,GJC2
SPG44,GJC2
CX36,GJD2
GJA9,GJD2
CX23,GJE1
GK3P,GK3
GKP3,GK3
GKTB,GK3
AMP18,GKN1
BRICD1,GKN1
CA11,GKN1
BLOTTIN,GKN2
BRICD1B,GKN2
GDDR,GKN2
PRO813,GKN2
TFIZ1,GKN2
VLTI465,GKN2
GALA,GLA
EBP,GLB1
ELNR1,GLB1
MGC10771,GLB1L
FLJ90231,GLB1L3
HSEPI,GLCE
KIAA0836,GLCE
GLDCP,GLDCP1
CLOM,GLDN
COLM,GLDN
COLMEDIN,GLDN
CRG-L2,GLDN
UNC-122,GLDN
HPE9,GLI2
THP1,GLI2
THP2,GLI2
ACLS,GLI3
GCPS,GLI3
PAP-A,GLI3
PAPA,GLI3
PAPA1,GLI3
PAPB,GLI3
PHS,GLI3
PPDIV,GLI3
HKR4,GLI4
ZNF928,GLI4
FAM88A,GLIDR
LINC01172,GLIDR
MGC21881,GLIDR
TCONS_00015562,GLIDR
GLIPR,GLIPR1
RTVP1,GLIPR1
RP11-585P4.5,GLIPR1-AS1
MGC26856,GLIPR1L1
MGC39497,GLIPR1L2
FLJ36155,GLIS1
FAP48,GLMN
FAP68,GLMN
FKBPAP,GLMN
GLML,GLMN
GVM,GLMN
VMGLOM,GLMN
C1ORF85,GLMP
MGC31963,GLMP
NCU-G1,GLMP
GLOD1,GLO1
C17ORF25,GLOD4
CGI-150,GLOD4
HC71,GLOD4
GLP-1R,GLP1R
GLR,GLRA2
GRX,GLRX
GRX1,GLRX
BA101E13.1,GLRX2
GRX2,GLRX2
GAC,GLS
GAM,GLS
GLS1,GLS
KGA,GLS
KIAA0838,GLS
GA,GLS2
GLS,GLS2
HLGA,GLS2
LGA,GLS2
FLJ31978,GLT1D1
AD-017,GLT8D1
FLJ14611,GLT8D1
FLJ31494,GLT8D2
BA342C24.3,GLUD1P2
C10ORF102,GLUD1P3
EM:AC022400.11,GLUD1P3
GLUDP3,GLUD1P3
GLNS,GLUL
GLULL3,GLULP3
FLJ34646,GLYATL1
MGC15397,GLYATL1
BXMAS2-10,GLYATL2
MGC24009,GLYATL2
HBEBP2,GLYCTK
HBEBP4,GLYCTK
GM2-AP,GM2A
GM2AP,GM2A
SAP-3,GM2A
BTBD13,GMCL1
FLJ13057,GMCL1
GCL1,GMCL1
SPATA29,GMCL1
GCL,GMCL2
GMCL1L,GMCL2
GMCL1P1,GMCL2
GMDS-AS1,GMDS-DT
P96PIF,GMEB1
PIF96,GMEB1
GMF,GMFB
ARHGAP46,GMIP
KIAA1851,GMPPB
87U6,GNAI3
G-ALPHA-O,GNAO1
GNAQP,GNAQP1
ACHM4,GNAT2
G(GAMMA)13,GNG13
H2-35,GNG13
C77032,GNL3
E2IG3,GNL3
MGC800,GNL3
NS,GNL3
D2S69E,GNLY
LAG-2,GNLY
LAG2,GNLY
NKG5,GNLY
TLA519,GNLY
DAP-AT,GNPAT
DAPAT,GNPAT
DHAPAT,GNPAT
SB52,GNPDA2
FLJ10607,GNPNAT1
GPNAT1,GNPNAT1
C16ORF27,GNPTG
C316G12.3,GNPTG
CAB56184,GNPTG
GNPTAG,GNPTG
GNRH,GNRH1
GRH,GNRH1
LHRH,GNRH1
GM130,GOLGA2
GOLGIN-95,GOLGA2
DKFZP434M0331,GOLGA2P5
GOLGA2B,GOLGA2P5
GOLGA2L1,GOLGA2P5
FLJ38723,GOLGA2P11
GCP170,GOLGA3
GOLGIN-160,GOLGA3
MEA-2,GOLGA3
GCP2,GOLGA4
GOLG,GOLGA4
GOLGIN-240,GOLGA4
P230,GOLGA4
GOLGA6L3,GOLGA6L3P
GOLGA6L7P,GOLGA6L7
GCP16,GOLGA7
GOLGA3AP1,GOLGA7
GOLGA7A,GOLGA7
HSPC041,GOLGA7
BA451M19.3,GOLGA7B
BA459F3.4,GOLGA7B
C10ORF132,GOLGA7B
C10ORF133,GOLGA7B
LINC00866,GOLGA7B-DT
GCP,GOLGB1
GCP372,GOLGB1
GIANTIN,GOLGB1
GOLIM1,GOLGB1
GPP34R,GOLPH3L
CGI-141,GOLT1A
FLJ42654,GOLT1A
GOT1,GOLT1A
MGC62027,GOLT1A
YMR292W,GOLT1A
CGI-141,GOLT1B
GOT1,GOLT1B
YMR292W,GOLT1B
FLJ20203,GON4L
GON-4,GON4L
GON4,GON4L
YARP,GON4L
FLJ11752,GORAB
GO,GORAB
NTKL-BP1,GORAB
SCYL1BP1,GORAB
FLJ23443,GORASP1
GOLPH5,GORASP1
GRASP65,GORASP1
P65,GORASP1
GOLPH6,GORASP2
GRASP55,GORASP2
GRS2,GORASP2
BOS1,GOSR2
GS27,GOSR2
AST,GOT1
AST1,GOT1
SGOT,GOT1
MGC33309,GOT1L1
KAT4,GOT2
KATIV,GOT2
KYAT4,GOT2
MITAAT,GOT2
GOT2L2,GOT2P2
GOT2L3,GOT2P3
GOT2L3P,GOT2P3
CD42B,GP1BA
GP1B,GP1BA
GPIBALPHA,GP1BA
ZAP75,GP2
CD42D,GP5
CD42A,GP9
GPIX,GP9
GAA1,GPAA1
HGAA1,GPAA1
CT123,GPAT2
AGPAT6,GPAT4
DKFZP586M1819,GPAT4
LPAAT-ZETA,GPAT4
TSARG7,GPAT4
ECGP,GPATCH1
FLJ10206,GPATCH1
FLJ38686,GPATCH1
GPATC1,GPATCH1
FLJ12455,GPATCH3
GPATC3,GPATCH3
GPATC8,GPATCH8
KIAA0553,GPATCH8
CCDC75,GPATCH11
CENP-Y,GPATCH11
CENPY,GPATCH11
FLJ38348,GPATCH11
CCDC75P1,GPATCH11P1
BG37,GPBAR1
GPCR,GPBAR1
GPCR19,GPBAR1
GPR131,GPBAR1
M-BAR,GPBAR1
MGC40597,GPBAR1
TGR5,GPBAR1
SP192,GPBP1L1
GLYPICAN,GPC1
KIAA0089,GPD1L
CEPR,GPER1
CMKRL2,GPER1
DRY12,GPER1
FEG-1,GPER1
GPCR-BR,GPER1
GPER,GPER1
GPR30,GPER1
LERGU,GPER1
LERGU2,GPER1
LYGPR,GPER1
GPI-HBP1,GPIHBP1
LOC338328,GPIHBP1
GPM6,GPM6A
M6B,GPM6B
MGC17150,GPM6B
MGC54284,GPM6B
ATPBD1A,GPN1
MBDIN,GPN1
NTPBP,GPN1
RPAP4,GPN1
XAB1,GPN1
ATPBD1B,GPN2
FLJ10349,GPN2
ATPBD1C,GPN3
MGC14560,GPN3
ACCA,GPR3
ETBR-LP-2,GPR37L1
FFAR3L,GPR42
GPR41L,GPR42
GPR42P,GPR42
PSP24,GPR45
PSP24A,GPR45
BALGR,GPR61
HTDAG8,GPR65
TDAG8,GPR65
WI-31133,GPR75
GPR79P,GPR79
GPR72,GPR83
EX33,GPR84
SREB2,GPR85
GPR95,GPR87
GPR89,GPR89B
GPR89C,GPR89B
SH120,GPR89B
C11H1.2-LP,GPR89P
FLJ20998,GPR107
KIAA1624,GPR107
LUSTR1,GPR107
RP11-88G17,GPR107
LUSTR2,GPR108
HUMNPIIY20,GPR135
PAFR,GPR135
C11ORF4,GPR137
GPR137A,GPR137
TM7SF1L1,GPR137
TM7SF1,GPR137B
PGR13,GPR141
PGR2,GPR142
PGR6,GPR148
PGR11,GPR150
GALR4,GPR151
PGR7,GPR151
PGR1,GPR153
DEP.7,GPR155
DEPDC3,GPR155
FLJ31819,GPR155
PGR22,GPR155
GABABL,GPR156
PGR28,GPR156
GPCR1,GPR160
GPCR150,GPR160
RE2,GPR161
H963,GPR171
GM1012,GPR176
PEIG-1,GPRC5A
RAI3,GPRC5A
RAIG1,GPRC5A
TIG1,GPRC5A
RAIG-2,GPRC5B
RP11-392P7.6,GPRC5D-AS1
FLJ42625,GPRIN3
GRIN3,GPRIN3
COPS1,GPS1
CSN1,GPS1
DFNB82,GPSM2
LGN,GPSM2
PINS,GPSM2
ALT2,GPT2
GSHPX-GI,GPX2
MCSP,GPX4
PHGPX,GPX4
FLJ90346,GRAMD1A
KIAA1533,GRAMD1A
KIAA1201,GRAMD1B
LINC01059,GRAMD1B
DKFZP434C0328,GRAMD1C
RNF144A-AS1,GRASLND
NCKAP2,GRB2
CKTSF1B2,GREM2
DAND3,GREM2
FLJ21195,GREM2
PRDC,GREM2
LBP-32,GRHL1
MGR,GRHL1
TFCP2L2,GRHL1
SOM,GRHL3
TFCP2L4,GRHL3
GLUA1,GRIA1
GLUR1,GRIA1
GLURA,GRIA1
GLUA2,GRIA2
GLUR2,GRIA2
GLURB,GRIA2
GLUA4,GRIA4
GLUR4,GRIA4
GLURD,GRIA4
GLUD2,GRID2
GLUR-DELTA-2,GRID2
GLUK2,GRIK2
GLUR6,GRIK2
MRT6,GRIK2
GLUK5,GRIK5
GRIK2,GRIK5
KA2,GRIK5
GLUN1,GRIN1
NMDAR1,GRIN1
GLUN2A,GRIN2A
NMDAR2A,GRIN2A
GLUN2B,GRIN2B
NMDAR2B,GRIN2B
GLUN2C,GRIN2C
NMDAR2C,GRIN2C
EB11,GRIN2D
GLUN2D,GRIN2D
NMDAR2D,GRIN2D
NR2D,GRIN2D
ADRBK1,GRK2
BARK1,GRK2
GPRK5,GRK5
GPRK7,GRK7
GPRC1A,GRM1
MGLU1,GRM1
MGLUR1,GRM1
PPP1R85,GRM1
GPRC1B,GRM2
MGLU2,GRM2
MGLUR2,GRM2
GPRC1C,GRM3
MGLU3,GRM3
MGLUR3,GRM3
GPRC1D,GRM4
MGLU4,GRM4
MGLUR4,GRM4
GPRC1E,GRM5
MGLU5,GRM5
MGLUR5,GRM5
PPP1R86,GRM5
CSNB1B,GRM6
GPRC1F,GRM6
MGLU6,GRM6
MGLUR6,GRM6
GLUR7,GRM7
GPRC1G,GRM7
MGLU7,GRM7
MGLUR7,GRM7
PPP1R87,GRM7
GLUR8,GRM8
GPRC1H,GRM8
MGLU8,GRM8
MGLUR8,GRM8
CLN11,GRN
PCDGF,GRN
PGRN,GRN
FLJ25609,GRPEL1
GRPE,GRPEL1
HMGE,GRPEL1
DKFZP451C205,GRPEL2
FLJ23713,GRPEL2
MT-GRPE#2,GRPEL2
RP11-394O4.4,GRPEL2-AS1
DFNB25,GRXCR1
PPP1R88,GRXCR1
DFNB101,GRXCR2
LOC54103,GSAP
PION,GSAP
GSDML,GSDMB
PRO2521,GSDMB
DCPS-AS1,GSEC
FLJ39051,GSEC
ST3GAL4-AS1,GSEC
MGC3146,GSG1
DKFZP313L0718,GSN
ERF3A,GSPT1
ETF3A,GSPT1
GST1,GSPT1
GST2,GSTA2
GSTAP2,GSTA7P
GSTAP6,GSTA7P
GSTAP7,GSTA8P
GSTA4P,GSTA9P
GSTAP4,GSTA9P
GSTAP2,GSTA10P
GSTAP5,GSTA12P
GST13,GSTK1
GST1,GSTM1
H-B,GSTM1
MU,GSTM1
GST4,GSTM2
GST5,GSTM3
GSTM3TV2,GSTM3
GST1L,GSTM5P1
GSTM1L,GSTM5P1
GSTO3P1,GSTO3P
FAEES3,GSTP1
GST3,GSTP1
GSTP,GSTP1
FLJ11753,GTDC1
HMAT-XA,GTDC1
HST18745,GTF2A2
TFIIA,GTF2A2
FE,GTF2E1
TFIIE-A,GTF2E1
FE,GTF2E2
TF2E2,GTF2E2
TFIIE-B,GTF2E2
BTF4,GTF2F1
RAP74,GTF2F1
TF2F1,GTF2F1
TFIIF,GTF2F1
DKFZP686M0199,GTF2H2B
BTF2,GTF2H3
P34,GTF2H3
TFIIH,GTF2H3
BA120J8.2,GTF2H5
C6ORF175,GTF2H5
FLJ30544,GTF2H5
TFB5,GTF2H5
TFIIH,GTF2H5
TTD,GTF2H5
TTD-A,GTF2H5
TTDA,GTF2H5
BAP-135,GTF2I
BTKAP1,GTF2I
DIWS,GTF2I
IB291,GTF2I
SPIN,GTF2I
TFII-I,GTF2I
WBSCR6,GTF2I
BEN,GTF2IRD1
CREAM1,GTF2IRD1
GTF3,GTF2IRD1
MUSTRD1,GTF2IRD1
RBAP2,GTF2IRD1
WBSCR11,GTF2IRD1
WBSCR12,GTF2IRD1
FLJ37938,GTF2IRD2
GTF2IRD2A,GTF2IRD2
GTF2IRD2P,GTF2IRD2P1
TFIIIC220,GTF3C1
KIAA0011,GTF3C2
TFIIIC110,GTF3C2
AC074117.10,GTF3C2-AS2
TFIIIC102,GTF3C3
TFIIIC2-102,GTF3C3
FLJ14700,GTPBP3
GTPBG3,GTPBP3
MSS1,GTPBP3
MTGP1,GTPBP3
THDF1,GTPBP3
HSPC135,GTPBP8
C6ORF131,GUCA1A
COD3,GUCA1A
CORD14,GUCA1A
DJ139D8.6,GUCA1A
GCAP,GUCA1A
GCAP1,GUCA1A
GUCA,GUCA1A
GUCA1,GUCA1A
GUC2C,GUCY2C
STAR,GUCY2C
GC-E,GUCY2EP
GUCY2E,GUCY2EP
FLJ13220,GUF1
GULO,GULOP
SCURVY,GULOP
CED-6,GULP1
CED6,GULP1
GULP,GULP1
BA239L20.1,GUSBP2
BA239L20.5,GUSBP2
BGLU-LP,GUSBP2
SMA3,GUSBP14
SMA4,GUSBP14
SMA5,GUSBP15
FLJ13373,GVINP1
GVIN1,GVINP1
GVIN1P,GVINP1
VLIG-1,GVINP1
VLIG1,GVINP1
GLT8D4,GXYLT2
GN-2,GYG2
CD235A,GYPA
GPA,GYPA
MN,GYPA
MNS,GYPA
PAS-2,GYPA
CD235B,GYPB
GPB,GYPB
MNS,GYPB
PAS-3,GYPB
SS,GYPB
GPE,GYPE
MNS,GYPE
GSY,GYS1
GYS,GYS1
LMET1,GZMM
MET1,GZMM
H1FNT,H1-7
H1T2,H1-7
HANP1,H1-7
H1FOO,H1-8
H1-9,H1-9P
H1.9,H1-9P
HILS1,H1-9P
H1FX,H1-10
H1X,H1-10
MGC15959,H1-10
MGC8350,H1-10
C3ORF47,H1-10-AS1
FLJ34151,H1-10-AS1
H1FX-AS1,H1-10-AS1
BA317E16.2,H2AC1
H2AFR,H2AC1
HIST1H2AA,H2AC1
BA317E16.5,H2AC2P
H2AFSP,H2AC2P
HIST1H2APS1,H2AC2P
H2A.1,H2AC8
H2A/A,H2AC8
H2AFA,H2AC8
HIST1H2AE,H2AC8
DJ34B20.2,H2AC10P
H2AFK,H2AC10P
H2AFKP,H2AC10P
HIST1H2APS4,H2AC10P
PH2A/K,H2AC10P
H2A.1B,H2AC11
H2A/P,H2AC11
H2AFP,H2AC11
HIST1H2AG,H2AC11
PH2A/F,H2AC11
DJ86C11.1,H2AC12
H2A/S,H2AC12
H2AFALII,H2AC12
HIST1H2AH,H2AC12
H2A/C,H2AC13
H2AFC,H2AC13
HIST1H2AI,H2AC13
H2A/E,H2AC14
H2AFE,H2AC14
HIST1H2AJ,H2AC14
H2A.2,H2AC18
H2A/Q,H2AC18
H2AFO,H2AC18
HIST2H2AA,H2AC18
HIST2H2AA3,H2AC18
H2A/R,H2AC19
HIST2H2AA4,H2AC19
H2A,H2AC20
H2A/Q,H2AC20
H2AFQ,H2AC20
HIST2H2AC,H2AC20
HIST2H2AB,H2AC21
FLJ10903,H2AJ
H2AFJ,H2AJ
MGC921,H2AJ
H2A.L.3,H2AL3
H2AL1RP,H2AL3
H2AFX,H2AX
H2AFVP,H2AZ2P1
H2AFVP1,H2AZ2P1
HST19970,H2AZ2P1
H2AFZP5,H2AZP5
BA317E16.3,H2BC1
H2BFU,H2BC1
HIST1H2BA,H2BC1
STBP,H2BC1
TSH2B,H2BC1
BA317E16.4,H2BC2P
H2BFVP,H2BC2P
HIST1H2BPS1,H2BC2P
H2B.1,H2BC4
H2B/L,H2BC4
H2BFL,H2BC4
HIST1H2BC,H2BC4
H2B/B,H2BC5
H2BFB,H2BC5
HIST1H2BD,H2BC5
H2B/G,H2BC7
H2BFG,H2BC7
HIST1H2BF,H2BC7
H2B.1A,H2BC8
H2B/A,H2BC8
H2BFA,H2BC8
HIST1H2BG,H2BC8
H2B/J,H2BC9
H2BFJ,H2BC9
HIST1H2BH,H2BC9
H2B/R,H2BC11
H2BFR,H2BC11
HIST1H2BJ,H2BC11
H2BFAIII,H2BC12
H2BFT,H2BC12
HIST1H2BK,H2BC12
DJ97D16.4,H2BC13
H2B/C,H2BC13
H2BFC,H2BC13
HIST1H2BL,H2BC13
DJ160A22.3,H2BC14
H2B/E,H2BC14
H2BFE,H2BC14
HIST1H2BM,H2BC14
H2B/D,H2BC15
H2BFD,H2BC15
HIST1H2BN,H2BC15
HIST2H2BF,H2BC18
H2B/O,H2BC19P
H2B/S,H2BC19P
H2BFO,H2BC19P
HIST2H2BD,H2BC19P
H2B/T,H2BC20P
HIST2H2BC,H2BC20P
LETN,H2BC20P
H2B,H2BC21
H2B-GL105,H2BC21
H2B.1,H2BC21
H2B/Q,H2BC21
H2BE,H2BC21
H2BFQ,H2BC21
HIST2H2BE,H2BC21
H2BE1,H2BK1
1700024P04RIK,H2BL1P
H2BP4,H2BL1P
SUBH2BV,H2BL1P
HIST2H2BA,H2BP1
HIST2H2BB,H2BP2
H2BFM,H2BW2
H2BM,H2BW2
H3.3A,H3-3A
H3F3,H3-3A
H3F3A,H3-3A
H3-2,H3-7
H3.7,H3-7
HIST2H3PS2,H3-7
P06,H3-7
H3.1,H3C6
H3/D,H3C6
H3FD,H3C6
HIST1H3E,H3C6
H3/H,H3C8
H3FH,H3C8
HIST1H3G,H3C8
H3/K,H3C10
H3F1K,H3C10
H3FK,H3C10
HIST1H3H,H3C10
HIST2H3D,H3C13
H3,H3C14
H3.2,H3C14
H3/M,H3C14
H3F2,H3C14
H3FM,H3C14
HIST2H3C,H3C14
MGC9629,H3C14
H3/N,H3C15
H3/O,H3C15
HIST2H3A,H3C15
P02,H3P1
P03,H3P2
P04,H3P3
HIST2H3DP1,H3P4
P05,H3P4
H3F3AP4,H3P6
P13,H3P6
P60,H3P7
P14,H3P8
P16,H3P10
P19,H3P13
P20,H3P14
H3.6,H3P16
H3F3AP6,H3P16
P21,H3P16
P23,H3P17
P24,H3P19
P58,H3P20
P01,H3P21
P26,H3P22
P40,H3P28
P42,H3P30
H3F3AP2,H3P37
H3F3CP,H3P37
P47,H3P37
H3F3AP1,H3P38
HST18159,H3P38
P48,H3P38
P50,H3P40
P52,H3P42
P54,H3P43
H3.Y,H3Y1
H3.Y.1,H3Y1
H3.X,H3Y2
H3.Y.2,H3Y2
H4/I,H4C2
H4FI,H4C2
HIST1H4B,H4C2
H4/J,H4C5
H4FJ,H4C5
HIST1H4E,H4C5
H4/H,H4C8
H4FH,H4C8
HIST1H4H,H4C8
H4/M,H4C9
H4FM,H4C9
HIST1H4I,H4C9
DJ97D16.3,H4C10P
H4FFP,H4C10P
HIST1H4PS1,H4C10P
PH4/F,H4C10P
H4/E,H4C11
H4F2IV,H4C11
H4FE,H4C11
HIST1H4J,H4C11
DJ160A22.1,H4C12
H4/D,H4C12
H4F2III,H4C12
H4FD,H4C12
HIST1H4K,H4C12
H4/N,H4C14
H4F2,H4C14
H4FN,H4C14
HIST2H4,H4C14
HIST2H4A,H4C14
H4/O,H4C15
HIST2H4B,H4C15
H4-16,H4C16
HIST4H4,H4C16
MGC24116,H4C16
GDH,H6PD
H6PDH,H6PD
IHABP4,HABP4
SERBP1L,HABP4
2-HPCL,HACL1
HPCL,HACL1
PHYH2,HACL1
HADH1,HADH
HADHSC,HADH
SCHAD,HADH
HADHAP,HADHAP1
MGC2605,HAGHL
HOXD-AS1,HAGLR
MDGT,HAGLR
MIR7704HG,HAGLR
HEPC,HAMP
HFE2B,HAMP
LEAP-1,HAMP
LEAP1,HAMP
DEIN,HAND2-AS1
FLJ11539,HAND2-AS1
NBLA00301,HAND2-AS1
GIG16,HAO2
HAOX2,HAO2
HAP2,HAP1
HHLP1,HAP1
HIP5,HAP1
HLP,HAP1
C16ORF72,HAPSTR1
FLJ41272,HAPSTR1
PRO0149,HAPSTR1
TAPR1,HAPSTR1
C11ORF77,HARBI1
FLJ32675,HARBI1
GSG2,HASPIN
C15ORF25,HAUS2
CEP27,HAUS2
FLJ10460,HAUS2
HST17025,HAUS2
C4ORF15,HAUS3
DGT3,HAUS3
IT1,HAUS3
MGC4701,HAUS3
DGT5,HAUS5
KIAA0841,HAUS5
HICE1,HAUS8
MGC20533,HAUS8
NY-SAR-48,HAUS8
CD365,HAVCR1
HAVCR,HAVCR1
HAVCR-1,HAVCR1
KIM1,HAVCR1
TIM-1,HAVCR1
TIM1,HAVCR1
TIMD1,HAVCR1
CD366,HAVCR2
FLJ14428,HAVCR2
TIM-3,HAVCR2
TIM3,HAVCR2
TIMD3,HAVCR2
HAX-1,HAX1
HCLSBP1,HAX1
HS1BP1,HAX1
HBH1,HBBP1
HBHP,HBBP1
DTR,HBEGF
DTS,HBEGF
HEGFL,HBEGF
FKSG80,HCAR1
GPR104,HCAR1
GPR81,HCAR1
HCA1,HCAR1
LACR1,HCAR1
TA-GPCR,HCAR1
GPR109A,HCAR2
HCA2,HCAR2
HM74A,HCAR2
NIACR1,HCAR2
PUMA-G,HCAR2
PUMAG,HCAR2
GPR109B,HCAR3
HCA3,HCAR3
HM74,HCAR3
CTTNL,HCLS1
HS1,HCLS1
BCNG-2,HCN2
BCNG2,HCN2
HAC-1,HCN2
OX,HCRT
PPOX,HCRT
ORXR1,HCRTR1
OX1R,HCRTR1
OXR1,HCRTR1
DAP10,HCST
DKFZP586C1522,HCST
KAP10,HCST
PIK3AP,HCST
GON-10,HDAC1
HD1,HDAC1
KDAC1,HDAC1
RPD3L1,HDAC1
ENST00000421891,HDAC2-AS2
HD3,HDAC3
KDAC3,HDAC3
RPD3,HDAC3
RPD3-2,HDAC3
BDMR,HDAC4
HA6116,HDAC4
HD4,HDAC4
HDAC-4,HDAC4
HDAC-A,HDAC4
HDACA,HDAC4
KIAA0288,HDAC4
FLJ90614,HDAC5
KIAA0600,HDAC5
NY-CO-9,HDAC5
DKFZP586J0917,HDAC7
HDAC7A,HDAC7
HD7,HDAC9
HDAC,HDAC9
HDAC7B,HDAC9
KIAA0744,HDAC9
MITR,HDAC9
C6ORF74,HDDC2
CGI-130,HDDC2
DJ167O5.2,HDDC2
MESH1,HDDC3
MGC45386,HDDC3
HMG1L2,HDGF
HBP,HDLBP
VGL,HDLBP
BAP28,HEATR1
FLJ10359,HEATR1
UTP10,HEATR1
FLJ20718,HEATR3
C14ORF125,HEATR5A
DKFZP434I1735,HEATR5A
P200B,HEATR5A
DKFZP686P15184,HEATR5B
KIAA1414,HEATR5B
P200,HEATR5B
P200A,HEATR5B
ABC1,HEATR6
FLJ22087,HEATR6
AC025048.4,HEATR6-DT
HBP,HEBP1
HEBP,HEBP1
KIAA1131,HECTD1
FLJ21156,HECTD3
C12ORF51,HECTD4
FLJ34154,HECTD4
KIAA0614,HECTD4
HEG,HEG1
KIAA1237,HEG1
HCCAT2,HEIH
LINC-HEIH,HEIH
LINC00848,HEIH
LNCRNA-HEIH,HEIH
LINC-HELLP,HELLPAR
LSH,HELLS
NBLA10143,HELLS
PASG,HELLS
SMARCA6,HELLS
BHLHB44,HELT
HCM1228,HELT
HESL,HELT
MEGANE,HELT
MGN,HELT
MTQ1,HEMK1
C1ORF59,HENMT1
FLJ30525,HENMT1
HEN1,HENMT1
FLJ25530,HEPACAM
GLIALCAM,HEPACAM
FLJ38683,HEPACAM2
LOC283755,HERC2P3
D16F37S5,HERC2P4
D16F37S6,HERC2P5
FLJ20637,HERC6
BHLHB40,HES2
BHLHB43,HES3
BHLHB42,HES4
BHLHB41,HES6
C15ORF34,HEXA-AS1
FLJ13315,HEXA-AS1
CLP-1,HEXIM1
EDG1,HEXIM1
HIS1,HEXIM1
MAQ1,HEXIM1
FLJ32384,HEXIM2
BHLHB31,HEY1
CHF-2,HEY1
CHF2,HEY1
HERP2,HEY1
HESR-1,HEY1
HESR1,HEY1
HRT-1,HEY1
BHLHB32,HEY2
HERP1,HEY2
HESR2,HEY2
BHLHB33,HEYL
HESR3,HEYL
HEY3,HEYL
HFE1,HFE
HLA-H,HFE
FLJ36760,HFM1
FLJ39011,HFM1
MER3,HFM1
SEC63D1,HFM1
HGFA,HGFAC
HGFAP,HGFAC
HRS,HGS
VPS27,HGS
ZFYVE8,HGS
C3ORF3,HHATL
GUP1,HHATL
KIAA1173,HHATL
MBOAT3,HHATL
MSTP002,HHATL
OACT3,HHATL
FLJ20992,HHIP
HIP,HHIP
KIAA1822,HHIPL1
FLJ13840,HHIPL2
KIAA1822L,HHIPL2
B7-H5,HHLA2
B7-H7,HHLA2
B7H7,HHLA2
B7Y,HHLA2
C17ORF28,HID1
DMC1,HID1
HID-1,HID1
5'AHIF-1A,HIF1A-AS1
HIFAL,HIF1A-AS3
BHLHE17,HIF3A
IPAS,HIF3A
MOP7,HIF3A
PASD7,HIF3A
DKFZP564K247,HIGD1A
HIG1,HIGD1A
RCF1A,HIGD1A
GM921,HIGD1C
MGC2198,HIGD2A
RCF1B,HIGD2A
C11ORF73,HIKESHI
HSPC138,HIKESHI
HSPC179,HIKESHI
OPI10,HIKESHI
DKFZP434F162,HINFP
HINF-P,HINFP
MIZF,HINFP
ZNF743,HINFP
HINTP1,HINT1P1
ILWEQ,HIP1
FLJ14000,HIP1R
HIP12,HIP1R
HIP3,HIP1R
ILWEQ,HIP1R
KIAA0655,HIP1R
KIAA0630,HIPK1
MGC26642,HIPK1
MGC33446,HIPK1
MGC33548,HIPK1
MYAK,HIPK1
NBAK2,HIPK1
DYRK6,HIPK3
FIST3,HIPK3
PKY,HIPK3
YAK1,HIPK3
LINC01146,HISLA
HIV-EP2,HIVEP2
MBP-2,HIVEP2
MIBP1,HIVEP2
SCHNURRI-2,HIVEP2
ZAS2,HIVEP2
ZNF40B,HIVEP2
PILA,HIVEP2-DT
DKFZP762E1312,HJURP
FAKTS,HJURP
HFLEG1,HJURP
URLC9,HJURP
HAEMOJUVELIN,HJV
HEMOJUVELIN,HJV
HFE2,HJV
HFE2A,HJV
JH,HJV
RGMC,HJV
MGC33822,HLF
HB24,HLX
HLX1,HLX
PBGD,HMBS
PORC,HMBS
UPS,HMBS
C3ORF37,HMCES
DC12,HMCES
SRAPD1,HMCES
ARMD1,HMCN1
FBLN6,HMCN1
FIBL-6,HMCN1
FIBL6,HMCN1
BRAF25,HMG20B
BRAF35,HMG20B
HMGX2,HMG20B
HMGXB2,HMG20B
SMARCE1R,HMG20B
SOXL,HMG20B
HMGIY,HMGA1
HMGA1L3,HMGA1P3
HMGIYL3,HMGA1P3
HMGA1L5,HMGA1P5
HMGA1L7,HMGA1P7
HMGA1-P,HMGA1P8
BABL,HMGA2
HMGIC,HMGA2
LIPO,HMGA2
RP11-366L20.2,HMGA2-AS1
HMG1L4,HMGB1P4
HMG1L4P,HMGB1P4
HMGB1L4,HMGB1P4
HMG1L5,HMGB1P5
HMGB1L15,HMGB1P5
HMGB1L5,HMGB1P5
HMGB1P2,HMGB1P5
HMG1L9,HMGB1P9
HMGB1L9,HMGB1P9
HMG2A,HMGB3
HMG4,HMGB3
MGC90319,HMGB3
FLJ40388,HMGB4
HL,HMGCL
HMG17,HMGN2
HMGN2L4,HMGN2P4
HMGN2L7,HMGN2P7
28H,HMGN2P11
HMG17P1,HMGN2P11
HMGN2L11,HMGN2P11
TRIP7,HMGN3
HB-1,HMHB1
HB-1Y,HMHB1
CD168,HMMR
RHAMM,HMMR
HNF1,HNF1A
HNF1A,HNF1A
LFB1,HNF1A
MODY3,HNF1A
TCF1,HNF1A
C12ORF27,HNF1A-AS1
FLJ38690,HNF1A-AS1
HAS1,HNF1A-AS1
HASTER,HNF1A-AS1
NCRNA00262,HNF1A-AS1
HNRPA0,HNRNPA0
ALS20,HNRNPA1
HNRNP-A1,HNRNPA1
HNRPA1,HNRNPA1
HNRNPA1P48,HNRNPA1L3
B34I8.2,HNRNPA1P1
HNRNPA1-LP,HNRNPA1P1
HNRPA1P1,HNRNPA1P1
HNRNPA1L,HNRNPA1P6
HNRNPA1L1,HNRNPA1P6
HNRPA1L,HNRNPA1P6
HNRPA2B1,HNRNPA2B1
HNRPA3,HNRNPA3
ABBP1,HNRNPAB
FLJ40338,HNRNPAB
HNRPAB,HNRNPAB
HNRPC,HNRNPC
AUF1,HNRNPD
HNRPD,HNRNPD
HNRPDL,HNRNPDL
JKTBP,HNRNPDL
LAAUF1,HNRNPDL
LGMD1G,HNRNPDL
CSBP,HNRNPK
HNRPK,HNRNPK
TUNP,HNRNPK
CEAR,HNRNPM
HNRNPM4,HNRNPM
HNRPM,HNRNPM
HNRPM4,HNRNPM
HTGR1,HNRNPM
NAGR1,HNRNPM
C1ORF199,HNRNPU
FLJ30202,HNRNPU
FLJ37978,HNRNPU
HNRNPU-AS1,HNRNPU
HNRPU,HNRNPU
NCRNA00201,HNRNPU
SAF-A,HNRNPU
E1B-AP5,HNRNPUL1
E1BAP5,HNRNPUL1
FLJ12944,HNRNPUL1
HNRPUL1,HNRNPUL1
DKFZP762N1910,HNRNPUL2
HNRPUL2,HNRNPUL2
C11ORF88,HOATZ
FLJ46266,HOATZ
C10ORF65,HOGA1
DHDPS2,HOGA1
DHDPSL,HOGA1
FLJ37472,HOGA1
NPL2,HOGA1
HOMER-3,HOMER3
KIAA1443,HOMEZ
HK1,HOOK1
HK3,HOOK3
HOP,HOPX
LAGY,HOPX
NECC1,HOPX
OB1,HOPX
SMAP31,HOPX
CT46,HORMAD1
DKFZP434A1315,HORMAD1
HOXC-AS4,HOTAIR
HOXC11-AS1,HOTAIR
NCRNA00072,HOTAIR
HOXA-AS1,HOTAIRM1
HOXA1-AS1,HOTAIRM1
NCRNA00179,HOTAIRM1
HOXA-AS6,HOTTIP
HOXA13-AS1,HOTTIP
NCRNA00213,HOTTIP
RP1-170O19.3,HOTTIP
HOXA3AS,HOXA-AS2
HOXA6AS,HOXA-AS3
HOX1,HOXA1
HOX1F,HOXA1
HOX1K,HOXA2
HOX1,HOXA3
HOX1E,HOXA3
HOX1,HOXA4
HOX1D,HOXA4
HOX1,HOXA5
HOX1C,HOXA5
HOX1,HOXA6
HOX1B,HOXA6
HOX1,HOXA7
HOX1A,HOXA7
HOX1,HOXA9
HOX1G,HOXA9
HOX1,HOXA10
HOX1H,HOXA10
HOXA-AS4,HOXA10-AS
HOX1,HOXA11
HOX1I,HOXA11
HOXA-AS5,HOXA11-AS
HOXA11-AS1,HOXA11-AS
HOXA11AS,HOXA11-AS
HOXA11S,HOXA11-AS
NCRNA00076,HOXA11-AS
HOX1,HOXA13
HOX1J,HOXA13
HOX2,HOXB1
HOX2I,HOXB1
HOX2,HOXB2
HOX2H,HOXB2
HOX2,HOXB3
HOX2G,HOXB3
HOX2,HOXB4
HOX2F,HOXB4
HOX2,HOXB5
HOX2A,HOXB5
HOX2,HOXB6
HOX2B,HOXB6
HOX2,HOXB7
HOX2C,HOXB7
HOX2,HOXB8
HOX2D,HOXB8
HOX2,HOXB9
HOX2E,HOXB9
HOX3,HOXC4
HOX3E,HOXC4
HOX3,HOXC5
HOX3D,HOXC5
HOX3,HOXC6
HOX3C,HOXC6
HOX3,HOXC8
HOX3A,HOXC8
HOX3,HOXC9
HOX3B,HOXC9
HOX3I,HOXC10
HOX3H,HOXC11
HOC3F,HOXC12
HOX3,HOXC12
HOX3F,HOXC12
HOX3,HOXC13
HOX3G,HOXC13
HOXC-AS5,HOXC13-AS
HOX4,HOXD1
HOX4G,HOXD1
HOX1D,HOXD3
HOX4,HOXD3
HOX4A,HOXD3
HOX4,HOXD4
HOX4B,HOXD4
HOX4,HOXD8
HOX4E,HOXD8
HOX4,HOXD9
HOX4C,HOXD9
HOX4,HOXD10
HOX4D,HOXD10
HOX4,HOXD11
HOX4F,HOXD11
HOX4H,HOXD12
HOX4I,HOXD13
SPD,HOXD13
HP1-BP74,HP1BP3
DYT2,HPCA
BDR1,HPCAL1
HLP2,HPCAL1
VILIP-3,HPCAL1
DKFZP761G122,HPCAL4
HLP4,HPCAL4
4-HPPD,HPD
4HPPD,HPD
GLOD3,HPD
PPD,HPD
4-HPPD-L,HPDL
GLOXD1,HPDL
MGC15668,HPDL
C4ORF27,HPF1
FLJ20534,HPF1
GSTS,HPGDS
GSTS1,HPGDS
GSTS1-1,HPGDS
H-PGDS,HPGDS
PGD2,HPGDS
PGDS,HPGDS
TMPRSS1,HPN
BLOC3S1,HPS1
HPS,HPS1
HPA2,HPSE2
HPR2,HPSE2
UFS,HPSE2
HPRG1,HPYR1
LINC00027,HPYR1
NCRNA00027,HPYR1
MGC133236,HRC
HPRG,HRG
HRGP,HRG
DP5,HRK
FLG3,HRNR
S100A16,HRNR
S100A18,HRNR
C17ORF53,HROB
MCM8IP,HROB
MGC3130,HROB
U2HR,HRURF
KIAA0448,HS2ST1
3-OST-5,HS3ST5
HS6ST1P,HS6ST1P1
HSD3B,HSD3B1
HSDB3,HSD3B1
SDR11E1,HSD3B1
HSD11,HSD11B1
HSD11B,HSD11B1
SDR26C1,HSD11B1
HSD1L,HSD11B1L
SCDR10,HSD11B1L
SDR26C2,HSD11B1L
EDH17B2,HSD17B1
EDHB17,HSD17B1
HSD17,HSD17B1
MGC138140,HSD17B1
SDR28C1,HSD17B1
EDH17B1,HSD17B1P1
EDHB17,HSD17B1P1
HSD17BP1,HSD17B1P1
SDR28C1P1,HSD17B1P1
HSD17,HSD17B2
SDR9C2,HSD17B2
AS-HSD17BETA2,HSD17B2-AS1
RP11-510J16.5,HSD17B2-AS1
SDR12C2,HSD17B3
ENST00000448857,HSD17B3-AS1
DBP,HSD17B4
MFE-2,HSD17B4
SDR8C1,HSD17B4
HSE,HSD17B6
RODH,HSD17B6
SDR9C6,HSD17B6
PRAP,HSD17B7
SDR37C1,HSD17B7
BA291L22.1,HSD17B7P2
HSD17B7,HSD17B7P2
KAR,HSD17B12
SDR12C1,HSD17B12
BA32M23.3,HSDL2-AS1
C9ORF147,HSDL2-AS1
CTM,HSF4
ALX,HSH2D
FLJ14886,HSH2D
HSH2,HSH2D
FLJ31884,HSP90AA1
HSP89,HSP90AA1
HSP90,HSP90AA1
HSP90N,HSP90AA1
HSPC1,HSP90AA1
HSPCA,HSP90AA1
HSPCAL1,HSP90AA3P
HSPC2,HSP90AB1
HSPCB,HSP90AB1
GP96,HSP90B1
GRP94,HSP90B1
TRA1,HSP90B1
GRP94B,HSP90B2P
GRP94P1,HSP90B2P
HSPCP2,HSP90B2P
TRA1P1,HSP90B2P
TRAP1,HSP90B2P
HS24/P52,HSPA4
HSPH2,HSPA4
APG-1,HSPA4L
HSPH3,HSPA4L
OSP94,HSPA4L
HSP70B',HSPA6
HSP70B,HSPA7
CVHSP,HSPB7
CMT2L,HSPB8
E2IG1,HSPB8
H11,HSPB8
HSP22,HSPB8
CT51,HSPB9
GROEL,HSPD1
HSP60,HSPD1
SPG13,HSPD1
HSPD1-5P,HSPD1P4
HSPD1-8P,HSPD1P5
HSPDP5,HSPD1P5
HSPD1-10P,HSPD1P12
HSPD1-16P,HSPD1P13
HSPD1-17P,HSPD1P14
CPN10,HSPE1
EPF,HSPE1
GROES,HSPE1
HSP10,HSPE1
PERLECAN,HSPG2
PRCAN,HSPG2
SJS1,HSPG2
CC3,HTATIP2
FLJ26963,HTATIP2
SDR44U1,HTATIP2
TIP30,HTATIP2
5-HT1D,HTR1D
HT1DA,HTR1D
HTRL,HTR1D
RDC4,HTR1D
5-HT1F,HTR1F
HTR1EL,HTR1F
5-HT(2B),HTR2B
5-HT2B,HTR2B
5-HT3A,HTR3A
5-HT3R,HTR3A
HTR3,HTR3A
5-HT3B,HTR3B
5-HT3C2,HTR3C2P
5-HT4,HTR4
5-HT5A,HTR5A
HTR5AOS,HTR5A-AS1
5-HT5B,HTR5BP
GPR134,HTR5BP
HTR5B,HTR5BP
5-HT6,HTR6
5-HT6R,HTR6
5-HT7,HTR7
HTR7P,HTR7P1
OMI,HTRA2
PARK13,HTRA2
PRSS25,HTRA2
HD,HTT
IT15,HTT
HCCAT1,HULC
LINC00078,HULC
NCRNA00078,HULC
IB772,HUWE1
KIAA0312,HUWE1
UREB1,HUWE1
HV1,HVCN1
MGC15619,HVCN1
VSOP,HVCN1
LUCA-3,HYAL3
LUCA14,HYAL3
MINNA14,HYAL3
DRCTNNB1A,HYCC1
FAM126A,HYCC1
HCC,HYCC1
HYCCIN,HYCC1
FAM126B,HYCC2
MGC39518,HYCC2
HYDINP1,HYDIN2
HT036,HYI
FLJ32915,HYLS1
AMYLIN,IAPP
DAP,IAPP
IAP,IAPP
FLJ10326,IARS2
LINC-ITGB1,IATPR
TCONS_00018476,IATPR
C1ORF69,IBA57
FLJ12734,IBA57
C1ORF148,IBA57-DT
FLJ32878,IBA57-DT
IBA57-AS1,IBA57-DT
ALS2CR14,ICA1L
ALS2CR15,ICA1L
CD102,ICAM2
CD50,ICAM3
CDW50,ICAM3
ICAM-R,ICAM3
TLCN,ICAM5
TLN,ICAM5
HSTE14,ICMT
PCCMT,ICMT
PPMT,ICMT
C1ORF211,ICMT-DT
LINC00337,ICMT-DT
MGC40168,ICMT-DT
NCRNA00337,ICMT-DT
BHLHB26,ID2
GIG8,ID2
C10ORF110,IDI2-AS1
EM:AC022536.4,IDI2-AS1
HT009,IDI2-AS1
IDI2-AS,IDI2-AS1
INDOL1,IDO2
MPS1,IDUA
MPSI,IDUA
ETR101,IER2
HOM-TES-103,IFFO1
IFFO,IFFO1
6-16,IFI6
FAM14C,IFI6
G1P3,IFI6
IFI-6-16,IFI6
IFI616,IFI6
IFNGIP1,IFI16
PYHIN2,IFI16
MTAP44,IFI44
P44,IFI44
TLDC5,IFI44
C1ORF29,IFI44L
GS3686,IFI44L
TLDC5B,IFI44L
HLCD,IFIH1
IDDM19,IFIH1
MDA-5,IFIH1
MDA5,IFIH1
RI58,IFIT5
9-27,IFITM1
CD225,IFITM1
DSPA2A,IFITM1
IFI17,IFITM1
1-8D,IFITM2
DSPA2C,IFITM2
1-8U,IFITM3
DSPA2B,IFITM3
BRIL,IFITM5
DSPA1,IFITM5
FRAGILIS4,IFITM5
HRMP1,IFITM5
LNC-MRGPRF-6,IFITM9P
IFL,IFNA1
IFN,IFNA1
IFN-ALPHA,IFNA1
IFN-ALPHAD,IFNA1
IFNA13,IFNA1
IFNA@,IFNA1
IFN-ALPHAA,IFNA2
IFNA,IFNA2
IFN-ALPHA4A,IFNA4
MGC142200,IFNA4
IFN-ALPHAG,IFNA5
IFN-ALPHAK,IFNA6
IFN-ALPHAB,IFNA8
IFNP11,IFNA11P
IFNP12,IFNA12P
IFN-ALPHAH,IFNA14
LEIF2H,IFNA14
IFN-ALPHAI,IFNA17
LEIF2C1,IFNA17
IFNP20,IFNA20P
IFNAP22,IFNA22P
IFNE1,IFNE
LINCR-IFNG-3'AS,IFNG-AS1
NEST,IFNG-AS1
TMEVPG1,IFNG-AS1
CD119,IFNGR1
IFNGR,IFNGR1
CRF2/12,IFNLR1
IFNLR,IFNLR1
IL-28R1,IFNLR1
IL28RA,IFNLR1
IFNRP,IFRD2
SKMC15,IFRD2
SM15,IFRD2
C1ORF41,IFT25
CFAP232,IFT25
FAP232,IFT25
HSPB11,IFT25
HSPCO34,IFT25
PP25,IFT25
C11ORF2,IFT46
C11ORF60,IFT46
CFAP32,IFT46
FAP32,IFT46
FLJ21827,IFT46
CFAP167,IFT80
FAP167,IFT80
KIAA1374,IFT80
WDR56,IFT80
CDV-1R,IFT81
CDV1,IFT81
MGC4027,IFT81
CFAP80,IFT122
FAP80,IFT122
SPG,IFT122
WDR10,IFT122
WDR10P,IFT122
WDR140,IFT122
BBS20,IFT172
NPHP17,IFT172
OSM-1,IFT172
SLB,IFT172
WIM,IFT172
C11ORF74,IFTAP
FLJ38678,IFTAP
HEPIS,IFTAP
NWC,IFTAP
IGBP1P2,IGBP1C
IGF,IGF1
IGF-I,IGF1
IGF1A,IGF1
IGFI,IGF1
C11ORF43,IGF2
FLJ44734,IGF2
IGF-II,IGF2
IGF2-AS1,IGF2-AS
IGF2AS,IGF2-AS
PEG8,IGF2-AS
AFBP,IGFBP1
HIGFBP-1,IGFBP1
IBP1,IGFBP1
IGF-BP25,IGFBP1
PP12,IGFBP1
IBP2,IGFBP2
BP-53,IGFBP3
IBP3,IGFBP3
UNQ644,IGFL1
IGFL-5P,IGFL1P1
IGFL-6P,IGFL1P2
UNQ645,IGFL2
AC006262.5,IGFL2-AS1
DKFZP434B1231,IGFN1
EEF1A2BP1,IGFN1
IGHV1/OR15-4,IGHV1OR15-4
IGHV1/OR16-1,IGHV1OR16-1
IGHV1/OR16-2,IGHV1OR16-2
IGHV1/OR16-3,IGHV1OR16-3
IGHV1/OR16-4,IGHV1OR16-4
IGHV2/OR16-5,IGHV2OR16-5
IGHV3/OR16-6,IGHV3OR16-6
IGHV3/OR16-7,IGHV3OR16-7
IGHV3/OR16-8,IGHV3OR16-8
IGHV3/OR16-9,IGHV3OR16-9
IGHV3/OR16-10,IGHV3OR16-10
IGHV3/OR16-11,IGHV3OR16-11
IGHV3/OR16-12,IGHV3OR16-12
IGHV3/OR16-13,IGHV3OR16-13
IGHV3/OR16-15,IGHV3OR16-15
IGHV3/OR16-16,IGHV3OR16-16
IGHV3/OR16-17,IGHV3OR16-17
IGHV4/OR15-8,IGHV4OR15-8
IGHV4OR158,IGHV4OR15-8
VSIG6,IGHV4OR15-8
HCAK1,IGKC
J1,IGKJ1
J2,IGKJ2
IGKV1D37,IGKV1D-37
O4,IGKV1D-37
IGKV1/OR-3,IGKV1OR-3
IGKVPZ3,IGKV1OR-3
IGKV1/OR1-1,IGKV1OR1-1
IGKVP1,IGKV1OR1-1
IGKV1/OR2-108,IGKV1OR2-108
IGKV1OR2108,IGKV1OR2-108
IGO1,IGKV1OR2-108
IGKV1/OR9-1,IGKV1OR9-1
B3,IGKV4-1
IGKV41,IGKV4-1
A10,IGKV6D-21
IGKV6D21,IGKV6D-21
LOC402665,IGLON5
EWI-3,IGSF3
MGC117164,IGSF3
V8,IGSF3
IGSF9A,IGSF9
KIAA1355,IGSF9
NRT1,IGSF9
CMF608,IGSF10
FLJ25972,IGSF10
FLJ37794,IGSF22
IGFN2,IGSF22
BDA1,IHH
HHG2,IHH
CCDC36,IHO1
CT74,IHO1
FLJ25320,IHO1
LELA1,IHO1
RED,IK
RER,IK
IKK-I,IKBKE
IKKE,IKBKE
KIAA0151,IKBKE
C1ORF147,IKBKE-AS1
FLJ32597,IKBKE-AS1
HIK-1,IKZF1
HS.54452,IKZF1
IKAROS,IKZF1
LYF-1,IKZF1
PPP1R92,IKZF1
ZNFN1A1,IKZF1
HELIOS,IKZF2
ZNFN1A2,IKZF2
EOS,IKZF4
ZNFN1A4,IKZF4
IL-1A,IL1A
IL1,IL1A
IL1-ALPHA,IL1A
IL1F1,IL1A
FKSG75,IL1F10
IL-1F10,IL1F10
IL-1HY2,IL1F10
IL1-THETA,IL1F10
MGC11983,IL1F10
MGC119832,IL1F10
MGC119833,IL1F10
CD121A,IL1R1
D2S1473,IL1R1
IL1R,IL1R1
IL1RA,IL1R1
AC007271.3,IL1R1-AS1
CD121B,IL1R2
IL1RB,IL1R2
C3ORF13,IL1RAP
IL-1RACP,IL1RAP
IL1R3,IL1RAP
IL1R8,IL1RAPL1
IL1RAPL,IL1RAPL1
MRX10,IL1RAPL1
MRX21,IL1RAPL1
MRX34,IL1RAPL1
OPHN4,IL1RAPL1
TIGIRR-2,IL1RAPL1
IL-1R9,IL1RAPL2
IL1R9,IL1RAPL2
IL1RAPL-2,IL1RAPL2
TIGIRR-1,IL1RAPL2
DER4,IL1RL1
FIT-1,IL1RL1
IL33R,IL1RL1
ST2,IL1RL1
ST2L,IL1RL1
ST2V,IL1RL1
T1,IL1RL1
IL-36R,IL1RL2
IL1R-RP2,IL1RL2
IL1RRP2,IL1RL2
ICIL-1RA,IL1RN
IL-1RN,IL1RN
IL1F3,IL1RN
IL1RA,IL1RN
IRAP,IL1RN
MGC10430,IL1RN
CD25,IL2RA
IDDM10,IL2RA
IL2R,IL2RA
CD124,IL4R
CD125,IL5RA
CDW125,IL5RA
IL5R,IL5RA
BSF2,IL6
HGF,IL6
HSF,IL6
IFNB2,IL6
IL-6,IL6
CD126,IL6R
GP80,IL6R
IL-1RA,IL6R
IL-6R,IL6R
IL6RA,IL6R
RP11-350G8.5,IL6R-AS1
CD130,IL6ST
GP130,IL6ST
IL-6RB,IL6ST
SGP130,IL6ST
IL-7,IL7
CSIF,IL10
IL-10,IL10
IL10A,IL10
TGIF,IL10
CD210,IL10RA
CD210A,IL10RA
CDW210A,IL10RA
HIL-10R,IL10RA
IL10R,IL10RA
CLMF,IL12A
IL-12A,IL12A
NFSK,IL12A
NKSF1,IL12A
P35,IL12A
CLMF,IL12B
CLMF2,IL12B
IL-12B,IL12B
NKSF,IL12B
NKSF2,IL12B
ALRH,IL13
BHR1,IL13
IL-13,IL13
MGC116786,IL13
MGC116788,IL13
MGC116789,IL13
P600,IL13
CD213A1,IL13RA1
IL-13RA,IL13RA1
NR4,IL13RA1
CD215,IL15RA
IL-15RA,IL15RA
FLJ16806,IL16
FLJ42735,IL16
HST19289,IL16
IL-16,IL16
LCF,IL16
PRIL-16,IL16
CTLA8,IL17A
IL-17,IL17A
IL-17A,IL17A
IL17,IL17A
IL-17B,IL17B
IL-20,IL17B
MGC138900,IL17B
MGC138901,IL17B
NIRF,IL17B
ZCYTO7,IL17B
CX2,IL17C
IL-17C,IL17C
IL-21,IL17C
MGC126884,IL17C
MGC138401,IL17C
IL-17F,IL17F
ML-1,IL17F
ML1,IL17F
CRL4,IL17RB
EVI27,IL17RB
IL17BR,IL17RB
IL17RH1,IL17RB
IL17-RL,IL17RC
FLJ23658,IL17RE
IL18BPA,IL18BP
CD218A,IL18R1
IL-1RRP,IL18R1
IL1RRP,IL18R1
ACPL,IL18RAP
CD218B,IL18RAP
IL-10C,IL19
IL-19,IL19
MDA1,IL19
NG.1,IL19
ZMDA1,IL19
IL-20,IL20
IL10D,IL20
ZCYTO10,IL20
IL-20R1,IL20RA
ZCYTOR7,IL20RA
CD360,IL21R
IL-21,IL22
IL-22,IL22
IL-D110,IL22
IL-TIF,IL22
ILTIF,IL22
MGC79382,IL22
MGC79384,IL22
TIFA,IL22
TIFIL-23,IL22
ZCYTO18,IL22
CRF2-9,IL22RA1
IL22R,IL22RA1
CRF2-S1,IL22RA2
IL-22BP,IL22RA2
IL-23,IL23A
IL-23A,IL23A
IL23P19,IL23A
P19,IL23A
SGRF,IL23A
IL-23R,IL23R
C49A,IL24
FISP,IL24
IL-24,IL24
IL10B,IL24
MDA-7,IL24
MOB-5,IL24
ST16,IL24
IL-17E,IL25
IL-25,IL25
IL17E,IL25
AK155,IL26
IL-26,IL26
CRL,IL31RA
CRL3,IL31RA
GLM-R,IL31RA
GLMR,IL31RA
IL-31RA,IL31RA
NK4,IL32
TAIF,IL32
TAIFB,IL32
TAIFD,IL32
C16ORF77,IL34
IL-34,IL34
MGC34647,IL34
FIL1,IL36A
FIL1E,IL36A
IL-1F6,IL36A
IL1(EPSILON),IL36A
IL1F6,IL36A
MGC129552,IL36A
MGC129553,IL36A
FIL1,IL36B
FILI-(ETA),IL36B
IL-1F8,IL36B
IL-1H2,IL36B
IL1-ETA,IL36B
IL1F8,IL36B
IL1H2,IL36B
MGC126880,IL36B
MGC126882,IL36B
IL-1F9,IL36G
IL-1H1,IL36G
IL-1RP2,IL36G
IL1E,IL36G
IL1F9,IL36G
IL1H1,IL36G
FIL1,IL36RN
FIL1(DELTA),IL36RN
FIL1D,IL36RN
IL-1F5,IL36RN
IL1F5,IL36RN
IL1HY1,IL36RN
IL1L1,IL36RN
IL1RP3,IL36RN
IL36RA,IL36RN
MGC29840,IL36RN
FIL1,IL37
FIL1(ZETA),IL37
FIL1Z,IL37
IL-1F7,IL37
IL-1H4,IL37
IL-1RP1,IL37
IL1F7,IL37
DRBP76,ILF3
MPHOSPH4,ILF3
MPP4,ILF3
MPP4110,ILF3
NF110,ILF3
NF110B,ILF3
NF90,ILF3
NF90A,ILF3
NF90C,ILF3
NF90CTV,ILF3
NFAR-1,ILF3
NFAR-2,ILF3
NFAR110,ILF3
NFAR90,ILF3
TCP110,ILF3
ILF3-AS1,ILF3-DT
DKFZP434J2031,ILKAP
FLJ10181,ILKAP
PPM1O,ILKAP
C6ORF106,ILRUN
DJ391O22.4,ILRUN
FLJ22195,ILRUN
HMP,IMMT
MIC60,IMMT
MICOS60,IMMT
MINOS2,IMMT
P87,IMMT
P89,IMMT
IMPA1P,IMPA1P1
LCA11,IMPDH1
RP10,IMPDH1
SWSS2608,IMPDH1
PRR24,INAFM1
C1ORF106,INAVA
FLJ10901,INAVA
FLJ31633,INCENP
FLJ23842,ING5
P28ING5,ING5
ACTIVIN,INHBE
MGC4638,INHBE
TFP,INHCAP
TFP1,INHCAP
C9ORF80,INIP
HSPC043,INIP
HSSBIP1,INIP
MISE,INIP
SOSS-C,INIP
C3ORF54,INKA1
FAM212A,INKA1
C1ORF183,INKA2
FAM212B,INKA2
FLJ31105,INKA2
FAM212B-AS1,INKA2-AS1
INMT-FAM188B,INMT-MINDY4
HINO80,INO80
INO80A,INO80
INOC1,INO80
KIAA1259,INO80
ENST00000560178,INO80-AS1
HIES2,INO80B
HMGA1L4,INO80B
HMGIYL4,INO80B
IES2,INO80B
PAP-1BP,INO80B
PAPA-1,INO80B
ZNHIT4,INO80B
INPP4,INPP4A
HSAC2,INPP5F
KIAA0966,INPP5F
SAC2,INPP5F
SHIP2,INPPL1
IDDM1,INS
IDDM2,INS
MGC119818,INSL3
MGC119819,INSL3
RLF,INSL3
RLNL,INSL3
EPIL,INSL4
RIF1,INSL6
IRR,INSRR
C5ORF57,INSYN2B
FAM196B,INSYN2B
INT2,INTS2
KIAA1287,INTS2
INT4,INTS4
MGC16733,INTS4
MST093,INTS4
FLJ25037,INTS4P1
INTS4L2,INTS4P2
MGC133166,INTS4P2
INT5,INTS5
KIAA1698,INTS5
C8ORF35,INTS10
FLJ10569,INTS10
INT10,INTS10
CPSF3L,INTS11
CPSF73L,INTS11
FLJ20542,INTS11
INT11,INTS11
RC-68,INTS11
INT12,INTS12
PHF22,INTS12
SBBI22,INTS12
C15ORF44,INTS14
DKFZP564O1664,INTS14
VWA9,INTS14
C7ORF26,INTS15
MGC2718,INTS15
IHPK2,IP6K2
IHPK3,IP6K3
INSP6K3,IP6K3
KIAA0403,IPCEF1
PIP3-E,IPCEF1
IMP7,IPO7
RANBP7,IPO7
FLJ10402,IPO9
IMP9,IPO9
IMP13,IPO13
KIAA0724,IPO13
RANBP13,IPO13
KLHL27,IPP
C9ORF12,IPPK
FLJ13163,IPPK
INSP5K2,IPPK
IP5K,IPPK
IPK1,IPPK
KIAA0036,IQCB1
NPHP5,IQCB1
SLSN5,IQCB1
FLJ10547,IQCC
CFAP84,IQCD
DRC10,IQCD
KIAA1023,IQCE
MGC39725,IQCF1
CFAP122,IQCG
DKFZP434B227,IQCG
DRC9,IQCG
FLJ36575,IQCK
MGC35048,IQCK
KIAA1683,IQCN
ARF-GEP100,IQSEC1
BRAG2,IQSEC1
GEP100,IQSEC1
KIAA0763,IQSEC1
BRAG1,IQSEC2
IQ-ARFGEF,IQSEC2
KIAA0522,IQSEC2
MRX1,IQSEC2
MRX18,IQSEC2
MRX78,IQSEC2
IRAG,IRAG1
JAW1L,IRAG1
MRVI1,IRAG1
MRVI1-AS1,IRAG1-AS1
JAW1,IRAG2
LRMP,IRAG2
IGF1R-AS,IRAIN
IRAK,IRAK1
PELLE,IRAK1
AIP70,IRAK1BP1
SIMPL,IRAK1BP1
IRAK-M,IRAK3
NY-REN-64,IRAK4
IRF-2BP2,IRF2BP2
LSIRF,IRF4
MUM1,IRF4
IRF-5,IRF5
LPS,IRF6
OFC6,IRF6
VWS,IRF6
VWS1,IRF6
ICSBP,IRF8
ICSBP1,IRF8
IRF-8,IRF8
IFI1,IRGM
IRGM1,IRGM
LRG-47,IRGM
LRG47,IRGM
FKSG27,IRGQ
IRGQ1,IRGQ
HIRS-1,IRS1
IRS3L,IRS3P
C5ORF38,IRX2-DT
CEI,IRX2-DT
IRX2NB,IRX2-DT
IRX-1,IRX3
IRX-2A,IRX5
HNIFU,ISCU
ISU2,ISCU
NIFUN,ISCU
G1P2,ISG15
IFI15,ISG15
UCRP,ISG15
FLJ12671,ISG20L2
FLJ10160,ISL2
KIAA1465,ISLR2
FLJ32147,ISM2
TAIL1,ISM2
THSD3,ISM2
CGI-111,ISOC1
CHMP8,IST1
KIAA0174,IST1
FSAP33,ISY1
KIAA1160,ISY1
FGGAP1,ITFG2
KICS3,ITFG2
MDS028,ITFG2
CD41,ITGA2B
CD41B,ITGA2B
GP2B,ITGA2B
GPIIB,ITGA2B
PPP1R93,ITGA2B
CD49C,ITGA3
GAP-B3,ITGA3
MSK18,ITGA3
VCA-2,ITGA3
VLA3A,ITGA3
CD49D,ITGA4
CD49F,ITGA6
ITGA6A,ITGA6
ITGA6B,ITGA6
VLA-6,ITGA6
AC078883.3,ITGA6-AS1
CD103,ITGAE
HUMINAE,ITGAE
CD51,ITGAV
MSK8,ITGAV
VNRA,ITGAV
VTNR,ITGAV
CD29,ITGB1
FNRB,ITGB1
GPIIA,ITGB1
MDF2,ITGB1
MSK12,ITGB1
ICAP-1A,ITGB1BP1
ICAP-1ALPHA,ITGB1BP1
ICAP-1B,ITGB1BP1
ICAP1,ITGB1BP1
ICAP1A,ITGB1BP1
ICAP1B,ITGB1BP1
CD61,ITGB3
GP3A,ITGB3
GPIIIA,ITGB3
CENPR,ITGB3BP
HSU37139,ITGB3BP
NRIF3,ITGB3BP
TAP20,ITGB3BP
CD104,ITGB4
H1P,ITIH1
IATIH,ITIH1
ITIH,ITIH1
H3P,ITIH3
H4P,ITIH4
IHRP,ITIH4
ITIHL1,ITIH4
EMT,ITK
LYK,ITK
PSCTK2,ITK
FLJ20022,ITLN1
HINTL,ITLN1
HL-1,ITLN1
ITLN,ITLN1
LFR,ITLN1
HST33912,ITM2BP1
ITM2BP,ITM2BP1
IP3-3KB,ITPKB
IP3KB,ITPKB
IP3-3KC,ITPKC
IP3KC,ITPKC
ACV,ITPR1
INSP3R1,ITPR1
IP3R1,ITPR1
PPP1R94,ITPR1
SCA15,ITPR1
SCA16,ITPR1
SCA29,ITPR1
ITPR1-AS1,ITPR1-DT
IP3R3,ITPR3
CCDC129,ITPRID1
FLJ38344,ITPRID1
KIAA1754L,ITPRIPL1
FLJ22994,ITPRIPL2
LOC162073,ITPRIPL2
MGC126798,ITPRIPL2
MGC126800,ITPRIPL2
KIAA1256,ITSN2
PRO2015,ITSN2
SH3D1B,ITSN2
SH3P18,ITSN2
SWA,ITSN2
SWAP,ITSN2
DKFZP761G0123,IWS1
FLJ10006,IWS1
FLJ14655,IWS1
FLJ32319,IWS1
FOLBP3,IZUMO1R
FOLR4,IZUMO1R
JUNO,IZUMO1R
C19ORF41,IZUMO2
MGC33947,IZUMO2
SCRL,IZUMO2
C19ORF36,IZUMO4
JADE-2,JADE2
KIAA0239,JADE2
PHF15,JADE2
FLJ14602,JAGN1
GL009,JAGN1
JAK1A,JAK1
JAK1B,JAK1
JTK3,JAK1
JAK-3,JAK3
JAK3_HUMAN,JAK3
JAKL,JAK3
L-JAK,JAK3
LJAK,JAK3
FLJ31564,JAKMIP1
GABABRBP,JAKMIP1
JAMIP1,JAKMIP1
MARLIN1,JAKMIP1
LINC02495,JAKMIP1-DT
JAM-3,JAM3
JAM-C,JAM3
JAMC,JAM3
AMICA,JAML
AMICA1,JAML
GM638,JAML
DKFZP761K2222,JAZF1
TIP27,JAZF1
ZNF802,JAZF1
FLJ12517,JMJD4
C16ORF20,JMJD8
ARM2,JPT1
HN1,JPT1
HN1A,JPT1
HHMJG,JRKL
HJT,JTB
PAR,JTB
AP-1,JUN
C-JUN,JUN
CTNNG,JUP
DP3,JUP
DPIII,JUP
PDGB,JUP
PG,JUP
PKGB,JUP
RU2,KAAG1
RU2AS,KAAG1
ARHGEF24,KALRN
DUET,KALRN
DUO,KALRN
HAPIP,KALRN
HS.8004,KALRN
KALIRIN,KALRN
TRAD,KALRN
ANKRD25,KANK2
KIAA1518,KANK2
MXRA3,KANK2
ANKRD47,KANK3
FLJ46061,KANK3
C12ORF41,KANSL2
FLJ20436,KANSL2
NSL2,KANSL2
FLJ10081,KANSL3
KIAA1310,KANSL3
NSL3,KANSL3
RCD1,KANSL3
LINC01155,KANTR
SPASM,KANTR
KARSP3,KARS1P3
GCN5,KAT2A
GCN5L2,KAT2A
PCAF-B,KAT2A
CPLA2,KAT5
ESA1,KAT5
HTATIP,KAT5
HTATIP1,KAT5
PLIP,KAT5
TIP60,KAT5
ZC2HC5,KAT5
HBO1,KAT7
HBOA,KAT7
MYST2,KAT7
ZC2HC7,KAT7
JBTS26,KATNIP
KIAA0556,KATNIP
BKLHD1,KBTBD2
DKFZP566C134,KBTBD2
BKLHD3,KBTBD3
FLJ46299,KBTBD12
KLHDC6,KBTBD12
AEMK,KCNA1
HUK1,KCNA1
KV1.1,KCNA1
MBK1,KCNA1
RBK1,KCNA1
HK4,KCNA2
KV1.2,KCNA2
HLK3,KCNA3
HPCN3,KCNA3
KV1.3,KCNA3
MK3,KCNA3
HBK2,KCNA6
KV1.6,KCNA6
PPP1R96,KCNA6
HAK6,KCNA7
KV1.7,KCNA7
KV1.8,KCNA10
AKR6A3,KCNAB1
HKVB3,KCNAB1
HKVBETA3,KCNAB1
KCNA1B,KCNAB1
KVB1.3,KCNAB1
AKR6A5,KCNAB2
HKVBETA2.1,KCNAB2
HKVBETA2.2,KCNAB2
KCNA2B,KCNAB2
AKR6A9,KCNAB3
KCNA3B,KCNAB3
KV3.3,KCNC3
SCA13,KCNC3
C1ORF30,KCNC4
HKSHIIIC,KCNC4
KV3.4,KCNC4
KSHIVB,KCND3
KV4.3,KCND3
SCA19,KCND3
SCA22,KCND3
HOKPP,KCNE3
MIRP2,KCNE3
MIRP3,KCNE4
IK8,KCNF1
KCNF,KCNF1
KH1,KCNF1
KV5.1,KCNF1
KV6.4,KCNG4
EAG,KCNH1
EAG1,KCNH1
H-EAG,KCNH1
HEAG,KCNH1
KV10.1,KCNH1
ERG1,KCNH2
HERG,KCNH2
KV11.1,KCNH2
LQT2,KCNH2
BEC1,KCNH3
ELK2,KCNH3
KV12.2,KCNH3
ELK1,KCNH4
KV12.3,KCNH4
ERG2,KCNH6
HERG2,KCNH6
KV11.2,KCNH6
ERG3,KCNH7
HERG3,KCNH7
KV11.3,KCNH7
KCHIP1,KCNIP1
CSEN,KCNIP3
DREAM,KCNIP3
KCHIP3,KCNIP3
NCRNA00099,KCNIP4-IT1
UM9-5,KCNIP4-IT1
FLJ36644,KCNJ2-AS1
C11ORF45,KCNJ5-AS1
FLJ43646,KCNJ5-AS1
MGC35558,KCNJ5-AS1
KIR6.1,KCNJ8
BIR,KCNJ11
KIR6.2,KCNJ11
HIRK1,KCNJ12
IRK2,KCNJ12
KCNJN1,KCNJ12
KIR2.2,KCNJ12
KIR2.2V,KCNJ12
KIR1.4,KCNJ13
KIR7.1,KCNJ13
LCA16,KCNJ13
BIR9,KCNJ16
KIR5.1,KCNJ16
KIR2.6,KCNJ18
TTPP2,KCNJ18
DPK,KCNK1
K2P1.1,KCNK1
TWIK-1,KCNK1
K2P2.1,KCNK2
TREK-1,KCNK2
K2P3.1,KCNK3
TASK,KCNK3
TASK-1,KCNK3
TASK1,KCNK3
K2P4.1,KCNK4
TRAAK,KCNK4
K2P5.1,KCNK5
TASK-2,KCNK5
TASK2,KCNK5
K2P6.1,KCNK6
TWIK-2,KCNK6
K2P7.1,KCNK7
K2P10.1,KCNK10
PPP1R97,KCNK10
TREK-2,KCNK10
TREK2,KCNK10
K2P12.1,KCNK12
THIK-2,KCNK12
THIK2,KCNK12
KCA1.1,KCNMA1
MSLO1,KCNMA1
SLO,KCNMA1
KCNMB2,KCNMB3
KCNMBL,KCNMB3
HSK1,KCNN1
KCA2.1,KCNN1
HSK2,KCNN2
KCA2.2,KCNN2
HSK3,KCNN3
KCA2.3,KCNN3
SKCA3,KCNN3
HIKCA1,KCNN4
HKCA4,KCNN4
HSK4,KCNN4
IK,KCNN4
KCA3.1,KCNN4
KCNQ1-AS2,KCNQ1OT1
KVDMR1,KCNQ1OT1
KVLQT1-AS,KCNQ1OT1
LIT1,KCNQ1OT1
NCRNA00012,KCNQ1OT1
EBN2,KCNQ3
KV7.3,KCNQ3
DFNA2,KCNQ4
KV7.4,KCNQ4
KV7.5,KCNQ5
CRIM2,KCP
FLJ33365,KCP
NET67,KCP
NY-REN-45,KCTD3
CLN14,KCTD7
EPM3,KCTD7
FLJ32069,KCTD7
BTBD27,KCTD9
FLJ20038,KCTD9
HST38306,KCTD9P1
KCTD9L,KCTD9P2
BTBD28,KCTD10
MSTP028,KCTD10
FKSG86,KCTD13
PDIP1,KCTD13
POLDIP1,KCTD13
MGC2376,KCTD14
MGC25497,KCTD15
6530404F10RIK,KCTD18
FLJ31322,KCTD18
FLJ37818,KCTD18
KCASH2,KCTD21
ELP-1,KDELR2
ERD2.2,KDELR2
C1ORF172,KDF1
FLJ34633,KDF1
RP11-344H11.3,KDF1
AOF2,KDM1A
BHC110,KDM1A
KDM1,KDM1A
KIAA0601,KDM1A
LSD1,KDM1A
CXXC2,KDM2B
FBL10,KDM2B
FBXL10,KDM2B
JHDM1B,KDM2B
PCCX2,KDM2B
JHMD2A,KDM3A
JMJD1,KDM3A
JMJD1A,KDM3A
KIAA0742,KDM3A
TSGA,KDM3A
C5ORF7,KDM3B
JMJD1B,KDM3B
KIAA1082,KDM3B
NET22,KDM3B
FLJ10251,KDM4D
JMJD2D,KDM4D
JMJD2E,KDM4E
KDM4DL,KDM4E
KDM5E,KDM4E
JMJD2F,KDM4F
JARID1A,KDM5A
RBBP2,KDM5A
CT31,KDM5B
JARID1B,KDM5B
PLU-1,KDM5B
PPP1R98,KDM5B
RBBP2H1A,KDM5B
UTX,KDM6A
JMJD3,KDM6B
KIAA0346,KDM6B
INRF2,KEAP1
KIAA0132,KEAP1
KLHL19,KEAP1
MGC10630,KEAP1
MGC1114,KEAP1
MGC20887,KEAP1
MGC4407,KEAP1
MGC9454,KEAP1
CNA2,KERA
SLRR2B,KERA
BA257K9.4,KHDC1
C6ORF147,KHDC1
C6ORF148,KHDC1
EM:AC019205.8,KHDC1
MGC10818,KHDC1
NDG1,KHDC1
BLOM7,KHDC4
KIAA0907,KHDC4
SNORA80EHG,KHDC4
FLJ34027,KHDRBS1
P62,KHDRBS1
SAM68,KHDRBS1
ETLE,KHDRBS3
ETOILE,KHDRBS3
SALP,KHDRBS3
SLM-2,KHDRBS3
SLM2,KHDRBS3
T-STAR,KHDRBS3
FBP2,KHSRP
FUBP2,KHSRP
KSRP,KHSRP
AAVR,KIAA0319L
KIAA1837,KIAA0319L
C5ORF36,KIAA0825
DKFZP686F0372,KIAA0825
MGC34713,KIAA0825
FLJ21022,KIAA1191
P33MONOX,KIAA1191
P60MONOX,KIAA1191
DKFZP761L0424,KIAA1217
ETL4,KIAA1217
SKT,KIAA1217
C11ORF41,KIAA1549L
C11ORF69,KIAA1549L
G2,KIAA1549L
MGC34830,KIAA1549L
RP11-46A10.4,KIAA1614-AS1
MGC33867,KIAA2013
RP5-1077B9.1,KIAA2013
C12ORF66,KICS2
FLJ32549,KICS2
ARMS,KIDINS220
ATSV,KIF1A
C2ORF20,KIF1A
SPG30,KIF1A
UNC104,KIF1A
CMT2,KIF1B
CMT2A,KIF1B
HMSNII,KIF1B
KIAA0591,KIF1B
KLP,KIF1B
SAX2,KIF1C
SPAX2,KIF1C
SPG58,KIF1C
HK2,KIF2A
KIF2,KIF2A
CT139,KIF2C
KNSL6,KIF2C
MCAK,KIF2C
D12S1889,KIF5A
MY050,KIF5A
NKHC,KIF5A
SPG10,KIF5A
JBTS12,KIF7
MGC104186,KIF9
FLJ39534,KIF9-AS1
KIAA0042,KIF14
KIAA1405,KIF17
KIF17B,KIF17
KIF3X,KIF17
KLP-2,KIF17
OSM-3,KIF17
FLJ37300,KIF19
KIF19A,KIF19
CT90,KIF20B
KRMP1,KIF20B
MPHOSPH1,KIF20B
MPP1,KIF20B
FEOM1,KIF21A
FLJ20052,KIF21A
DKFZP434J212,KIF21B
KIAA0449,KIF21B
KID,KIF22
KNSL4,KIF22
OBP-1,KIF22
OBP-2,KIF22
KNSL3,KIF25
DKFZP434N178,KIF26A
KIAA1236,KIF26A
RP11-62I21.1,KIF26B-AS1
KIRREL,KIRREL1
NEPH1,KIRREL1
KIRREL-IT1,KIRREL1-IT1
DKFZP564A1164,KIRREL2
FILTRIN,KIRREL2
MGC15718,KIRREL2
NEPH3,KIRREL2
NLG1,KIRREL2
FLJ40224,KIRREL3-AS3
NCRNA00288,KIRREL3-AS3
PRR10,KIRREL3-AS3
AXOR12,KISS1R
GPR54,KISS1R
HOT7T175,KISS1R
C-KIT,KIT
CD117,KIT
PBT,KIT
SCFR,KIT
HKLC1B,KLC1
HKLC1G,KLC1
HKLC1J,KLC1
HKLC1N,KLC1
HKLC1P,KLC1
HKLC1R,KLC1
HKLC1S,KLC1
KLC,KLC1
KNS2,KLC1
KNS2A,KLC1
KLC2L,KLC3
KLCT,KLC3
KNS2B,KLC3
EKLF,KLF1
FLJ13197,KLF3-AS1
UKLF,KLF7
FKLF,KLF11
MODY7,KLF11
TIEG2,KLF11
TIEG3,KLF11
BTEB5,KLF14
KKLF,KLF15
MST025,KLHDC1
HCLP-1,KLHDC2
LCP,KLHDC2
DJ20C7.3,KLHDC3
HPEAS,KLHDC3
PEAS,KLHDC3
FLJ38753,KLHDC7A
FLJ10748,KLHDC8A
MGC35097,KLHDC8B
KARCA1,KLHDC9
MAVP1,KLHL2P1
KIAA1129,KLHL3
KLHL7-AS1,KLHL7-DT
PLATAK,KLHL7-DT
FLJ13568,KLHL9
KIAA1354,KLHL9
FLJ32662,KLHL10
FLJ10572,KLHL11
C3IP1,KLHL12
BKLHD2,KLHL13
FLJ10262,KLHL13
KIAA1309,KLHL13
FLJ13703,KLHL18
KIAA0795,KLHL18
KHLHX,KLHL20
KLEIP,KLHL20
KIAA0469,KLHL21
FLJ37812,KLHL23
MGC22679,KLHL23
MGC2610,KLHL23
KBTBD9,KLHL29
KIAA1921,KLHL29
FLJ43374,KLHL30
C2ORF19,KLHL30-AS1
BA345L23.2,KLHL31
BKLHD6,KLHL31
KBTBD1,KLHL31
FLJ33790,KLHL35
KBTBD5,KLHL40
NEM8,KLHL40
SRYP,KLHL40
KBTBD10,KLHL41
KRP1,KLHL41
SARCOSIN,KLHL41
CTB9,KLHL42
KIAA1340,KLHL42
KLHDC5,KLHL42
APS,KLK3
PSA,KLK3
EMSP,KLK4
EMSP1,KLK4
KLK-L1,KLK4
PRSS17,KLK4
PSTS,KLK4
KLK-L2,KLK5
SCTE,KLK5
BSSP,KLK6
KLK7,KLK6
NEUROSIN,KLK6
PRSS18,KLK6
PRSS9,KLK6
PRSS6,KLK7
SCCE,KLK7
HNP,KLK8
NEUROPSIN,KLK8
OVASIN,KLK8
PRSS19,KLK8
TADG14,KLK8
KLK-L3,KLK9
NES1,KLK10
PRSSL1,KLK10
PRSS20,KLK11
TLSP,KLK11
KLK-L5,KLK12
KLK-L4,KLK13
KLK-L6,KLK14
ACO,KLK15
HSRNASPH,KLK15
PROSTINOGEN,KLK15
KLK3,KLKB1
PSIKLK1,KLKP1
KLRA1,KLRA1P
KLRAP1,KLRA1P
LY49,KLRA1P
LY49L,KLRA1P
CD161,KLRB1
CLEC5B,KLRB1
HNKR-P1A,KLRB1
NKR,KLRB1
NKR-P1,KLRB1
NKR-P1A,KLRB1
CD159A,KLRC1
NKG2,KLRC1
NKG2-A,KLRC1
NKG2-B,KLRC1
CD159C,KLRC2
NKG2-C,KLRC2
NKG2C,KLRC2
NKG2-F,KLRC4
CLEC5C,KLRF1
NKP80,KLRF1
NKP65,KLRF2
ALL-1,KMT2A
ALL1,KMT2A
CXXC7,KMT2A
HRX,KMT2A
HTRX,KMT2A
HTRX1,KMT2A
MLL,KMT2A
MLL1,KMT2A
MLL1A,KMT2A
TRX1,KMT2A
CXXC10,KMT2B
HRX2,KMT2B
KIAA0304,KMT2B
MLL1B,KMT2B
MLL2,KMT2B
MLL4,KMT2B
TRX2,KMT2B
WBP7,KMT2B
HALR,KMT2C
KIAA1506,KMT2C
MLL3,KMT2C
ALR,KMT2D
CAGL114,KMT2D
MLL2,KMT2D
MLL4,KMT2D
TNRC21,KMT2D
HDCMC04P,KMT2E
MLL5,KMT2E
SETD5B,KMT2E
LOC100216545,KMT2E-AS1
PR-SET7,KMT5A
SET07,KMT5A
SET8,KMT5A
SETD8,KMT5A
CGI-85,KMT5B
SUV420H1,KMT5B
FLJ32011,KNCN
KINO,KNCN
L5,KNCN
BDK,KNG1
BK,KNG1
HK,KNG1
HMWK,KNG1
KNG,KNG1
AF15Q14,KNL1
CASC5,KNL1
CT29,KNL1
D40,KNL1
HKNL-1,KNL1
HSPC105,KNL1
KIAA1570,KNL1
MCPH4,KNL1
PPP1R55,KNL1
SPC7,KNL1
101F10.1,KNOP1
C16ORF88,KNOP1
FAM191A,KNOP1
TSG118,KNOP1
C15ORF23,KNSTRN
FLJ14502,KNSTRN
KINASTRIN,KNSTRN
SKAP,KNSTRN
TRAF4AF1,KNSTRN
KIAA0166,KNTC1
ROD,KNTC1
IPOA5,KPNA1
NPI-1,KPNA1
RCH2,KPNA1
SRP1,KPNA1
IPOA1,KPNA2
PTAC58,KPNA2
QIP2,KPNA2
RCH1,KPNA2
SRP1ALPHA,KPNA2
IPOA3,KPNA4
MGC12217,KPNA4
MGC26703,KPNA4
QIP1,KPNA4
SRP3,KPNA4
IPOA6,KPNA5
SRP6,KPNA5
FLJ11249,KPNA6
IPOA7,KPNA6
KPNA7,KPNA6
MGC17918,KPNA6
C1ORF45,KPRP
2E4,KPTN
KICS4,KPTN
K-RAS4B,KRAS
KRAS1,KRAS
KRAS2,KRAS
KIAA1862,KRBA1
FLJ32776,KRBOX1-AS1
ZNF720,KRBOX5
KRM2,KREMEN2
MGC10791,KREMEN2
FLJ12949,KRI1
CAM,KRIT1
CCM1,KRIT1
HRB2,KRR1
RIP-1,KRR1
CK3,KRT3
K3,KRT3
CK4,KRT4
CYK4,KRT4
K4,KRT4
CK-5,KRT5
EBS2,KRT5
KRT5A,KRT5
CK6C,KRT6A
CK6D,KRT6A
K6C,KRT6A
K6D,KRT6A
KRT6C,KRT6A
KRT6D,KRT6A
KRTL1,KRT6B
KRT6E,KRT6C
CK-7,KRT7
CK7,KRT7
K2C7,KRT7
K7,KRT7
SCL,KRT7
CARD2,KRT8
CK-8,KRT8
CK8,KRT8
CYK8,KRT8
K2C8,KRT8
K8,KRT8
KO,KRT8
KRT8L1,KRT8P11
RP11-13B9.3,KRT8P11
KRT8L2,KRT8P12
CK-9,KRT9
EPPK,KRT9
K9,KRT9
CK10,KRT10
K10,KRT10
KPP,KRT10
MGC21518,KRT10-AS1
TMEM99,KRT10-AS1
CK13,KRT13
K13,KRT13
MGC161462,KRT13
MGC3781,KRT13
EBS3,KRT14
EBS4,KRT14
CK15,KRT15
K15,KRT15
K1CO,KRT15
NEPPK,KRT16
KERSMCR,KRT16P3
MGC102966,KRT16P3
LNCKRT16P6,KRT16P6
PCHC1,KRT17
BA513I15.2,KRT18P9
KRT18L5,KRT18P15
CK19,KRT19
K19,KRT19
K1CS,KRT19
MGC15366,KRT19
KRT19P5,KRT19P2
FLJ20261,KRT24
MGC138169,KRT24
MGC138173,KRT24
KRT25A,KRT25
KRT25B,KRT26
KRT25C,KRT27
KRT25D,KRT28
HA-2,KRT32
KRTHA2,KRT32
HA-5,KRT35
KRTHA5,KRT35
KRTHA6,KRT36
KRTHA8,KRT38
K6IRS1,KRT71
KRT6IRS,KRT71
KRT6IRS1,KRT71
K6IRS,KRT72
K6IRS2,KRT72
KRT6,KRT72
KRT6IRS2,KRT72
K6IRS3,KRT73
KRT6IRS3,KRT73
K6IRS4,KRT74
KRT5C,KRT74
KRT6IRS4,KRT74
K6HF,KRT75
K5B,KRT78
K6L,KRT79
KRT6L,KRT79
KB20,KRT80
HB-1,KRT81
KRTHB1,KRT81
HB-2,KRT82
KRTHB2,KRT82
HB-3,KRT83
KRTHB3,KRT83
HB-4,KRT84
KRTHB4,KRT84
HB-5,KRT85
KRTHB5,KRT85
HB6,KRT86
KRTHB6,KRT86
MNX,KRT86
PSIHHBD,KRT87P
HBC,KRT88P
KRT122P,KRT88P
KRTHBP3,KRT88P
KRT123P,KRT89P
KRTHBP2,KRT89P
PSIHHBB,KRT89P
HBA,KRT90P
KRT124P,KRT90P
KRTHBP1,KRT90P
KA21,KRT222
KRT222P,KRT222
MGC45562,KRT222
KAP4.1,KRTAP4-1
KAP4.10,KRTAP4-1
KRTAP4-10,KRTAP4-1
KAP4.3,KRTAP4-3
KRTAP5-3,KRTAP5-7
KRTAP5.7,KRTAP5-7
KRTAP5-2,KRTAP5-8
KRTAP5.8,KRTAP5-8
UHSKERB,KRTAP5-8
KRN1,KRTAP5-9
KRTAP5-1,KRTAP5-9
KRTAP5.9,KRTAP5-9
KRTAP5.10,KRTAP5-10
KRTAP5-6,KRTAP5-11
KRTAP5.11,KRTAP5-11
KRTAP5-12,KRTAP5-14P
KRTAP5.P2,KRTAP5-14P
KRTAP5P2,KRTAP5-14P
KAP9.1,KRTAP9-1
KRTAP9L3,KRTAP9-1
KCP2,KRTCAP2
KCP3,KRTCAP3
KSR,KSR1
RSU2,KSR1
FLJ25965,KSR2
C14ORF33,KTN1-AS1
MYCLO-3,KTN1-AS1
BORCS4,KXD1
C19ORF50,KXD1
FLJ25480,KXD1
KXDL,KXD1
MGC2749,KXD1
AC005253.1,KXD1-AS1
FLJ14902,LACTB
MRPL56,LACTB
HAMLET,LALBA
LYZG,LALBA
LYZL7,LALBA
LAMM,LAMA2
LAMS,LAMB2
NPHS5,LAMB2
LAMB2L,LAMB2P1
BM600-125KDA,LAMB3
KALININ-140KDA,LAMB3
LAMNB1,LAMB3
NICEIN-125KDA,LAMB3
CD107B,LAMP2
CD208,LAMP3
DC-LAMP,LAMP3
DCLAMP,LAMP3
LAMP,LAMP3
TSC403,LAMP3
ENDAP,LAMTOR2
MAPBPIP,LAMTOR2
MAPKSP1AP,LAMTOR2
P14,LAMTOR2
RAGULATOR2,LAMTOR2
ROBLD3,LAMTOR2
C7ORF59,LAMTOR4
HBXIP,LAMTOR5
MGC71071,LAMTOR5
XIP,LAMTOR5
GPR69A,LANCL1
P40,LANCL1
LANCLOT,LANCL1-AS1
GPR69B,LANCL2
TASP,LANCL2
LAP,LAP3
LAPEP,LAP3
PEPS,LAP3
KIAA0731,LARP1
LAR1,LARP1
LARP,LARP1
LHP1,LARP1
MGC19556,LARP1
DKFZP434K245,LARP1B
DKFZP686E0316,LARP1B
FLJ10378,LARP1B
LARP2,LARP1B
PP13296,LARP4
DKFZP564K112,LARP7
HDCMA18P,LARP7
PIP7S,LARP7
FLJ10595,LARS1
FLJ21788,LARS1
HSPC192,LARS1
LARS,LARS1
LEUS,LARS1
RNTLS,LARS1
KIAA0028,LARS2
LEURS,LARS2
MGC26121,LARS2
MTLEURS,LARS2
LASP-1,LASP1
MLN50,LASP1
LINC00672,LASP1NB
LAT1,LAT
FLJ20340,LAX1
LAX,LAX1
FLJ30977,LAYN
FLJ31092,LAYN
C11ORF48,LBHD1
MGC2477,LBHD1
DHCR14B,LBR
TDRD18,LBR
ONCO-LNCRNA-27,LCAL1
LEP1,LCE1A
LEP2,LCE1B
SPRL2A,LCE1B
LEP3,LCE1C
LEP4,LCE1D
LEP5,LCE1E
LEP6,LCE1F
LEP9,LCE2A
LEP10,LCE2B
SPRL1B,LCE2B
XP5,LCE2B
LEP11,LCE2C
LEP12,LCE2D
SPRL1A,LCE2D
LEP13,LCE3A
LEP14,LCE3B
LEP15,LCE3C
SPRL3A,LCE3C
LEP16,LCE3D
SPRL6A,LCE3D
SPRL6B,LCE3D
LEP17,LCE3E
LEP8,LCE4A
SPRL4A,LCE4A
LEP18,LCE5A
SPRL5A,LCE5A
C1ORF44,LCE6A
AGPAT8,LCLAT1
ALCAT1,LCLAT1
FLJ37965,LCLAT1
LPLAT6,LCLAT1
LYCAT,LCLAT1
CGI-68,LCMT1
PPMT1,LCMT1
MGC71975,LCN1
PMFA,LCN1
TLC,LCN1
TP,LCN1
VEGP,LCN1
FLJ30696,LCORL
MLR1,LCORL
FLJ33279,LCTL
KLG,LCTL
KLPH,LCTL
LDH6A,LDHAL6A
MGC23940,LDHAL6A
LDHAL2,LDHAP2
LDHAL5,LDHAP5
CT32,LDHC
LDLCQ2,LDLR
LEAP-2,LEAP2
LEFTB,LEFTY1
LEFTYB,LEFTY1
EBAF,LEFTY2
LEFTA,LEFTY2
LEFTYA,LEFTY2
TGFB4,LEFTY2
LEFTY3,LEFTY3P
FLJ16641,LEKR1
CT50,LEMD1
LEMP-1,LEMD1
DJ482C21.1,LEMD2
LEM2,LEMD2
NET25,LEMD2
MAN1,LEMD3
LEP503,LENEP
OB,LEP
OBS,LEP
CD295,LEPR
OBR,LEPR
HCCR,LETMD1
HCCR-1,LETMD1
HCCR-2,LETMD1
HCCR1,LETMD1
HCCR2,LETMD1
SLC55A3,LETMD1
LINC01197,LETR1
C1ORF177,LEXM
FLJ40201,LEXM
LEM,LEXM
SCDO3,LFNG
90K,LGALS3BP
BTBD17B,LGALS3BP
CYCAP,LGALS3BP
GP90,LGALS3BP
M2BP,LGALS3BP
MAC-2-BP,LGALS3BP
TANGO10B,LGALS3BP
PCTA-1,LGALS8
LGALS9A,LGALS9
PLAC8,LGALS13
PP13,LGALS13
CLC2,LGALS14
PPL13,LGALS14
GRP,LGALSL
HSPC159,LGALSL
LOC105374771,LGALSL-DT
FLJ14471,LGR6
LHFPL4,LHFPL3
GARLH4,LHFPL4
DFNB67,LHFPL5
DJ510O8.8,LHFPL5
MGC33835,LHFPL5
TMHS,LHFPL5
GSH4,LHX4
LOCUS4010,LHX5-AS1
HLHX6,LHX6
LHX6.1,LHX6
LHX7,LHX8
HLIG1,LIG1
LIGI,LIG1
MP17,LIM2
MP19,LIM2
EPLIN,LIMA1
DKFZP686A01247,LIMCH1
LIMCH1A,LIMCH1
LMO7B,LIMCH1
PINCH,LIMS1
PINCH1,LIMS1
PINCH-2,LIMS2
PINCH2,LIMS2
LIMS3L,LIMS4
LIN-7A,LIN7A
MALS-1,LIN7A
TIP-33,LIN7A
VELI1,LIN7A
TGS,LIN9
CSDD1,LIN28A
FLJ12457,LIN28A
LIN-28,LIN28A
LIN28,LIN28A
ZCCHC1,LIN28A
C14ORF46,LIN52
FLJ43663,LINC-PINT
LINCRNA-PINT,LINC-PINT
LOC646329,LINC-PINT
MKLN1-AS1,LINC-PINT
PINT,LINC-PINT
C9ORF14,LINC00032
NCRNA00032,LINC00032
BA346B7.1,LINC00092
NCRNA00092,LINC00092
FLJ22639,LINC00115
NCRNA00115,LINC00115
FLJ42957,LINC00173
NCRNA00173,LINC00173
NCRNA00174,LINC00174
HANC,LINC00184
LNC-BETA-CATM,LINC00184
NCRNA00184,LINC00184
C14ORF72,LINC00239
NCRNA00239,LINC00239
BA373D17.1,LINC00240
C6ORF41,LINC00240
NCRNA00240,LINC00240
BQB10J12.2,LINC00243
BQB230F21.2,LINC00243
C6ORF214,LINC00243
FLJ40693,LINC00243
NCRNA00243,LINC00243
C7ORF4,LINC00244
NCRNA00244,LINC00244
C1ORF120,LINC00272
NCRNA00272,LINC00272
RP1-223H12.3,LINC00272
NCRNA00294,LINC00294
C2ORF46,LINC00299
FLJ45673,LINC00299
NCRNA00299,LINC00299
C11ORF64,LINC00301
MGC39681,LINC00301
NCRNA00301,LINC00301
NCRNA00309,LINC00309
MGC22001,LINC00311
NCRNA00311,LINC00311
TMEM148,LINC00311
C17ORF44,LINC00324
FLJ34790,LINC00324
MGC104931,LINC00324
NCRNA00324,LINC00324
TP53LC03,LINC00324
NCRNA00326,LINC00326
C6ORF227,LINC00336
FLJ43752,LINC00336
NCRNA00336,LINC00336
HSPC157,LINC00339
NCRNA00339,LINC00339
NCRNA00342,LINC00342
ECONEXIN,LINC00461
EYELINC1,LINC00461
LOC645323,LINC00461
NDIME,LINC00461
VISC,LINC00461
ASAP,LINC00467
C1ORF97,LINC00467
MGC14801,LINC00467
C2ORF52,LINC00471
MGC43122,LINC00471
C6ORF155,LINC00472
DJ288M22.3,LINC00472
FLJ13189,LINC00472
P53RRA,LINC00472
C9ORF44,LINC00475
C12ORF67,LINC00477
FAM191B,LINC00477
FLJ32894,LINC00477
C17ORF55,LINC00482
FLJ39421,LINC00482
FLJ42418,LINC00487
BC008363,LINC00491
ONCO-LNCRNA-12,LINC00511
AC016831.7,LINC00513
C14ORF26,LINC00517
C14ORF71,LINC00524
PROX1UT,LINC00538
YIYA,LINC00538
NCRNA-A5,LINC00570
MGC4473,LINC00626
MGC39821,LINC00663
CIP2A-BP,LINC00665
CARDINAL,LINC00670
FLJ34690,LINC00670
CALA,LINC00674
NCRNA-A4,LINC00853
PDZK1IP1-AS1,LINC00853
C1ORF98,LINC00862
SMIM16,LINC00862
C17ORF52,LINC00868
KIAA0493,LINC00869
HEIRCC,LINC00887
LINC-ATP13A4-8,LINC00887
BC040587,LINC00901
LSAMP-AS4,LINC00901
TCONS_00005428,LINC00901
LSAMP-AS2,LINC00903
FLJ25328,LINC00905
CALIC,LINC00920
LINRIS,LINC00920
FLJ39639,LINC00921
LNCIAPF,LINC00941
LNCRNA-MUF,LINC00941
DMDRMR,LINC00944
FLJ41649,LINC00951
LINCRNA-UC003OPF.1,LINC00951
FLJ35424,LINC00955
METALNC9,LINC00963
TCONS_L2_00002973,LINC00993
TCONS_00013107,LINC01022
TCONS_00000361,LINC01031
TCONS_00024492,LINC01082
AK096174,LINC01089
LIMT,LINC01089
CTEPHA1,LINC01094
FLJ38359,LINC01106
TALNEC2,LINC01116
UNQ6975,LINC01121
AC007092.1,LINC01122
FLJ30838,LINC01122
RP11-206L10.11,LINC01128
LNCRNA-PAGBC,LINC01133
TLNC1,LINC01134
FLJ39739,LINC01138
LINC00875,LINC01138
FLJ41676,LINC01140
TCONS_00000513,LINC01144
LINC-BRN1B,LINC01159
TCONS_00018075,LINC01167
ZNF674-1,LINC01186
MBOP,LINC01234
ONCO-LNCRNA-32,LINC01234
TCONS_00007515,LINC01259
HNSCAT1,LINC01269
PARLNCRNA-1,LINC01269
C8ORF69,LINC01298
RUS,LINC01322
TCONS_00009713,LINC01337
HP08777,LINC01357
RBSG4,LINC01363
DADOT,LINC01381
TCONS_00002860,LINC01381
RP11-267A15.1,LINC01411
FLJ45974,LINC01446
MDONA,LINC01455
TCONS_00009433,LINC01455
TCONS_00021407,LINC01486
CUPID1,LINC01488
LNC-PPP2R4-5,LINC01503
RP11-65J3.1,LINC01503
RP11-308N19.1,LINC01505
HI-LNC77,LINC01512
LOC100132354,LINC01512
TCONS_00011120,LINC01512
RP11-1C1.7,LINC01513
TCONS_00009352,LINC01513
LNC-SPRR2D-1,LINC01527
RP1-13P20.6,LINC01527
FLJ30403,LINC01530
RP11-169D4.1-001,LINC01537
C14ORF64,LINC01550
C14ORF23,LINC01551
AC023904.2,LINC01553
C10ORF40,LINC01553
C5ORF27,LINC01554
FIS,LINC01554
FLJ38821,LINC01554
C1ORF180,LINC01555
FLJ35487,LINC01555
C6ORF123,LINC01558
DJ431P23.4,LINC01558
HGC6.2,LINC01558
LINC01557,LINC01558
C12ORF36,LINC01559
FLJ33810,LINC01559
RP11-296A18.3,LINC01562
TCONS_00011314,LINC01564
LOCCS,LINC01567
TCONS_00024567,LINC01569
TCONS_00024399,LINC01571
HI-LNC12,LINC01574
TCONS_00009551,LINC01574
C14ORF182,LINC01588
TCONS_L2_00015893,LINC01594
BA145H9.2,LINC01600
C6ORF195,LINC01600
FLJ31934,LINC01600
LINCDUSP,LINC01605
RP11-527N22.2,LINC01605
TCONS_00014973,LINC01605
EVADR,LINC01610
RP11-789C1.1,LINC01612
TCONS_00008319,LINC01612
LCAL4,LINC01614
TCONS_00003105,LINC01614
C12ORF79,LINC01619
C6ORF7,LINC01621
TCONS_00011139,LINC01625
LINC-KIAA1737-2,LINC01629
NMR,LINC01672
GM140,LINC01699
LNCPARP1,LINC01703
RP11-552D4.1,LINC01736
CRLM1,LINC01767
LOC100133985,LINC01816
AC016735.2,LINC01819
KPRT4,LINC01819
LINC02590,LINC01819
K21.1,LINC01833
RP11-89,LINC01833
AC079767.4,LINC01857
DKFZP434H1419,LINC01963
LOC728290,LINC02027
RP1130-1,LINC02055
HP09025,LINC02078
CTD-2246P4.1,LINC02080
FLJ30938,LINC02080
LINC02187,LINC02128
TCONS_00019174,LINC02151
LINC2194,LINC02194
RP11-159K7.2,LINC02200
HRAT56,LINC02208
RP11-766N7.4,LINC02231
RP11-707A18.1,LINC02232
RP11-332J15.1,LINC02236
ENST00000441841,LINC02243
AC007386.2,LINC02245
LNC-SERTAD2-3,LINC02245
DKFZP434L187,LINC02249
HMS,LINC02381
LNCEPAT,LINC02381
LOC400043,LINC02381
FLJ41278,LINC02389
AC091814.2,LINC02470
AC079630.2,LINC02471
LINC002481,LINC02481
CTD-2316B1,LINC02488
CTD-2589M5.4,LINC02489
RP11-209E8,LINC02490
RP11-356I2.2,LINC02539
AC079630.2,LINC02555
CTD-2619J13.13,LINC02560
CRAT40,LINC02563
ENST00000427806,LINC02567
AC079776.2,LINC02572
RP11-288L9.1,LINC02574
AC007365.1,LINC02579
AC093609.1,LINC02580
ANO1-AS2,LINC02584
C11ORF78,LINC02584
NCRNA00224,LINC02584
CELSR3-AS1,LINC02585
MEOX2-AS1,LINC02587
AL645608.1,LINC02593
LOC105376834,LINC02596
AC141928.1,LINC02600
MIRLET7DHG,LINC02603
LNCHERG,LINC02604
IL-7-AS,LINC02605
RP11-79H23.3,LINC02605
TCONS_00017811,LINC02629
C17ORF51,LINC02693
FLJ12977,LINC02693
FLJ31874,LINC02693
FLJ33618,LINC02693
C15ORF53,LINC02694
FLJ35695,LINC02694
AP000439.2,LINC02747
AP000439.3,LINC02747
CUPID2,LINC02747
AP003555.1,LINC02753
C1ORF140,LINC02817
FLJ46636,LINC02817
AC073284.4,LINC02862
RP11-359E19.2,LINC02866
C1ORF143,LINC02869
BA432J24.4,LINC02870
C10ORF91,LINC02870
C12ORF80,LINC02874
C17ORF82,LINC02875
C1ORF229,LINC02897
FLJ45717,LINC02897
C5ORF66-AS2,LINC02900
C6ORF99,LINC02901
YR211F11.1,LINC02901
C7ORF65,LINC02902
FLJ44108,LINC02902
C9ORF62,LINC02907
MGC35463,LINC02907
C12ORF77,LINC02909
BA65J3.5,LINC02913
C9ORF106,LINC02913
C15ORF54,LINC02915
FLJ39531,LINC02915
AL357079.1,LINC02918
AC012213.3,LINC02933
AL158212.1,LINC02935
PP2672,LINC02961
LNCRNA-P3134,LINC02963
AC016745.3,LINC02966
AL391832.1,LINC02971
TP53LC17,LINC03037
KB-1980E6.3,LINC03047
LNC-LSAMP-1,LINC03051
AC009237.14,LINC03052
LNCRNA799,LINC03052
LNC-HOXB8-1:2,LINC03057
RP11-38M8.1,LINC03060
AC026462.3,LINC03064
AC092171.5,LINC03073
RP11-485F13.1,LINC03077
AC005392.2,LINC03078
AC015660.1,LINC03080
AL139161.1,LINC03081
LINC-MD1,LINCMD1
MIR133BHG,LINCMD1
LERN3,LINGO2
LRRN6C,LINGO2
LERN2,LINGO3
LRRN6B,LINGO3
LRRN6D,LINGO4
BA425M17.2,LIPJ
LIPL1,LIPJ
MGC12290,LIPT1
MGC13378,LIPT1
FLJ38636,LITAF
PIG7,LITAF
SIMPLE,LITAF
TP53I7,LITAF
C5ORF11,LIX1
LFT,LIX1
MGC46719,LIX1L
DLG4,LLGL1
HUGL,LLGL1
HUGL-1,LLGL1
LGL1,LLGL1
LLGL,LLGL1
MGL1,LLGL1
HGL,LLGL2
HUGL-2,LLGL2
C12ORF31,LLPH
HLLP,LLPH
MGC14817,LLPH
LLPH-AS1,LLPH-DT
C5ORF8,LMAN2
GP36B,LMAN2
VIP36,LMAN2
DKFZP564L2423,LMAN2L
VIPL,LMAN2L
ACHP,LMBR1
C7ORF2,LMBR1
FLJ11665,LMBR1
ZRS,LMBR1
FLJ10494,LMBR1L
KIAA1174,LMBR1L
GP63,LMLN
LMNL1,LMLN
MSP,LMLN
CMD1A,LMNA
HGPS,LMNA
LGMD1B,LMNA
LMN1,LMNA
LMNL1,LMNA
MADA,LMNA
PRO1,LMNA
FLJ36004,LMNTD1
IFLTD1,LMNTD1
PAS1C1,LMNTD1
RBTN1,LMO1
RHOM1,LMO1
TTG1,LMO1
RBTN2,LMO2
RBTNL1,LMO2
RHOM2,LMO2
TTG2,LMO2
DAT1,LMO3
RBTNL2,LMO3
RHOM-3,LMO3
1D,LMOD1
64KD,LMOD1
D1,LMOD1
SM-LMOD,LMOD1
SMLMOD,LMOD1
KIAA1883,LMTK3
LMR3,LMTK3
PPP1R101,LMTK3
TYKLM3,LMTK3
A-ROD,LNCAROD
LINC01468,LNCAROD
LNC-MBL2-4,LNCAROD
LNC-OC1,LNCOC1
LNCRNA-SRLR,LNCSRLR
GUARDIN,LNCTAM34A
LINC01759,LNCTAM34A
TP53LC18,LNCTAM34A
CAP,LNPEP
IRAP,LNPEP
P-LAP,LNPEP
PLAP,LNPEP
LNX,LNX1
MPDZ,LNX1
PDZRN2,LNX1
HLON,LONP1
LONHS,LONP1
PIM1,LONP1
PRSS15,LONP1
FLJ45273,LONRF2
RNF192,LONRF2
LOR,LORICRIN
LP,LPA
LP(A),LPA
APOAL,LPAL2
APOARGC,LPAL2
EDG-4,LPAR2
EDG4,LPAR2
LPA2,LPAR2
FAM34A,LPGAT1
FAM34A1,LPGAT1
KIAA0205,LPGAT1
LPLAT7,LPGAT1
NET8,LPGAT1
KIAA0188,LPIN1
LIPD,LPL
SPO,LPO
MYCLO-5,LPP-AS2
MYCLO-6,LPP-AS2
BCMP101,LRATD2
FAM84B,LRATD2
NSE2,LRATD2
BGL,LRBA
CDC4L,LRBA
LAB300,LRBA
LBA,LRBA
LRN,LRCH4
LRRN1,LRCH4
FIGLER2,LRFN2
KIAA1246,LRFN2
SALM1,LRFN2
FIGLER1,LRFN3
MGC2656,LRFN3
SALM4,LRFN3
FIGLER6,LRFN4
MGC3103,LRFN4
SALM3.,LRFN4
CFAP246,LRGUK
FLJ32786,LRGUK
C1ORF103,LRIF1
FLJ11269,LRIF1
RIF1,LRIF1
DKFZP586O1624,LRIG1
LIG-1,LRIG1
LIG1,LRIG1
FLJ90440,LRIG3
KIAA3016,LRIG3
C10ORF11,LRMDA
CDA017,LRMDA
OCA7,LRMDA
DBS,LRP2
GP330,LRP2
RP11-714G18.1,LRP2BP-AS1
HLRP105,LRP3
LRP-3,LRP3
CLSS,LRP4
LRP-4,LRP4
MEGF7,LRP4
SOST2,LRP4
BMND1,LRP5
EVR1,LRP5
EVR4,LRP5
HBM,LRP5
LR3,LRP5
LRP7,LRP5
OPPG,LRP5
OPS,LRP5
OPTA1,LRP5
VBCH2,LRP5
BA350J20.3,LRP11
MANSC3,LRP11
A2MRAP,LRPAP1
HBP44,LRPAP1
RAP,LRPAP1
GP130,LRPPRC
LRP130,LRPPRC
LSFC,LRPPRC
LRR-1,LRR1
MGC20689,LRR1
PPIL5,LRR1
DJ523E19.1,LRRC1
FLJ10775,LRRC1
FLJ11834,LRRC1
LANO,LRRC1
LRP15,LRRC3B
NAG14,LRRC4
DENSIN-180,LRRC7
KIAA1365,LRRC7
KIAA0231,LRRC8B
TA-LRRP,LRRC8B
AD158,LRRC8C
FLJ27354,LRRC8C-DT
FLJ46156,LRRC9
LIB,LRRC15
H_RG318M05.3,LRRC17
P37NB,LRRC17
MGC34773,LRRC18
UNQ933,LRRC18
UNQ9338,LRRC18
VKGE9338,LRRC18
FLJ23259,LRRC31
D11S833E,LRRC32
GARP,LRRC32
MGC27085,LRRC34
C9ORF29,LRRC37A5P
LRRC37F,LRRC37A11P
LRRC37C,LRRC37A16P
LRRC37A5,LRRC37A17P
DKFZP667M2411,LRRC37BP1
LRRC37B2,LRRC37BP1
MGC14816,LRRC39
MYOMASP,LRRC39
FLJ20331,LRRC40
MUF1,LRRC41
MGC20806,LRRC45
MGC16309,LRRC46
KIAA1185,LRRC47
RP1-286D6.3,LRRC47
FLJ25811,LRRC52
FLJ36812,LRRC57
FLJ21675,LRRC59
PRO1855,LRRC59
C1ORF92,LRRC71
FLJ32884,LRRC71
C6ORF154,LRRC73
DJ337H4.2,LRRC73
LINC01330,LRRC77P
IMAGE:4798971,LRRD1
FLAP-1,LRRFIP1
FLIIAP1,LRRFIP1
GCF-2,LRRFIP1
GCF2,LRRFIP1
HUFI-1,LRRFIP1
TRIP,LRRFIP1
LRRC44,LRRIQ3
MGC22773,LRRIQ3
LRRC64,LRRIQ4
DKFZP434H2111,LRRK2
FLJ45829,LRRK2
PARK8,LRRK2
RIPK7,LRRK2
ROCO2,LRRK2
FIGLER7,LRRN2
GAC1,LRRN2
LRANK1,LRRN2
LRRN5,LRRN2
FLJ32082,LRRTM1
FLJ12568,LRRTM4
HT017,LRTM1
CFAP111,LRTOMT
COMT2,LRTOMT
DFNB63,LRTOMT
LRRC51,LRTOMT
LRTOMT1,LRTOMT
LRTOMT2,LRTOMT
IGLON3,LSAMP
LAMP,LSAMP
FLJ11301,LSG1
CASM,LSM1
YJL124C,LSM1
YDR378C,LSM6
YJR022W,LSM8
MGC15749,LSM10
FLJ30656,LSM12
C3ORF45,LSMEM2
FLJ38608,LSMEM2
ILDR3,LSR
LISCH7,LSR
LTBP2,LTBP3
D12S370,LTBR
TNF-R-III,LTBR
TNFCR,LTBR
TNFR-RP,LTBR
TNFR2-RP,LTBR
TNFRSF3,LTBR
HLF2,LTF
CIAB1,LTO1
ORAOV1,LTO1
TAOS1,LTO1
ORAOV1P1,LTO1P1
SCAL1,LUCAT1
SCAT5,LUCAT1
C1ORF190,LURAP1
FLJ25163,LURAP1
LRAP35A,LURAP1
LUZP,LUZP1
APQ,LVRN
AQPEP,LVRN
FLJ90650,LVRN
TAQPEP,LVRN
DJ80N2.1,LY86
MD-1,LY86
FLJ33708,LY86-AS1
LY86-AS,LY86-AS1
LY86AS,LY86-AS1
ZC2HC2,LYAR
ZLYAR,LYAR
LYGA1,LYG1
SALW1939,LYG1
LYGA2,LYG2
LYGH,LYG2
C4.4A,LYPD3
MGC42718,LYPD4
FLJ30469,LYPD5
MGC52057,LYPD6
CT116,LYPD6B
LYPD7,LYPD6B
APT-1,LYPLA1
LPL1,LYPLA1
APT-2,LYPLA2
LYPLAL1-AS1,LYPLAL1-DT
A211C6.1,LYRM1
DJ122O8.2,LYRM2
C17ORF108,LYRM9
HSD24,LYRM9
FLJ33008,LYSMD4
CHS,LYST
CHS1,LYST
MAUVE,LYST
LYST-IT2,LYST-AS1
LYC4,LYZL4
MGC26768,LYZL4
MGC15436,LZIC
BBS17,LZTFL1
FEZ1,LZTS1
C2ORF65,M1AP
D6MM5E,M1AP
SPATA37,M1AP
C1ORF161,MAB21L3
FLJ38716,MAB21L3
C2ORF54,MAB21L4
FLJ22671,MAB21L4
ABP620,MACF1
ACF7,MACF1
FLJ45612,MACF1
FLJ46776,MACF1
KIAA0465,MACF1
KIAA0754,MACF1
KIAA1251,MACF1
LNC-PMIF,MACF1
MACF,MACF1
C5ORF30,MACIR
FLJ25291,MACIR
FLJ10747,MACO1
TMEM57,MACO1
H2AFY,MACROH2A1
MACROH2A1.2,MACROH2A1
HSMAD1,MAD1L1
MAD1,MAD1L1
PIG9,MAD1L1
TP53I9,MAD1L1
TXBP181,MAD1L1
FANCV,MAD2L2
MAD2B,MAD2L2
POLZ2,MAD2L2
REV7,MAD2L2
MACAM1,MADCAM1
DENN,MADD
KIAA0358,MADD
RAB3GEP,MADD
CT128,MAEL
FLJ14904,MAEL
SPATA35,MAEL
MGC13090,MAFG
MGC20149,MAFG
NFE2U,MAFK
P18,MAFK
LINC-MAF-4,MAFTRR
GMA,MAG
S-MAG,MAG
SIGLEC-4A,MAG
SIGLEC4A,MAG
CT1.5,MAGEA5P
MAGE5,MAGEA5P
MAGEA5,MAGEA5P
MGC129526,MAGEA5P
LOC139363,MAGEA13P
MAGEB6P1,MAGEB6B
AIP3,MAGI1
BAIAP1,MAGI1
BAP1,MAGI1
MAGI-1,MAGI1
TNRC19,MAGI1
WWP3,MAGI1
ACVRIP1,MAGI2
AIP1,MAGI2
ARIP1,MAGI2
KIAA0705,MAGI2
MAGI-2,MAGI2
ENST00000414797,MAGI2-AS3
C2ORF47,MAIP1
DKFZP666A212,MAIP1
FLJ22555,MAIP1
MVP17,MAL
VIP17,MAL
HCN,MALAT1
LINC00047,MALAT1
MALAT-1,MALAT1
MASCRNA,MALAT1
NCRNA00047,MALAT1
NEAT2,MALAT1
PRO1073,MALAT1
BENE,MALL
KIAA1819,MAML2
MAM3,MAML2
CAGH3,MAML3
GDN,MAML3
KIAA1816,MAML3
MAM2,MAML3
TNRC3,MAML3
HMIC,MAN1C1
GOLIM7,MAN2A1
MANA2,MAN2A1
EPMAN,MAN2B2
KIAA0935,MAN2B2
MANA,MAN2C1
MANA1,MAN2C1
CR749391,MANCR
LINC00704,MANCR
FLJ12838,MANEA
MANDASELIN,MANEA
MANEA-AS1,MANEA-DT
FLJ31434,MANEAL
ARMET,MANF
ARP,MANF
MAP1L,MAP1A
ATG8F,MAP1LC3B
ATG8J,MAP1LC3C
BPY2IP1,MAP1S
C19ORF5,MAP1S
FLJ10669,MAP1S
MAP8,MAP1S
VCY2IP1,MAP1S
MAP2A,MAP2
MAP2B,MAP2
MAP2C,MAP2
MEK2,MAP2K2
PRKMK2,MAP2K2
MAPKK3,MAP2K3
MEK3,MAP2K3
MKK3,MAP2K3
PRKMK3,MAP2K3
MAPKK6,MAP2K6
MEK6,MAP2K6
MKK6,MAP2K6
PRKMK6,MAP2K6
SAPKK3,MAP2K6
MAPKKK1,MAP3K1
MEKK,MAP3K1
MEKK1,MAP3K1
MEKK2,MAP3K2
MEKK2B,MAP3K2
ENST00000433673,MAP3K2-DT
KIAA0213,MAP3K4
MAPKKK4,MAP3K4
MEKK4,MAP3K4
MTK1,MAP3K4
ASK1,MAP3K5
MAPKKK5,MAP3K5
MEKK5,MAP3K5
ASK2,MAP3K6
MAPKKK6,MAP3K6
MEKK6,MAP3K6
MEKK7,MAP3K7
TAK1,MAP3K7
LINCNMR,MAP3K9-DT
MEKK10,MAP3K10
MLK2,MAP3K10
MST,MAP3K10
MEKK11,MAP3K11
MLK3,MAP3K11
PTK1,MAP3K11
SPRK,MAP3K11
DLK,MAP3K12
MEKK12,MAP3K12
MUK,MAP3K12
ZPK,MAP3K12
ZPKP1,MAP3K12
FLJ23074,MAP3K19
RCK,MAP3K19
YSK4,MAP3K19
KIAA1804,MAP3K21
MLK4,MAP3K21
HPK1,MAP4K1
GLK,MAP4K3
MAPKKKK3,MAP4K3
RAB8IPL1,MAP4K3
FLH21957,MAP4K4
HGK,MAP4K4
NIK,MAP4K4
FLJ41346,MAP6
KIAA1878,MAP6
MAP6-N,MAP6
STOP,MAP6
E-MAP-115,MAP7
FLJ10350,MAP7D1
FLJ39022,MAP7D1
PARCC1,MAP7D1
RPRC1,MAP7D1
KIAA1383,MAP10
MTR120,MAP10
C14ORF32,MAPK1IP1L
ERK3,MAPK6
HST17250,MAPK6
P97MAPK,MAPK6
PRKM6,MAPK6
JIP3,MAPK8IP3
JSAP1,MAPK8IP3
KIAA1066,MAPK8IP3
SYD,MAPK8IP3
CSBP1,MAPK14
CSBP2,MAPK14
CSPB1,MAPK14
MXI2,MAPK14
P38,MAPK14
PRKM14,MAPK14
PRKM15,MAPK14
MK2,MAPKAPK2
MK5,MAPKAPK5
PRAK,MAPKAPK5
C12ORF47,MAPKAPK5-AS1
FLJ39616,MAPKAPK5-AS1
LNCRNA-CCSC1,MAPKAPK5-AS1
MAAS,MAPKAPK5-AS1
MAPRE1P,MAPRE1P1
EB3,MAPRE3
RP3,MAPRE3
FLJ20668,MARCHF1
MARCH-I,MARCHF1
MARCH1,MARCHF1
RNF171,MARCHF1
HSPC240,MARCHF2
MARCH-II,MARCHF2
MARCH2,MARCHF2
RNF172,MARCHF2
MARCH-VI,MARCHF6
MARCH6,MARCHF6
RNF176,MARCHF6
TEB4,MARCHF6
CTD-2256P15.2,MARCHF6-DT
PACMP,MARCHF6-DT
MARCH11-AS1,MARCHF11-AS1
F52,MARCKSL1
MACMARCKS,MARCKSL1
MLP,MARCKSL1
MLP1,MARCKSL1
SCARA2,MARCO
SR-A6,MARCO
MARK,MARK1
PAR-1C,MARK1
EMK1,MARK2
PAR-1,MARK2
PAR-1B,MARK2
PAR1B,MARK2
FLJ90097,MARK4
KIAA1860,MARK4
MARKL1,MARK4
NBLA00650,MARK4
PAR-1D,MARK4
MTMETRS,MARS2
SPAX3,MARS2
BA548K23.8,MARVELD1
FLJ22343,MARVELD1
FLJ23440,MARVELD1
GB14,MARVELD1
MGC4415,MARVELD1
MRVLDC1,MARVELD1
MRVLDC3,MARVELD3
MAP-2,MASP2
MAP19,MASP2
MASP1P1,MASP2
SMAP,MASP2
KIAA0973,MAST1
SAST,MAST1
KIAA0807,MAST2
MAST205,MAST2
KIAA0561,MAST3
KIAA0303,MAST4
MATA2,MAT2A
MATII,MAT2A
SAMS2,MAT2A
MATIIBETA,MAT2B
SDR23E1,MAT2B
KIAA0895,MATCAP2
CMP,MATN1
CRTM,MATN1
KIAA0892,MAU2
MAU-2,MAU2
MAU2L,MAU2
MGC75361,MAU2
SCC4,MAU2
BHLHD4,MAX
BHLHD5,MAX
BHLHD6,MAX
BHLHD7,MAX
BHLHD8,MAX
PUR-1,MAZ
ZF87,MAZ
ZIF87,MAZ
ZNF801,MAZ
MED1,MBD4
FLJ11113,MBD5
KIAA1461,MBD5
EXP,MBNL1
EXP35,MBNL1
EXP40,MBNL1
EXP42,MBNL1
KIAA0428,MBNL1
MBNL,MBNL1
LOC401093,MBNL1-AS1
FLJ14415,MBOAT2
FLJ90298,MBOAT2
LPLAT13,MBOAT2
OACT2,MBOAT2
KIAA0091,MBTPS1
PCSK8,MBTPS1
S1P,MBTPS1
SKI-1,MBTPS1
CD146,MCAM
HEMCAM,MCAM
MELCAM,MCAM
METCAM,MCAM
MUC18,MCAM
MCCA,MCCC1
MCCCA,MCCC1
GLOD2,MCEE
MCE,MCEE
MMCE,MCEE
C19ORF59,MCEMP1
MGC132456,MCEMP1
ARHGEF21,MCF2
DBL,MCF2
ARHGEF22,MCF2L2
KIAA0861,MCF2L2
F5F8D,MCFD2
LMAN1IP,MCFD2
SDNSF,MCFD2
C6ORF44,MCFD2P1
DJ153G14.2,MCFD2P1
MCFD2L,MCFD2P1
NUCB2-L,MCFD2P1
BCL2L3,MCL1
MCL-1,MCL1
BM28,MCM2
CCNL1,MCM2
CDC19,MCM2
CDCL1,MCM2
D3S3194,MCM2
DFNA70,MCM2
KIAA0030,MCM2
CDC21,MCM4
CDC54,MCM4
HCDC21,MCM4
MGC33310,MCM4
P1-CDC21,MCM4
MIS5,MCM6
CDC47,MCM7
MCM2,MCM7
PPP1R104,MCM7
CNA43,MCM10
DNA43,MCM10
PRO2249,MCM10
FLJ11006,MCOLN3
TRP-ML3,MCOLN3
TRPML3,MCOLN3
C16ORF14,MCRIP2
FAM195A,MCRIP2
MGC15416,MCRIP2
FAM195DP,MCRIP2P2
MCRIP2P1,MCRIP2P2
ICP22BP,MCRS1
INO80Q,MCRS1
MCRS2,MCRS1
MSP58,MCRS1
P78,MCRS1
FLJ22344,MCTP1
FLJ11175,MCTP2
FLJ33303,MCTP2
C6ORF79,MCUR1
CCDC90A,MCUR1
FLJ20958,MCUR1
I-MFA,MDFI
HIC,MDFIC
MDFIC1,MDFIC
MAMDC1,MDGA2
FLJ27379,MDK
MK,MDK
NEGF2,MDK
HDM2,MDM2
MGC5370,MDM2
HDMX,MDM4
MDMX,MDM4
KIAA0301,MDN1
REA1,MDN1
C1ORF149,MEAF6
CENP-28,MEAF6
EAF6,MEAF6
FLJ11730,MEAF6
NY-SAR-91,MEAF6
MRX16,MECP2
MRX79,MECP2
RTT,MECP2
CGI-63,MECR
ETR1,MECR
FASN2B,MECR
NRBF1,MECR
CRSP1,MED1
CRSP200,MED1
DRIP230,MED1
PBP,MED1
PPARBP,MED1
PPARGBP,MED1
RB18A,MED1
TRAP220,MED1
TRIP2,MED1
CRSP33,MED7
CRSP9,MED7
ARC32,MED8
MGC17544,MED8
MGC19641,MED8
HSPC296,MED11
MGC88387,MED11
KIAA1635,MED12L
TNRC11L,MED12L
TRALP,MED12L
TRALPUSH,MED12L
KIAA0593,MED13
THRAP1,MED13
TRAP240,MED13
KIAA1025,MED13L
THRAP2,MED13L
TRAP240L,MED13L
MED15P,MED15P1
PCQAPP,MED15P1
LCMR1,MED19
DKFZP586D2223,MED20
PRO0213,MED20
SRB2,MED20
TRFP,MED20
CRSP130,MED23
CRSP3,MED23
DRIP130,MED23
MRT18,MED23
SUR2,MED23
CRSP100,MED24
CRSP4,MED24
DRIP100,MED24
KIAA0130,MED24
MED5,MED24
THRAP4,MED24
TRAP100,MED24
RSRFC4,MEF2A
RSRFC9,MEF2A
MEF2AP,MEF2AP1
CTC-467M3.1,MEF2C-AS2
FMF,MEFV
MEF,MEFV
TRIM20,MEFV
LINC00584,MEG9
EGFL3,MEGF6
BA2K17.3,MEIG1
SPATA39,MEIG1
HST18361,MEIS2
MRG1,MEIS2
DKFZP547H236,MEIS3
MRG2,MEIS3
CD228,MELTF
FLJ38863,MELTF
MAP97,MELTF
MFI2,MELTF
MGC4856,MELTF
MTF,MELTF
MTF1,MELTF
AC068302.3,MELTF-AS1
MFI2-AS1,MELTF-AS1
PLANE,MELTF-AS1
C2ORF4,MEMO1
CGI-27,MEMO1
MEMO,MEMO1
MOX1,MEOX1
BCDIN3,MEPCE
FLJ20257,MEPCE
C-EYK,MERTK
MER,MERTK
RP38,MERTK
TYRO12,MERTK
BHLHC5,MESP1
MGC10676,MESP1
DFNB97,MET
HGFR,MET
RCCP2,MET
KIAA0094,METAP1
MAP1A,METAP1
METAP1A,METAP1
FLJ12760,METTL2A
METTL2,METTL2A
HSPC133,METTL5
MGC24132,METTL6
DKFZP586A0522,METTL7A
ALDI,METTL7B
MGC17301,METTL7B
FLJ13984,METTL8
TIP,METTL8
CGI-01,METTL13
DFNM1,METTL13
EEF1AKNMT,METTL13
FEAT,METTL13
KIAA0859,METTL13
KIAA1627,METTL14
FAM119A,METTL21A
HCA557B,METTL21A
HSPA-KMT,METTL21A
LOC151194,METTL21A
C6ORF186,METTL24
DJ71D21.2,METTL24
C1ORF66,METTL25B
CGI-41,METTL25B
RRNAD1,METTL25B
C16ORF13,METTL26
MGC13114,METTL26
RKHD4,MEX3A
RNF162,MEX3A
DKFZP434J0617,MEX3B
RKHD3,MEX3B
RNF195,MEX3B
KIAA2031,MEX3D
OK/SW-CL.4,MEX3D
RKHD1,MEX3D
RNF193,MEX3D
TINO,MEX3D
MAGP,MFAP2
MAGP-1,MFAP2
C2ORF33,MFF
GL004,MFF
BA46,MFGE8
EDIL1,MFGE8
HP47,MFGE8
HST19888,MFGE8
MFG-E8,MFGE8
OACGD3S,MFGE8
SED1,MFGE8
SPAG10,MFGE8
CMT2A2,MFN2
CPRP1,MFN2
KIAA0214,MFN2
MARF,MFN2
C1QTNF5,MFRP
FLJ30570,MFRP
NNO2,MFRP
RD6,MFRP
FLJ14153,MFSD1
MINERVA,MFSD1
UG0581B09,MFSD1
FLJ14490,MFSD2A
MFSD2,MFSD2A
SLC59A1,MFSD2A
SLC59A2,MFSD2B
KIAA1919,MFSD4B
MGC33953,MFSD4B
SLC60A2,MFSD4B
HSMOT2,MFSD5
MGC11308,MFSD5
SLC61A1,MFSD5
FLJ20160,MFSD6
CLN7,MFSD8
MGC33302,MFSD8
FLJ20226,MFSD11
FLJ22196,MFSD11
C19ORF28,MFSD12
MGC20700,MFSD12
PP3501,MFSD12
DKFZP564L0864,MFSD14A
HIAT1,MFSD14A
HIATL2,MFSD14CP
MFSD14C,MFSD14CP
MGC12945,MFSD14CP
FLJ12634,MGA
KIAA0518,MGA
MAD5,MGA
MXD5,MGA
GNT-II,MGAT2
HGNT-IV-H,MGAT4C
FLJ25132,MGAT5B
GNT-IX,MGAT5B
GNT-VB,MGAT5B
HU-K5,MGLL
MAGL,MGLL
MGL,MGLL
MGST-II,MGST2
CD-RAP,MIA
CTAGE-5A,MIA2
CTAGE-5B,MIA2
CTAGE-5C,MIA2
CTAGE-5D,MIA2
CTAGE5,MIA2
FLJ22404,MIA2
MEA6,MIA2
MGEA,MIA2
MGEA11,MIA2
MGEA6,MIA2
TALI,MIA2
FLJ39207,MIA3
KIAA0268,MIA3
TANGO,MIA3
TANGO1,MIA3
UNQ6077,MIA3
FLJ39787,MIB2
SKELETROPHIN,MIB2
ZZANK1,MIB2
ZZZ5,MIB2
DKFZP434B1517,MICAL1
FLJ11937,MICAL1
FLJ21739,MICAL1
MICAL,MICAL1
NICAL,MICAL1
FLJ14966,MICAL2
KIAA0750,MICAL2
MICALCL,MICAL2
C1ORF151,MICOS10
FLJ36999,MICOS10
MIC10,MICOS10
MINOS1,MICOS10
MIO10,MICOS10
RP5-1056L3.2,MICOS10
MINOS1-NBL1,MICOS10-NBL1
MINOS1P2,MICOS10P2
MINOS1P3,MICOS10P3
C19ORF70,MICOS13
MIC12,MICOS13
MIC13,MICOS13
P117,MICOS13
QIL1,MICOS13
DKFZP313A0139,MICU3
EFHA2,MICU3
FXY,MID1
OS,MID1
RNF59,MID1
TRIM18,MID1
C14ORF117,MIDEAS
C14ORF43,MIDEAS
ELMSAN1,MIDEAS
LSR68,MIDEAS
STX,MIDN
HMI-ER1,MIER1
KIAA1610,MIER1
MI-ER1,MIER1
KIAA1193,MIER2
AD023,MIF4GD
MGC45027,MIF4GD
MIFD,MIF4GD
SLIP1,MIF4GD
AC022211.2,MIF4GD-DT
FAM73A,MIGA1
FLJ35093,MIGA1
FLJ12438,MIIP
IIP45,MIIP
MAFG-AS1,MILIP
MAFG-DT,MILIP
ALLERGIN-1,MILR1
C17ORF60,MILR1
MCA-32,MILR1
LINC00067,MIMT1
MIM1,MIMT1
NCRNA00067,MIMT1
LINC01604,MINCR
TCONS_00015189,MINCR
FAM63A,MINDY1
FLJ11280,MINDY1
MINDY-1,MINDY1
C7ORF67,MINDY4
FAM188B,MINDY4
FLJ22374,MINDY4
B55,MINK1
MAP4K6,MINK1
MINK,MINK1
YSK2,MINK1
ZC3,MINK1
AQP0,MIP
LIM1,MIP
MP26,MIP
CCDC193,MIPOL1
HSA-MIR-7-3,MIR7-3
MIRN7-3,MIR7-3
C19ORF30,MIR7-3HG
HUH7,MIR7-3HG
LINC00306,MIR7-3HG
NCRNA00306,MIR7-3HG
PGSF1,MIR7-3HG
PGSF1A,MIR7-3HG
PGSF1B,MIR7-3HG
UC002MBE.2,MIR7-3HG
HSA-MIR-9-1,MIR9-1
MIRN9-1,MIR9-1
C1ORF61,MIR9-1HG
CROC4,MIR9-1HG
HSA-MIR-9-2,MIR9-2
MIRN9-2,MIR9-2
LINC00925,MIR9-3HG
HSA-MIR-10A,MIR10A
MIRN10A,MIR10A
HSA-MIR-10B,MIR10B
MIRN10B,MIR10B
HSA-MIR-15B,MIR15B
MIRN15B,MIR15B
HSA-MIR-16-2,MIR16-2
MIRN16-2,MIR16-2
HSA-MIR-18B,MIR18B
MIRN18B,MIR18B
HSA-MIR-19B-2,MIR19B2
MIRN19B2,MIR19B2
HSA-MIR-20B,MIR20B
MIRN20B,MIR20B
HSA-MIR-21,MIR21
MIR-21,MIR21
MIRN21,MIR21
HSA-MIR-26A-1,MIR26A1
MIRN26A1,MIR26A1
HSA-MIR-26A-2,MIR26A2
MIRN26A2,MIR26A2
HSA-MIR-26B,MIR26B
MIRN26B,MIR26B
HSA-MIR-28,MIR28
MIRN28,MIR28
HSA-MIR-29,MIR29A
HSA-MIR-29A,MIR29A
MIRN29,MIR29A
MIRN29A,MIR29A
HSA-MIR-29B-1,MIR29B1
MIRN29B1,MIR29B1
HSA-MIR-29B-2,MIR29B2
MIRN29B2,MIR29B2
C1ORF132,MIR29B2CHG
FLJ35650,MIR29B2CHG
HSA-MIR-29C,MIR29C
MIRN29C,MIR29C
HSA-MIR-30A,MIR30A
MIRN30A,MIR30A
HSA-MIR-30B,MIR30B
MIRN30B,MIR30B
HSA-MIR-30C-1,MIR30C1
MIRN30C1,MIR30C1
HSA-MIR-30C-2,MIR30C2
MIRN30C2,MIR30C2
HSA-MIR-30D,MIR30D
MIRN30D,MIR30D
HSA-MIR-30E,MIR30E
MIRN30E,MIR30E
HSA-MIR-31,MIR31
MIRN31,MIR31
HSA-LNC-31,MIR31HG
LNCHIFCAR,MIR31HG
LOC554202,MIR31HG
HSA-MIR-33B,MIR33B
MIRN33B,MIR33B
HSA-MIR-34A,MIR34A
MIRN34A,MIR34A
HSA-MIR-34B,MIR34B
MIRN34B,MIR34B
SPARCLE,MIR34BHG
HSA-MIR-34C,MIR34C
MIRN34C,MIR34C
HSA-MIR-92-2,MIR92A2
HSA-MIR-92A-2,MIR92A2
MIRN92-2,MIR92A2
MIRN92A2,MIR92A2
HSA-MIR-92B,MIR92B
MIRN92B,MIR92B
DFNA50,MIR96
HSA-MIR-96,MIR96
MIRN96,MIR96
HSA-MIR-100,MIR100
MIRN100,MIR100
AGD1,MIR100HG
LINC-NED125,MIR100HG
LNCRNA-N2,MIR100HG
HSA-MIR-101-1,MIR101-1
MIRN101-1,MIR101-1
HSA-MIR-103-1,MIR103A1
HSA-MIR-103A-1,MIR103A1
MIR103-1,MIR103A1
MIRN103-1,MIR103A1
HSA-MIR-103-1-AS,MIR103B1
HSA-MIR-103B-1,MIR103B1
MIR103-1AS,MIR103B1
MIRN103-1AS,MIR103B1
HSA-MIR-106A,MIR106A
MIRN106A,MIR106A
LINC00966,MIR124-2HG
HSA-MIR-125B-1,MIR125B1
MIRN125B1,MIR125B1
HSA-MIR-128-1,MIR128-1
HSA-MIR-128A,MIR128-1
MIR-128-1,MIR128-1
MIRN128-1,MIR128-1
MIRN128A,MIR128-1
HSA-MIR-129-1,MIR129-1
MIRN129-1,MIR129-1
HSA-MIR-129-2,MIR129-2
MIRN129-2,MIR129-2
HSA-MIR-133B,MIR133B
MIRN133B,MIR133B
HSA-MIR-135-1,MIR135A1
HSA-MIR-135A-1,MIR135A1
MIRN135-1,MIR135A1
MIRN135A1,MIR135A1
HSA-MIR-135B,MIR135B
MIRN135B,MIR135B
HSA-MIR-137,MIR137
MIR-137,MIR137
MIRN137,MIR137
HSA-MIR-139,MIR139
MIRN139,MIR139
HSA-MIR-140,MIR140
MIR-140,MIR140
MIRN140,MIR140
HSA-MIR-142,MIR142
MIRN142,MIR142
HSA-MIR-143,MIR143
MIRN143,MIR143
HSA-MIR-144,MIR144
MIRN144,MIR144
HSA-MIR-145,MIR145
MIR-145,MIR145
MIRN145,MIR145
HSA-MIR-148,MIR148A
HSA-MIR-148A,MIR148A
MIRN148,MIR148A
MIRN148A,MIR148A
HSA-MIR-148B,MIR148B
MIRN148B,MIR148B
HSA-MIR-149,MIR149
MIRN149,MIR149
HSA-MIR-151,MIR151A
MIR151,MIR151A
MIRN151,MIR151A
HSA-MIR-151B,MIR151B
HSA-MIR-152,MIR152
MIRN152,MIR152
HSA-MIR-153-1,MIR153-1
MIRN153-1,MIR153-1
HSA-MIR-153-2,MIR153-2
MIRN153-2,MIR153-2
HSA-MIR-213,MIR181A1
MIRN181A1,MIR181A1
MIRN213,MIR181A1
HSA-MIR-181B-1,MIR181B1
MIRN181B1,MIR181B1
HSA-MIR-182,MIR182
MIR-182,MIR182
MIRN182,MIR182
HSA-MIR-183,MIR183
MIRN183,MIR183
HSA-MIR-186,MIR186
MIRN186,MIR186
HSA-MIR-190,MIR190A
MIR190,MIR190A
MIRN190,MIR190A
HSA-MIR-190B,MIR190B
MIRN190B,MIR190B
HSA-MIR-193,MIR193A
HSA-MIR-193A,MIR193A
MIRN193,MIR193A
MIRN193A,MIR193A
HSA-MIR-193B,MIR193B
MIRN193B,MIR193B
LINCNORS,MIR193BHG
HSA-MIR-194-1,MIR194-1
MIRN194-1,MIR194-1
HSA-MIR-195,MIR195
MIRN195,MIR195
HSA-MIR-196-1,MIR196A1
HSA-MIR-196A-1,MIR196A1
MIRN196-1,MIR196A1
MIRN196A1,MIR196A1
HSA-MIR-196-2,MIR196A2
HSA-MIR-196A-2,MIR196A2
MIRN196-2,MIR196A2
MIRN196A2,MIR196A2
HSA-MIR-196B,MIR196B
MIRN196B,MIR196B
HSA-MIR-197,MIR197
MIRN197,MIR197
HSA-MIR-198,MIR198
MIRN198,MIR198
HSA-MIR-199A-1,MIR199A1
MIRN199A1,MIR199A1
HSA-MIR-199A-2,MIR199A2
MIRN199A2,MIR199A2
HSA-MIR-200A,MIR200A
MIRN200A,MIR200A
HSA-MIR-200B,MIR200B
MIRN200B,MIR200B
U47924.27,MIR200CHG
HSA-MIR-203,MIR203A
MIR203,MIR203A
MIRN203,MIR203A
HSA-MIR-3545,MIR203B
MIR3545,MIR203B
HSA-MIR-205,MIR205
MIRN205,MIR205
LEADR,MIR205HG
LINC00510,MIR205HG
HSA-MIR-206,MIR206
MIRN206,MIR206
HSA-MIR-208,MIR208A
HSA-MIR-208A,MIR208A
MIRN208,MIR208A
MIRN208A,MIR208A
HSA-MIR-208B,MIR208B
MIRN208B,MIR208B
HSA-MIR-214,MIR214
MIRN214,MIR214
HSA-MIR-215,MIR215
MIRN215,MIR215
HSA-MIR-216,MIR216A
HSA-MIR-216A,MIR216A
MIRN216,MIR216A
MIRN216A,MIR216A
HSA-MIR-216B,MIR216B
MIRN216B,MIR216B
HSA-MIR-217,MIR217
MIR-217,MIR217
MIRN217,MIR217
MIR216AHG,MIR217HG
MIR216BHG,MIR217HG
HSA-MIR-218-1,MIR218-1
MIRN218-1,MIR218-1
HSA-MIR-218-2,MIR218-2
MIRN218-2,MIR218-2
LNC-ANG362,MIR222HG
LINC-223,MIR223HG
HSA-MIR-302,MIR302A
HSA-MIR-302A,MIR302A
MIRN302,MIR302A
MIRN302A,MIR302A
HSA-MIR-302B,MIR302B
MIRN302B,MIR302B
HSA-MIR-302C,MIR302C
MIRN302C,MIR302C
HSA-MIR-302D,MIR302D
MIRN302D,MIR302D
HSA-MIR-320B-1,MIR320B1
MIRN320B1,MIR320B1
HSA-MIR-320B-2,MIR320B2
MIRN320B2,MIR320B2
HSA-MIR-324,MIR324
MIRN324,MIR324
HSA-MIR-330,MIR330
MIRN330,MIR330
HSA-MIR-338,MIR338
MIRN338,MIR338
HSA-MIR-342,MIR342
MIRN342,MIR342
HSA-MIR-345,MIR345
MIRN345,MIR345
HSA-MIR-363,MIR363
MIR-363,MIR363
MIRN363,MIR363
HSA-MIR-365-1,MIR365A
MIR365-1,MIR365A
MIRN365-1,MIR365A
HSA-MIR-365-2,MIR365B
MIR365-2,MIR365B
MIRN365-2,MIR365B
HSA-MIR-367,MIR367
MIRN367,MIR367
HSA-MIR-371,MIR371A
MIR371,MIR371A
MIRN371,MIR371A
HSA-MIR-371B,MIR371B
HSA-MIR-372,MIR372
MIRN372,MIR372
HSA-MIR-373,MIR373
MIRN373,MIR373
HSA-MIR-374,MIR374A
HSA-MIR-374A,MIR374A
MIRN374,MIR374A
MIRN374A,MIR374A
HSA-MIR-374B,MIR374B
MIRN374B,MIR374B
HSA-MIR-374C,MIR374C
HSA-MIR-375,MIR375
MIRN375,MIR375
HSA-MIR-378D-1,MIR378D1
HSA-MIR-378E,MIR378E
HSA-MIR-378F,MIR378F
HSA-MIR-378G,MIR378G
HSA-MIR-378J,MIR378J
HSA-MIR-421,MIR421
MIRN421,MIR421
HSA-MIR-429,MIR429
MIRN429,MIR429
HSA-MIR-451,MIR451A
MIR451,MIR451A
MIRN451,MIR451A
HSA-MIR-451B,MIR451B
HSA-MIR-483,MIR483
MIRN483,MIR483
HSA-MIR-486,MIR486-1
MIR486,MIR486-1
MIRN486,MIR486-1
HSA-MIR-486-2,MIR486-2
HSA-MIR-488,MIR488
MIRN488,MIR488
HSA-MIR-490,MIR490
MIR-490,MIR490
MIRN490,MIR490
HSA-MIR-492,MIR492
MIRN492,MIR492
HSA-MIR-497,MIR497
MIRN497,MIR497
MIR195HG,MIR497HG
HSA-MIR-504,MIR504
MIRN504,MIR504
HSA-MIR-544B,MIR544B
HSA-MIR-545,MIR545
MIRN545,MIR545
HSA-MIR-548AA-2,MIR548AA2
HSA-MIR-548AC,MIR548AC
HSA-MIR-548AD,MIR548AD
HSA-MIR-548AE-1,MIR548AE1
HSA-MIR-548AE-2,MIR548AE2
HSA-MIR-548AH,MIR548AH
HSA-MIR-548AJ-1,MIR548AJ1
HSA-MIR-548AK,MIR548AK
HSA-MIR-548AL,MIR548AL
HSA-MIR-548AQ,MIR548AQ
HSA-MIR-548AT,MIR548AT
HSA-MIR-548BA,MIR548BA
MI0029321,MIR548BB
HSA-MIR-548C,MIR548C
MIRN548C,MIR548C
HSA-MIR-548D-2,MIR548D2
MIRN548D2,MIR548D2
HSA-MIR-548F-2,MIR548F2
MIRN548F2,MIR548F2
HSA-MIR-548I-1,MIR548I1
MIRN548I1,MIR548I1
HSA-MIR-548I-4,MIR548I4
MIRN548I4,MIR548I4
HSA-MIR-548L,MIR548L
MIRN548L,MIR548L
HSA-MIR-548N,MIR548N
MIRN548N,MIR548N
HSA-MIR-548S,MIR548S
HSA-MIR-548Y,MIR548Y
HSA-MIR-548Z,MIR548Z
HSA-MIR-550A-3,MIR550A3
HSA-MIR-551A,MIR551A
MIRN551A,MIR551A
HSA-MIR-552,MIR552
MIRN552,MIR552
HSA-MIR-553,MIR553
MIRN553,MIR553
HSA-MIR-554,MIR554
MIRN554,MIR554
HSA-MIR-555,MIR555
MIRN555,MIR555
HSA-MIR-556,MIR556
MIRN556,MIR556
HSA-MIR-557,MIR557
MIRN557,MIR557
HSA-MIR-558,MIR558
MIRN558,MIR558
HSA-MIR-559,MIR559
MIRN559,MIR559
HSA-MIR-561,MIR561
MIRN561,MIR561
HSA-MIR-562,MIR562
MIRN562,MIR562
HSA-MIR-570,MIR570
MIRN570,MIR570
HSA-MIR-571,MIR571
MIRN571,MIR571
HSA-MIR-574,MIR574
MIRN574,MIR574
HSA-MIR-578,MIR578
MIRN578,MIR578
HSA-MIR-582,MIR582
MIRN582,MIR582
HSA-MIR-585,MIR585
MIRN585,MIR585
HSA-MIR-586,MIR586
MIRN586,MIR586
HSA-MIR-592,MIR592
MIRN592,MIR592
HSA-MIR-593,MIR593
MIRN593,MIR593
HSA-MIR-595,MIR595
MIRN595,MIR595
HSA-MIR-603,MIR603
MIRN603,MIR603
HSA-MIR-606,MIR606
MIRN606,MIR606
HSA-MIR-612,MIR612
MIRN612,MIR612
HSA-MIR-613,MIR613
MIRN613,MIR613
HSA-MIR-614,MIR614
MIRN614,MIR614
HSA-MIR-615,MIR615
MIRN615,MIR615
HSA-MIR-627,MIR627
MIRN627,MIR627
HSA-MIR-631,MIR631
MIRN631,MIR631
HSA-MIR-632,MIR632
MIRN632,MIR632
HSA-MIR-633,MIR633
MIRN633,MIR633
HSA-MIR-637,MIR637
MIRN637,MIR637
HSA-MIR-638,MIR638
MIRN638,MIR638
HSA-MIR-641,MIR641
MIRN641,MIR641
HSA-MIR-642,MIR642A
MIR642,MIR642A
MIRN642,MIR642A
HSA-MIR-642B,MIR642B
HSA-MIR-643,MIR643
MIRN643,MIR643
HSA-MIR-657,MIR657
MIRN657,MIR657
HSA-MIR-663B,MIR663B
MIRN663B,MIR663B
HSA-MIR-664,MIR664A
MIR664,MIR664A
MIRN664,MIR664A
HSA-MIR-670,MIR670
HSA-MIR-671,MIR671
MIRN671,MIR671
HSA-MIR-711,MIR711
HSA-MIR-760,MIR760
MIRN760,MIR760
HSA-MIR-761,MIR761
HSA-MIR-765,MIR765
MIRN765,MIR765
HSA-MIR-873,MIR873
MIRN873,MIR873
HSA-MIR-874,MIR874
MIRN874,MIR874
HSA-MIR-876,MIR876
MIRN876,MIR876
HSA-MIR-885,MIR885
MIRN885,MIR885
HSA-MIR-920,MIR920
MIRN920,MIR920
HSA-MIR-921,MIR921
MIRN921,MIR921
HSA-MIR-922,MIR922
MIRN922,MIR922
HSA-MIR-933,MIR933
MIRN933,MIR933
HSA-MIR-935,MIR935
MIRN935,MIR935
HSA-MIR-936,MIR936
MIRN936,MIR936
HSA-MIR-940,MIR940
MIRN940,MIR940
HSA-MIR-942,MIR942
MIRN942,MIR942
HSA-MIR-1178,MIR1178
MIRN1178,MIR1178
HSA-MIR-1182,MIR1182
MIRN1182,MIR1182
HSA-MIR-1204,MIR1204
HSA-MIR-1225,MIR1225
MIRN1225,MIR1225
HSA-MIR-1226,MIR1226
MIRN1226,MIR1226
HSA-MIR-1227,MIR1227
MIRN1227,MIR1227
HSA-MIR-1231,MIR1231
MIRN1231,MIR1231
HSA-MIR-1238,MIR1238
MIRN1238,MIR1238
HSA-MIR-1244,MIR1244-1
MIR1244,MIR1244-1
MIRN1244,MIR1244-1
HSA-MIR-1246,MIR1246
MIRN1246,MIR1246
HSA-MIR-1247,MIR1247
MIRN1247,MIR1247
HSA-MIR-1248,MIR1248
MIRN1248,MIR1248
HSA-MIR-1250,MIR1250
MIRN1250,MIR1250
HSA-MIR-1252,MIR1252
MIRN1252,MIR1252
HSA-MIR-1255B-2,MIR1255B2
MIRN1255B2,MIR1255B2
HSA-MIR-1256,MIR1256
MIRN1256,MIR1256
HSA-MIR-1258,MIR1258
MIRN1258,MIR1258
HSA-MIR-1260B,MIR1260B
HSA-MIR-1262,MIR1262
MIRN1262,MIR1262
HSA-MIR-1265,MIR1265
MIRN1265,MIR1265
HSA-MIR-1268,MIR1268A
MIR1268,MIR1268A
MIRN1268,MIR1268A
HSA-MIR-1271,MIR1271
MIRN1271,MIR1271
HSA-MIR-1272,MIR1272
MIRN1272,MIR1272
HSA-MIR-1273H,MIR1273H
HSA-MIR-1275,MIR1275
MIRN1275,MIR1275
HSA-MIR-1278,MIR1278
MIRN1278,MIR1278
HSA-MIR-1284,MIR1284
MIRN1284,MIR1284
HSA-MIR-1285-2,MIR1285-2
MIRN1285-2,MIR1285-2
HSA-MIR-1288,MIR1288
MIRN1288,MIR1288
HSA-MIR-1289-2,MIR1289-2
MIRN1289-2,MIR1289-2
HSA-MIR-1290,MIR1290
MIRN1290,MIR1290
HSA-MIR-1291,MIR1291
MIRN1291,MIR1291
HSA-MIR-1295,MIR1295A
MIR1295,MIR1295A
MIRN1295,MIR1295A
HSA-MIR-1295B,MIR1295B
HSA-MIR-1299,MIR1299
MIRN1299,MIR1299
HSA-MIR-1301,MIR1301
MIRN1301,MIR1301
HSA-MIR-1302-2,MIR1302-2
MIRN1302-2,MIR1302-2
HSA-MIR-1302-3,MIR1302-3
MIRN1302-3,MIR1302-3
HSA-MIR-1302-4,MIR1302-4
MIRN1302-4,MIR1302-4
HSA-MIR-1302-8,MIR1302-8
MIRN1302-8,MIR1302-8
HSA-MIR-1471,MIR1471
MIRN1471,MIR1471
HSA-MIR-1537,MIR1537
MIRN1537,MIR1537
HSA-MIR-1910,MIR1910
MIRN1910,MIR1910
BA418C1.3,MIR1915HG
C10ORF114,MIR1915HG
CASC10,MIR1915HG
HSA-MIR-1972,MIR1972-1
MIR1972,MIR1972-1
HSA-MIR-1973,MIR1973
HSA-MIR-2115,MIR2115
HSA-MIR-2117,MIR2117
HSA-MIR-2277,MIR2277
HSA-MIR-2355,MIR2355
HSA-MIR-2467,MIR2467
HSA-MIR-2682,MIR2682
HSA-MIR-2909,MIR2909
HSA-MIR-3064,MIR3064
HSA-MIR-3065,MIR3065
HSA-MIR-3115,MIR3115
HSA-MIR-3116-1,MIR3116-1
HSA-MIR-3116-2,MIR3116-2
HSA-MIR-3117,MIR3117
HSA-MIR-3119-1,MIR3119-1
HSA-MIR-3119-2,MIR3119-2
HSA-MIR-3120,MIR3120
HSA-MIR-3121,MIR3121
HSA-MIR-3122,MIR3122
HSA-MIR-3123,MIR3123
HSA-MIR-3124,MIR3124
HSA-MIR-3125,MIR3125
HSA-MIR-3126,MIR3126
HSA-MIR-3127,MIR3127
HSA-MIR-3128,MIR3128
HSA-MIR-3129,MIR3129
HSA-MIR-3130-1,MIR3130-1
HSA-MIR-3130-3,MIR3130-1
MIR3130-3,MIR3130-1
HSA-MIR-3130-2,MIR3130-2
HSA-MIR-3130-4,MIR3130-2
MIR3130-4,MIR3130-2
HSA-MIR-3131,MIR3131
HSA-MIR-3132,MIR3132
HSA-MIR-3133,MIR3133
HSA-MIR-3134,MIR3134
HSA-MIR-3136,MIR3136
HSA-MIR-3137,MIR3137
HSA-MIR-3138,MIR3138
HSA-MIR-3139,MIR3139
HSA-MIR-3140,MIR3140
HSA-MIR-3143,MIR3143
HSA-MIR-3146,MIR3146
HSA-MIR-3150,MIR3150A
HSA-MIR-3150A,MIR3150A
MIR3150,MIR3150A
HSA-MIR-3150B,MIR3150B
HSA-MIR-3151,MIR3151
HSA-MIR-3153,MIR3153
HSA-MIR-3155,MIR3155A
MIR3155,MIR3155A
HSA-MIR-3155B,MIR3155B
HSA-MIR-3160-1,MIR3160-1
HSA-MIR-3160-2,MIR3160-2
HSA-MIR-3161,MIR3161
HSA-MIR-3163,MIR3163
HSA-MIR-3164,MIR3164
HSA-MIR-3166,MIR3166
HSA-MIR-3167,MIR3167
HSA-MIR-3175,MIR3175
HSA-MIR-3176,MIR3176
HSA-MIR-3179-1,MIR3179-1
HSA-MIR-3179-3,MIR3179-3
HSA-MIR-3180-1,MIR3180-1
HSA-MIR-3180-3,MIR3180-3
HSA-MIR-3180-4,MIR3180-4
HSA-MIR-3180-5,MIR3180-5
HSA-MIR-3182,MIR3182
HSA-MIR-3183,MIR3183
HSA-MIR-3188,MIR3188
HSA-MIR-3189,MIR3189
HSA-MIR-3190,MIR3190
HSA-MIR-3191,MIR3191
HSA-MIR-3198-2,MIR3198-2
HSA-MIR-3605,MIR3605
HSA-MIR-3615,MIR3615
HSA-MIR-3620,MIR3620
HSA-MIR-3621,MIR3621
HSA-MIR-3622A,MIR3622A
HSA-MIR-3622B,MIR3622B
HSA-MIR-3652,MIR3652
HSA-MIR-3655,MIR3655
HSA-MIR-3657,MIR3657
HSA-MIR-3658,MIR3658
HSA-MIR-3659,MIR3659
HSA-MIR-3661,MIR3661
HSA-MIR-3664,MIR3664
HSA-MIR-3670,MIR3670-1
MIR3670,MIR3670-1
HSA-MIR-3671,MIR3671
HSA-MIR-3675,MIR3675
HSA-MIR-3677,MIR3677
HSA-MIR-3678,MIR3678
HSA-MIR-3679,MIR3679
HSA-MIR-3680,MIR3680-1
MIR3680,MIR3680-1
HSA-MIR-3681,MIR3681
HSA-MIR-3682,MIR3682
HSA-MIR-3684,MIR3684
HSA-MIR-3688,MIR3688-1
HSA-MIR-3688-1,MIR3688-1
MIR3688,MIR3688-1
HSA-MIR-3688-2,MIR3688-2
HSA-MIR-3689A,MIR3689A
HSA-MIR-3689B,MIR3689B
HSA-MIR-3689C,MIR3689C
HSA-MIR-3689D-1,MIR3689D1
HSA-MIR-3689D-2,MIR3689D2
HSA-MIR-3689E,MIR3689E
HSA-MIR-3689F,MIR3689F
HSA-MIR-3908,MIR3908
HSA-MIR-3914-1,MIR3914-1
HSA-MIR-3914-2,MIR3914-2
HSA-MIR-3916,MIR3916
HSA-MIR-3917,MIR3917
HSA-MIR-3919,MIR3919
HSA-MIR-3934,MIR3934
HSA-MIR-3938,MIR3938
HSA-MIR-3940,MIR3940
HSA-MIR-4251,MIR4251
HSA-MIR-4252,MIR4252
HSA-MIR-4253,MIR4253
HSA-MIR-4254,MIR4254
HSA-MIR-4255,MIR4255
HSA-MIR-4256,MIR4256
HSA-MIR-4257,MIR4257
HSA-MIR-4258,MIR4258
HSA-MIR-4259,MIR4259
HSA-MIR-4260,MIR4260
HSA-MIR-4261,MIR4261
HSA-MIR-4262,MIR4262
HSA-MIR-4263,MIR4263
HSA-MIR-4264,MIR4264
HSA-MIR-4265,MIR4265
HSA-MIR-4266,MIR4266
HSA-MIR-4267,MIR4267
HSA-MIR-4268,MIR4268
HSA-MIR-4269,MIR4269
HSA-MIR-4270,MIR4270
HSA-MIR-4271,MIR4271
HSA-MIR-4283-2,MIR4283-2
HSA-MIR-4285,MIR4285
HSA-MIR-4287,MIR4287
HSA-MIR-4293,MIR4293
HSA-MIR-4294,MIR4294
HSA-MIR-4295,MIR4295
HSA-MIR-4296,MIR4296
HSA-MIR-4301,MIR4301
HSA-MIR-4304,MIR4304
HSA-MIR-4309,MIR4309
HSA-MIR-4312,MIR4312
HSA-MIR-4313,MIR4313
HSA-MIR-4315-1,MIR4315-1
HSA-MIR-4321,MIR4321
HSA-MIR-4323,MIR4323
HSA-MIR-4418,MIR4418
HSA-MIR-4420,MIR4420
HSA-MIR-4421,MIR4421
HSA-MIR-4422,MIR4422
HSA-MIR-4423,MIR4423
HSA-MIR-4424,MIR4424
HSA-MIR-4425,MIR4425
HSA-MIR-4426,MIR4426
HSA-MIR-4427,MIR4427
HSA-MIR-4428,MIR4428
HSA-MIR-4429,MIR4429
HSA-MIR-4430,MIR4430
HSA-MIR-4431,MIR4431
HSA-MIR-4432,MIR4432
HSA-MIR-4433,MIR4433A
MIR4433,MIR4433A
HSA-MIR-4433B,MIR4433B
HSA-MIR-4434,MIR4434
HSA-MIR-4435-1,MIR4435-1
HSA-MIR-4435-2,MIR4435-2
HSA-MIR-4436A,MIR4436A
HSA-MIR-4436B,MIR4436B1
MIR4436B,MIR4436B1
HSA-MIR-4436B-2,MIR4436B2
HSA-MIR-4437,MIR4437
HSA-MIR-4438,MIR4438
HSA-MIR-4439,MIR4439
HSA-MIR-4440,MIR4440
HSA-MIR-4441,MIR4441
HSA-MIR-4443,MIR4443
HSA-MIR-4444,MIR4444-1
MIR-4444-1,MIR4444-1
MIR4444,MIR4444-1
HSA-MIR-4444-2,MIR4444-2
HSA-MIR-4447,MIR4447
HSA-MIR-4448,MIR4448
HSA-MIR-4450,MIR4450
HSA-MIR-4453,MIR4453
DKFZP434I0714,MIR4453HG
LINC02486,MIR4453HG
HSA-MIR-4457,MIR4457
HSA-MIR-4466,MIR4466
HSA-MIR-4469,MIR4469
HSA-MIR-4470,MIR4470
HSA-MIR-4487,MIR4487
HSA-MIR-4488,MIR4488
HSA-MIR-4489,MIR4489
HSA-MIR-4491,MIR4491
HSA-MIR-4492,MIR4492
HSA-MIR-4494,MIR4494
HSA-MIR-4496,MIR4496
HSA-MIR-4498,MIR4498
HSA-MIR-4503,MIR4503
HSA-MIR-4505,MIR4505
HSA-MIR-4506,MIR4506
HSA-MIR-4509-2,MIR4509-2
HSA-MIR-4509-3,MIR4509-3
HSA-MIR-4516,MIR4516
HSA-MIR-4523,MIR4523
HSA-MIR-4524,MIR4524A
MIR4524,MIR4524A
HSA-MIR-4524B,MIR4524B
HSA-MIR-4525,MIR4525
HSA-MIR-4531,MIR4531
HSA-MIR-4632,MIR4632
HSA-MIR-4633,MIR4633
HSA-MIR-4635,MIR4635
HSA-MIR-4637,MIR4637
HSA-MIR-4638,MIR4638
HSA-MIR-4642,MIR4642
HSA-MIR-4647,MIR4647
HSA-MIR-4648,MIR4648
HSA-MIR-4650-1,MIR4650-1
HSA-MIR-4650-2,MIR4650-2
HSA-MIR-4651,MIR4651
HSA-MIR-4654,MIR4654
HSA-MIR-4655,MIR4655
HSA-MIR-4661,MIR4661
HSA-MIR-4666B,MIR4666B
HSA-MIR-4671,MIR4671
HSA-MIR-4673,MIR4673
HSA-MIR-4674,MIR4674
HSA-MIR-4677,MIR4677
HSA-MIR-4681,MIR4681
HSA-MIR-4684,MIR4684
HSA-MIR-4686,MIR4686
HSA-MIR-4687,MIR4687
HSA-MIR-4689,MIR4689
HSA-MIR-4690,MIR4690
HSA-MIR-4691,MIR4691
HSA-MIR-4692,MIR4692
HSA-MIR-4695,MIR4695
HSA-MIR-4696,MIR4696
HSA-MIR-4698,MIR4698
HSA-MIR-4700,MIR4700
HSA-MIR-4701,MIR4701
HSA-MIR-4707,MIR4707
HSA-MIR-4711,MIR4711
HSA-MIR-4713,MIR4713
RP11-108K3.1,MIR4713HG
HSA-MIR-4714,MIR4714
HSA-MIR-4717,MIR4717
HSA-MIR-4718,MIR4718
HSA-MIR-4722,MIR4722
HSA-MIR-4724,MIR4724
HSA-MIR-4725,MIR4725
HSA-MIR-4726,MIR4726
HSA-MIR-4727,MIR4727
HSA-MIR-4729,MIR4729
HSA-MIR-4730,MIR4730
HSA-MIR-4732,MIR4732
HSA-MIR-4734,MIR4734
HSA-MIR-4736,MIR4736
HSA-MIR-4737,MIR4737
HSA-MIR-4739,MIR4739
HSA-MIR-4742,MIR4742
HSA-MIR-4747,MIR4747
HSA-MIR-4748,MIR4748
HSA-MIR-4752,MIR4752
HSA-MIR-4753,MIR4753
HSA-MIR-4754,MIR4754
HSA-MIR-4757,MIR4757
HSA-MIR-4765,MIR4765
HSA-MIR-4771-1,MIR4771-1
HSA-MIR-4771-2,MIR4771-2
HSA-MIR-4772,MIR4772
HSA-MIR-4773-1,MIR4773-1
HSA-MIR-4773-2,MIR4773-2
HSA-MIR-4774,MIR4774
HSA-MIR-4775,MIR4775
HSA-MIR-4776-1,MIR4776-1
HSA-MIR-4776-2,MIR4776-2
HSA-MIR-4777,MIR4777
HSA-MIR-4778,MIR4778
HSA-MIR-4779,MIR4779
HSA-MIR-4780,MIR4780
HSA-MIR-4781,MIR4781
HSA-MIR-4782,MIR4782
HSA-MIR-4783,MIR4783
HSA-MIR-4784,MIR4784
HSA-MIR-4785,MIR4785
HSA-MIR-4786,MIR4786
HSA-MIR-4790,MIR4790
HSA-MIR-4793,MIR4793
HSA-MIR-4794,MIR4794
HSA-MIR-4795,MIR4795
HSA-MIR-4797,MIR4797
HSA-MIR-4798,MIR4798
HSA-MIR-4800,MIR4800
HSA-MIR-4802,MIR4802
HSA-MIR-4804,MIR4804
HSA-MIR-5000,MIR5000
HSA-MIR-5001,MIR5001
HSA-MIR-5004,MIR5004
HSA-MIR-5008,MIR5008
HSA-MIR-5010,MIR5010
HSA-MIR-5047,MIR5047
HSA-MIR-5087,MIR5087
HSA-MIR-5089,MIR5089
HSA-MIR-5091,MIR5091
HSA-MIR-5092,MIR5092
HSA-MIR-5093,MIR5093
HSA-MIR-5186,MIR5186
HSA-MIR-5187,MIR5187
HSA-MIR-5188,MIR5188
HSA-MIR-5189,MIR5189
HSA-MIR-5191,MIR5191
HSA-MIR-5192,MIR5192
HSA-MIR-5193,MIR5193
HSA-MIR-5194,MIR5194
HSA-MIR-5196,MIR5196
HSA-MIR-5581,MIR5581
HSA-MIR-5582,MIR5582
HSA-MIR-5584,MIR5584
HSA-MIR-5585,MIR5585
HSA-MIR-5587,MIR5587
HSA-MIR-5588,MIR5588
HSA-MIR-5590,MIR5590
HSA-MIR-5682,MIR5682
HSA-MIR-5688,MIR5688
HSA-MIR-5691,MIR5691
HSA-MIR-5692C-1,MIR5692C1
HSA-MIR-5696,MIR5696
HSA-MIR-5697,MIR5697
HSA-MIR-5698,MIR5698
HSA-MIR-5702,MIR5702
HSA-MIR-5703,MIR5703
HSA-MIR-5704,MIR5704
HSA-MIR-5707,MIR5707
HSA-MIR-5787,MIR5787
HSA-MIR-6068,MIR6068
HSA-MIR-6071,MIR6071
HSA-MIR-6074,MIR6074
HSA-MIR-6075,MIR6075
HSA-MIR-6076,MIR6076
HSA-MIR-6077-1,MIR6077
HSA-MIR-6077-2,MIR6077
MIR6077-1,MIR6077
MIR6077-2,MIR6077
HSA-MIR-6079,MIR6079
HSA-MIR-6083,MIR6083
HSA-MIR-6084,MIR6084
HSA-MIR-6085,MIR6085
HSA-MIR-6088,MIR6088
HSA-MIR-6090,MIR6090
HSA-MIR-6127,MIR6127
HSA-MIR-6131,MIR6131
HSA-MIR-6133,MIR6133
HSA-MIR-6134,MIR6134
HSA-MIR-6499,MIR6499
HSA-MIR-6500,MIR6500
HSA-MIR-6502,MIR6502
HSA-MIR-6503,MIR6503
HSA-MIR-6505,MIR6505
HSA-MIR-6507,MIR6507
HSA-MIR-6509,MIR6509
HSA-MIR-6510,MIR6510
HSA-MIR-6511A-1,MIR6511A1
HSA-MIR-6511A-4,MIR6511A4
HSA-MIR-6511B-1,MIR6511B1
HSA-MIR-6511B-2,MIR6511B2
HSA-MIR-6512,MIR6512
HSA-MIR-6513,MIR6513
HSA-MIR-6716,MIR6716
HSA-MIR-6726,MIR6726
HSA-MIR-6727,MIR6727
HSA-MIR-6728,MIR6728
HSA-MIR-6729,MIR6729
HSA-MIR-6730,MIR6730
HSA-MIR-6731,MIR6731
HSA-MIR-6732,MIR6732
HSA-MIR-6733,MIR6733
HSA-MIR-6734,MIR6734
HSA-MIR-6735,MIR6735
HSA-MIR-6736,MIR6736
HSA-MIR-6737,MIR6737
HSA-MIR-6738,MIR6738
HSA-MIR-6739,MIR6739
HSA-MIR-6740,MIR6740
HSA-MIR-6741,MIR6741
HSA-MIR-6742,MIR6742
HSA-MIR-6743,MIR6743
HSA-MIR-6745,MIR6745
HSA-MIR-6747,MIR6747
HSA-MIR-6751,MIR6751
HSA-MIR-6752,MIR6752
HSA-MIR-6753,MIR6753
HSA-MIR-6754,MIR6754
HSA-MIR-6756,MIR6756
HSA-MIR-6761,MIR6761
HSA-MIR-6762,MIR6762
HSA-MIR-6763,MIR6763
HSA-MIR-6764,MIR6764
HSA-MIR-6769B,MIR6769B
HSA-MIR-6770-1,MIR6770-1
HSA-MIR-6770-3,MIR6770-3
HSA-MIR-6774,MIR6774
HSA-MIR-6777,MIR6777
HSA-MIR-6779,MIR6779
HSA-MIR-6780A,MIR6780A
HSA-MIR-6780B,MIR6780B
HSA-MIR-6782,MIR6782
HSA-MIR-6783,MIR6783
HSA-MIR-6784,MIR6784
HSA-MIR-6785,MIR6785
HSA-MIR-6787,MIR6787
HSA-MIR-6789,MIR6789
HSA-MIR-6790,MIR6790
HSA-MIR-6793,MIR6793
HSA-MIR-6797,MIR6797
HSA-MIR-6801,MIR6801
HSA-MIR-6802,MIR6802
HSA-MIR-6803,MIR6803
HSA-MIR-6804,MIR6804
HSA-MIR-6806,MIR6806
HSA-MIR-6807,MIR6807
HSA-MIR-6808,MIR6808
HSA-MIR-6809,MIR6809
HSA-MIR-6810,MIR6810
HSA-MIR-6811,MIR6811
HSA-MIR-6822,MIR6822
HSA-MIR-6823,MIR6823
HSA-MIR-6824,MIR6824
HSA-MIR-6826,MIR6826
HSA-MIR-6828,MIR6828
HSA-MIR-6829,MIR6829
HSA-MIR-6831,MIR6831
HSA-MIR-6835,MIR6835
HSA-MIR-6836,MIR6836
HSA-MIR-6839,MIR6839
HSA-MIR-6842,MIR6842
HSA-MIR-6843,MIR6843
HSA-MIR-6854,MIR6854
HSA-MIR-6855,MIR6855
HSA-MIR-6859-1,MIR6859-1
HSA-MIR-6859-2,MIR6859-2
HSA-MIR-6859-2,MIR6859-1
HSA-MIR-6861,MIR6861
HSA-MIR-6864,MIR6864
HSA-MIR-6865,MIR6865
HSA-MIR-6872,MIR6872
HSA-MIR-6875,MIR6875
HSA-MIR-6876,MIR6876
HSA-MIR-6878,MIR6878
HSA-MIR-6880,MIR6880
HSA-MIR-6885,MIR6885
HSA-MIR-6888,MIR6888
HSA-MIR-6890,MIR6890
HSA-MIR-7106,MIR7106
HSA-MIR-7113,MIR7113
HSA-MIR-7156,MIR7156
HSA-MIR-7157,MIR7157
HSA-MIR-7158,MIR7158
HSA-MIR-7159,MIR7159
HSA-MIR-7515,MIR7515
HSA-MIR-7704,MIR7704
HSA-MIR-7706,MIR7706
HSA-MIR-7845,MIR7845
HSA-MIR-7846,MIR7846
HSA-MIR-7849,MIR7849
HSA-MIR-7851,MIR7851
HSA-MIR-7852,MIR7852
HSA-MIR-7856,MIR7856
HSA-MIR-7974,MIR7974
HSA-MIR-7975,MIR7975
HSA-MIR-7978,MIR7978
HSA-MIR-8058,MIR8058
HSA-MIR-8060,MIR8060
HSA-MIR-8061,MIR8061
HSA-MIR-8064,MIR8064
HSA-MIR-8067,MIR8067
HSA-MIR-8072,MIR8072
HSA-MIR-8074,MIR8074
HSA-MIR-8080,MIR8080
HSA-MIR-8083,MIR8083
HSA-MIR-8085,MIR8085
HSA-LET-7A-1,MIRLET7A1
MIRNLET7A1,MIRLET7A1
HSA-LET-7A-2,MIRLET7A2
MIRNLET7A2,MIRLET7A2
HSA-LET-7D,MIRLET7D
MIRNLET7D,MIRLET7D
HSA-LET-7F-1,MIRLET7F1
MIRNLET7F1,MIRLET7F1
HSA-LET-7G,MIRLET7G
MIRNLET7G,MIRLET7G
HMIS12,MIS12
KNTC2AP,MIS12
MGC2488,MIS12
MTW1,MIS12
C14ORF106,MIS18BP1
FLJ11186,MIS18BP1
KIAA1903,MIS18BP1
KNL2,MIS18BP1
M18BP1,MIS18BP1
KASTOR,MISFA
POLLUKS,MISFA
SPTY2D1-AS1,MISFA
SPTY2D1OS,MISFA
LOC129531,MITD1
BHLHE32,MITF
MI,MITF
WS2,MITF
WS2A,MITF
CCDC58,MIX23
FLJ33273,MIX23
CCDC58P2,MIX23P2
MILD1,MIXL1
MIXL,MIXL1
KI-67,MKI67
MIB-1,MKI67
PPP1R105,MKI67
MKLN1-AS2,MKLN1-AS
MNK1,MKNK1
GPRK7,MKNK2
MNK2,MKNK2
HSPC070,MKRN2
RNF62,MKRN2
C3ORF83,MKRN2OS
MKRN2-AS1,MKRN2OS
LOC391033,MKRN8P
MKRNP4,MKRN8P
ZNF127L4,MKRN8P
KIAA0152,MLEC
NTN4,MLF2
COCA2,MLH1
FCC2,MLH1
HNPCC,MLH1
HNPCC2,MLH1
MLH-1,MLH1
C6ORF142,MLIP
CIP,MLIP
MGC18257,MLIP
ENL,MLLT1
LTG19,MLLT1
YEATS1,MLLT1
AF1Q,MLLT11
EXOPHILIN-3,MLPH
L(1)-3RK,MLPH
L1RK3,MLPH
LN,MLPH
SLAC-2A,MLPH
GBETAL,MLST8
GBL,MLST8
LST8,MLST8
POP3,MLST8
BHLHD13,MLX
MAD7,MLX
MXD7,MLX
TCFL4,MLX
BHLHD14,MLXIPL
CHREBP,MLXIPL
MIO,MLXIPL
MONDOB,MLXIPL
WBSCR14,MLXIPL
WS-BHLH,MLXIPL
CBLB,MMAB
CFAP23,MMAB
CBLC,MMACHC
DKFZP564I122,MMACHC
C2ORF25,MMADHC
CBLD,MMADHC
CL25022,MMADHC
MMA,MMD
PAQR11,MMD
PAQR10,MMD2
CALLA,MME
CD10,MME
NEP,MME
EMC5,MMGT1
TMEM32,MMGT1
CLG,MMP1
STMY,MMP3
STMY1,MMP3
MPSL1,MMP7
PUMP-1,MMP7
STMY2,MMP10
HME,MMP12
CLG3,MMP13
MT2-MMP,MMP15
MTMMP2,MMP15
SMCP-2,MMP15
MT4-MMP,MMP17
AP000851.1,MMP20-AS1
MIFR,MMP23A
MMP21,MMP23A
MIFR,MMP23B
MIFR-1,MMP23B
MMP22,MMP23B
MMP20,MMP25
MMPL1,MMP25
MT6-MMP,MMP25
ENDOMETASE,MMP26
MGC126590,MMP26
MGC126592,MMP26
ECM,MMRN1
EMILIN4,MMRN1
GPIA*,MMRN1
MMRN,MMRN1
C6ORF167,MMS22L
DJ39B17.2,MMS22L
PYHIN3,MNDA
HB9,MNX1
HLXB9,MNX1
HOXHB9,MNX1
SCRA1,MNX1
CCAT5,MNX1-AS1
LOC645249,MNX1-AS1
MAYA,MNX1-AS1
ENST00000429228,MNX1-AS2
C2ORF6,MOB1A
FLJ10788,MOB1A
FLJ11595,MOB1A
MATS1,MOB1A
MOB1,MOB1A
MOB4B,MOB1A
MOBK1B,MOB1A
MOBKL1B,MOB1A
MOB-LAK,MOB3A
MOB1C,MOB3A
MOBKL2A,MOB3A
MOBLAK,MOB3A
C9ORF35,MOB3B
FLJ13204,MOB3B
MOB1D,MOB3B
MOBKL2B,MOB3B
MOB1E,MOB3C
MOBKL2C,MOB3C
2C4D,MOB4
CGI-95,MOB4
DKFZP564M112,MOB4
MOB3,MOB4
MOBKL3,MOB4
PHOCN,MOB4
PREI3,MOB4
DGAT2L,MOGAT1
DGAT2L1,MOGAT1
MGAT1,MOGAT1
CWH41,MOGS
DER7,MOGS
GCS1,MOGS
MGC13272,MON1A
SAND1,MON1A
MORF4LP1,MORF4L1P1
MRG1,MORF4L1P1
MORF4LP4,MORF4L2P1
MRG4,MORF4L2P1
MOPT,MORN2
BA548K23.4,MORN4
C10ORF83,MORN4
FLJ25925,MORN4
RTP,MORN4
DJ473B4,MOSPD1
FSAP113,MOV10
GB110,MOV10
MGC2948,MOV10
BRP44L,MPC1
CGI-129,MPC1
DJ68L15.3,MPC1
SLC54A1,MPC1
MDG,MPG
MPP6,MPHOSPH6
MPP9,MPHOSPH9
CT90,MPHOSPH10
MPP10,MPHOSPH10
MPP10P,MPHOSPH10
PPP1R106,MPHOSPH10
CD110,MPL
THPOR,MPL
TPOR,MPL
DKFZP761D0712,MPP2
DLG2,MPP2
DLG3,MPP3
DLG6,MPP4
239FB,MPPED2
C11ORF8,MPPED2
D11S302E,MPPED2
DJ1024C24.1,MPPED2
DJ873F21.1,MPPED2
FAM1B,MPPED2
HS.46638,MPPED2
RP5-1024C24.1,MPPED2-AS1
SYM1,MPV17
CMT1,MPZ
CMT1B,MPZ
CMT2I,MPZ
CMT2J,MPZ
HMSNIB,MPZ
P0,MPZ
HLALS,MR1
BA51G5.2,MRAP2
C6ORF117,MRAP2
CD280,MRC2
CLEC13E,MRC2
ENDO180,MRC2
KIAA0709,MRC2
ATLD,MRE11
MRE11A,MRE11
DSU,MREG
FLJ10116,MREG
WDT2,MREG
PAM14,MRFAP1
PGR1,MRFAP1
MGC9651,MRFAP1L1
GPR140,MRGPRF
GPR168,MRGPRF
MGC21621,MRGPRF
MRGF,MRGPRF
MRGX1,MRGPRX1
MRGX2,MRGPRX2
MRGX3,MRGPRX3
MGC3207,MRI1
MRDI,MRI1
MTNA,MRI1
YPR118W,MRI1
FJH1,MRM2
FTSJ2,MRM2
RRMJ2,MRM2
FLJ10581,MRM3
HC90,MRM3
RMTL1,MRM3
RNMTL1,MRM3
LINC01268,MROCKI
LOC285758,MROCKI
ROCKI,MROCKI
HEATR7B1,MROH2A
DKFZP781F0822,MROH2B
FLJ40243,MROH2B
HEATR7B2,MROH2B
SPIF,MROH2B
C1ORF81,MROH3P
ARMC11,MROH9
C1ORF129,MROH9
FLJ23550,MROH9
MRL3,MRPL3
RPML3,MRPL3
L10MT,MRPL10
MGC17973,MRPL10
MRP-L10,MRPL10
MRP-L8,MRPL10
MRPL8,MRPL10
RPML8,MRPL10
HSPC145,MRPL15
L15MT,MRPL15
MRP-L15,MRPL15
MRP-L7,MRPL15
RPML7,MRPL15
MRP-L26,MRPL17
RPML26,MRPL17
FLJ10024,MRPL20
MRP-L18,MRPL24
MAAT1,MRPL28
P15,MRPL28
MRP-L28,MRPL30
RPML28,MRPL30
C2ORF1,MRPL33
RPL33L,MRPL33
L34MT,MRPL34
MGC24974,MRPL34
MGC2633,MRPL34
MRP-L2,MRPL37
RPML2,MRPL37
HSPC204,MRPL42
MRP-L31,MRPL42
MRPL31,MRPL42
MRPS32,MRPL42
PTD007,MRPL42
RPML31,MRPL42
FLJ12701,MRPL44
FLJ13990,MRPL44
CGI-204,MRPL47
NCM1,MRPL47
C11ORF4,MRPL49
L49MT,MRPL49
NOF,MRPL49
NOF1,MRPL49
BMRP64,MRPL51
CDA09,MRPL51
HSPC241,MRPL51
MRP64,MRPL51
MRP63P1,MRPL57P1
MRP63P8,MRPL57P8
DS-1,MRPL58
ICT1,MRPL58
CGI-91,MRPS2
MRP-S5,MRPS5
S5MT,MRPS5
MRP-S,MRPS7
RP-S7,MRPS7
RPMS7,MRPS7
UTAT33,MRPS9-AS1
MRPS10P3,MRPS10P2
MRPS10P4,MRPS10P2
HSMRPS14,MRPS14
FLJ11564,MRPS15
C3ORF5,MRPS22
GIBT,MRPS22
GK002,MRPS22
MRP-S22,MRPS22
HSPC335,MRPS24
MRP-S24,MRPS24
DKFZP313H0817,MRPS25
FLJ00023,MRPS25
MRP-S25,MRPS25
RPMS25,MRPS25
KIAA0264,MRPS27
MDS023,MRPS35
MRPS28,MRPS35
C1ORF33,MRTO4
DJ657E11.4,MRTO4
MRT4,MRTO4
B1,MS4A1
BP35,MS4A1
CD20,MS4A1
FMC7,MS4A1
APY,MS4A2
FCER1B,MS4A2
IGER,MS4A2
CD20L1,MS4A4A
MS4A4,MS4A4A
MS4A7,MS4A4A
CD20L3,MS4A6A
MS4A6,MS4A6A
CD20L5,MS4A8
MS4A4,MS4A8
MS4A8B,MS4A8
CD20L7,MS4A10
MS4A9,MS4A10
FLJ20217,MS4A12
MS4A10,MS4A12
C11ORF61,MSANTD2
FLJ23342,MSANTD2
KIAA1826,MSANTD4
ABF-1,MSC
BHLHA22,MSC
COCA1,MSH2
HNPCC,MSH2
HNPCC1,MSH2
MSH-2,MSH2
GTBP,MSH6
MSH-6,MSH6
FLJ10546,MSL2
KIAA1585,MSL2
MSL-2,MSL2
MSL2L1,MSL2
RNF184,MSL2
MSL3L2,MSL3P1
C16ORF37,MSLNL
MPFL,MSLNL
DESP4,MSMO1
ERG25,MSMO1
SC4MOL,MSMO1
D3F15S2,MST1
DNF15S2,MST1
HGFL,MST1
MSP,MST1
NF15S2,MST1
D1F15S1A,MST1L
MSPL-7,MST1L
MSPL7,MST1L
MST1P9,MST1L
MSTP7,MST1L
MSTP9,MST1L
MSPL-2,MST1P2
MSPL2,MST1P2
MSTP2,MST1P2
CD136,MST1R
CDW136,MST1R
PTK8,MST1R
RON,MST1R
SEA,MST1R
GDF8,MSTN
FLJ10504,MSTO1
LST005,MSTO1
MISATO,MSTO1
MST,MSTO1
MSTO2,MSTO2P
MTM,MT1DP
MT1,MT1G
MT1K,MT1G
MT1P2,MT1HL1
MT1,MT1IP
MT1I,MT1IP
MTE,MT1IP
MT1,MT1JP
MT1J,MT1JP
MT1NP,MT1JP
MTB,MT1JP
MT1,MT1L
MT1R,MT1L
MTF,MT1L
MTA1-L1,MTA2
MTA1L1,MTA2
KIAA1266,MTA3
C86FUS,MTAP
MSAP,MTAP
FLJ22390,MTARC1
MARC1,MTARC1
MOSC1,MTARC1
FLJ20605,MTARC2
MARC2,MTARC2
MOSC2,MTARC2
CGI-64,MTCH1
PSAP,MTCH1
SLC25A49,MTCH1
AC026166.2-001,MTCO1P5
MGC61716,MTERF4
MTERFD2,MTERF4
M96,MTF2
PCL2,MTF2
TDRD19A,MTF2
FAM54B,MTFR1L
MTHFC,MTHFD1
MTHFD,MTHFD1
MGC72244,MTHFD2L
IF-2MT,MTIF2
LEMP,MTLN
LINC00116,MTLN
MOXI,MTLN
MPM,MTLN
NCRNA00116,MTLN
SMIM37,MTLN
KIAA0647,MTMR4
ZFYVE11,MTMR4
MTMR9L,MTMR9LP
CRA,MTMR11
C3ORF29,MTMR14
FLJ22405,MTMR14
FLJ90311,MTMR14
HEDTP,MTMR14
HJUMPY,MTMR14
MEL-1A-R,MTNR1A
FLJ44809,MTOR
FRAP,MTOR
FRAP1,MTOR
FRAP2,MTOR
RAFT1,MTOR
RAPT1,MTOR
CBLG,MTR
C12ORF65,MTRFR
COXPD7,MTRFR
FLJ38663,MTRFR
MTRF-R,MTRFR
SPG55,MTRFR
ABBA,MTSS2
ABBA-1,MTSS2
LOC92154,MTSS2
MTSS1L,MTSS2
C7ORF41,MTURN
ELLS1,MTURN
FLJ25903,MTURN
MTX,MTX1
MTXN,MTX1
ADMCKD,MUC1
ADMCKD1,MUC1
CA15-3,MUC1
CD227,MUC1
EMA,MUC1
KL-6,MUC1
MCD,MUC1
MCKD,MUC1
MCKD1,MUC1
PEM,MUC1
PUM,MUC1
MUC3,MUC3A
MUC11,MUC12
DRCC1,MUC13
FLJ35746,MUC19
SBEM,MUCL1
C1ORF166,MUL1
FLJ12875,MUL1
GIDE,MUL1
MAPL,MUL1
MULAN,MUL1
RNF218,MUL1
FLJ44872,MUS81
SLX3,MUS81
MUSTANG,MUSTN1
MYH,MUTYH
FAM125A,MVB12A
FLJ32495,MVB12A
MPD,MVD
LRBP,MVK
MK,MVK
LRP,MVP
VAULT1,MVP
AC009133.12,MVP-DT
BHLHC58,MXD1
MAD,MXD1
MAD1,MXD1
BHLHC13,MXD3
MAD3,MXD3
BHLHC12,MXD4
MAD4,MXD4
MST149,MXD4
MSTP149,MXD4
FLJ46603,MXRA7
PS1TP1,MXRA7
TMAP1,MXRA7
DKFZP586E2023,MXRA8
LOC255275,MYADML2
C-MYB,MYB
FLJ37886,MYBBP1A
P160,MYBBP1A
PAP2,MYBBP1A
POL5,MYBBP1A
FSMYBP-C,MYBPC2
MGC163408,MYBPC2
MYBPCF,MYBPC2
CMH4,MYBPC3
CMYBP-C,MYBPC3
FHC,MYBPC3
BHLHE39,MYC
C-MYC,MYC
MYCC,MYC
AMAP-1,MYCBPAP
DKFZP434N1415,MYCBPAP
BHLHE38,MYCL
LMYC,MYCL
MYCL1,MYCL
BHLHE37,MYCN
MYCNOT,MYCN
N-MYC,MYCN
NMYC,MYCN
MYCN-AS1,MYCNOS
N-CYM,MYCNOS
NCYM,MYCNOS
LNCUSMYCN,MYCNUT
MYCNUN,MYCNUT
FLJ21269,MYCT1
MTLC,MYCT1
FLJ11213,MYEF2
HST18564,MYEF2
KIAA1341,MYEF2
MEF-2,MYEF2
OCIM,MYEOV
C12ORF10P1,MYG1P1
CMD1S,MYH7
CMH1,MYH7
MPD1,MYH7
NMMHCB,MYH10
DFNA4,MYH14
FLJ13881,MYH14
KIAA2034,MYH14
MHC16,MYH14
MYH17,MYH14
KIAA1000,MYH15
CMH8,MYL3
MLC1SB,MYL3
MLC1V,MYL3
VLC1,MYL3
ALC1,MYL4
AMLC,MYL4
GT1,MYL4
PRO1957,MYL4
ESMLC,MYL6
MLC1SM,MYL6
MLC3NM,MYL6
MLC1SA,MYL6B
MGC3479,MYL10
MYLC2PL,MYL10
PLRLC,MYL10
HUMMLC2B,MYL11
MRLC2,MYL11
MYLPF,MYL11
KRP,MYLK
MLCK,MYLK
MLCK1,MYLK
MLCK108,MYLK
MLCK210,MYLK
MYLK-L,MYLK
MYLK1,MYLK
SMMLCK,MYLK
TELOKIN,MYLK
CAMLCK,MYLK3
MLCK,MYLK3
SGK085,MYLK4
MYLKP,MYLKP1
MYOMAKER,MYMK
TMEM226,MYMK
TMEM8C,MYMK
MINION,MYMX
SBBIZ1,MYNN
ZBTB31,MYNN
ZNF902,MYNN
KIAA0727,MYO1D
MYR4,MYO1D
PPP1R108,MYO1D
FLJ37587,MYO1H
DFNA22,MYO6
DFNB37,MYO6
KIAA0389,MYO6
DFNA11,MYO7A
DFNB2,MYO7A
NSRD2,MYO7A
USH1B,MYO7A
FLJ11061,MYO9A
FLJ13244,MYO9A
MGC71859,MYO9A
CELIAC4,MYO9B
DFNB3,MYO15A
MYO15,MYO15A
MYO15BP,MYO15B
KIAA0216,MYO18A
MYSPDZ,MYO18A
TIAF1,MYO18A
GLC1A,MYOC
JOAG1,MYOC
TIGR,MYOC
BHLHC3,MYOG
MYF4,MYOG
FLJ35961,MYOM3
LGMD1,MYOT
LGMD1A,MYOT
TTID,MYOT
CS-3,MYOZ3
CS3,MYOZ3
FATZ-3,MYOZ3
FRP3,MYOZ3
KIAA1915,MYSM1
KIAA1106,MYT1L
NZF1,MYT1L
ZC2H2C2,MYT1L
ZC2HC4B,MYT1L
GCOM1,MYZAP
GUP,MYZAP
GUP1,MYZAP
MYOZAP,MYZAP
FAM128A,MZT2A
MOZART2A,MZT2A
B3BP,N4BP2
LZTS4,N4BP3
ARD1,NAA10
ARD1A,NAA10
DXS707,NAA10
TE2,NAA10
FLJ13340,NAA15
NARG1,NAA15
NATH,NAA15
TBDN100,NAA15
C12ORF30,NAA25
FLJ13089,NAA25
LSMD1,NAA38
MGC14151,NAA38
PFAAP2,NAA38
FLJ13194,NAA50
MAK3,NAA50
NAT13,NAA50
NAT5,NAA50
SAN,NAA50
FUS2,NAA80
NAT6,NAA80
HILAP,NAALADL1
MADER,NAB2
DKFZP667M1322,NABP1
FLJ13624,NABP1
FLJ22833,NABP1
HSSB2,NABP1
MGC111163,NABP1
NABP1-OT1,NABP1
OBFC2A,NABP1
SOSS-B2,NABP1
SSB2,NABP1
HSSB1,NABP2
MGC2731,NABP2
OBFC2B,NABP2
SOSS-B1,NABP2
SSB1,NABP2
NACA1,NACA
MGC71999,NACA2
NACAL,NACA2
BEND8,NACC1
BTBD14B,NACC1
BTBD30,NACC1
NAC-1,NACC1
NAC1,NACC1
BEND9,NACC2
BTBD14A,NACC2
BTBD31,NACC2
MGC23427,NACC2
FLJ13052,NADK
FLJ10631,NADSYN1
APP-BP1,NAE1
APPBP1,NAE1
ULA-1,NAE1
GNK,NAGK
NAG,NAGLU
AGAS,NAGS
ARGA,NAGS
NAT7,NAGS
BIRC,NAIPP2
NAIP1B,NAIPP2
LINC01573,NALT1
MIR4674HG,NALT1
TCONS_L2_00029132,NALT1
PBEF,NAMPT
PBEF1,NAMPT
NANOG2,NANOGP1
NANOGP2,NANOGP4
NOS1,NANOS1
ZC2HC12A,NANOS1
SAS,NANS
KAP,NAPSA
KDAP,NAPSA
NAP1,NAPSA
NAPA,NAPSA
DKFZP434G0420,NARF
FLJ10067,NARF
IOP2,NARF
DFNB94,NARS2
FLJ23441,NARS2
SLM5,NARS2
DKFZP547F162,NASP
FLB7527,NASP
FLJ31599,NASP
FLJ35510,NASP
MGC19722,NASP
MGC20372,NASP
MGC2297,NASP
PRO1999,NASP
AAC2,NAT2
DKFZP564C103,NAT9
FLJ10774,NAT10
FLJ12179,NAT10
HALP,NAT10
KIAA1709,NAT10
KRE33,NAT10
NET43,NAT10
C17ORF103,NATD1
GTLF3B,NATD1
MGC33894,NATD1
DKFZP781D0314,NAV1
FLJ12560,NAV1
FLJ14203,NAV1
KIAA1151,NAV1
MGC14961,NAV1
POMFIL3,NAV1
STEERIN-1,NAV1
FLJ10633,NAV2
FLJ11030,NAV2
FLJ23707,NAV2
HELAD1,NAV2
KIAA1419,NAV2
POMFIL2,NAV2
RAINB1,NAV2
AIBP,NAXE
APOA1BP,NAXE
MGC119143,NAXE
MGC119144,NAXE
MGC119145,NAXE
YJEFN1,NAXE
NAG,NBAS
ALS2CR16,NBEAL1
ALS2CR17,NBEAL1
MGC164581,NBEAL1
BCL8,NBEAP1
BCL8A,NBEAP1
BCL8D,NBEAP2
D1S1733E,NBL1
DAN,NBL1
DAND1,NBL1
NB,NBL1
NO3,NBL1
AT-V1,NBN
AT-V2,NBN
ATV,NBN
NBS,NBN
NBS1,NBN
AE2,NBPF3
FLJ32833,NBPF4
NBPF5,NBPF5P
NBPF7,NBPF7P
NBPF8P,NBPF8
AE01,NBPF9
AG1,NBPF10
NBPF24,NBPF11
COAS1,NBPF12
KIAA1245,NBPF12
DJ328E19.C1.1,NBPF14
MGC8902,NBPF15
NBPF16,NBPF15
MGC48637,NBPF22P
1A1-3B,NBR1
CA125,NBR1
KIAA0049,NBR1
M17S2,NBR1
NCRNA00192,NBR2
CD56,NCAM1
NCAM,NCAM1
CAP-D2,NCAPD2
CNAP1,NCAPD2
HCAP-D2,NCAPD2
KIAA0159,NCAPD2
CAP-D3,NCAPD3
FLJ42888,NCAPD3
HCAP-D3,NCAPD3
HCP-6,NCAPD3
HHCP-6,NCAPD3
KIAA0056,NCAPD3
CBC2,NCBP2
CBP20,NCBP2
NIP1,NCBP2
HIAR,NCBP2AS2
KRASIM,NCBP2AS2
NCBP2-AS2,NCBP2AS2
NCDN-1,NCDN
NCDN-2,NCDN
NCF1A,NCF1
NOXO2,NCF1
P47PHOX,NCF1
SH3PXD1A,NCF1
SH3PXD1B,NCF1B
SH3PXD1C,NCF1C
NOXA2,NCF2
P67PHOX,NCF2
NCK1-AS1,NCK1-DT
SLC35G2-AS1,NCK1-DT
HEM2,NCKAP1
NAP1,NCKAP1
NAP125,NCKAP1
ERIH1,NCKAP5
ERIH2,NCKAP5
NAP5,NCKAP5
KIAA1602,NCKAP5L
AF3P21,NCKIPSD
DIP1,NCKIPSD
ORF1,NCKIPSD
SPIN90,NCKIPSD
WASLBP,NCKIPSD
WISH,NCKIPSD
C23,NCL
NSR1,NCL
C1ORF130,NCMAP
FLJ42528,NCMAP
MP11,NCMAP
BHLHE74,NCOA1
F-SRC-1,NCOA1
KAT13A,NCOA1
NCOA-1,NCOA1
RIP160,NCOA1
SRC1,NCOA1
HCIT529I10,NCOR1
HN-COR,NCOR1
KIAA1047,NCOR1
MGC104216,NCOR1
N-COR,NCOR1
PPP1R109,NCOR1
TRAC1,NCOR1
CTG26,NCOR2
SMRT,NCOR2
SMRTE,NCOR2
TNRC14,NCOR2
TRAC-1,NCOR2
B7-H6,NCR3LG1
DKFZP686O24166,NCR3LG1
APH2,NCSTN
KIAA0253,NCSTN
FLJ10407,NDC1
NET3,NDC1
TMEM48,NDC1
KIAA1180,NDRG4
SMAP-8,NDRG4
COXFA4L2,NDUFA4L2
FLJ26118,NDUFA4L2
MISTRH,NDUFA4L2
NUOMS,NDUFA4L2
CI-39K,NDUFA9
COQ11,NDUFA9
NDUFS2L,NDUFA9
SDR22E1,NDUFA9
CI-42K,NDUFA10
B17.2,NDUFA12
DAP13,NDUFA12
C8ORF38,NDUFAF6
MGC40214,NDUFAF6
C2ORF56,NDUFAF7
MIDA,NDUFAF7
PRO1853,NDUFAF7
BCM3095,NDUFB1P1
NDUFB1P,NDUFB1P1
B12,NDUFB3
B15,NDUFB4
CI-SGDH,NDUFB5
MGC12314,NDUFB5
SGDH,NDUFB5
B14.5B,NDUFC2
HLC-1,NDUFC2
CI-49,NDUFS2
CI-30,NDUFS3
CI-15K,NDUFS5
CI-20,NDUFS7
FLJ45860,NDUFS7
FLJ46880,NDUFS7
PSST,NDUFS7
CI-23K,NDUFS8
TYKY,NDUFS8
CI-51K,NDUFV1
C11ORF72,NDUFV1-DT
FLJ90834,NDUFV1-DT
LINC00084,NEAT1
MENEPSILON/BETA,NEAT1
NCRNA00084,NEAT1
TNCRNA,NEAT1
TP53LC15,NEAT1
VINC,NEAT1
NEB177D,NEB
NEM2,NEB
EFCBP2,NECAB2
DKFZP566B183,NECAP1
CD111,NECTIN1
CLPED1,NECTIN1
ED4,NECTIN1
HIGR,NECTIN1
HVEC,NECTIN1
NECTIN-1,NECTIN1
OFC7,NECTIN1
PRR,NECTIN1
PRR1,NECTIN1
PVRL1,NECTIN1
PVRR1,NECTIN1
SK-12,NECTIN1
CD112,NECTIN2
HVEB,NECTIN2
NECTIN-2,NECTIN2
PRR2,NECTIN2
PVRL2,NECTIN2
PVRR2,NECTIN2
PVRL3-AS1,NECTIN3-AS1
LNIR,NECTIN4
NECTIN-4,NECTIN4
PRR4,NECTIN4
PVRL4,NECTIN4
AL591806.1,NECTIN4-AS1
CAS-L,NEDD9
CASS2,NEDD9
HEF1,NEDD9
FLJ22402,NEIL1
FPG1,NEIL1
HFPG1,NEIL1
NEI1,NEIL1
KIAA1901,NEK1
NY-REN-55,NEK1
NEK2P,NEK2P1
NRK2,NEK4
PP12301,NEK4
STK2,NEK4
SID6-1512,NEK6
FLJ32685,NEK10
NRP2,NELL2
FLJ10051,NEMF
NY-CO-1,NEMF
RQC2,NEMF
SDCCAG1,NEMF
TMEM194B,NEMP2
CIR2,NENF
SCIRP10,NENF
SPUF,NENF
C3ORF17,NEPRO
DKFZP434F2021,NEPRO
NET17,NEPRO
FLJ21841,NES
SIAL2,NEU2
BETA2,NEUROD1
BHF-1,NEUROD1
BHLHA3,NEUROD1
MODY6,NEUROD1
NEUROD,NEUROD1
ATH-3,NEUROD4
ATOH3,NEUROD4
BHLHA4,NEUROD4
MATH-3,NEUROD4
ATOH2,NEUROD6
BHLHA2,NEUROD6
MATH-2,NEUROD6
NEX1,NEUROD6
NEX1M,NEUROD6
AKA,NEUROG1
BHLHA6,NEUROG1
MATH4C,NEUROG1
NEUROD3,NEUROG1
NGN1,NEUROG1
ATOH4,NEUROG2
BHLHA8,NEUROG2
MATH4A,NEUROG2
NGN-2,NEUROG2
NGN2,NEUROG2
ATOH5,NEUROG3
BHLHA7,NEUROG3
MATH4B,NEUROG3
NGN3,NEUROG3
NELIN,NEXN
NEXILIN,NEXN
C1ORF118,NEXN-AS1
FLJ90637,NEXN-AS1
NF1L7,NF1P7
NF1L2,NF1P8
FLJ46866,NFASC
KIAA0756,NFASC
NF,NFASC
NRCAML,NFASC
KIAA0827,NFAT5
NF-AT5,NFAT5
NFATL1,NFAT5
NFATZ,NFAT5
OREBP,NFAT5
TONEBP,NFAT5
ESC2,NFATC2IP
FLJ14639,NFATC2IP
NIP45,NFATC2IP
RAD60,NFATC2IP
NF-E2,NFE2
FLJ00380,NFE2L1
LCR-F1,NFE2L1
NRF-1,NFE2L1
NRF1,NFE2L1
TCF11,NFE2L1
NRF-2,NFE2L2
NRF2,NFE2L2
NF-E4,NFE4
KIAA1439,NFIA
NFI-L,NFIA
RP5-833A20.1,NFIA-AS1
NFI-RED,NFIB
NFIB2,NFIB
NFIB3,NFIB
LINC01862,NFILZ
NF1A,NFIX
KBF1,NFKB1
NF-KAPPAB,NFKB1
NF-KB1,NFKB1
NFKAPPAB,NFKB1
NFKB-P50,NFKB1
P105,NFKB1
P50,NFKB1
LYT-10,NFKB2
NF-KB2,NFKB2
P105,NFKB2
P49/P100,NFKB2
P52,NFKB2
IKAPPABALPHA,NFKBIA
IKBA,NFKBIA
MAD-3,NFKBIA
NFKBI,NFKBIA
IKAPPABNS,NFKBID
IKBNS,NFKBID
TA-NFKBH,NFKBID
IKBE,NFKBIE
FLJ34463,NFKBIZ
INAP,NFKBIZ
MAIL,NFKBIZ
DKFZP547B2013,NFRKB
INO80G,NFRKB
CGI-33,NFU1
HIRIP5,NFU1
NIFU,NFU1
NIFUC,NFU1
CBF-B,NFYA
HAP2,NFYA
NF-YA,NFYA
CBF-A,NFYB
HAP3,NFYB
NF-YB,NFYB
CBF-C,NFYC
NF-YC,NFYC
0808Y08Y,NFYC-AS1
C14ORF120,NGDN
CANU1,NGDN
DKFZP564O092,NGDN
LCP5,NGDN
LPD-2,NGDN
NGD,NGDN
ARHGEF27,NGEF
NGFB,NGF
RP4-663N10.1,NGF-AS1
CD271,NGFR
P75NTR,NGFR
TNFRSF16,NGFR
CERNUNNOS,NHEJ1
FLJ12610,NHEJ1
XLF,NHEJ1
EBP50,NHERF1
NHE-RF,NHERF1
NHERF,NHERF1
NHERF-1,NHERF1
SLC9A3R1,NHERF1
E3KARP,NHERF2
NHERF-2,NHERF2
OCTS2,NHERF2
SIP-1,NHERF2
SLC9A3R2,NHERF2
TKA-1,NHERF2
FLJ22756,NHERF4
IKEPP,NHERF4
NAPI-CAP2,NHERF4
PDZD3,NHERF4
PDZK2,NHERF4
BHLHA35,NHLH1
HEN1,NHLH1
NSCL,NHLH1
NSCL1,NHLH1
BHLHA34,NHLH2
HEN2,NHLH2
NSCL2,NHLH2
FLJ20479,NHP2
NOLA2,NHP2
TCAG_30283,NHP2P2
BA43P8.1,NHSL1
C6ORF63,NHSL1
KIAA1357,NHSL1
BCNP1,NIBAN3
FAM129C,NIBAN3
FLJ39802,NIBAN3
MGC12936,NICN1
ALS2CR1,NIF3L1
CALS-7,NIF3L1
MDS015,NIF3L1
HNIFK,NIFK
MKI67IP,NIFK
NOPP34,NIFK
MKI67IPP4,NIFKP4
MKI67IPP6,NIFKP6
MKI67IPP7,NIFKP7
MKI67IPP8,NIFKP8
MKI67IPP9,NIFKP9
SLC57A2,NIPA2
DJ462O23.2,NIPAL3
NPAL3,NIPAL3
SLC57A5,NIPAL3
I-1,NISCH
IRAS,NISCH
KIAA0975,NISCH
FAM77B,NKAIN2
TCBA1,NKAIN2
BA424I5.1,NKAPL
C6ORF194,NKAPL
CXORF42,NKAPP1
FLJ36576,NKAPP1
GIG1,NKG7
GMP-17,NKG7
KAPPAB-RAS1,NKIRAS1
KBRAS1,NKIRAS1
DKFZP434N1526,NKIRAS2
KAPPAB-RAS2,NKIRAS2
KBRAS2,NKIRAS2
FLJ33600,NKPD1
P104,NKTR
CSX3,NKX2-3
NKX2.3,NKX2-3
NKX2C,NKX2-3
NKX4-3,NKX2-3
BAPX1,NKX3-2
NKX3.2,NKX3-2
NKX3B,NKX3-2
NKX6.1,NKX6-1
NKX6A,NKX6-1
GTX,NKX6-2
NKX6.1,NKX6-2
NKX6B,NKX6-2
FLJ25169,NKX6-3
FLJ10458,NLE1
NLE,NLE1
KIAA1070,NLGN1
CARD12,NLRC4
CLAN,NLRC4
CLAN1,NLRC4
CLANA,NLRC4
CLANB,NLRC4
CLANC,NLRC4
CLAND,NLRC4
CLR2.1,NLRC4
IPAF,NLRC4
CLR16.1,NLRC5
FLJ21709,NLRC5
NOD27,NLRC5
CARD7,NLRP1
CLR17.1,NLRP1
DEFCAP,NLRP1
DKFZP586O1822,NLRP1
KIAA0926,NLRP1
NAC,NLRP1
NALP1,NLRP1
SLEV1,NLRP1
VAMAS1,NLRP1
AGTAVPRL,NLRP3
AII,NLRP3
AVP,NLRP3
C1ORF7,NLRP3
CIAS1,NLRP3
CLR1.1,NLRP3
DFNA34,NLRP3
FCAS,NLRP3
FCU,NLRP3
MWS,NLRP3
NALP3,NLRP3
PYPAF1,NLRP3
CLR19.8,NLRP5
MATER,NLRP5
NALP5,NLRP5
PAN11,NLRP5
PYPAF8,NLRP5
CLR11.4,NLRP6
NALP6,NLRP6
PAN3,NLRP6
PYPAF5,NLRP6
CLR19.2,NLRP8
NALP8,NLRP8
NOD16,NLRP8
PAN4,NLRP8
NLRP9P,NLRP9P1
NOD25,NLRP9P1
CLR19.6,NLRP11
NALP11,NLRP11
NOD17,NLRP11
PAN10,NLRP11
PYPAF6,NLRP11
CLR19.3,NLRP12
MONARCH1,NLRP12
NALP12,NLRP12
PAN6,NLRP12
PYPAF7,NLRP12
RNO2,NLRP12
CLR19.7,NLRP13
NALP13,NLRP13
NOD14,NLRP13
PAN13,NLRP13
CLR11.3,NLRX1
NOD9,NLRX1
BB1,NMBR
BB1R,NMBR
BRS1,NMBR
CGI-07,NMD3
NMD3P,NMD3P1
DR-NM23,NME3
NDPKC,NME3
NM23-H3,NME3
NDPKD,NME4
NM23-H4,NME4
NM23H4,NME4
NM23-H5,NME5
RSPH23,NME5
IPIA-ALPHA,NME6
NM23-H6,NME6
CILD6,NME8
DNAI8,NME8
NM23-H8,NME8
SPTRX2,NME8
TXNDC3,NME8
NM23-H9,NME9
TXL-2,NME9
TXNDC6,NME9
PNAT3,NMNAT3
LOC344887,NMRAL2P
ITGB1BP3,NMRK2
MIBP,NMRK2
NRK2,NMRK2
NMT,NMT1
NMT-TRNA-SER-TGA-3-1,NMTRS-TGA3-1
TRNAS30P,NMTRS-TGA3-1
FM-3,NMUR1
GPC-R,NMUR1
GPR66,NMUR1
NMU1R,NMUR1
ART-4,NOB1
MST158,NOB1
NOB1P,NOB1
PSMD8BP1,NOB1
DKFZP564C186,NOC2L
NET15,NOC2L
NET7,NOC2L
NIR,NOC2L
PPP1R112,NOC2L
BLAU,NOD2
CARD15,NOD2
CD,NOD2
CLR16.3,NOD2
IBD1,NOD2
NLRC2,NOD2
PSORAS1,NOD2
SYM1,NOG
SYNS1,NOG
ARC,NOL3
CARD2,NOL3
MYP,NOL3
NOP30,NOL3
FLJ23323,NOL9
GRC3,NOL9
NET6,NOL9
FLJ14075,NOL10
PQBP5,NOL10
C7ORF3,NOM1
PPP1R113,NOM1
SGD1,NOM1
NOMO,NOMO2
PM5,NOMO2
NOL1,NOP2
NOP120,NOP2
NSUN1,NOP2
P120,NOP2
C4ORF10,NOP14-AS1
RES4-24,NOP14-AS1
HSPC111,NOP16
HSPC185,NOP16
LOC51491,NOP16
HSPC120,NOP58
NOP5,NOP58
NNOS,NOS1
NOS,NOS1
CAPON,NOS1AP
KIAA0464,NOS1AP
HEP-NOS,NOS2
INOS,NOS2
NOS,NOS2
NOS2A,NOS2
NOS2C,NOS2P1
N2N,NOTCH2NLA
NOTCH2NL,NOTCH2NLA
GP91-2,NOX1
MOX1,NOX1
NOH-1,NOX1
NOH-1L,NOX1
NOH1,NOX1
NOX5A,NOX5
NOX5B,NOX5
C14ORF148,NOXRED1
FLJ32809,NOXRED1
BHLHE11,NPAS1
MOP5,NPAS1
PASD5,NPAS1
BHLHE12,NPAS3
MOP6,NPAS3
PASD6,NPAS3
BHLHE79,NPAS4
LE-PAS,NPAS4
NXF,NPAS4
PASD10,NPAS4
PPL7,NPB
PPNPB,NPB
SLC65A2,NPC1L1
MP100,NPEPPS
PSA,NPEPPS
FMRFAL,NPFF
GPR74,NPFFR2
NPFF2,NPFFR2
NPGPR,NPFFR2
JBTS4,NPHP1
NPH1,NPHP1
SLSN1,NPHP1
CFAP31,NPHP3
FLJ30691,NPHP3
FLJ36696,NPHP3
KIAA2000,NPHP3
MKS7,NPHP3
NPH3,NPHP3
SLSN3,NPHP3
CNF,NPHS1
NPHN,NPHS1
PDCN,NPHS2
SRN1,NPHS2
LCR16A9,NPIPA8
KIAA0220,NPIPB3
NPIPL3,NPIPB3
LOC440350,NPIPB7
NPIPL1,NPIPB7
LOC440348,NPIPB15
NPIPL2,NPIPB15
C1ORF13,NPL
DHDPS1,NPL
NPL1,NPL
FLJ20657,NPLOC4
KIAA1499,NPLOC4
NPL4,NPLOC4
NG7-6,NPM1P7
NPM1P16,NPM1P7
NPMP7,NPM1P7
ANP,NPPA
PND,NPPA
CNP,NPPC
ANPA,NPR1
ANPRA,NPR1
GUCY2A,NPR1
NPRA,NPR1
NPY1RL,NPY6R
NPY6RP,NPY6R
PP2,NPY6R
DHQU,NQO1
DIA4,NQO1
DTD,NQO1
NMOR1,NQO1
QR1,NQO1
FASRL,NQO1-DT
BD73,NR1D2
EAR-1R,NR1D2
HS.37288,NR1D2
HZF2,NR1D2
REVERBB,NR1D2
REVERBBETA,NR1D2
RVR,NR1D2
LXR-B,NR1H2
LXRB,NR1H2
NER,NR1H2
NER-I,NR1H2
RIP15,NR1H2
UNR,NR1H2
LXR-A,NR1H3
LXRA,NR1H3
RLD-1,NR1H3
BXR,NR1I2
ONR1,NR1I2
PAR2,NR1I2
PXR,NR1I2
SXR,NR1I2
CAR,NR1I3
CAR1,NR1I3
MB67,NR1I3
TR2,NR2C1
TR2-11,NR2C1
HTAK1,NR2C2
TAK1,NR2C2
TR2R1,NR2C2
TR4,NR2C2
TLL,NR2E1
TLX,NR2E1
XTLL,NR2E1
PNR,NR2E3
RD7,NR2E3
RP37,NR2E3
COUP-TFI,NR2F1
COUPTF1,NR2F1
EAR-3,NR2F1
ERBAL3,NR2F1
SVP44,NR2F1
TCFCOUP1,NR2F1
TFCOUP1,NR2F1
FLJ42709,NR2F1-AS1
EAR-2,NR2F6
EAR2,NR2F6
ERBAL2,NR2F6
GFRP1,NR4A1
HMR,NR4A1
N10,NR4A1
NAK-1,NR4A1
NGFIB,NR4A1
NUR77,NR4A1
TR3,NR4A1
LNCMMPA,NR4A1AS
NR4A1-AS1,NR4A1AS
RP11-1100L3.8,NR4A1AS
HZF-3,NR4A2
NOT,NR4A2
NURR1,NR4A2
RNR1,NR4A2
TINUR,NR4A2
AD4BP,NR5A1
ELP,NR5A1
FTZ1,NR5A1
FTZF1,NR5A1
HSF-1,NR5A1
SF-1,NR5A1
SF1,NR5A1
N-RAS,NRAS
DYNLL1-AS1,NRAV
AHC,NR0B1
AHCH,NR0B1
DAX1,NR0B1
DSS,NR0B1
SHP,NR0B2
BCON3,NRBP1
MADM,NRBP1
MUDPNP,NRBP1
NRBP,NRBP1
BRAVO,NRCAM
KIAA0343,NRCAM
HNRD1,NRDC
HNRD2,NRDC
NRD1,NRDC
ALPHA-PAL,NRF1
EWG,NRF1
GGF,NRG1
HGL,NRG1
HRG,NRG1
NDF,NRG1
NRG1-IT2,NRG1
HRG4,NRG4
RC3,NRGN
DKFZP761G1913,NRIP2
C11ORF14,NRIP3
LNCCMPK2,NRIR
LNCRNA-CMPK2,NRIR
DKFZP686A17109,NRK
MRCC2446,NRN1L
UNQ2446,NRN1L
VEGF165R2,NRP2
ELLP3030,NRROS
GARPL1,NRROS
LRRC33,NRROS
MGC50789,NRROS
UNQ3030,NRROS
NTN,NRTN
HS.22998,NRXN1
KIAA0578,NRXN1
FLJ94393,NSA2
HCLG1,NSA2
HUSSY-29,NSA2
TINP1,NSA2
ARA267,NSD1
FLJ22263,NSD1
KMT3B,NSD1
STO,NSD1
D4S234E,NSG1
NEEP21,NSG1
P21,NSG1
C1ORF48,NSL1
DC8,NSL1
DKFZP566O1646,NSL1
MIS14,NSL1
NSE1,NSMCE1
CCDC55P1,NSRP1P1
FLJ22609,NSUN3
MGC22960,NSUN4
SHTAP,NSUN4
FLJ10267,NSUN5
NOL1R,NSUN5
NSUN5A,NSUN5
P120(NOL1),NSUN5
WBSCR20,NSUN5
WBSCR20A,NSUN5
YNL022CL,NSUN5
DKFZP434K058,NSUN5P2
FLJ11626,NSUN5P2
MGC15057,NSUN5P2
NOL1R2,NSUN5P2
NSUN5C,NSUN5P2
WBSCR20B,NSUN5P2
WBSCR20C,NSUN5P2
ARL5B-AS1,NSUN6
FLJ23743,NSUN6
NOPD1,NSUN6
FLJ14001,NSUN7
CDN,NT5C
DNT-1,NT5C
DNT1,NT5C
PN-I,NT5C
UMPH2,NT5C
CN-I,NT5C1A
CN-IA,NT5C1A
CN1,NT5C1A
CN1A,NT5C1A
MGC119199,NT5C1A
MGC119201,NT5C1A
AIRP,NT5C1B
CN-IB,NT5C1B
CN-II,NT5C2
GMP,NT5C2
NT5B,NT5C2
PNT5,NT5C2
SPG45,NT5C2
SPG65,NT5C2
CN-III,NT5C3A
HUMP1,NT5C3A
NT5C3,NT5C3A
P36,NT5C3A
P5'N-1,NT5C3A
PN-I,NT5C3A
POMP,NT5C3A
PSN1,NT5C3A
UMPH,NT5C3A
UMPH1,NT5C3A
CN-IIIB,NT5C3B
MGC20781,NT5C3B
NT5C3L,NT5C3B
FLJ12442,NT5DC2
CALJA,NT5E
CD73,NT5E
EN,NT5E
ENT,NT5E
NT5,NT5E
GLC1O,NTF4
NT-4/5,NTF4
NTF5,NTF4
NTH1,NTHL1
OCTS3,NTHL1
CEPU-1,NTM
HNT,NTM
IGLON2,NTM
NTRI,NTM
C11ORF39,NTM-AS1
FLJ45436,NTM-AS1
NTM-IT3,NTM-IT
C1ORF184,NTMT2
HOMT1B,NTMT2
METTL11B,NTMT2
KIAA0976,NTNG1
LMNT1,NTNG1
C1ORF57,NTPCR
HCR-NTPASE,NTPCR
MGC13186,NTPCR
THEP1,NTPCR
LINC01693,NTRAS
RP11-354K1.1,NTRAS
MTC,NTRK1
TRK,NTRK1
TRKA,NTRK1
TRKC,NTRK3
ARK5,NUAK1
KIAA0537,NUAK1
FLJ90349,NUAK2
SNARK,NUAK2
BS4,NUB1
NUB1L,NUB1
NYREN18,NUB1
CALNUC,NUCB1
NUC,NUCB1
NEFA,NUCB2
NUCKS,NUCKS1
DKFZP686E10109,NUDCD2
NUDCL2,NUDCD2
KIAA1068,NUDCD3
NUDCL,NUDCD3
MTH1,NUDT1
DIPP,NUDT3
NUDT4P1,NUDT4B
HYSAH1,NUDT5
YSA1H,NUDT5
FLJ41567,NUDT8
BA56M3.1,NUDT9P1
C10ORF98,NUDT9P1
MGC34007,NUDT9P1
SDOS,NUDT16L1
TIRR,NUDT16L1
FLJ20525,NUDT16L2P
NUDT16P,NUDT16L2P
NUDT16P1,NUDT16L2P
FLJ34433,NUDT17
RP2,NUDT19
CFIM25,NUDT21
CPSF5,NUDT21
182-FIP,NUFIP2
82-FIP,NUFIP2
FIP-82,NUFIP2
KIAA1321,NUFIP2
MGC117262,NUFIP2
NUFP2,NUFIP2
PIG1,NUFIP2
C8ORF80,NUGGC
HMFN0672,NUGGC
SLIP-GC,NUGGC
NUMA,NUMA1
C14ORF41,NUMB
CAG3A,NUMBL
CTG3A,NUMBL
NUMB-R,NUMBL
NUMBLIKE,NUMBL
NUMBR,NUMBL
TNRC23,NUMBL
MP44,NUP35
CG1,NUP42
HCG1,NUP42
H_RG271G13.9,NUP42
NLP_1,NUP42
NUPL2,NUP42
BA350J20.1,NUP43
FLJ13287,NUP43
DKFZP547L134,NUP62
FLJ20822,NUP62
FLJ43869,NUP62
IBSN,NUP62
MGC841,NUP62
P62,NUP62
SNDI,NUP62
FLJ12549,NUP85
NUP75,NUP85
MGC8530,NUP88
NUP196,NUP98
NUP96,NUP98
NUP98-96,NUP98
NUP98-NUP96,NUP98
FLJ10814,NUP133
FLJ22583,NUP160
KIAA0197,NUP160
FLJ22389,NUP210
GP210,NUP210
KIAA0906,NUP210
POM210,NUP210
C3ORF46,NUP210P1
CAIN,NUP214
CAN,NUP214
D9S46E,NUP214
N214,NUP214
NTF2,NUTF2
PP15,NUTF2
FAM22A-AS1,NUTM2A-AS1
BA119F19.1,NUTM2B
FAM22B,NUTM2B
FAM22HP,NUTM2HP
NVL2,NVL
BA353J17.1,NXF2B
RDCVF,NXNL1
TXNL6,NXNL1
FAM55A,NXPE1
MGC34290,NXPE1
FAM55B,NXPE2
FLJ25224,NXPE2
FAM55C,NXPE3
MGC15606,NXPE3
C7ORF51,NYAP1
FLJ37538,NYAP1
KIAA1486L,NYAP1
KIAA1486,NYAP2
IFI-4,OAS1
OIAS,OAS1
OIASI,OAS1
OASL1,OASL
P59OASL,OASL
TRIP14,OASL
AZ1,OAZ1
AZI,OAZ1
MGC138338,OAZ1
OAZ,OAZ1
HOBPIIA,OBP2A
LCN13,OBP2A
OBP,OBP2A
ARHGEF30,OBSCN
KIAA1556,OBSCN
KIAA1639,OBSCN
UNC89,OBSCN
C1ORF145,OBSCN-AS1
FLJ31994,OBSCN-AS1
KIAA0657,OBSL1
OCM1,OCM
CCDC114,ODAD1
CILD20,ODAD1
FLJ32926,ODAD1
DKFZP434H0115,ODAD4
TTC25,ODAD4
APIN,ODAM
FLJ20513,ODAM
ODC,ODC1
LNCRNA-MIF,ODC1-DT
ODC2,ODCP
CT134,ODF2
ODF84,ODF2
KIAA1229,ODF2L
CT135,ODF3
HSHIPPO,ODF3
SHIPPO1,ODF3
MGC48986,ODF3L1
C19ORF19,ODF3L2
FLJ40059,ODF3L2
C1ORF27,ODR4
FLJ20505,ODR4
ODR-4,ODR4
TTG1,ODR4
E1K,OGDH
KGD1,OGDH
OGDC-E1,OGDH
OGDH2,OGDH
FLJ13491,OGFOD2
FLJ37501,OGFOD2
DJ331H24.1,OGFRL1
HMMH,OGG1
HOGG1,OGG1
MUTM,OGG1
OGH1,OGG1
FLJ23071,OGT
HRNT1,OGT
MGC22921,OGT
O-GLCNAC,OGT
OGT1,OGT
CYRANO,OIP5-AS1
LINC-OIP5,OIP5-AS1
FLJ39116,OIT3
LZP,OIT3
GTPBP9,OLA1
PTD004,OLA1
NOE2,OLFM2
OLFC,OLFM2
NOE3,OLFM3
UNQ564,OLFML1
DKFZP586L151,OLFML2B
BA34D15.5,OLMALINC
C10ORF75,OLMALINC
FLJ12974,OLMALINC
HI-LNC80,OLMALINC
LINC00263,OLMALINC
NCRNA00263,OLMALINC
FLJ12460,OPA1
KIAA0567,OPA1
MGM1,OPA1
NPG,OPA1
NTG,OPA1
FLJ22187,OPA3
MGA3,OPA3
IGLON1,OPCML
OBCAM,OPCML
OPCM,OPCML
BCP,OPN1SW
BOP,OPN1SW
CBT,OPN1SW
ECPN,OPN3
ENCEPHALOPSIN,OPN3
ERO,OPN3
NMO-1,OPN3
PPP1R116,OPN3
DJ402H5.1,OPN5
NEUROPSIN,OPN5
TMEM13,OPN5
KOR,OPRK1
OPRK,OPRK1
FIP-2,OPTN
FIP2,OPTN
GLC1E,OPTN
HIP7,OPTN
HYPL,OPTN
NRP,OPTN
TFIIIA-INTP,OPTN
OR17-7,OR1A1
OR17-6,OR1A2
OR9-B,OR1B1
HSTPCR27,OR1C1
TPCR27,OR1C1
OLFR1,OR1D2
OR17-4,OR1D2
OR17-30,OR1D4
HGM071,OR1E1
OR13-66,OR1E1
OR17-2,OR1E1
OR17-32,OR1E1
OR1E5,OR1E1
OR1E6,OR1E1
OR1E9P,OR1E1
OR17-135,OR1E2
OR17-93,OR1E2
OR1E4,OR1E2
OLFMF,OR1F1
OR16-36,OR1F1
OR16-37,OR1F1
OR16-88,OR1F1
OR16-89,OR1F1
OR16-90,OR1F1
OR1F10,OR1F1
OR1F13P,OR1F1
OR1F4,OR1F1
OR1F5,OR1F1
OR1F6,OR1F1
OR1F7,OR1F1
OR1F8,OR1F1
OR1F9,OR1F1
OR3-145,OR1F1
HS6M1-35P,OR1F12P
OR1F12,OR1F12P
OR1F12Q,OR1F12P
OR17-209,OR1G1
OR1G2,OR1G1
OR19-20,OR1I1
OR1I1P,OR1I1
OR1I1Q,OR1I1
OR1L5,OR1L4
OR9-E,OR1L4
OR1L7,OR1L6
OR19-6,OR1M1
OR1-26,OR1N1
OR1N3,OR1N1
OR17-1,OR1R1P
OR1R2P,OR1R1P
OR1R3P,OR1R1P
OR20A1P,OR1R1P
OST034,OR1S1
HSDJ0798C17,OR2A9P
OR2A9,OR2A9P
OR2A28P,OR2A15P
OR2A20,OR2A20P
OR2AE2,OR2AE1
OR2AG3,OR2AG1
OR2AG2P,OR2AG2
OR2AJ1P,OR2AJ1
OR2AJ1Q,OR2AJ1
OR2AK1P,OR2AK2
OR2AP1P,OR2AP1
OR2C4,OR2C3
OR2C5P,OR2C3
OST742,OR2C3
HG27,OR2D2
OR11-610,OR2D2
OR2D1,OR2D2
HSHTPCRX02,OR2L1P
HTPCRX02,OR2L1P
OR2L1,OR2L1P
OR2L7P,OR2L1P
HSHTPCRH07,OR2L2
HTPCRH07,OR2L2
OR2L12,OR2L2
OR2L4P,OR2L2
OR2L11,OR2L5
OR2L5P,OR2L5
OR2L14,OR2L13
OR2M1,OR2M1P
OST037,OR2M1P
OR2M2Q,OR2M2
OST423,OR2M2
OR2M3P,OR2M3
OR2M6,OR2M3
OST003,OR2M3
HSHTPCRX18,OR2M4
HTPCRX18,OR2M4
OST710,OR2M4
TPCR100,OR2M4
OR2M5P,OR2M5
OST611,OR2S1P
OR2T8P,OR2T8
OR2V1P,OR2V1
OST265,OR2V1
OR2V3,OR2V2
OST713,OR2V2
OR2W3P,OR2W3
OR2W8P,OR2W3
OST718,OR2W3
OR2W5,OR2W5P
OST722,OR2W5P
OR2Z2,OR2Z1
OLFRA03,OR3A1
OR17-40,OR3A1
OR40,OR3A1
OLFRA04,OR3A2
OR17-228,OR3A2
OR228,OR3A2
OR17-137,OR3A3
OR17-16,OR3A3
OR17-201,OR3A3
OR3A6,OR3A3
OR3A7,OR3A3
OR3A8P,OR3A3
OR3A4,OR3A4P
OR4A16Q,OR4A16
OST208,OR4B1
HG449,OR4B2P
HSHTPCRX11,OR4C1P
HTPCRX11,OR4C1P
OR4C1,OR4C1P
OR4C8P,OR4C2P
OR4C17,OR4C4P
OR4C17P,OR4C4P
OR4C47P,OR4C4P
OR4C5P,OR4C5
OR4C5Q,OR4C5
OR4C11P,OR4C11
OR4D3,OR4D1
TPCR16,OR4D1
OR4D10P,OR4D10
OST711,OR4D10
OR4E1P,OR4E1
HS6M1-11,OR4F2P
OR4F2,OR4F2P
S191N21,OR4F2P
OR4F12,OR4F6
OR4F14,OR4F14P
OR4F11P,OR4F17
OR4F18,OR4F17
OR4F19,OR4F17
OLB,OR4G1P
OR4G8P,OR4G1P
OR4S2P,OR4S2
OST725,OR4S2
OR5A1P,OR5A1
OST181,OR5A1
OR5AC1P,OR5AC1
HSA1,OR5AC2
OR5AK3,OR5AK3P
OST073,OR5B2
OR5B13,OR5B3
OST129,OR5B3
OR5B12P,OR5B12
OR5B16,OR5B12
OST743,OR5B12
OST740,OR5BJ1P
OR5BS1,OR5BS1P
HRPK-465_F_21,OR5C1
OR5C2P,OR5C1
OR9-F,OR5C1
OR11-8B,OR5D3P
OR11-8C,OR5D3P
OR5D3,OR5D3P
OR5D4,OR5D3P
HSHTPCRX14,OR5H1
HTPCRX14,OR5H1
OR5H8P,OR5H8
HSHTPCRX10,OR5K1
HTPCRX10,OR5K1
OST050,OR5M1
OR11-199,OR5M11
OR5M15P,OR5M14P
OST730,OR5P4P
OR11-55,OR6A2
OR6A1,OR6A2
OR6A2P,OR6A2
OR6B2P,OR6B2
OR6B3P,OR6B3
OR6B3Q,OR6B3
OST267,OR6C1
OR6C67,OR6C2
OST709,OR6C3
OST731,OR6F1
OR6U1P,OR6U2P
OR6Y2,OR6Y1
HG513,OR7A1P
OLF4P,OR7A1P
OR19-3,OR7A1P
OR7A6P,OR7A1P
HG1003,OR7A2P
OLF4P,OR7A2P
OR19-18,OR7A2P
OR7A2,OR7A2P
OR7A7,OR7A2P
HTPCR2,OR7A5
HTPCRX19,OR7A17
OR19-5,OR7C1
OR7C4,OR7C1
FLJ38149,OR7D2
HTPCRH03,OR7D2
OR19-4,OR7D2
HG105,OR7D4
OR19-B,OR7D4
OR7D4P,OR7D4
HG94,OR7E2P
OR11-6,OR7E2P
OR7E51P,OR7E2P
OR7F2P,OR7E2P
OR11-11A,OR7E4P
OR7F4P,OR7E4P
OR11-2,OR7E11P
OR7E144P,OR7E11P
OR11-4,OR7E13P
OR11-5,OR7E14P
OR7E151P,OR7E14P
OR19-133,OR7E16P
OR19-9,OR7E16P
OR7E17P,OR7E16P
OR7E60P,OR7E16P
OR19-7,OR7E19P
OR7E65,OR7E19P
OR4DG,OR7E21P
OR7E127P,OR7E21P
OR7E49P,OR7E21P
OST035,OR7E21P
OR3.6,OR7E22P
OR6DG,OR7E22P
HSHT2,OR7E24
OR19-8,OR7E24
OR7E24P,OR7E24
OR7E24Q,OR7E24
CIT-B-440L2,OR7E25P
OR19-C,OR7E25P
OR1-51,OR7E26P
OR1-72,OR7E26P
OR1-73,OR7E26P
OR7E67P,OR7E26P
OR7E68P,OR7E26P
OR7E69P,OR7E26P
OR7E70P,OR7E26P
OR912-95,OR7E26P
HG84,OR7E41P
OR11-20,OR7E41P
OR7E50P,OR7E41P
OR7E95P,OR7E41P
OR7F6P,OR7E41P
OR8-126,OR7E41P
OR4-116,OR7E43P
MCEEP,OR7E46P
OST379,OR7E46P
OR2-53,OR7E62P
OR7E62,OR7E62P
OR7E63,OR7E62P
OR7E63P,OR7E62P
OR7E64,OR7E62P
OR7E64P,OR7E62P
OR7E82P,OR7E62P
OR11-9,OR7E87P
OR7E3P,OR7E87P
OR7F3P,OR7E87P
OR4D12P,OR7E103P
OST726,OR7E108P
OST721,OR7E109P
HG523,OR7E110P
HG674,OR7E110P
OR7E68P,OR7E110P
OR7E71P,OR7E110P
OR7E72P,OR7E110P
OR7E73P,OR7E110P
OR7E74P,OR7E110P
OR7E75P,OR7E110P
OR912-108,OR7E110P
OR912-109,OR7E110P
OR912-110,OR7E110P
OR912-46,OR7E110P
OST704,OR7E115P
OST716,OR7E117P
OST719,OR7E122P
PJCG6,OR7E125P
OR19-15,OR7G1
OR7G1P,OR7G1
OST260,OR7G2
OST085,OR7G3
OR11-561,OR8B1P
OR8B11P,OR8B1P
OR8B4P,OR8B4
TPCR85,OR8B8
OR8D3,OR8D1
OST004,OR8D1
HSTPCR25,OR8G1
OR8G1P,OR8G1
TPCR25,OR8G1
HSTPCR120,OR8G2P
OR8G2,OR8G2P
OR8G4,OR8G2P
ORL206,OR8G2P
ORL486,OR8G2P
TPCR120,OR8G2P
OR8G5P,OR8G5
OR8G6,OR8G5
HSHTPCRX06,OR9A1P
HTPCRX06,OR9A1P
OR9A1,OR9A1P
OR9A6P,OR9A3P
OR5BG1P,OR9M1P
OR9Q2P,OR9Q2
OR5J6P,OR9S24P
OR10A2P,OR10A2
OST363,OR10A2
OR10A4P,OR10A4
JCG6,OR10A5
OR10A1,OR10A5
OR11-403,OR10A5
OR10AD1P,OR10AD1
HTPCRX09,OR10D3
OR10D3P,OR10D3
OR10J6,OR10J6P
OR10P1P,OR10P1
OR10P2P,OR10P1
OR10P3P,OR10P1
OST701,OR10P1
OR10R2Q,OR10R2
OR10X1P,OR10X1
C14ORF15,OR11H2
OR11H2P,OR11H2
OR11H8P,OR11H2
OR11I2P,OR11I1P
OR13C7P,OR13C7
OST706,OR13C7
OR5AX1,OR14A2
OR5AX1P,OR14A2
OR5AT1,OR14A16
OR5BF1,OR14C36
OR5AY1,OR14K1
OR5AV1,OR14L1P
OR5AV1P,OR14L1P
OR51B1P,OR51B2
OR51C2P,OR51C1P
OR51C3P,OR51C1P
OST734,OR51C1P
OR51D1Q,OR51D1
GPR136,OR51E1
GPR164,OR51E1
OR51E1P,OR51E1
OR52A3P,OR51E1
PSGR,OR51E2
OR51F1P,OR51F1
OR51A12,OR51V1
HPFH1OR,OR52A1
OR52M1P,OR52M1
OR52M4,OR52M2P
OR52N5Q,OR52N5
OR52P1P,OR52P1
OR52W1P,OR52W1
OR55B2P,OR55B1P
OR55C1P,OR55B1P
OR56A3P,OR56A3
OR56A6,OR56A3
OR56A5P,OR56A5
OR56B2,OR56B2P
CRACM1,ORAI1
FLJ14466,ORAI1
TMEM142A,ORAI1
C7ORF19,ORAI2
CBCIP2,ORAI2
FLJ12474,ORAI2
FLJ14733,ORAI2
H_NH0514P08.8,ORAI2
TMEM142B,ORAI2
HSORC1,ORC1
ORC1L,ORC1
PARC1,ORC1
ORC2L,ORC2
HSORC4,ORC4
ORC4L,ORC4
ORC4P,ORC4
ORC5L,ORC5
ORC5P,ORC5
ORC5T,ORC5
PPP1R117,ORC5
ORC6L,ORC6
AGP-B,ORM2
AGP-B',ORM2
AGP2,ORM2
ERLEC2,OS9
OS-9,OS9
MGC71150,OSBPL7
ORP7,OSBPL7
C1ORF102,OSCP1
NOR1,OSCP1
OSGEPL,OSGEPL1
QRI7,OSGEPL1
C8ORF1,OSGIN2
HT41,OSGIN2
OSMRB,OSMR
OSMRBETA,OSMR
OSMR-AS1,OSMR-DT
GL,OSTM1
HSPC019,OSTM1
LOC653786,OTOAP1
DFNB6,OTOF
DFNB9,OTOF
FER1L2,OTOF
FLJ46346,OTOG
MLEMP,OTOG
OTGN,OTOG
C12ORF64,OTOGL
FLJ90579,OTOGL
C1QTNF15,OTOL1
C1QTNF16,OTOL1
OTOSP,OTOS
FLJ20113,OTUB1
FLJ40710,OTUB1
DUBA7,OTUD1
OTDC1,OTUD1
DUBA4,OTUD3
KIAA0459,OTUD3
DUBA6,OTUD4
HSHIN1,OTUD4
KIAA1046,OTUD4
CGI-77,OTUD6B
DUBA5,OTUD6B
GS1-251I9.4,OTUD6B-AS1
C15ORF16,OTUD7A
CEZANNE2,OTUD7A
OTUD7,OTUD7A
CEZANNE,OTUD7B
ZA20D1,OTUD7B
FAM105B,OTULIN
FLJ34884,OTULIN
FAM105A,OTULINL
FLJ11127,OTULINL
NET20,OTULINL
OTX2P,OTX2P1
LINC01131,OVAAL
OVAL,OVAAL
RMEL2,OVAAL
OVCH,OVCH1
OVTN,OVCH2
CHIT5,OVGP1
MUC9,OVGP1
HOVO1,OVOL1
HOVO3,OVOL3
FKSG25,OXCT2
FLJ00030,OXCT2
SCOT-T,OXCT2
OXCT2P,OXCT2P1
GPCR,OXER1
GPR170,OXER1
TG1019,OXER1
MGC15763,OXNAD1
OTR,OXTR
DFNA41,P2RX2
P2X2,P2RX2
P2X3,P2RX3
P2X4,P2RX4
LRH-1,P2RX5
P2X5,P2RX5
P2U,P2RY2
P2Y6,P2RY6
HORK3,P2RY12
P2Y12,P2RY12
SP1999,P2RY12
FKSG77,P2RY13
GPR86,P2RY13
GPR94,P2RY13
P2Y13,P2RY13
GPR105,P2RY14
KIAA0001,P2RY14
GROS1,P3H1
LEPRE1,P3H1
LEPRECAN,P3H1
MGC117314,P3H1
LEPREL1-AS1,P3H2-AS1
LEPREL4,P3H4
NO55,P3H4
SC65,P3H4
C-P4HALPHA(I),P4HA1
P4HA,P4HA1
DSI,P4HB
ERBA2L,P4HB
GIT,P4HB
P4HBETA,P4HB
PDI,P4HB
PDIA1,P4HB
PO4DB,P4HB
PO4HB,P4HB
PROHB,P4HB
EBP1,PA2G4
C9ORF42,PABIR1
FAM122A,PABIR1
MGC17347,PABIR1
FAM122C,PABIR3
RP3-473B4.1,PABIR3
PABP1,PABPC1P1
PABPCP1,PABPC1P1
PABP2,PABPC1P2
PABP4,PABPC1P2
PABPCP2,PABPC1P2
PABPCP4,PABPC1P2
PABPCP5,PABPC1P4
PABPL2,PABPC1P4
APP-1,PABPC4
IPABP,PABPC4
EPABP2,PABPN1L
ASOR,PACC1
C1ORF75,PACC1
FLJ10874,PACC1
PAC,PACC1
PAORAC,PACC1
TMEM206,PACC1
PACER,PACERR
PTGS2-AS1,PACERR
FLJ32724,PACRG
GLUP,PACRG
HAK005771,PACRG
PARK2CRG,PACRG
C4ORF28,PACRGL
MGC29898,PACRGL
SDPI,PACSIN1
SDPIII,PACSIN3
C16ORF53,PAGR1
GAS,PAGR1
MGC4606,PAGR1
PA1,PAGR1
PAK65,PAK2
PAKGAMMA,PAK2
BPAK,PAK3
HPAK3,PAK3
MRX30,PAK3
MRX47,PAK3
PAK5,PAK6
FANCN,PALB2
FLJ21816,PALB2
KIAA1274,PALD1
PALD,PALD1
CGI-151,PALLD
KIAA0992,PALLD
SIH002,PALLD
PALM2-AKAP2,PALM2AKAP2
C1ORF11,PALMD
FLJ20271,PALMD
PALML,PALMD
MPP6,PALS2
P55T,PALS2
VAM-1,PALS2
PAL,PAM
PHM,PAM
DKFZP586H2123,PAMR1
RAMP,PAMR1
HPAN2,PAN2
KIAA0710,PAN2
USP52,PAN2
PANDA,PANDAR
MGC24596,PANK1
PANK,PANK1
PANK1A,PANK1
PANK1B,PANK1
FLJ12899,PANK3
LINC-BRN1A,PANTR1
LINC-POU3F3,PANTR1
LINC01158,PANTR1
MRS1,PANX1
PX1,PANX1
UNQ2529,PANX1
MGC50452,PAPLN
PAPP-A2,PAPPA2
PAPPE,PAPPA2
PLAC3,PAPPA2
FLJ22672,PAQR6
PRDELTA,PAQR6
MPRA,PAQR7
MSR,PAQR7
PGLP,PAQR7
BLNC1,PAQR9
FLJ41938,PAQR9
ASIP,PARD3
BAZ,PARD3
BAZOOKA,PARD3
PAR3,PARD3
PARD3A,PARD3
PPP1R118,PARD3
PARD3-AS1,PARD3-DT
ALS2CR19,PARD3B
PAR3BETA,PARD3B
PAR3L,PARD3B
PAR-6,PARD6A
PAR-6A,PARD6A
PAR6ALPHA,PARD6A
TAX40,PARD6A
TIP-40,PARD6A
DJ-1,PARK7
DJ1,PARK7
GATD2,PARK7
ADPRT,PARP1
ARTD1,PARP1
PARP,PARP1
PARS,PARP1
POLY-PARP,PARP1
PPOL,PARP1
ADPRT3,PARP3
ADPRTL3,PARP3
ARTD3,PARP3
HPARP-3,PARP3
IRT1,PARP3
PADPRT-3,PARP3
ARTD9,PARP9
BAL,PARP9
BAL1,PARP9
ARTD7,PARP15
BAL3,PARP15
FLJ40597,PARP15
PART7,PARP15
C12ORF48,PARPBP
FLJ20641,PARPBP
PARI,PARPBP
DKFZP586D0823,PART1
NCRNA00206,PART1
PARTICLE,PARTICL
KIAA0135,PASK
PASKIN,PASK
STK37,PASK
PATE,PATE1
C11ORF38,PATE2
LVLF3112,PATE2
PATE-M,PATE2
UNQ3112,PATE2
HEL-127,PATE3
PATE-DJ,PATE3
FLJ41047,PATE4
PATE-B,PATE4
CIPP,PATJ
INADL,PATJ
PAX-2,PAX2
HUP2,PAX3
PAX-3,PAX3
WS1,PAX3
MODY9,PAX4
AN,PAX6
AN1,PAX6
AN2,PAX6
D11S812E,PAX6
WAGR,PAX6
PAX-8,PAX8
CAGF28,PAXIP1
CAGF29,PAXIP1
PAXIP1L,PAXIP1
PTIP,PAXIP1
TNRC2,PAXIP1
PAXIP1OS,PAXIP1-AS2
PAXIP1-AS1,PAXIP1-DT
CT84,PBK
FLJ14385,PBK
NORI-3,PBK
SPK,PBK
TOPK,PBK
BAF180,PBRM1
PB1,PBRM1
SMARCH1,PBRM1
HPIP,PBXIP1
PCB,PC
C2ORF71,PCARE
FLJ34931,PCARE
RP54,PCARE
PCA1,PCAT1
PCAT-1,PCAT1
PIHL,PCAT1
KDM5B-AS1,PCAT6
KDM5BAS1,PCAT6
NCRNA-A2,PCAT6
ONCO-LNCRNA-96,PCAT6
PCAN-R1,PCAT6
PCAN-R2,PCAT7
LINC01190,PCAT19
LOC100505495,PCAT19
HNRNP-E1,PCBP1
HNRNP-X,PCBP1
HNRPE1,PCBP1
HNRPX,PCBP1
HNRNP-E2,PCBP2
HNRNPE2,PCBP2
HNRPE2,PCBP2
TUC.338,PCBP2-OT1
TUC338,PCBP2-OT1
UC.338,PCBP2-OT1
LIP4,PCBP4
MCG10,PCBP4
BH-PCDH,PCDH7
PPP1R120,PCDH7
CDHR15,PCDH15
DFNB23,PCDH15
USH1F,PCDH15
EFMR,PCDH19
EIEE9,PCDH19
KIAA1313,PCDH19
PCDH-GAMMA-A1,PCDHGA1
PCDH-GAMMA-A2,PCDHGA2
PCDH-GAMMA-A3,PCDHGA3
PCDH-GAMMA-A4,PCDHGA4
CDH-GAMMA-A5,PCDHGA5
ME3,PCDHGA5
PCDH-GAMMA-A5,PCDHGA5
PCDH-GAMMA-A6,PCDHGA6
PCDH-GAMMA-A7,PCDHGA7
KIAA0327,PCDHGA8
PCDH-GAMMA-A8,PCDHGA8
PCDH-GAMMA-A9,PCDHGA9
PCDH-GAMMA-A10,PCDHGA10
PCDH-GAMMA-A11,PCDHGA11
CDH21,PCDHGA12
FIB3,PCDHGA12
KIAA0588,PCDHGA12
PCDH-GAMMA-A12,PCDHGA12
PCDH-GAMMA-B1,PCDHGB1
PCDH-GAMMA-B2,PCDHGB2
PCDH-GAMMA-B3,PCDHGB3
CDH20,PCDHGB4
FIB2,PCDHGB4
PCDH-GAMMA-B4,PCDHGB4
PCDH-GAMMA-B5,PCDHGB5
PCDH-GAMMA-B6,PCDHGB6
ME6,PCDHGB7
PCDH-GAMMA-B7,PCDHGB7
PCDH-PSI3,PCDHGB8P
PSI6,PCDHGB9P
PC-43,PCDHGC3
PC43,PCDHGC3
PCDH-GAMMA-C3,PCDHGC3
PCDH2,PCDHGC3
PCDH-GAMMA-C4,PCDHGC4
PCDH-GAMMA-C5,PCDHGC5
KIAA0824,PCF11
ENST00000602322.1,PCF11-AS1
MGC10882,PCGF1
NSPC1,PCGF1
RNF68,PCGF1
DONG1,PCGF3
FLJ36550,PCGF3
MGC40413,PCGF3
RNF3,PCGF3
RNF3A,PCGF3
MGC16202,PCGF5
RNF159,PCGF5
PTC4,PCM1
P1PCNA,PCNAP1
FLJ11383,PCNX2
KIAA0435,PCNX2
PCNXL2,PCNX2
FLJ22427,PCNX3
PCNXL3,PCNX3
PCPE2,PCOLCE2
IQM1,PCP4L1
DKFZP434B217,PCSK4
MGC34749,PCSK4
PC4,PCSK4
SPC5,PCSK4
PC5,PCSK5
PC6,PCSK5
SPC6,PCSK5
LPC,PCSK7
PC7,PCSK7
PC8,PCSK7
SPC7,PCSK7
FH3,PCSK9
HCHOLA3,PCSK9
NARC-1,PCSK9
KIAA0908,PCYOX1
PCL1,PCYOX1
MGC3265,PCYOX1L
ET,PCYT2
HASPP28,PDAP1
PAP,PDAP1
PAP1,PDAP1
MEKA,PDC
B7-DC,PDCD1LG2
BA574F11.2,PDCD1LG2
BTDC,PDCD1LG2
CD273,PDCD1LG2
PD-L2,PDCD1LG2
PDL2,PDCD1LG2
MGC9294,PDCD5
TFAR19,PDCD5
ALG-2,PDCD6
PEF1B,PDCD6
HRAT5,PDCD6-DT
CCM3,PDCD10
TFAR15,PDCD10
GCPHLP,PDCL2
CGI-PDE,PDE3A
DPDE4,PDE4B
DPDE1,PDE4C
DPDE3,PDE4D
CMYA2,PDE4DIP
KIAA0454,PDE4DIP
KIAA0477,PDE4DIP
MMGL,PDE4DIP
PDEA,PDE6A
RP43,PDE6A
CSNB3,PDE6B
CSNBAD2,PDE6B
PDEB,PDE6B
RD1,PDE6B
RP40,PDE6B
JBTS22,PDE6D
2'-PDE,PDE12
3635,PDE12
DKFZP667B1218,PDE12
PDGF-A,PDGFA
PDGF1,PDGFA
HRAT92,PDGFA-DT
FALLOTEIN,PDGFC
SCDGF,PDGFC
PRLTS,PDGFRL
E1BETA,PDHB
PDHE1B,PDHB
DLDBP,PDHX
E3BP,PDHX
OPDX,PDHX
PDX1,PDHX
PROX,PDHX
ERP57,PDIA3
ERP60,PDIA3
ERP61,PDIA3
GRP57,PDIA3
GRP58,PDIA3
HST17083,PDIA3
P58,PDIA3
PI-PLC,PDIA3
GRP58P,PDIA3P1
PDIA3P,PDIA3P1
ERP70,PDIA4
ERP72,PDIA4
ERP5,PDIA6
P5,PDIA6
TXNDC7,PDIA6
PDIA7,PDILT
PDHK2,PDK2
CLIM1,PDLIM1
CLP-36,PDLIM1
CLP36,PDLIM1
HCLIM1,PDLIM1
PDLIM1P,PDLIM1P1
ALP,PDLIM3
ENIGMA,PDLIM7
KIAA1348,PDP2
PPM2B,PDP2
PPM2C2,PDP2
AGGRUS,PDPN
D2-40,PDPN
GP38,PDPN
GP40,PDPN
PA2.26,PDPN
T1A-2,PDPN
KIAA0648,PDS5A
PIG54,PDS5A
SCC-112,PDS5A
COQ1,PDSS1
COQ1A,PDSS1
TPRT,PDSS1
TPT,PDSS1
DKFZP761H1120,PDXDC2P
PDXDC2,PDXDC2P
CAP70,PDZK1
CLAMP,PDZK1
NAPI-CAP1,PDZK1
NHERF3,PDZK1
PDZD1,PDZK1
DD96,PDZK1IP1
MAP17,PDZK1IP1
SPAP,PDZK1IP1
OTTHUMG00000074107,PDZK1P1
OTTHUMT00000038524,PDZK1P1
PDZK1P2,PDZK1P1
HMAT1,PEA15
HUMMAT1H,PEA15
MAT1,PEA15
MAT1H,PEA15
PEA-15,PEA15
PED,PEA15
PED-PEA15,PEA15
PED/PEA15,PEA15
C19ORF35,PEAK3
FLJ45778,PEAK3
FLJ00193,PEAR1
JEDI,PEAR1
MEGF12,PEAR1
CD31,PECAM1
HSA250303,PECR
SDR29C1,PECR
TERP,PECR
PEF1A,PEF1
KIAA0287,PEG3
ZKSCAN22,PEG3
ZNF904,PEG3
ZSCAN24,PEG3
MGC35521,PELI3
CTD-2288O8.1,PELO-AS1
MNAR,PELP1
KIAA0347,PER2
C1ORF170,PERM1
MGC13275,PERM1
RP11-54O7.8,PERM1
RP11-284P20.2,PES1P2
C19ORF79,PET100
PEX5R,PEX5L
PXR2,PEX5L
TRIP8B,PEX5L
PEX11B,PEX11B
PEX11BETA,PEX11B
D1S2223E,PEX19
HK33,PEX19
PMP1,PEX19
PMPI,PEX19
PXF,PEX19
PXMP1,PEX19
CXCL4,PF4
SCYB4,PF4
CXCL4L1,PF4V1
CXCL4V1,PF4V1
SCYB4V1,PF4V1
PFRX,PFKFB1
PFK-1,PFKM
PFKX,PFKM
PPP1R122,PFKM
PFK-C,PFKP
PFKF,PFKP
C1ORF152,PFN1P2
COAS3,PFN1P2
PFN1P5,PFN1P4
PFN1P7,PFN1P6
BXLBV68,PGAM5
MGC5352,PGAM5
BST1,PGAP1
FLJ12377,PGAP1
SPG67,PGAP1
CWH43-N,PGAP2
FRAG1,PGAP2
MRT17,PGAP2
MRT21,PGAP2
M83,PGAP6
TMEM6,PGAP6
TMEM8,PGAP6
TMEM8A,PGAP6
DJ874C20.4,PGBD1
HUCEP-4,PGBD1
SCAND4,PGBD1
DKFZP761A0620,PGBD5
FLJ11413,PGBD5
PGCP1,PGBP
ATHL1,PGGHG
FLJ22635,PGGHG
6PGL,PGLS
PGLYRPIALPHA,PGLYRP3
PGRP-IALPHA,PGLYRP3
PGRPIA,PGLYRP3
PGLYRPIBETA,PGLYRP4
PGRP-IBETA,PGLYRP4
PGRPIB,PGLYRP4
SBBI67,PGLYRP4
FLJ10983,PGM2
BM32A,PGM2L1
FLJ32029,PGM2L1
AGM1,PGM3
DKFZP434B187,PGM3
PAGM,PGM3
AK096159,PGM5P2
FAM233B,PGM5P3-AS1
FAM233C,PGM5P4-AS1
NR3C3,PGR
PR,PGR
DG6,PGRMC2
PMBP,PGRMC2
DKFZP762M186,PGS1
DJ257A7.2,PHACTR1
KIAA1733,PHACTR1
RPEL1,PHACTR1
C6ORF56,PHACTR2
KIAA0680,PHACTR2
PHB,PHB1
PHBP2,PHB1P2
PHBP5,PHB1P5
PHBP6,PHB1P6
PHBP8,PHB1P8
PHBP9,PHB1P9
PHBP10,PHB1P10
PHBP11,PHB1P11
PHBP15,PHB1P15
PHBP18,PHB1P18
PHBP19,PHB1P19
PHBP21,PHB1P21
BAP37,PHB2
BCAP37,PHB2
P22,PHB2
REA,PHB2
PHC1B,PHC1P1
EDR2,PHC2
HPH2,PHC2
FAM109A,PHETA1
FLJ32356,PHETA1
IPIP27A,PHETA1
SES1,PHETA1
CENP-35,PHF2
JHDM1E,PHF2
KDM7C,PHF2
KIAA0662,PHF2
PHF5EP,PHF5AP3
PHF5GP,PHF5AP5
HSPC226,PHF7
NYD-SP6,PHF7
KIAA1523,PHF12
PF1,PHF12
MGC43399,PHF13
BHC80,PHF21A
BM-006,PHF21A
KIAA1696,PHF21A
FLJ16355,PHF23
MGC2941,PHF23
KIAA1045,PHF24
PDG,PHGDH
PGDH,PHGDH
SERA,PHGDH
BRWD2,PHIP
DCAF14,PHIP
FLJ20705,PHIP
NDRP,PHIP
WDR11,PHIP
PHKG,PHKG1
DT1P1B11,PHLDA1
PHRIP,PHLDA1
TDAG51,PHLDA1
TIH1,PHLDA3
FLJ00141,PHLDB1
KIAA0638,PHLDB1
LL5A,PHLDB1
FLJ21791,PHLDB2
LL5B,PHLDB2
LL5BETA,PHLDB2
FLJ40193,PHLDB3
KIAA0931,PHLPP2
PHLPPL,PHLPP2
PPM3B,PHLPP2
MGC22679,PHOSPHO2
NBPHOX,PHOX2B
PMX2B,PHOX2B
DKFZP434D166,PHTF2
PAHX,PHYH
PHYH1,PHYH
RD,PHYH
AGXT2L2,PHYKPL
MGC15875,PHYKPL
DKFZP761G1923,PI4K2A
PI4KII,PI4K2A
PIK42A,PI4K2A
PI4K-BETA,PI4KB
PI4K92,PI4KB
PIK4CB,PI4KB
CD364,PI16
DJ90K10.5,PI16
MGC45378,PI16
MSMBBP,PI16
C12ORF53,PIANP
DKFZP547D2210,PIANP
PANP,PIANP
FLJ14651,PIAS3
ZMIZ5,PIAS3
FLJ12419,PIAS4
PIASG,PIAS4
PIASY,PIAS4
ZMIZ6,PIAS4
CALM,PICALM
CLTH,PICALM
FLJ20701,PID1
NYGGF4,PID1
DKFZP434D229,PIDD1
LRDD,PIDD1
MGC16925,PIDD1
PIDD,PIDD1
C9ORF116,PIERCE1
MGC29761,PIERCE1
RBEST47,PIERCE1
C15ORF65,PIERCE2
FLJ27352,PIERCE2
C15ORF20,PIF1
FLJ22692,PIF1
GPI2,PIGC
PIG-C,PIGC
PIG-F,PIGF
PIG-L,PIGL
DKFZP434M222,PIGO
FLJ00135,PIGO
PIG-O,PIGO
PIG-S,PIGS
FLJ20477,PIGV
GPI-MT-II,PIGV
PIG-V,PIGV
FLJ20522,PIGX
PIG-X,PIGX
FLJ12768,PIGZ
GPI-MT-IV,PIGZ
HSMP3,PIGZ
MGC52163,PIGZ
PIG-Z,PIGZ
SMP3,PIGZ
DNAAF15,PIH1D2
PI3K-C2ALPHA,PIK3C2A
C2-PI3K,PIK3C2B
PI3K-C2BETA,PIK3C2B
PI3K,PIK3CA
P110D,PIK3CD
C1ORF200,PIK3CD-AS1
GRB1,PIK3R1
P85,PIK3R1
P85-ALPHA,PIK3R1
P85ALPHA,PIK3R1
P55,PIK3R3
P150,PIK3R4
VPS15,PIK3R4
P101,PIK3R5
P101-PI3K,PIK3R5
FDF03,PILRA
FDFACT1,PILRB
FDFACT2,PILRB
PIM,PIM1
PIN1L,PIN1P1
EPVH,PIN4
PAR14,PIN4
PAR17,PIN4
BRPK,PINK1
PARK6,PINK1
FLJ00387,PINK1-AS
NAPINK1,PINK1-AS
PINK1-AS1,PINK1-AS
PINK1AS,PINK1-AS
DKFZP762O076,PIP4P2
TMEM55A,PIP4P2
MSS4,PIP5K1B
STM7,PIP5K1B
KIAA0589,PIP5K1C
LCCS3,PIP5K1C
PIP5KGAMMA,PIP5K1C
LPIPOX,PIPOX
NCRNA00195,PISRT1
C1ORF128,PITHD1
HT014,PITHD1
TXNL1CL,PITHD1
PITPN,PITPNA
VIB1A,PITPNA
RDGB-BETA,PITPNC1
RDGBB,PITPNC1
RDGBB1,PITPNC1
DRES9,PITPNM1
NIR2,PITPNM1
PITPNM,PITPNM1
RD9,PITPNM1
RDGB,PITPNM1
RDGB1,PITPNM1
RDGBA1,PITPNM1
NIR3,PITPNM2
RDGB2,PITPNM2
RDGBA2,PITPNM2
BFT,PITX1
POTX,PITX1
PTX1,PITX1
C5ORF66,PITX1-AS1
ARP1,PITX2
BRX1,PITX2
IGDS,PITX2
IHG2,PITX2
IRID2,PITX2
OTLX2,PITX2
RGS,PITX2
RIEG,PITX2
RIEG1,PITX2
RS,PITX2
ASMD,PITX3
FLJ36156,PIWIL4
HIWI2,PIWIL4
MIWI2,PIWIL4
DFNB59,PJVK
PBP,PKD1
PC-1,PKD1
TRPP1,PKD1
PRO19563,PKD1L1
C7ORF69,PKD1L1-AS1
FLJ21075,PKD1L1-AS1
KIAA1879,PKD1L2
PCL,PKD2L1
PKD2L,PKD2L1
PKDL,PKD2L1
TRPP3,PKD2L1
TRPP5,PKD2L2
PRKACN1,PKIA
PRKACN2,PKIB
OIP3,PKM
PK3,PKM
PKM2,PKM
THBP1,PKM
B6P,PKP1
P0071,PKP4
PLA2,PLA2G1B
PLA2A,PLA2G1B
PPLA2,PLA2G1B
PLA2B,PLA2G2A
PLA2L,PLA2G2A
UBXN10-AS1,PLA2G2C
CPLA2-ALPHA,PLA2G4A
PLA2G4,PLA2G4A
CPLA2-GAMMA,PLA2G4C
CPLA2DELTA,PLA2G4D
FLJ45651,PLA2G4E
PLA2G4F/Z,PLA2G4F
PLA2G13,PLA2G12B
ADPLA,PLAAT3
H-REV107-1,PLAAT3
HRASLS3,PLAAT3
HREV107,PLAAT3
HREV107-3,PLAAT3
MGC118754.,PLAAT3
PLA2G16,PLAAT3
PLAAT-3,PLAAT3
HRASLS5,PLAAT5
HRLP5,PLAAT5
INAT,PLAAT5
PLAAT-5,PLAAT5
LOT1,PLAGL1
ZAC,PLAGL1
FLJ30866,PLB1
PLB,PLB1
FLJ22662,PLBD1
P76,PLBD2
DKFZP434C1372,PLCH1
KIAA1069,PLCH1
MGC117152,PLCH1
PLCETA1,PLCH1
PLCL3,PLCH1
PLC-L,PLCL1
PLCE,PLCL1
PLCL,PLCL1
PPP1R127,PLCL1
PRIP,PLCL1
FLJ31579,PLCXD2
HU-K4,PLD3
FLJ40773,PLD5
P47,PLEK
PLEK1,PLEK
FAPP1,PLEKHA3
PEPP1,PLEKHA4
FLJ10667,PLEKHA5
KIAA1686,PLEKHA5
PEPP2,PLEKHA5
KIAA0969,PLEKHA6
PEPP3,PLEKHA6
DKFZP686M22243,PLEKHA7
FAPP2,PLEKHA8
MGC3358,PLEKHA8
FLJ14156,PLEKHA8P1
PLEKHA9,PLEKHA8P1
EVT2,PLEKHB2
FLJ20783,PLEKHB2
APPD,PLEKHF1
MGC4090,PLEKHF1
PHAFIN1,PLEKHF1
ZFYVE15,PLEKHF1
FLJ13187,PLEKHF2
PHAFIN2,PLEKHF2
ZFYVE18,PLEKHF2
ARHGEF41,PLEKHG1
KIAA1209,PLEKHG1
ARHGEF44,PLEKHG4
DKFZP434I216,PLEKHG4
SCA4,PLEKHG4
KIAA1909,PLEKHG4B
GEF720,PLEKHG5
KIAA0720,PLEKHG5
SYX,PLEKHG5
TECH,PLEKHG5
FLJ10665,PLEKHG6
MYOGEF,PLEKHG6
C12ORF74,PLEKHG7
FLJ46688,PLEKHG7
KIAA2028,PLEKHH2
PLEKHH1L,PLEKHH2
FLJ21019,PLEKHH3
FLJ10297,PLEKHJ1
LOC440456,PLEKHM1P1
PLEKHM1P,PLEKHM1P1
KIAA0842,PLEKHM2
DKFZP434H2010,PLEKHN1
CKIP-1,PLEKHO1
OC120,PLEKHO1
DKFZP761K2312,PLEKHO2
PLEKHQ1,PLEKHO2
PP1628,PLEKHO2
PP9099,PLEKHO2
PLGLA1,PLGLA
PLGP2,PLGLA
PLGL,PLGLB1
PRP-B,PLGLB1
AD025,PLGRKT
C9ORF46,PLGRKT
FLJ14688,PLGRKT
MDS030,PLGRKT
PLG-RKT,PLGRKT
M6PRBP1,PLIN3
PP17,PLIN3
TIP47,PLIN3
KIAA1881,PLIN4
S3-12,PLIN4
SNK,PLK2
CNK,PLK3
FNK,PLK3
PRK,PLK3
SAK,PLK4
STK18,PLK4
PLK5P,PLK5
SGK384PS,PLK5
PMLP,PLLP
TM4SF11,PLLP
LH1,PLOD1
LLH,PLOD1
PLOD,PLOD1
LH2,PLOD2
TLH,PLOD2
PROSC,PLPBP
FLJ46512,PLPP6
FLJ90191,PLPP6
PDP1,PLPP6
PPAPDC2,PLPP6
LPPR2,PLPPR2
PRG-4,PLPPR2
KIAA0455,PLPPR4
LPPR4,PLPPR4
PHP1,PLPPR4
PRG-1,PLPPR4
LPPR5,PLPPR5
PAP2,PLPPR5
PAP2D,PLPPR5
PRG5,PLPPR5
CWC1,PLRG1
PRL1,PLRG1
PRP46,PLRG1
PRPF46,PLRG1
TANGO4,PLRG1
MMTRA1B,PLSCR1
FELS,PLVAP
GP68,PLVAP
PV-1,PLVAP
PV1,PLVAP
TEM3,PLXDC1
TEM7,PLXDC1
NOV,PLXNA1
PLXN1,PLXNA1
FLJ11751,PLXNA2
FLJ30634,PLXNA2
KIAA0463,PLXNA2
OCT,PLXNA2
PLXN2,PLXNA2
DKFZP434G0625PRO34003,PLXNA4
FAYV2820,PLXNA4
KIAA1550,PLXNA4
PLXNA4A,PLXNA4
PLXNA4B,PLXNA4
KIAA0407,PLXNB1
PLXN5,PLXNB1
SEP,PLXNB1
KIAA0620,PLXND1
CPS1,PM20D1
FLJ32569,PM20D1
ACY1L2,PM20D2
BA63L7.3,PM20D2
MCH,PMCH
D12S53E,PMEL
GP100,PMEL
HMB-45,PMEL
HMB45,PMEL
ME20,PMEL
PMEL17,PMEL
SI,PMEL
SIL,PMEL
SILV,PMEL
IFITMD9,PMIS2
CDG1,PMM2
CDG1A,PMM2
CDGS,PMM2
PMI,PMM2
PMI1,PMM2
ALPHA-MPP,PMPCA
CLA1,PMPCA
INPP5E,PMPCA
KIAA0123,PMPCA
MAS2,PMPCA
SCAR2,PMPCA
BETA-MPP,PMPCB
MAS1,PMPCB
MPPB,PMPCB
MPPP52,PMPCB
MLH2,PMS1
PMSL1,PMS1
HNPCC4,PMS2
H_DJ0042M02.9,PMS2
MLH4,PMS2
PMS-2,PMS2
PMSL2,PMS2
PMS2P13,PMS2CL
PMS2L1,PMS2P1
PMS2L13,PMS2P1
PMS2L6,PMS2P1
PMS2L7,PMS2P1
PMS2L8,PMS2P1
PMS3,PMS2P1
PMS8,PMS2P1
PMSR1,PMS2P1
PMSR2,PMS2P1
PMS2L2,PMS2P2
PMS4,PMS2P2
PMS2L3,PMS2P3
PMS2L9,PMS2P3
PMS5,PMS2P3
PMSR3,PMS2P3
PMS2L4,PMS2P4
PMS6,PMS2P4
MGC34222,PMS2P5
PMS2L5,PMS2P5
PMS7,PMS2P5
PMS2L14,PMS2P6
PMS2L15,PMS2P7
PMS2LP2,PMS2P7
PMSR7,PMS2P7
PMS2L16,PMS2P8
PMS2L10,PMS2P10
PMSR4,PMS2P10
PMS2L12,PMS2P12
PMSL12,PMS2P12
HUMPMKI,PMVK
PMK,PMVK
PMKA,PMVK
BRP17,PNKD
DKFZP564N1362,PNKD
DYT8,PNKD
FKSG19,PNKD
FPD1,PNKD
KIAA1184,PNKD
KIPP1184,PNKD
MGC31943,PNKD
MR-1,PNKD
MR-1S,PNKD
PDC,PNKD
PKND1,PNKD
TAHCCP2,PNKD
PL,PNLIP
MA1,PNMA1
N/OFQ,PNOC
NOP,PNOC
PPNOC,PNOC
PDXPO,PNPO
B4-2,PNRC1
PROL2,PNRC1
PRR2,PNRC1
DKFZP434C245,POC1A
WDR51A,POC1A
FLJ14923,POC1B
TUWD12,POC1B
WDR51B,POC1B
RP11-734K2.4,POC1B-AS1
C5ORF37,POC5
FLJ35779,POC5
HPOC5,POC5
MGC120442,POC5
MGC120443,POC5
MGC120444,POC5
MGC24995,PODN
PCAN,PODN
PODOCAN,PODN
SLRR5A,PODN
ENDOGLYCAN,PODXL2
PODLX2,PODXL2
BASS2,POGK
KIAA15131,POGK
KRBOX2,POGK
LST003,POGK
KDELC2,POGLUT3
MGC33424,POGLUT3
KIAA0461,POGZ
ZNF280E,POGZ
ZNF635,POGZ
FLJ21662,POLA2
CDC2,POLD1
POLD,POLD1
POLE1,POLE
DPE2,POLE2
POLG1,POLG
POLGA,POLG
HP55,POLG2
MTPOLB,POLG2
ORF-Y,POLGARF
DINB1,POLK
DINP,POLK
POLQ,POLK
POLH,POLQ
DKFZP586M0122,POLR1A
FLJ21915,POLR1A
RPA1,POLR1A
RPA190,POLR1A
RPO1-4,POLR1A
FLJ10816,POLR1B
FLJ21921,POLR1B
RPA135,POLR1B
RPA2,POLR1B
RPO1-2,POLR1B
A43,POLR1F
RPA43,POLR1F
TWISTNB,POLR1F
A34.5,POLR1G
ASE-1,POLR1G
CAST,POLR1G
CD3EAP,POLR1G
PAF49,POLR1G
RPA34,POLR1G
RPB4,POLR2D
HRPB25,POLR2E
HSRPB5,POLR2E
RPABC1,POLR2E
RPB5,POLR2E
XAP4,POLR2E
RPB8,POLR2H
HRPB14.5,POLR2I
RPB9,POLR2I
HRPB14,POLR2J
POLR2J1,POLR2J
RPB11,POLR2J
RPB11A,POLR2J
RPB11M,POLR2J
RPB11B1,POLR2J2
MGC13098,POLR2J4
GDOWN,POLR2M
GDOWN1,POLR2M
GRINL1A,POLR2M
GCOM2,POLR2MP1
GLURR2,POLR2MP1
GRINL1B,POLR2MP1
C160,POLR3A
HRPC155,POLR3A
RPC1,POLR3A
RPC155,POLR3A
C82,POLR3C
RPC3,POLR3C
RPC62,POLR3C
FLJ32422,POLR3GL
MGC3200,POLR3GL
C11,POLR3K
RPC11,POLR3K
APOLMT,POLRMT
H-MTRPOL,POLRMT
MTRNAP,POLRMT
MTRPOL,POLRMT
POLRMTL,POLRMTP1
DKFZP586G1822,POM121
DKFZP586P2220,POM121
KIAA0618,POM121
POM121A,POM121
POM121-L,POM121L2
BA239L20.2,POM121L6P
ACTH,POMC
CLIP,POMC
LPH,POMC
MSH,POMC
NPP,POMC
POC,POMC
FLJ20277,POMGNT1
LGMD2O,POMGNT1
MEB,POMGNT1
MGAT1.2,POMGNT1
AGO61,POMGNT2
C3ORF39,POMGNT2
FLJ14566,POMGNT2
GTDC2,POMGNT2
POP2,POPDC2
CYPOR,POR
FLJ26468,POR
A26C1,POTEE
A26C1A,POTEE
CT104.2,POTEE
POTE-2,POTEE
POTE2,POTEE
POTE2GAMMA,POTEE
A26C1B,POTEF
POTE2ALPHA,POTEF
POTEACTIN,POTEF
POTE2BETA,POTEI
POTE2BETA,POTEJ
ACT,POTEM
P704P,POTEM
POTE14BETA,POTEM
GHF-1,POU1F1
PIT-1,POU1F1
PIT1,POU1F1
POU1F1A,POU1F1
BOB1,POU2AF1
OBF1,POU2AF1
OCA-B,POU2AF1
C11ORF53,POU2AF2
MGC50104,POU2AF2
OCA-T1,POU2AF2
C11ORF93,POU2AF3
CASC13,POU2AF3
COLCA2,POU2AF3
OCA-T2,POU2AF3
OCT2,POU2F2
OTF2,POU2F2
OCT6,POU3F1
OTF6,POU3F1
SCIP,POU3F1
OTF3C,POU5F1B
OTF3P1,POU5F1B
POU5F1P1,POU5F1B
OTF3L,POU5F1P3
POU5F1L,POU5F1P3
POU5FLC12,POU5F1P3
OCT4-PG4,POU5F1P4
POU5FLC1,POU5F1P4
FLJ25680,POU5F2
SPRM-1,POU5F2
BRN5,POU6F1
MPOU,POU6F1
TCFB1,POU6F1
NR1C3,PPARG
PPARG1,PPARG
PPARG2,PPARG
PPARGAMMA,PPARG
GPAT,PPAT
PRAT,PPAT
B-TG1,PPBP
BETA-TG,PPBP
CTAP3,PPBP
CTAPIII,PPBP
CXCL7,PPBP
LA-PF4,PPBP
LDGF,PPBP
MDGF,PPBP
NAP-2,PPBP
NAP-2-L1,PPBP
PBP,PPBP
SCYB7,PPBP
TGB,PPBP
TGB1,PPBP
THBGB1,PPBP
FLJ14585,PPCDC
MDS018,PPCDC
FLJ11838,PPCS
PPP7CB,PPEF2
KIAA0654,PPFIA3
LPNA3,PPFIA3
MGC126567,PPFIA3
MGC126569,PPFIA3
HSGT2,PPFIBP1
HSGT2P,PPFIBP1
L2,PPFIBP1
SGT2,PPFIBP1
CCLP1,PPFIBP2
PPIP3,PPIAP13
PPIP6,PPIAP16
BA108K1.2,PPIAP19
CYP-33,PPIE
MGC111222,PPIE
MGC3736,PPIE
CARS-CYP,PPIG
SCAF10,PPIG
SRCYP,PPIG
CYP-20,PPIH
CYPH,PPIH
MGC5016,PPIH
SNUCYP-20,PPIH
USA-CYP,PPIH
CYPL1,PPIL1
CYPJ,PPIL3
BA425D10.6,PPIL6
DJ919F19.1,PPIL6
MGC41939,PPIL6
RSPH12,PPIL6
HISPPD2A,PPIP5K1
IPS1,PPIP5K1
KIAA0377,PPIP5K1
VIP1,PPIP5K1
CFAP160,PPIP5K2
DFNB100,PPIP5K2
HISPPD1,PPIP5K2
KIAA0433,PPIP5K2
VIP2,PPIP5K2
PP2C-DELTA,PPM1D
WIP1,PPM1D
CAMKP-N,PPM1E
KIAA1072,PPM1E
POPX1,PPM1E
PP2CH,PPM1E
PP2CG,PPM1G
PP2CGAMMA,PPM1G
DKFZP434P1514,PPM1J
FLJ35951,PPM1J
MGC19531,PPM1J
PP2CZETA,PPM1J
PPP2CZ,PPM1J
FLJ32332,PPM1M
PP2CETA,PPM1M
FLJ40125,PPM1N
PPO,PPOX
VP,PPOX
MP,PPP1CB
PP-1B,PPP1CB
PP1B,PPP1CB
PP1BETA,PPP1CB
PP1C,PPP1CB
PPP1BETA,PPP1CB
PP1C,PPP1CC
PP1GAMMA,PPP1CC
INHIBITOR-1-LIKE,PPP1R1C
IPP2,PPP1R2
PPP1R2A,PPP1R2
MGC87149,PPP1R2B
PPP1R2P3,PPP1R2B
PPP1R5,PPP1R3C
PTG,PPP1R3C
SDS22,PPP1R7
ARD-1,PPP1R8
ARD1,PPP1R8
NIPP-1,PPP1R8
NIPP1,PPP1R8
PRO2047,PPP1R8
PPP1R8P,PPP1R8P1
PPP1R6,PPP1R9B
PPP1R9,PPP1R9B
SPINO,PPP1R9B
SPN,PPP1R9B
MGC131980,PPP1R12B
MGC87886,PPP1R12B
MYPT2,PPP1R12B
PP1BP55,PPP1R12B
IASPP,PPP1R13L
RAI,PPP1R13L
CPI-17,PPP1R14A
PPP1INL,PPP1R14A
GADD34,PPP1R15A
FLJ14744,PPP1R15B
C7ORF16,PPP1R17
GSBS,PPP1R17
KIAA0649,PPP1R26
C11ORF66,PPP1R32
FLJ32771,PPP1R32
IIIG9,PPP1R32
PP2AC,PPP2CA
PP2CALPHA,PPP2CA
PP2A-AALPHA,PPP2R1A
PP2AA,PPP2R1A
PR65A,PPP2R1A
PPP2R3,PPP2R3A
PR130,PPP2R3A
PR72,PPP2R3A
C14ORF10,PPP2R3C
FLJ20644,PPP2R3C
G4-1,PPP2R3C
G5PR,PPP2R3C
B56A,PPP2R5A
B56ALPHA,PPP2R5A
PR61A,PPP2R5A
B56G,PPP2R5C
B56GAMMA,PPP2R5C
PR61G,PPP2R5C
USP54-AS1,PPP3CB-AS1
PP5,PPP5C
PPP5,PPP5C
C11ORF23,PPP6R3
DKFZP781E17107,PPP6R3
DKFZP781E2374,PPP6R3
DKFZP781O2362,PPP6R3
FLJ11058,PPP6R3
FLJ43065,PPP6R3
KIAA1558,PPP6R3
MGC125711,PPP6R3
MGC125712,PPP6R3
PP6R3,PPP6R3
SAP190,PPP6R3
SAPL,PPP6R3
SAPLA,PPP6R3
SAPS3,PPP6R3
CLN1,PPT1
INCL,PPT1
PPT,PPT1
TA-PP2C,PPTC7
PNP,PPY
PPY2,PPY2P
OTTHUMG00000001927,PRAMEF12
OTTHUMG00000007916,PRAMEF14
OTTHUMG00000007921,PRAMEF15
OTTHUMG00000007909,PRAMEF17
OTTHUMG00000007919,PRAMEF19
OTTHUMG00000007911,PRAMEF20
OTTHUMT00000008157,PRAMEF20
PRAMEF21,PRAMEF20
CNOT2-DT,PRANCR
LINC01481,PRANCR
ASE1,PRC1
RCCP1,PRCC
HUMPCP,PRCP
PCP,PRCP
HUMHOXY1,PRDM2
KMT8,PRDM2
KMT8A,PRDM2
MTB-ZF,PRDM2
RIZ,PRDM2
RIZ1,PRDM2
RIZ2,PRDM2
PFM1,PRDM4
ZNF910,PRDM7
KMT8D,PRDM8
KIAA1231,PRDM10
MGC131802,PRDM10
PFM7,PRDM10
C11ORF37,PRDM10-DT
FLJ31394,PRDM10-DT
LINC00167,PRDM10-DT
NCRNA00167,PRDM10-DT
PFM8,PRDM11
FLJ42875,PRDM16-DT
LINC00982,PRDM16-DT
LNC-DPRDM16,PRDM16-DT
NKEFA,PRDX1
PAGA,PRDX1
AOP-1,PRDX3
AOP1,PRDX3
MER5,PRDX3
SP-22,PRDX3
SEC12,PREB
CGI-106,PRELID1
PRELI,PRELID1
PX19,PRELID1
FLJ38376,PRELID2
MGC21644,PRELID2
SLMO2P1,PRELID3BP1
PROLARGIN,PRELP
SLRR2A,PRELP
KIAA0436,PREPL
BG174L6.2,PRG4
CACP,PRG4
FLJ32635,PRG4
HAPO,PRG4
JCAP,PRG4
MSF,PRG4
SZP,PRG4
AMPKA1,PRKAA1
AMPK,PRKAA2
AMPKA2,PRKAA2
PRKAA,PRKAA2
PKACB,PRKACB
AAKG,PRKAG2
AAKG2,PRKAG2
CMH6,PRKAG2
H91620P,PRKAG2
WPWS,PRKAG2
CNC1,PRKAR1A
PRKAR1,PRKAR1A
TSE1,PRKAR1A
PRKAR1AP,PRKAR1AP1
PRKAR2,PRKAR2A
PRKAR2,PRKAR2B
PKCB,PRKCB
PRKCB1,PRKCB
PRKCB2,PRKCB
MGC57564,PRKCG
PKCC,PRKCG
PKCG,PRKCG
SCA14,PRKCG
PKC-L,PRKCH
PKCL,PRKCH
PRKCL,PRKCH
DXS1179E,PRKCI
PKCI,PRKCI
ENST00000414894.1,PRKCQ-AS1
G19P1,PRKCSH
GIIB,PRKCSH
PCLD,PRKCSH
PLD1,PRKCSH
VASAP-60,PRKCSH
PKC2,PRKCZ
RP11-181G12.2,PRKCZ-AS1
DKFZP586E0820,PRKD2
HSPC187,PRKD2
PKD2,PRKD2
EPK2,PRKD3
PRKCN,PRKD3
DNA-PKC,PRKDC
DNA-PKCS,PRKDC
DNAPK,PRKDC
DNAPKC,PRKDC
DNPK1,PRKDC
HYRC,PRKDC
HYRC1,PRKDC
P350,PRKDC
P460,PRKDC
XRCC7,PRKDC
CGKII,PRKG2
PKG2,PRKG2
PRKGR2,PRKG2
AR-JP,PRKN
PARK2,PRKN
PARKIN,PRKN
PDJ,PRKN
DYT16,PRKRA
HSD14,PRKRA
PACT,PRKRA
RAX,PRKRA
C114,PRKRIP1
FLJ13902,PRKRIP1
KRBOX3,PRKRIP1
PRH,PRLH
ANM1,PRMT1
HCP1,PRMT1
HRMT1L2,PRMT1
FLJ10559,PRMT6
HRMT1L6,PRMT6
FLJ10640,PRMT7
KIAA1933,PRMT7
HRMT1L3,PRMT8
HRMT1L4,PRMT8
PCAT8,PRNCR1
MGC39650,PROCA1
HSPOX1,PRODH2
EGVEGF,PROK1
PK1,PROK1
PRK1,PROK1
GPR73,PROKR1
GPR73A,PROKR1
PKR1,PROKR1
ZAQ,PROKR1
KIAA0391,PRORP
MRPP3,PRORP
NCRNA00117,PRORSD1P
PRDXDD1,PRORSD1P
PRDXDD1P,PRORSD1P
PROX,PRORSD1P
PROXP-ALA,PRORSD1P
YBAKD1,PRORSD1P
PROS,PROS1
C10ORF47,PROSER2
MGC35403,PROSER2
C19ORF55,PROSER3
FLJ30657,PROSER3
HPRP3,PRPF3
PRP3,PRPF3
RP18,PRPF3
SNRNP90,PRPF3
HPRP18,PRPF18
FLJ10330,PRPF38B
NET1,PRPF38B
FLJ11128,PRPF39
FLJ20666,PRPF39
FBP-11,PRPF40A
FBP11,PRPF40A
FLAF1,PRPF40A
FLJ20585,PRPF40A
FNBP3,PRPF40A
HIP10,PRPF40A
HYPA,PRPF40A
NY-REN-6,PRPF40A
PRP40,PRPF40A
HYPC,PRPF40B
NEF4,PRPH
PRPH1,PRPH
PAP41,PRPSAP2
KIAA1205,PRR12
DKFZP564J157,PRR13
FLJ23818,PRR13
ATAD4,PRR15L
MGC11242,PRR15L
MGC70924,PRR19
MGC24975,PRR22
FLJ46116,PRR23B
FLJ46210,PRR23C
C17ORF72,PRR29
DKFZP761M2312,PRR29
FLJ11724,PRR29
C2ORF53,PRR30
MGC44505,PRR30
C16ORF11,PRR35
FLJ32875,PRRC1
BAT2L,PRRC2B
BAT2L1,PRRC2B
KIAA0515,PRRC2B
LQFBS-1,PRRC2B
MGC10526,PRRC2B
BAT2D1,PRRC2C
BAT2L2,PRRC2C
KIAA1096,PRRC2C
XTP2,PRRC2C
TMG4,PRRG4
DSPD2,PRRT1B
IFITMD8,PRRT1B
DKFZP547J199,PRRT2
DSPB3,PRRT2
DYT10,PRRT2
EKD1,PRRT2
FICCA,PRRT2
FLJ25513,PRRT2
ICCA,PRRT2
IFITMD1,PRRT2
PKC,PRRT2
FLJ33674,PRRT3
TSSP,PRSS16
SIG13,PRSS23
SPUVE,PRSS23
ISP2,PRSS29P
EOS,PRSS33
MPN2,PRSS38
TISP43,PRSS40A
TESSP1,PRSS41
PRSS45,PRSS45P
TESPL,PRSS45P
TESSP5,PRSS45P
POL3S,PRSS53
PRSSL1,PRSS57
UNQ782,PRSS57
DRES-17,PRUNE1
H-PRUNE,PRUNE1
HTCD37,PRUNE1
PRUNE,PRUNE1
DKFZP761K1423,PSD3
EFA6D,PSD3
EFA6R,PSD3
HCA67,PSD3
KIAA0942,PSD3
EFA6B,PSD4
TIC,PSD4
AD3,PSEN1
FAD,PSEN1
PS-1,PSEN1
PS1,PSEN1
PSNL1,PSEN1
S182,PSEN1
AD3L,PSEN2
AD4,PSEN2
E5-1,PSEN2
PS-2,PSEN2
PS2,PSEN2
STM2,PSEN2
CD66F,PSG1
PBG1,PSG1
PSBG1,PSG1
PSGGA,PSG1
CEA,PSG2
PSBG2,PSG2
PSG1,PSG2
PSGGB,PSG2
PSG10,PSG10P
PSG12,PSG10P
MGC22484,PSG11
PSG13,PSG11
PSG14,PSG11
PSMA2L,PSMA2P3
FLJ31306,PSMA3-AS1
ZETA,PSMA5
IOTA,PSMA6
MGC22756,PSMA6
MGC2333,PSMA6
MGC23846,PSMA6
P27K,PSMA6
PROS27,PSMA6
PSMB3P,PSMB3P1
HN3,PSMB4
PROS26,PSMB4
DELTA,PSMB6
Y,PSMB6
Z,PSMB7
BETA2I,PSMB10
LMP10,PSMB10
MECL1,PSMB10
MGC1665,PSMB10
RPT5,PSMC3
TBP-1,PSMC3
TBP1,PSMC3
GT198,PSMC3IP
HOP2,PSMC3IP
HUMGT198A,PSMC3IP
TBPIP,PSMC3IP
P45,PSMC5
P45/SUG,PSMC5
RPT6,PSMC5
S8,PSMC5
SUG-1,PSMC5
SUG1,PSMC5
TBP10,PSMC5
TRIP1,PSMC5
P112,PSMD1
RPN2,PSMD1
S1,PSMD1
AF,PSMD4
AF-1,PSMD4
RPN10,PSMD4
S5A,PSMD4
KIAA0107,PSMD6
P44S10,PSMD6
RPN7,PSMD6
S10,PSMD6
MOV34,PSMD7
P40,PSMD7
RPN8,PSMD7
S12,PSMD7
MOV34L,PSMD7P1
PSMD7L,PSMD7P1
HIP6,PSMD8
HYPF,PSMD8
NIN1P,PSMD8
P31,PSMD8
RPN12,PSMD8
S14,PSMD8
P27,PSMD9
RPN4,PSMD9
MGC3844,PSMD11
P44.5,PSMD11
RPN6,PSMD11
S9,PSMD11
P55,PSMD12
RPN5,PSMD12
PSMD12P,PSMD12P1
P40.5,PSMD13
RPN9,PSMD13
KI,PSME3
PA28-GAMMA,PSME3
PA28G,PSME3
REG-GAMMA,PSME3
C16ORF94,PSME3IP1
FAM192A,PSME3IP1
NIP30,PSME3IP1
PIP30,PSME3IP1
KIAA0077,PSME4
PA200,PSME4
C7ORF48,PSMG3
MGC10911,PSMG3
PAC3,PSMG3
KIAA1908,PSMG3-AS1
CO9,PSPHP1
PSPHL,PSPHP1
PSP,PSPN
DDA3,PSRC1
CD2BP1,PSTPIP1
CD2BP1L,PSTPIP1
CD2BP1S,PSTPIP1
H-PIP,PSTPIP1
PAPAS,PSTPIP1
PSTPIP,PSTPIP1
BRPTB,PTBP2
NPTB,PTBP2
PTB,PTBP2
PTBLP,PTBP2
KIAA0632,PTCD1
FLJ12598,PTCD2
DKFZP666K071,PTCD3
FLJ20758,PTCD3
BCNS,PTCH1
NBCCS,PTCH1
PTCH,PTCH1
CD294,PTGDR2
CRTH2,PTGDR2
DP2,PTGDR2
GPR44,PTGDR2
EP3,PTGER3
LNC003875,PTGER3
CPGES,PTGES3
P23,PTGES3
TEBP,PTGES3
FLJ39091,PTGR2
ZADH1,PTGR2
COX2,PTGS2
PTH1,PTH
PTHR2,PTH2R
HHM,PTHLH
PLP,PTHLH
PTHR,PTHLH
PTHRP,PTHLH
FADK,PTK2
FAK,PTK2
FAK1,PTK2
PPP1R71,PTK2
TMSA,PTMA
PARAT,PTMS
HBGF8,PTN
HBNF,PTN
NEGF1,PTN
PRL-1,PTP4A1
PRL1,PTP4A1
PTPCAAX1,PTP4A1
HU-PP-1,PTP4A2
OV-1,PTP4A2
PRL-2,PTP4A2
PRL2,PTP4A2
PTP-IV1A,PTP4A2
PTP4A,PTP4A2
PTPCAAX2,PTP4A2
H-PRL-1,PTP4A2P1
PTP4AP1,PTP4A2P1
PTP4AP2,PTP4A2P2
PPP2R4,PTPA
PR53,PTPA
FLJ37312,PTPDC1
PTP9Q22,PTPDC1
DUSP23,PTPMT1
MOSP,PTPMT1
PLIP,PTPMT1
PTPN2P,PTPN2P1
PTPTP1,PTPN2P1
PTPSTEP,PTPN5
STEP,PTPN5
STEP61,PTPN5
HEPTP,PTPN7
LC-PTP,PTPN7
MEG2,PTPN9
BPTP3,PTPN11
NS1,PTPN11
PTP2C,PTPN11
SH-PTP2,PTPN11
SHP-2,PTPN11
SHP2,PTPN11
PTP-PEST,PTPN12
PTPG1,PTPN12
BA164N7.3,PTPN20CP
PTPN20C,PTPN20CP
LYP,PTPN22
LYP1,PTPN22
LYP2,PTPN22
PTPN8,PTPN22
DKFZP564F0923,PTPN23
HD-PTP,PTPN23
KIAA1471,PTPN23
PTPB,PTPRB
PTPE,PTPRE
SAP-1,PTPRH
CD148,PTPRJ
DEP1,PTPRJ
HPTPETA,PTPRJ
IA-2,PTPRN
ICA512,PTPRN
DFNB84,PTPRQ
CTC-482H14.5,PTPRS-AS1
ESP,PTPRVP
OST-PTP,PTPRVP
PTPRV,PTPRVP
BIT1,PTRH2
CFAP37,PTRH2
CGI-147,PTRH2
PTH2,PTRH2
C2ORF79,PTRHD1
LOC391356,PTRHD1
C16ORF38,PTX4
FAM16B,PUDPP2
HDHD1CP,PUDPP2
HDHD1P2,PUDPP2
FIR,PUF60
ROBPI,PUF60
SIAHBP1,PUF60
KIAA0099,PUM1
PUMH1,PUM1
KIAA0235,PUM2
PUMH2,PUM2
LINC01021,PURPL
LOC643401,PURPL
RP11-46C20.1,PURPL
MLASA1,PUS1
AC131009.1,PUS1-AS1
DEG1,PUS3
FKSG32,PUS3
FLJ20485,PUS7
DKFZP434G1415,PUS7L
CCDC139,PUS10
FLJ32312,PUS10
FLJ90811,PUSL1
AATK-AS1,PVALEF
CD155,PVR
HVED,PVR
NECL-5,PVR
NECL5,PVR
PVS,PVR
TAGE4,PVR
C7ORF15,PVRIG
CD112R,PVRIG
MGC2463,PVRIG
LINC00079,PVT1
MIR1204HG,PVT1
NCRNA00079,PVT1
ONCO-LNCRNA-100,PVT1
TP53LC09,PVT1
IEF-SSP-9502,PWP1
LINC01084,PWRN4
KIAA1935,PWWP2A
EXPAND1,PWWP3A
MUM-1,PWWP3A
MUM1,PWWP3A
D2S448,PXDN
D2S448E,PXDN
KIAA0230,PXDN
MG50,PXDN
PRG2,PXDN
PXN,PXDN
FLJ20335,PXK
SLOB,PXK
MPV17L3,PXMP2
PMP22,PXMP2
EYELINC4,PXN-AS1
STEPP,PXT1
P5C,PYCR1
P5CR2,PYCR2
POP3,PYDC5
IFIX,PYHIN1
MGC23885,PYHIN1
PYM,PYM1
WIBG,PYM1
DKFZP762G094,PYROXD1
FLJ22028,PYROXD1
C10ORF33,PYROXD2
FLJ23849,PYROXD2
PYY1,PYY
QARS,QARS1
DHPR,QDPR
PKU2,QDPR
SDR33C1,QDPR
QK3,QKI
LOC490,QKILA
GCT,QPCT
QC,QPCT
FLJ20084,QPCTL
AB-DIP,QRICH1
FLJ20259,QRICH1
VERBRAS,QRICH1
DKFZP434P0316,QRICH2
FLJ21924,QSER1
QSCN6,QSOX1
DKFZP762A2013,QSOX2
QSCN6L1,QSOX2
SOXN,QSOX2
TGT,QTRT1
FLJ12960,QTRT2
QTRTD1,QTRT2
C10ORF28,R3HCC1L
GIDRP86,R3HCC1L
PSORT,R3HCC1L
KIAA0029,R3HDM1
R3HDM,R3HDM1
KIAA1002,R3HDM2
C19ORF22,R3HDM4
MGC16353,R3HDM4
RAB1,RAB1A
YPT1,RAB1A
D2-2,RAB3D
GOV,RAB3D
RAB16,RAB3D
RAD3D,RAB3D
KIAA0066,RAB3GAP1
RAB3GAP,RAB3GAP1
RAB3GAP130,RAB3GAP1
WARBM1,RAB3GAP1
DKFZP434D245,RAB3GAP2
KIAA0839,RAB3GAP2
RAB3-GAP150,RAB3GAP2
SPG69,RAB3GAP2
FLJ22548,RAB3IP
RABIN3,RAB3IP
RABIN8,RAB3IP
RAB5CL,RAB5C
RABL,RAB5C
RAB6CL,RAB6D
WTH3DI,RAB6D
MGC16212,RAB7B
MGC9726,RAB7B
MEL,RAB8A
RAB8,RAB8A
MIR4999HG,RAB11B-AS1
FLJ22524,RAB11FIP1
FLJ22622,RAB11FIP1
RAB11-FIP1,RAB11FIP1
RCP,RAB11FIP1
FLJ00131,RAB11FIP4
KIAA1821,RAB11FIP4
MGC11316,RAB11FIP4
RAB11-FIP4,RAB11FIP4
FBP,RAB14
RAB-14,RAB14
CATX-8,RAB25
GS2,RAB27A
HST18676,RAB27A
RAB27,RAB27A
RAM,RAB27A
RAB7L,RAB29
RAB7L1,RAB29
RAB30-AS1,RAB30-DT
DKFZP434G099,RAB33B
H-RAY,RAB35
AC004812.2,RAB35-AS1
RAR-2,RAB40A
RAR2A,RAB40A
RAR2,RAB40AL
RLGP,RAB40AL
RAR,RAB40B
SEC4L,RAB40B
MGC45806,RAB42
ISY1,RAB43
RAB11B,RAB43
RAB41,RAB43
RAB41P,RAB43P1
RAB43P,RAB43P1
DJ431A14.3,RAB44
RASD3,RAB44
RASL13,RAB44
PRA1,RABAC1
PRAF1,RABAC1
YIP3,RABAC1
NEUROCRESCIN,RABEP1
RAB5EP,RABEP1
RABAPTIN-5,RABEP1
RABPT5,RABEP1
FLJ38519,RABGAP1L
HHL,RABGAP1L
KIAA0471,RABGAP1L
TBC1D18,RABGAP1L
RABEX-5,RABGEF1
RABEX5,RABGEF1
MSS4,RABIF
RASGRF3,RABIF
P21-RAC1,RAC1
RAC-1,RAC1
TC-25,RAC1
CYK4,RACGAP1
MGCRACGAP,RACGAP1
GNB2-RS1,RACK1
GNB2L1,RACK1
H12.3,RACK1
HRAD1,RAD1
REC1,RAD1
RAD9,RAD9A
FLJ40346,RAD9B
TODRA,RAD51-AS1
PIR51,RAD51AP1
FLJ17540,RAD51AP2
HREC2,RAD51B
R51H2,RAD51B
RAD51L1,RAD51B
REC2,RAD51B
FANCO,RAD51C
RAD51L2,RAD51C
HSTRAD,RAD51D
R51H3,RAD51D
RAD51L3,RAD51D
TRAD,RAD51D
HHR54,RAD54L
HRAD54,RAD54L
RAD54A,RAD54L
ARIP4,RAD54L2
KIAA0809,RAD54L2
SRISNF2L,RAD54L2
BA350J20.7,RAET1E
LETAL,RAET1E
ULBP4,RAET1E
ULBP5,RAET1G
C-RAF,RAF1
CRAF,RAF1
RAF-1,RAF1
MGC43321,RAG1
RNF74,RAG1
DKFZP434A139,RAI1
KIAA1820,RAI1
MGC12824,RAI1
SMCR,RAI1
SMS,RAI1
FLJ10244,RALGPS2
FLJ25604,RALGPS2
KIAA0351,RALGPS2
LNC-ANGPTL1-3,RALGPS2-AS1
C6ORF119,RAMACL
DJ427A4.2,RAMACL
FAM103A2P,RAMACL
RAMMETL,RAMACL
ARA24,RAN
GSP1,RAN
TC4,RAN
ADANE,RANBP2
ANE1,RANBP2
NUP358,RANBP2
KIAA1464,RANBP10
KREV-1,RAP1A
SMGP21,RAP1A
HRAP1B-RETRO,RAP1BL
KIAA0474,RAP1GAP
RAP1GA1,RAP1GAP
RAP1GAP1,RAP1GAP
RAP1GAPII,RAP1GAP
GARNL4,RAP1GAP2
KIAA1039,RAP1GAP2
C3G,RAPGEF1
GRF2,RAPGEF1
DKFZP586O1422,RAPGEF2
KIAA0313,RAPGEF2
PDZ-GEF1,RAPGEF2
PDZGEF1,RAPGEF2
RA-GEF,RAPGEF2
GFR,RAPGEF5
KIAA0277,RAPGEF5
MR-GEF,RAPGEF5
ALS2CR18,RAPH1
ALS2CR9,RAPH1
KIAA1681,RAPH1
CMS1D,RAPSN
CMS1E,RAPSN
RNF205,RAPSN
HAP,RARB
NR1B2,RARB
RAR-BETA,RARB
RARBETA,RARB
RRB2,RARB
LXNL,RARRES1
TIG1,RARRES1
DALRD1,RARS1
RARS,RARS1
RARSP1,RARS1P1
DALRD2,RARS2
DJ382I10.6,RARS2
MGC14993,RARS2
MGC23778,RARS2
PRO1992,RARS2
RARSL,RARS2
GAP1M,RASA2
CAPRI,RASA4
GAPL,RASA4
KIAA0538,RASA4
RASAL,RASAL1
NGAP,RASAL2
FLJ31695,RASGEF1B
GPIG4,RASGEF1B
CALDAG-GEFII,RASGRP1
RASGRP,RASGRP1
CALDAG-GEFIII,RASGRP3
GRP3,RASGRP3
KIAA0846,RASGRP3
FLJ20401,RASIP1
RAIN,RASIP1
RRP17,RASL10B
VTS58635,RASL10B
123F2,RASSF1
NORE2A,RASSF1
RDA32,RASSF1
REH3P21,RASSF1
MAXP1,RASSF5
NORE1,RASSF5
RAPL,RASSF5
C12ORF2,RASSF8
HOJ-1,RASSF8
P-CIP1,RASSF9
PAMCI,RASSF9
LINC02738,RASSF10-DT
KIAA1978,RAVER1
FLJ10770,RAVER2
KIAA1579,RAVER2
ZNF769,RBAK
LIN-53,RBBP4
NURF55,RBBP4
RBAP48,RBBP4
RBQ3,RBBP5
SWD1,RBBP5
P2P-R,RBBP6
PACT,RBBP6
SNAMA,RBBP6
RBAP46,RBBP7
A2BP1,RBFOX1
FOX-1,RBFOX1
HRNBP1,RBFOX1
FOX-3,RBFOX3
HRNBP3,RBFOX3
NEUN,RBFOX3
C8ORF59P1,RBISP1
DKFZP686G13268,RBKS
RBSK,RBKS
P130,RBL2
RB2,RBL2
LARK,RBM4
RBM4A,RBM4
ZCCHC21,RBM4
ZCRB3A,RBM4
MGC10871,RBM4B
RBM30,RBM4B
RBM4L,RBM4B
ZCCHC15,RBM4B
ZCCHC21B,RBM4B
ZCRB3B,RBM4B
H37,RBM5
LUCA-15,RBM5
LUCA15,RBM5
LUST,RBM5-AS1
3G2,RBM6
DEF-3,RBM6
DEF3,RBM6
G16,RBM6
NY-LU-12,RBM6
BOV-1A,RBM8A
BOV-1B,RBM8A
BOV-1C,RBM8A
RBM8,RBM8A
Y14,RBM8A
ZNRP,RBM8A
COAA,RBM14
DKFZP779J0927,RBM14
SIP,RBM14
SYTIP1,RBM14
OTT,RBM15
OTT1,RBM15
AS-RBM15,RBM15-AS1
HUMAGCGB,RBM15B
OTT3,RBM15B
MGC14439,RBM17
SPF45,RBM17
CWC2,RBM22
FLJ10290,RBM22
FSAP47,RBM22
ZC3H16,RBM22
FSAP94,RBM25
NET52,RBM25
RNPC7,RBM25
S164,RBM25
SNU71,RBM25
ARRS1,RBM27
KIAA1311,RBM27
PSC1,RBM27
ZC3H20,RBM27
DKFZP434D1319,RBM33
DKFZP686F102,RBM33
MGC20460,RBM33
PRR8,RBM33
KIAA0117,RBM34
MGC10433,RBM42
FLJ40411,RBM44
DRB1,RBM45
FLJ44612,RBM45
FLJ20273,RBM47
NET18,RBM47
C2ORF12,RBMS1
DKFZP564H0764,RBMS1
HCC-4,RBMS1
MSSP-1,RBMS1
MSSP-2,RBMS1
MSSP-3,RBMS1
SCR2,RBMS1
YC1,RBMS1
MSSP1,RBMS1P1
RBMS1P,RBMS1P1
SCR3,RBMS2
KAT3,RBMXL1
CRABP-I,RBP1
CRBP,RBP1
CRBP1,RBP1
CRBPI,RBP1
RBPC,RBP1
CRABP-II,RBP2
CRBP2,RBP2
CRBPII,RBP2
RBPC2,RBP2
CBF1,RBPJ
IGKJRB,RBPJ
IGKJRB1,RBPJ
KBF2,RBPJ
RBP-J,RBPJ
RBPJK,RBPJ
RBPSUH,RBPJ
SUH,RBPJ
HERMES,RBPMS
TP53LC06,RBPMS-AS1
ZFYVE20,RBSN
KIAA2025,RC3H1
RNF198,RC3H1
ROQUIN,RC3H1
RP5-1198E17.5,RC3H1
LINC02776,RC3H1-DT
DSCR1L1,RCAN2
ZAKI-4,RCAN2
DSCR1L2,RCAN3
TCONS_00001428,RCAN3AS
CHC1,RCC1
WBSCR16,RCC1L
MGC14386,RCCD1
FACE-2,RCE1
FACE2,RCE1
HRCE1,RCE1
RCE1A,RCE1
RCE1B,RCE1
ARNIP,RCHY1
CHIMP,RCHY1
DKFZP586C1620,RCHY1
PIRH2,RCHY1
PRO1996,RCHY1
RNF199,RCHY1
ZCHY,RCHY1
ZNF363,RCHY1
E6BP,RCN2
ERC-55,RCN2
ERC55,RCN2
TCBP49,RCN2
COREST,RCOR1
KIAA0071,RCOR1
RCOR,RCOR1
FLJ10876,RCOR3
C1ORF36,RD3
LCA12,RD3
TDRD9-AS1,RD3L
TDRD9AS1,RD3L
HSD17B9,RDH5
RDH1,RDH5
SDR9C5,RDH5
RODH-4,RDH16
SDR9C8,RDH16
LINC02085,RDUR
RECQ1,RECQL
RECQL1,RECQL
C2ORF23,REEP1
FLJ13110,REEP1
SPG31,REEP1
YIP2A,REEP1
C5ORF19,REEP2
SGC32445,REEP2
SPG72,REEP2
YIP2D,REEP2
C19ORF32,REEP6
DP1L1,REEP6
FLJ25383,REEP6
YIP2F,REEP6
REG1P,REG1CP
REGL,REG1CP
RS,REG1CP
HIP,REG3A
PAP,REG3A
PAP1,REG3A
PBCGF,REG3A
REG-III,REG3A
REG3,REG3A
GISP,REG4
REG-IV,REG4
RELP,REG4
C-REL,REL
HIVEN86A,REL
I-REL,REL
FLJ16341,REL-DT
LINC01185,REL-DT
NFKB3,RELA
P65,RELA
REL-B,RELB
C5ORF16,RELL2
FLJ90583,RELL2
PRO1598,RELN
RL,RELN
RAB15EP,REP15
AP4,REPIN1
H_DJ0584D14.12,REPIN1
RIP60,REPIN1
ZFP464,REPIN1
ZNF464,REPIN1
POB1,REPS2
ARG,RERE
ARP,RERE
ATN1L,RERE
ATN2,RERE
DNB1,RERE
KIAA0458,RERE
MGC15754,RERG
FLJ22655,RERGL
FIZZ2,RETNLB
HXCP2,RETNLB
RELMB,RETNLB
FAM134B,RETREG1
FLJ20152,RETREG1
JK1,RETREG1
C2ORF17,RETREG2
FAM134A,RETREG2
MAG-2,RETREG2
MGC3035,RETREG2
DKFZP686B1036,RETREG3
FAM134C,RETREG3
FLJ33806,RETREG3
REV1L,REV1
POLZ,REV3L
REV3,REV3L
C19ORF60,REX1BD
FLJ20850,REX1BD
FLJ30108,REX1BD
FLJ34606,REX1BD
FLJ37391,REX1BD
NEF-SP,REXO5
A1,RFC1
MHCBFB,RFC1
PO-GA,RFC1
RFC140,RFC1
A1,RFC4
RFC37,RFC4
RFC36,RFC5
CARP-2,RFFL
CARP2,RFFL
FRING,RFFL
RIFIFYLIN,RFFL
RNF189,RFFL
RNF34L,RFFL
FLJ11149,RFK
RIFK,RFK
CFM2,RFLNA
FAM101A,RFLNA
FLJ44614,RFLNA
REFILINA,RFLNA
RFPL4,RFPL4A
RNF210,RFPL4A
CDG1N,RFT1
FLJ14226,RFX2
RFX3-AS1,RFX3-DT
GBAT2,RFX5-AS1
FLJ42986,RFX8
RGL,RGL1
RGM,RGMA
DRAGON,RGMB
FLJ90406,RGMB
RGP1,RGPD1
RANBP2L2,RGPD2
RGP2,RGPD2
RGP3,RGPD3
DKFZP686P0288,RGPD4
RGP4,RGPD4
BS-63,RGPD5
DKFZP686I1842,RGPD5
RGP5,RGPD5
RGP6,RGPD6
RANBP2ALPHA,RGPD8
RANBP2L1,RGPD8
1R20,RGS1
BL34,RGS1
IER1,RGS1
IR20,RGS1
G0S8,RGS2
C2PA,RGS3
FLJ20370,RGS3
PDZ-RGS3,RGS3
SCZD9,RGS4
MGC119067,RGS8
MGC119068,RGS8
MGC119069,RGS8
FLJ45744,RGS9BP
PERRS,RGS9BP
R9AP,RGS9BP
A28-RGS14,RGS16
RGS-R,RGS16
RGS13,RGS18
RGSZ1,RGS20
ZGAP1,RGS20
RGSL2,RGSL1
CD241,RHAG
RH50A,RHAG
SLC42A1,RHAG
DKFZP547E052,RHBDD1
NPD007,RHBDD2
RHBDL7,RHBDD2
RHBDL,RHBDL1
RRP,RHBDL1
RHBDL4,RHBDL3
VRHO,RHBDL3
SLC42A2,RHBG
CD240CE,RHCE
RH,RHCE
C15ORF6,RHCG
PDRC2,RHCG
RHGK,RHCG
SLC42A3,RHCG
CD240D,RHD
DIIIC,RHD
RH,RHD
RH30A,RHD
RH4,RHD
RHII,RHD
RHPI,RHD
C1ORF186,RHEX
FLJ16052,RHEX
C12ORF32,RHNO1
HKMT1188,RHNO1
MGC13204,RHNO1
RHINO,RHNO1
CSNBAD1,RHO
OPN2,RHO
RP4,RHO
ARH12,RHOA
ARHA,RHOA
RHO12,RHOA
RHOH12,RHOA
ARH6,RHOB
ARHB,RHOB
MST081,RHOB
RHOH6,RHOB
KIAA0878,RHOBTB3
ARH9,RHOC
ARHC,RHOC
ARHF,RHOF
FLJ20247,RHOF
RIF,RHOF
ARHG,RHOG
MGC125835,RHOG
MGC125836,RHOG
ARHH,RHOH
TTF,RHOH
ARHQ,RHOQ
RASL7A,RHOQ
TC10,RHOQ
ARHQP,RHOQP1
RHOQP,RHOQP1
ARHT1,RHOT1
FLJ11040,RHOT1
MIRO-1,RHOT1
MIRO1,RHOT1
ARHT2,RHOT2
C16ORF39,RHOT2
MIRO-2,RHOT2
MIRO2,RHOT2
ARHV,RHOV
CHP,RHOV
WRCH2,RHOV
OTEX,RHOXF1
PEPP1,RHOXF1
CT107,RHOXF2
PEPP-2,RHOXF2
PEPP2,RHOXF2
THG1,RHOXF2
AYST720,RIC3
FLJ11608,RIC3
PRO1385,RIC3
SYNEMBRYN,RIC8A
SYNEMBRYN-A,RIC8A
AVO3,RICTOR
KIAA1999,RICTOR
MGC39830,RICTOR
PIA,RICTOR
FLJ10599,RIF1
FLJ12870,RIF1
C1ORF230,RIIAD1
FLJ36032,RIIAD1
NCRNA00166,RIIAD1
FLJ30380,RILPL2
FLJ32372,RILPL2
MGC7036,RILPL2
KIAA0318,RIMBP2
MGC15831,RIMBP2
PPP1R133,RIMBP2
RBP2,RIMBP2
RIM-BP2,RIMBP2
FAM80A,RIMKLA
MGC47816,RIMKLA
NAAGS-II,RIMKLA
RP11-157D18.1,RIMKLA
C5ORF51,RIMOC1
LOC285636,RIMOC1
CORD7,RIMS1
KIAA0340,RIMS1
RAB3IP2,RIMS1
RIM,RIMS1
RIM1,RIMS1
KIAA0751,RIMS2
OBOE,RIMS2
RAB3IP3,RIMS2
RIM2,RIMS2
C14ORF169,RIOX1
FLJ21802,RIOX1
JMJD9,RIOX1
MAPJD,RIOX1
NO66,RIOX1
FLJ14393,RIOX2
JMJD10,RIOX2
MDIG,RIOX2
MINA,RIOX2
MINA53,RIOX2
NO52,RIOX2
CARD3,RIPK2
CARDIAK,RIPK2
RICK,RIPK2
RIP2,RIPK2
FAM65A,RIPOR1
FLJ13725,RIPOR1
C6ORF159,RIPPLY2
DJ237I15.1,RIPPLY2
MGC125864,RIT1
MGC125865,RIT1
RIBB,RIT1
RIT,RIT1
ROC1,RIT1
C12ORF52,RITA1
FLJ14827,RITA1
RITA,RITA1
H1,RLN1
BA12D24.1.1,RLN2
BA12D24.1.2,RLN2
H2,RLN2
RLXH2,RLN2
FAM82A,RMDN2
FAM82A1,RMDN2
FLJ32954,RMDN2
RMD2,RMDN2
FLJ13910,RMND5A
GID2,RMND5A
GID2A,RMND5A
P44CTLH,RMND5A
RMD5,RMND5A
FLJ22318,RMND5B
GID2,RMND5B
GID2B,RMND5B
CHH,RMRP
NME1,RMRP
RMRPR,RMRP
RRP2,RMRP
LINC00054,RMST
NCRMS,RMST
NCRNA00054,RMST
7L1A,RN7SL1
7SL,RN7SL1
RN7SL,RN7SL1
RNSRP1,RN7SL1
7L30.1,RN7SL2
7SL1C,RN7SL2
RNSRP2,RN7SL2
7L30.2,RN7SL3
RN7SL631P,RN7SL3
RNSRP3,RN7SL3
7L28,RN7SL4P
RN7SL427P,RN7SL4P
RN7SLP1,RN7SL4P
7L23,RN7SL7P
RN7SL27P,RN7SL7P
RN7SLP4,RN7SL7P
7L63,RN7SL8P
RN7SL433P,RN7SL8P
RN7SLP5,RN7SL8P
RN5-8S5,RNA5-8SP5
RN5S4,RNA5S4
RN5S5,RNA5S5
RN5S6,RNA5S6
RN5S7,RNA5S7
RN5S8,RNA5S8
RN5S9,RNA5S9
RN5S10,RNA5S10
RN5S11,RNA5S11
RN5S12,RNA5S12
RN5S13,RNA5S13
RN5S14,RNA5S14
RN5S15,RNA5S15
RN5S19,RNA5SP19
RN5S20,RNA5SP20
RN5S21,RNA5SP21
RN5S22,RNA5SP22
RN5S23,RNA5SP23
RN5S40,RNA5SP40
RN5S41,RNA5SP41
RN5S42,RNA5SP42
RN5S43,RNA5SP43
RN5S44,RNA5SP44
RN5S45,RNA5SP45
RN5S46,RNA5SP46
RN5S47,RNA5SP47
RN5S48,RNA5SP48
RN5S49,RNA5SP49
RN5S50,RNA5SP50
RN5S51,RNA5SP51
RN5S52,RNA5SP52
RN5S53,RNA5SP53
RN5S54,RNA5SP54
RN5S55,RNA5SP55
RN5S56,RNA5SP56
RN5S57,RNA5SP57
RN5S58,RNA5SP57
RNA5SP58,RNA5SP57
RN5S59,RNA5SP59
RN5S60,RNA5SP60
RN5S61,RNA5SP61
RN5S62,RNA5SP62
RN5S63,RNA5SP63
RN5S64,RNA5SP64
RN5S65,RNA5SP65
RN5S66,RNA5SP66
RN5S67,RNA5SP67
RN5S68,RNA5SP68
RN5S69,RNA5SP69
RN5S70,RNA5SP70
RN5S72,RNA5SP72
RN5S73,RNA5SP73
RN5S74,RNA5SP74
RN5S75,RNA5SP75
RN5S76,RNA5SP76
RN5S77,RNA5SP77
RN5S78,RNA5SP78
RN5S79,RNA5SP79
RN5S80,RNA5SP80
RN5S82,RNA5SP82
RN5S84,RNA5SP84
RN5S86,RNA5SP86
RN5S87,RNA5SP87
RN5S88,RNA5SP88
RN5S89,RNA5SP89
RN5S90,RNA5SP90
RN5S91,RNA5SP91
RN5S92,RNA5SP92
RN5S93,RNA5SP93
RN5S94,RNA5SP94
RN5S95,RNA5SP95
RN5S96,RNA5SP96
RN5S97,RNA5SP97
RN5S98,RNA5SP98
RN5S99,RNA5SP99
RN5S100,RNA5SP100
RN5S101,RNA5SP101
RN5S102,RNA5SP102
RN5S103,RNA5SP103
RN5S104,RNA5SP104
RN5S105,RNA5SP105
RN5S106,RNA5SP106
RN5S107,RNA5SP107
RN5S108,RNA5SP108
RN5S109,RNA5SP109
RN5S110,RNA5SP110
RN5S111,RNA5SP111
RN5S112,RNA5SP112
RN5S113,RNA5SP113
RN5S114,RNA5SP114
RN5S115,RNA5SP115
RN5S117,RNA5SP117
RN5S118,RNA5SP118
RN5S119,RNA5SP119
RN5S120,RNA5SP120
RN5S121,RNA5SP121
RN5S122,RNA5SP122
RN5S123,RNA5SP123
RN5S125,RNA5SP125
RN5S126,RNA5SP126
RN5S128,RNA5SP128
RN5S129,RNA5SP129
RN5S130,RNA5SP130
RN5S132,RNA5SP132
RN5S133,RNA5SP133
RN5S135,RNA5SP135
RN5S137,RNA5SP137
RN5S138,RNA5SP138
RN5S139,RNA5SP139
RN5S140,RNA5SP140
RN5S143,RNA5SP143
RN5S145,RNA5SP145
RN5S149,RNA5SP149
RN5S152,RNA5SP152
RN5S155,RNA5SP155
RN5S158,RNA5SP158
RN5S159,RNA5SP159
RN5S160,RNA5SP160
RN5S161,RNA5SP161
RN5S162,RNA5SP162
RN5S163,RNA5SP163
RN5S164,RNA5SP164
RN5S168,RNA5SP168
RN5S183,RNA5SP183
RN5S186,RNA5SP186
RN5S190,RNA5SP190
RN5S192,RNA5SP192
RN5S193,RNA5SP193
RN5S197,RNA5SP197
RN5S199,RNA5SP199
RN5S212,RNA5SP212
RN5S218,RNA5SP218
RN5S222,RNA5SP222
RN5S227,RNA5SP227
RN5S229,RNA5SP229
RN5S232,RNA5SP232
RN5S242,RNA5SP242
RN5S243,RNA5SP243
RN5S244,RNA5SP244
RN5S245,RNA5SP245
RN5S246,RNA5SP246
RN5S257,RNA5SP257
RN5S261,RNA5SP261
RN5S262,RNA5SP262
RN5S263,RNA5SP263
RN5S265,RNA5SP265
RN5S278,RNA5SP278
RN5S287,RNA5SP287
RN5S290,RNA5SP290
RN5S302,RNA5SP302
RN5S307,RNA5SP307
RN5S308,RNA5SP308
RN5S319,RNA5SP319
RN5S325,RNA5SP325
RN5S330,RNA5SP330
RN5S331,RNA5SP331
RN5S341,RNA5SP341
RN5S346,RNA5SP346
RN5S350,RNA5SP350
RN5S353,RNA5SP353
RN5S355,RNA5SP355
RN5S362,RNA5SP362
RN5S365,RNA5SP365
RN5S366,RNA5SP366
RN5S370,RNA5SP370
RN5S375,RNA5SP375
RN5S377,RNA5SP377
RN5S378,RNA5SP378
RN5S379,RNA5SP379
RN5S384,RNA5SP384
RN5S391,RNA5SP391
RN5S396,RNA5SP396
RN5S399,RNA5SP399
RN5S425,RNA5SP425
RN5S427,RNA5SP427
RN5S428,RNA5SP428
RN5S429,RNA5SP429
RN5S431,RNA5SP431
RN5S437,RNA5SP437
RN5S438,RNA5SP438
RN5S439,RNA5SP439
RN5S440,RNA5SP440
RN5S442,RNA5SP442
RN5S443,RNA5SP443
RN5S444,RNA5SP444
RN5S447,RNA5SP447
RN5S448,RNA5SP448
RN5S462,RNA5SP462
RN5S464,RNA5SP464
RN5S465,RNA5SP465
RN5S466,RNA5SP466
RN5S467,RNA5SP467
RN5S473,RNA5SP473
RN5S500,RNA5SP500
RN5S512,RNA5SP512
ECRP,RNASE2CP
C14ORF6,RNASE11
RAJ1,RNASE11
RAI1,RNASE12
LOC100506054,RNASEH1-DT
RNASEH1-AS1,RNASEH1-DT
AGS3,RNASEH2C
AYP1,RNASEH2C
MGC71993,RNASEK
PRCA1,RNASEL
RNS4,RNASEL
ARHS,RND1
RHO6,RND1
RHOS,RND1
ARHN,RND2
RHO7,RND2
RHON,RND2
ARHE,RND3
RHO8,RND3
RHOE,RND3
RES4-26,RNF4
SLX5,RNF4
SNURF,RNF4
KIAA0262,RNF10
RIE2,RNF10
CGI-123,RNF11
MGC51169,RNF11
SID1669P,RNF11
RZF,RNF13
FLJ90005,RNF19B
IBRDC3,RNF19B
NKLAM,RNF19B
AO7,RNF25
FLJ13906,RNF25
MGC2642,RNF26
FKSG33,RNF32
HSD15,RNF32
LMBR2,RNF32
C7ORF13,RNF32-DT
LINC01006,RNF32-DT
MY040,RNF32-DT
FLJ21786,RNF34
RIF,RNF34
RIFF,RNF34
BRE1B,RNF40
KIAA0661,RNF40
RBP95,RNF40
STARING,RNF40
NRDP1,RNF41
SBBI03,RNF41
DKFZP781H0392,RNF43
FLJ20315,RNF43
URCC,RNF43
KIAA1100,RNF44
HKF-1,RNF103
KF1,RNF103
ZFP103,RNF103
CL469780,RNF115
ZNF364,RNF115
FLJ12565,RNF123
KPC1,RNF123
FLJ20552,RNF126
RNF139-AS1,RNF139-DT
HUIP4,RNF144A
KIAA0161,RNF144A
RNF144,RNF144A
UBCE7IP4,RNF144A
FLJ31951,RNF145
KIAA1917,RNF157
MGC14381,RNF166
MGC2647,RNF166
DKFZP566H073,RNF167
KIAA1991,RNF169
ADSA,RNF170
DKFZP564A022,RNF170
SNAX1,RNF170
FLJ34190,RNF175
HSPC238,RNF181
FLJ20225,RNF186
C1ORF188,RNF207
FLJ32096,RNF207
FLJ46380,RNF207
FLJ38841,RNF212
LOC285498,RNF212
C14ORF164,RNF212B
ALO17,RNF213
C17ORF27,RNF213
KIAA1554,RNF213
KIAA1618,RNF213
MYMY2,RNF213
NET57,RNF213
C6ORF172,RNF217
DJ84N20.1,RNF217
IBRDC1,RNF217
MGC26996,RNF217
STL,RNF217-AS1
C1ORF164,RNF220
FLJ10597,RNF220
LINC02581,RNF227
PTD016,RNFT1
FLJ14627,RNFT2
TMEM118,RNFT2
C10ORF59,RNLS
FLJ11218,RNLS
RENALASE,RNLS
APB,RNPEP
RNU1-7,RNU1-7P
RNU1-8,RNU1-8P
RNU1-137P,RNU1-129P
U2,RNU2-1
RNU2P2,RNU2-4P
U2,RNU2-4P
U2/7,RNU2-4P
RNU4A,RNU4-1
RNU4B2,RNU4-1
U4,RNU4-1
U4BL,RNU4-1
RNU4-1B,RNU4-2
RNU4B1,RNU4-2
RNU4C,RNU4-2
U4A,RNU4-2
U4B,RNU4-2
U4C,RNU4-2
RNU4P6,RNU4-6P
U4,RNU4-6P
U4/8,RNU4-6P
RNU4ATAC1,RNU4ATAC
U4ATAC,RNU4ATAC
RNU5D,RNU5D-1
U5DL,RNU5D-1
U5DS,RNU5D-1
RNU5E,RNU5E-1
U5E,RNU5E-1
RNU5F,RNU5F-1
RNU6-4,RNU6-4P
U6-4,RNU6-4P
RNU6-5,RNU6-5P
U6-5,RNU6-5P
RNU6-6,RNU6-6P
RNU6B,RNU6-6P
U6-6,RNU6-6P
U6-9,RNU6-9
RNU6-22,RNU6-22P
RNU6-25,RNU6-25P
RNU6-26,RNU6-26P
RNU6-31,RNU6-31P
RNU6-37,RNU6-37P
RNU6-40,RNU6-40P
RNU6-41,RNU6-41P
RNU6-42,RNU6-42P
RNU6-46,RNU6-46P
RNU6-48,RNU6-48P
RNU6ATAC1,RNU6ATAC
87U6,RNU6V
LH87,RNU6V
U7.2,RNU7-2P
U7.3,RNU7-3P
RNU7-139P,RNU7-8P
U7.8,RNU7-8P
U7.9,RNU7-9P
U7.10,RNU7-10P
U7.11,RNU7-11P
U7.13,RNU7-13P
RNU7-142P,RNU7-18P
U7.18,RNU7-18P
U7.19,RNU7-19P
U7.20,RNU7-20P
U7.23,RNU7-23P
HSU7.25,RNU7-24P
RNU7P3,RNU7-24P
U7.24,RNU7-24P
U7.40,RNU7-40P
U7.41,RNU7-41P
U7.45,RNU7-45P
U7.46,RNU7-46P
U7.47,RNU7-47P
U7.50,RNU7-50P
U7.52,RNU7-52P
U7.56,RNU7-56P
U7.57,RNU7-57P
U7.62,RNU7-62P
U7.63,RNU7-63P
U7.70,RNU7-70P
U7.74,RNU7-74P
U7.79,RNU7-79P
U7.80,RNU7-80P
U7.81,RNU7-81P
U7.85,RNU7-85P
RNU7-135P,RNU7-125P
RNU11-1,RNU11
U11,RNU11
E1-5,RNU105C
E1-6,RNU105C
U105C,RNU105C
RNU1-10P,RNVU1-1
RNU1-53,RNVU1-1
RNU1P10,RNVU1-1
RNVU1-10,RNVU1-1
U1.4,RNVU1-1
U1P14,RNVU1-1
VU1.1,RNVU1-1
VU1.10,RNVU1-1
RNU1-12P,RNVU1-2
RNU1-13P,RNVU1-2
RNU1-71,RNVU1-2
RNU1P2,RNVU1-2
RNU1P6,RNVU1-2
RNVU1-11,RNVU1-2
U1.1,RNVU1-2
U1P1,RNVU1-2
U1P2A,RNVU1-2
VU1.11,RNVU1-2
VU1.2,RNVU1-2
RNU1-113,RNVU1-3
RNU1-151,RNVU1-3
RNVU1-12,RNVU1-3
VU1.12,RNVU1-3
VU1.3,RNVU1-3
RNU1-102,RNVU1-4
RNU1-50,RNVU1-4
RNVU1-5,RNVU1-4
VU1.4,RNVU1-4
VU1.5,RNVU1-4
RNU1-99,RNVU1-6
VU1.6,RNVU1-6
RNU1-26P,RNVU1-7
RNU1-6P,RNVU1-7
RNU1-9,RNVU1-7
RNU1-9P,RNVU1-7
RNVU1-9,RNVU1-7
VU1.7,RNVU1-7
VU1.9,RNVU1-7
RNU1-145,RNVU1-8
VU1.8,RNVU1-8
RNU1-37,RNVU1-14
VU1.14,RNVU1-14
RNU1-121,RNVU1-15
RNU1-66,RNVU1-15
RNVU1-16,RNVU1-15
VU1.15,RNVU1-15
VU1.16,RNVU1-15
RNU1-127,RNVU1-17
VU1.17,RNVU1-17
RNU1-25,RNVU1-18
RNU1-25P,RNVU1-18
RNU1-5,RNVU1-18
RNU1P1,RNVU1-18
U1.15,RNVU1-18
U1P101,RNVU1-18
U1P15,RNVU1-18
VU1.18,RNVU1-18
RNU1-122P,RNVU1-21
RNU1-120P,RNVU1-22
RNU1-92P,RNVU1-23
RNU1-59P,RNVU1-24
RNU1-87P,RNVU1-33
U1A5,RNVU1-33
RNU1-85P,RNVU1-34
U1A7,RNVU1-34
HY1,RNY1
HY3,RNY3
HY4,RNY4
SSA2,RO60
TROVE2,RO60
DUTT1,ROBO1
FLJ21882,ROBO1
SAX3,ROBO1
KIAA1568,ROBO2
FLJ21044,ROBO3
HGPPS,ROBO3
HGPS,ROBO3
RBIG1,ROBO3
ECSM4,ROBO4
FLJ20798,ROBO4
MRB,ROBO4
ROM,ROM1
TSPAN23,ROM1
CT91,ROPN1
ODF6,ROPN1
ROPN1A,ROPN1
ROPPORIN,ROPN1
ASP,ROPN1L
FLJ25776,ROPN1L
RSPH11,ROPN1L
NTRKR1,ROR1
NR1F3,RORC
RORG,RORC
RZRG,RORC
TOR,RORC
DCDC4A,RP1
ORP1,RP1
PAP-1,RP9
RPA2P,RPA2P1
HRIP,RPAIN
MGC4189,RPAIN
RIP,RPAIN
C1ORF82,RPAP2
FLJ13150,RPAP2
RTR1,RPAP2
BXDC5,RPF1
COD1,RPGR
CORDX1,RPGR
CRD,RPGR
RP15,RPGR
RP3,RPGR
CORS3,RPGRIP1L
FTM,RPGRIP1L
JBTS7,RPGRIP1L
KIAA1005,RPGRIP1L
MKS5,RPGRIP1L
NPHP8,RPGRIP1L
PPP1R134,RPGRIP1L
L5,RPL5
PPP1R135,RPL5
UL18,RPL5
L6,RPL6
TAXREB107,RPL6
TXREB1,RPL6
DJ15D7.1,RPL8P1
RPL2P,RPL8P1
RPL8P,RPL8P1
BA209A2.1,RPL10P2
RPL10P,RPL10P2
L11,RPL11
UL5,RPL11
DJ441G21.1,RPL12P2
TCAG_1783340,RPL12P10
HANR,RPL13AP20
HST16723,RPL13P4
CTG-B33,RPL14
HRL14,RPL14
L14,RPL14
RL14,RPL14
EC45,RPL15
L15,RPL15
RPL10,RPL15
RPLY10,RPL15
RPYL10,RPL15
LNC-ZC3HAV1L-1:1,RPL17P28
ZAP-IT1,RPL17P28
L18A,RPL18A
BCM182,RPL18AP3
DKFZP779D216,RPL19
FLJ27452,RPL19
L19,RPL19
MGC71997,RPL19
HST18206,RPL21P15
ENSG00000184796,RPL21P18
EAP,RPL22
L22,RPL22
L23,RPL23
RPL17,RPL23
RPL23AP9,RPL23AP8
DKFZP547I014,RPL23AP32
L24,RPL24
RPL26P1,RPL26L1
L27A,RPL27A
HIP,RPL29
HUMRPL29,RPL29
L29,RPL29
RPL29P10,RPL29
DJ336K20B.2,RPL29P1
P17,RPL29P31
PERMIT,RPL29P31
HST19508,RPL31P6
L32,RPL32
FLJ37673,RPL34-DT
RP11-462C24.1,RPL34-DT
RPL34-AS1,RPL34-DT
EL33,RPL35A
GIG33,RPL35A
L35A,RPL35A
DKFZP566B023,RPL36
L36,RPL36
RPL36A,RPL36AL
RPL36AP42,RPL36AL
L37,RPL37
L37A,RPL37A
PSANK1,RPL37P2
L38,RPL38
RPL39L1,RPL39L
L41,RPL41
L10E,RPLP0
LP0,RPLP0
P0,RPLP0
PRLP0,RPLP0
RPP0,RPLP0
P14,RPP14
FLJ20374,RPP25
FLJ32145,RPRD2
HSPC099,RPRD2
KIAA0460,RPRD2
MGC43894,RPRML
MGC27348,RPS2P32
FLJ12331,RPS2P45
CCG2,RPS4X
DXS306,RPS4X
FLJ40595,RPS4X
RPS4,RPS4X
S4,RPS4X
SCAR,RPS4X
SCR10,RPS4X
RPS4P1,RPS4XP1
RPS4P4,RPS4XP4
RPS4P5,RPS4XP5
RPS4P13,RPS4XP13
S5,RPS5
HU-2,RPS6KA2
RSK3,RPS6KA2
RSK4,RPS6KA6
P70(S6K)-ALPHA,RPS6KB1
PS6K,RPS6KB1
S6K,RPS6KB1
S6K1,RPS6KB1
STK14A,RPS6KB1
HUMS6PKH1,RPS6KC1
RSKL1,RPS6KC1
S8,RPS8
MGC88819,RPS10
S10,RPS10
BCM1851,RPS10P4
LNC-MCEI,RPS10P7
S13,RPS13
DBA,RPS19
ES19,RPS19
LOH19CR1,RPS19
S19,RPS19
S23,RPS23
US12,RPS23
ES24,RPS24
S24,RPS24
ES26,RPS26
S26,RPS26
BA366E13.1,RPS26P11
RPS26L1,RPS26P11
MPS-1,RPS27
MPS1,RPS27
S27,RPS27
S27A,RPS27A
UBA80,RPS27A
UBCEP80,RPS27A
BA108M11.3,RPS27P1
S29,RPS29
US14,RPS29
37LRP,RPSA
LAMR1,RPSA
LRP,RPSA
P40,RPSA
SA,RPSA
RPSAP58,RPSA2
LAMR1P9,RPSAP9
LAMR,RPSAP11
LAMR1P11,RPSAP11
LAMRL1,RPSAP11
LAMRP1,RPSAP11
FLJ39117,RPTN
KIAA1303,RPTOR
KOG1,RPTOR
MIP1,RPTOR
RAPTOR,RPTOR
C16ORF40,RPUSD1
MGC19600,RPUSD1
RLUCL,RPUSD1
C15ORF19,RPUSD2
C18B11,RPUSD2
FLJ31409,RPUSD2
PUS9,RPUSD2
MGC29784,RPUSD3
FLJ14494,RPUSD4
RAD,RRAD
REM3,RRAD
BA11D8.2.1,RRAGD
DKFZP761H171,RRAGD
HNT,RREB1
C2ORF48,RRM2
FLJ25102,RRM2
KIAA0409,RRP8
NML,RRP8
RNU3IP2,RRP9
U3-55K,RRP9
KIAA0112,RRS1
RRS1-AS1,RRS1-DT
FLJ11164,RSAD1
HEMW,RSAD1
CIG5,RSAD2
VIG1,RSAD2
VIPERIN,RSAD2
FLJ11220,RSBN1
ROSBIN,RSBN1
RS1,RSC1A1
HBXAP,RSF1
P325,RSF1
RSF-1,RSF1
XAP8,RSF1
FLJ25006,RSKR
SGK494,RSKR
CSIG,RSL1D1
DKFZP564M182,RSL1D1
L12,RSL1D1
PBK1,RSL1D1
UTP30,RSL1D1
DJ97D16.2,RSL24D1P1
RPL24P,RSL24D1P1
RPL30BP,RSL24D1P1
RSL24D1P,RSL24D1P1
RSL24D1P19,RSL24D1P4
CILD11,RSPH4A
DJ412I7.1,RSPH4A
FLJ37974,RSPH4A
RSHL3,RSPH4A
RSPH6B,RSPH4A
FLJ40906,RSPO1
RSPONDIN,RSPO1
KIAA1972,RSPRY1
BM-011,RSRC1
MGC12197,RSRC1
SFRS21,RSRC1
SRRP53,RSRC1
FLJ11021,RSRC2
C1ORF63,RSRP1
DJ465N24.2.1,RSRP1
FLJ31034,RSU1
RSP-1,RSU1
FLJ36353,RTBDN
RPC,RTCA
RTC1,RTCA
RTCD1,RTCA
KIAA0252,RTF1
B5,RTKN
KIAA2001,RTL5
MAR5,RTL5
MART5,RTL5
RGAG4,RTL5
SIRH8,RTL5
NSP2,RTN2
NSPL1,RTN2
SPG12,RTN2
ASY,RTN4
KIAA0886,RTN4
NOGO,RTN4
NSP-CL,RTN4
NGR2,RTN4RL2
NGRH1,RTN4RL2
LTM1,RTP3
TMEM7,RTP3
Z3CXXC3,RTP3
KIAA0226,RUBCN
RUBICON,RUBCN
RUNDATAXIN,RUBCN
FLJ10063,RUFY2
KIAA1537,RUFY2
RABIP4R,RUFY2
ZFYVE13,RUFY2
FLJ46536,RUFY4
ZFYVE31,RUFY4
DKFZP761H0421,RUNDC1
RAP2IP,RUNDC3A
RPIP8,RUNDC3A
RPIB9,RUNDC3B
RPIP9,RUNDC3B
AML1T1,RUNX1T1
CBFA2T1,RUNX1T1
CDR,RUNX1T1
ETO,RUNX1T1
MTG8,RUNX1T1
ZMYND2,RUNX1T1
AML2,RUNX3
CBFA3,RUNX3
PEBP2A3,RUNX3
NESCA,RUSC1
C1ORF104,RUSC1-AS1
FLJ35976,RUSC1-AS1
KIAA0375,RUSC2
C16ORF58,RUSF1
FLJ13868,RUSF1
ECP51,RUVBL2
INO80J,RUVBL2
REPTIN52,RUVBL2
RVB2,RUVBL2
TIH2,RUVBL2
TIP48,RUVBL2
TIP49B,RUVBL2
PTD013,RWDD1
DJ747H23.2,RWDD2A
MGC13523,RWDD2A
RWDD2,RWDD2A
FAM28BP,RWDD4P1
GPCR142,RXFP4
GPR100,RXFP4
RLN3R2,RXFP4
RXFPR4,RXFP4
HP10481,RXYLT1
TMEM5,RXYLT1
TMEM5-AS1,RXYLT1-AS1
D3S3195,RYK
JTK5,RYK
JTK5A,RYK
RYK1,RYK
CCO,RYR1
MHS,RYR1
MHS1,RYR1
PPP1R137,RYR1
RYR,RYR1
ARVC2,RYR2
ARVD2,RYR2
VTSIP,RYR2
BA791O21.3,S1PR3
C9ORF108,S1PR3
C9ORF47,S1PR3
EDG-3,S1PR3
EDG3,S1PR3
FLJ37523,S1PR3
EDG-8,S1PR5
EDG8,S1PR5
S100-ALPHA,S100A1
S100A,S100A1
CAN19,S100A2
S100L,S100A2
S100E,S100A3
18A2,S100A4
42A,S100A4
CAPL,S100A4
FSP1,S100A4
MTS1,S100A4
P9KA,S100A4
PEL98,S100A4
S100D,S100A5
2A9,S100A6
CABP,S100A6
CACY,S100A6
PRA,S100A6
PSOR1,S100A7
S100A7C,S100A7
S100A15,S100A7A
S100A7F,S100A7A
S100A7L1,S100A7A
S100A7B,S100A7L2
S100A7D,S100A7P1
S100A7L3,S100A7P1
60B8AG,S100A8
CAGA,S100A8
CFAG,S100A8
CGLA,S100A8
MRP-8,S100A8
MRP8,S100A8
P8,S100A8
S100-A8,S100A8
60B8AG,S100A9
CAGB,S100A9
CFAG,S100A9
CGLB,S100A9
LIAG,S100A9
MAC387,S100A9
MIF,S100A9
MRP-14,S100A9
MRP14,S100A9
NIF,S100A9
P14,S100A9
S100-A9,S100A9
42C,S100A10
ANX2LG,S100A10
CAL1L,S100A10
CLP11,S100A10
P11,S100A10
S100C,S100A11
CAAF1,S100A12
CAGC,S100A12
CGRP,S100A12
ENRAGE,S100A12
MRP6,S100A12
P6,S100A12
BCMP84,S100A14
S100A15,S100A14
DT1P1A7,S100A16
MGC17528,S100A16
S100F,S100A16
FLJ12903,S100PBP
S100PBPR,S100PBP
GM625,S100Z
S100-ZETA,S100Z
HSU79266,SAC3D1
SHD1,SAC3D1
KIAA0851,SACM1L
SAC1,SACM1L
AOS1,SAE1
FLJ3091,SAE1
SUA1,SAE1
KIAA0138,SAFB2
CT14,SAGE1
SAGE,SAGE1
HSAL1,SALL1
TBS,SALL1
ZNF794,SALL1
LNC-GCH1-2:3,SAMD4A-AS1
FLJ10211,SAMD4B
HSMAUG2,SAMD4B
MGC99832,SAMD4B
SMGB,SAMD4B
DKFZP686E1583,SAMD7
FLJ25082,SAMD8
SMSR,SAMD8
C7ORF5,SAMD9
FLJ20073,SAMD9
KIAA2004,SAMD9
C7ORF6,SAMD9L
FLJ39885,SAMD9L
KIAA2005,SAMD9L
MGC45873,SAMD11
FLJ36890,SAMD14
C14ORF174,SAMD15
FAM15A,SAMD15
FLJ35963,SAMD15
KIAA1841,SANBR
FLJ00248,SAP25
ENST00000608794,SAP30-DT
FLJ38109,SAP30L-AS1
GALNT10-AS1,SAP30L-AS1
FLJ12761,SAP130
SAR1,SAR1A
SARA,SAR1A
SARA1,SAR1A
DMGDHL1,SARDH
SDH,SARDH
SARS,SARS1
SERS,SARS1
KIAA0156,SART3
P110,SART3
RP11-13G14,SART3
TIP110,SART3
DJ323M4.1,SASH1
KIAA0790,SASH1
SH3D6A,SASH1
DKFZP761A078,SASS6
FLJ22097,SASS6
SAS-6,SASS6
SAS6,SASS6
FLJ21474,SATB2
KIAA1034,SATB2
DKFZP666G057,SAXO2
FAM154B,SAXO2
C6ORF64,SAYSD1
FLJ11101,SAYSD1
CGI-97,SBDS
FLJ10917,SBDS
SDO1,SBDS
SDS,SBDS
SWDS,SBDS
CMT4B2,SBF2
DENND7B,SBF2
KIAA1766,SBF2
MTMR13,SBF2
FLJ10701,SBNO1
FLJ10833,SBNO1
MOP3,SBNO1
SNO,SBNO1
HLAR698,SBSN
UNQ698,SBSN
SCAMP37,SCAMP1
FLJ33847,SCAMP4
MGC24969,SCAMP5
KIAA0199,SCAP
APC7,SCARA3
CSR,SCARA3
CSR1,SCARA3
MSLR1,SCARA3
MSRL1,SCARA3
FLJ23907,SCARA5
MGC45780,SCARA5
NET33,SCARA5
CD36L1,SCARB1
CLA-1,SCARB1
CLA1,SCARB1
SR-BI,SCARB1
SRB1,SCARB1
CD36L2,SCARB2
HLGP85,SCARB2
LIMP-2,SCARB2
LIMPII,SCARB2
SR-BII,SCARB2
ACA35,SCARNA1
HBII-382,SCARNA2
MGU2-25/61,SCARNA2
HBI-100,SCARNA3
ACA26,SCARNA4
U90,SCARNA7
52,SCARNA10
LNC,SCARNA10
MBI,SCARNA10
U85,SCARNA10
ACA57,SCARNA11
ACA66,SCARNA20
CD163C-ALPHA,SCART1
CTD-2357A8.3,SCAT1
LINC02081,SCAT1
XLOC_012582,SCAT1
CBX5-AS1,SCAT2
EYS-AS1,SCAT8
FADS5,SCD
SCD1,SCD
SCDOS,SCD
FLJ39514,SCFD2
STXBP1L1,SCFD2
CHGC,SCG2
SGII,SCG2
SN,SCG2
SCGB4A1P,SCGB1B2P
RYD5,SCGB1C1
LIPA,SCGB1D1
LPHA,SCGB1D1
MGC71958,SCGB1D1
LIPB,SCGB1D2
LPHB,SCGB1D2
IIS,SCGB1D4
SCGB1D1P1,SCGB1D5P
LPHC,SCGB2A1
MGB2,SCGB2A1
MGC71973,SCGB2A1
UGB3,SCGB2A1
MGB1,SCGB2A2
MGC71974,SCGB2A2
PSBP1,SCGB2A2
UGB2,SCGB2A2
SCGB4A2,SCGB2B2
SCGBL,SCGB2B2
C2B,SCGB2B3P
SCGB4A3P,SCGB2B3P
HIN-1,SCGB3A1
HIN1,SCGB3A1
LU105,SCGB3A1
PNSP-2,SCGB3A1
UGRP2,SCGB3A1
CALBL,SCGN
DJ501N12.8,SCGN
SECRET,SCGN
SEGN,SCGN
SCHIP-1,SCHIP1
C17ORF87,SCIMP
DTFT5783,SCIMP
FLJ32580,SCIMP
MGC163426,SCIMP
MGC163428,SCIMP
UNQ5783,SCIMP
AL109615.3,SCIRT
DATOC-1,SCIRT
SCL,SCLY
SCML3,SCMH1
DJ47M23.1,SCML4
FEB3,SCN1A
GEFSP2,SCN1A
HBSCI,SCN1A
NAC1,SCN1A
NAV1.1,SCN1A
SCN1,SCN1A
SMEI,SCN1A
HBSCI,SCN2A
HBSCII,SCN2A
NAV1.2,SCN2A
SCN2A1,SCN2A
SCN2A2,SCN2A
NAV1.3,SCN3A
HSA243396,SCN3B
SCNB3,SCN3B
HYKPP,SCN4A
HYPP,SCN4A
NAV1.4,SCN4A
SKM1,SCN4A
CDCD2,SCN5A
CMD1E,SCN5A
CMPD2,SCN5A
HB1,SCN5A
HB2,SCN5A
HBBD,SCN5A
HH1,SCN5A
ICCD,SCN5A
IVF,SCN5A
LQT3,SCN5A
NAV1.5,SCN5A
PFHB1,SCN5A
SSS1,SCN5A
NAG,SCN7A
NAV2.1,SCN7A
NAV2.2,SCN7A
SCN6A,SCN7A
CERIII,SCN8A
CIAT,SCN8A
MED,SCN8A
NACH6,SCN8A
NAV1.6,SCN8A
PN4,SCN8A
ETHA,SCN9A
NAV1.7,SCN9A
NE-NA,SCN9A
NENA,SCN9A
PN1,SCN9A
HPN3,SCN10A
NAV1.8,SCN10A
PN3,SCN10A
SNS,SCN10A
NAN,SCN11A
NAV1.9,SCN11A
SCN12A,SCN11A
SNS-2,SCN11A
ENACALPHA,SCNN1A
SCNN1,SCNN1A
DNACH,SCNN1D
ENACDELTA,SCNN1D
FLJ23142,SCRN3
CEGB1,SCUBE2
CEGF1,SCUBE2
FLJ16792,SCUBE2
KRTAP28-1,SCYGR1
KRTAP28-2,SCYGR2
KRTAP28-3,SCYGR3
KRTAP28-4,SCYGR4
KRTAP28-5,SCYGR5
KRTAP28-6,SCYGR6
KRTAP28-7,SCYGR7
KRTAP28-8,SCYGR8
KRTAP28-9,SCYGR9
KRTAP28P1,SCYGR9
KRTAP28-10,SCYGR10
KRTAP28P2,SCYGR10
GKLP,SCYL1
HT019,SCYL1
MGC78454,SCYL1
NKTL,SCYL1
NTKL,SCYL1
P105,SCYL1
TAPK,SCYL1
TEIF,SCYL1
TRAP,SCYL1
CD138,SDC1
SDC,SDC1
SYND1,SDC1
SYNDECAN,SDC1
C1ORF55,SDE2
FLJ35382,SDE2
CAB45,SDF4
FP,SDHA
SDH2,SDHA
SDHF,SDHA
LYRM8,SDHAF1
C11ORF79,SDHAF2
FLJ20487,SDHAF2
PGL2,SDHAF2
SDH5,SDHAF2
SDHACL,SDHAP3
SDHAL,SDHAP3
SDH,SDHB
SDH1,SDHB
CYB560,SDHC
CYBL,SDHC
PGL3,SDHC
CYBS,SDHD
PGL,SDHD
PGL1,SDHD
FLJ31425,SDK1
HSPC105,SDR42E1
SDH,SDS
CSDH,SDSL
SDS-RS1,SDSL
OG9,SEBOX
OG9X,SEBOX
SEC11L1,SEC11A
SID2895,SEC11A
SPC18,SEC11A
SPCS4A,SEC11A
SEC11L2,SEC11B
SPCS4B,SEC11B
KIAA0420,SEC14L5
PRELID4B,SEC14L5
LZTR2,SEC16B
PGPR-P117,SEC16B
RGPR,SEC16B
SEC16S,SEC16B
SEC22L2,SEC22A
SEC22B2,SEC22B2P
SEC22B3,SEC22B3P
MGC13261,SEC22C
MGC5373,SEC22C
SEC22L3,SEC22C
IPLA1A,SEC23IP
IPLA1BETA,SEC23IP
P125,SEC23IP
P125A,SEC23IP
1/2-SBSRNA4,SEC24B-AS1
FLJ10578,SEC61A2
DTRP1,SEC62
HTP1,SEC62
TLOC1,SEC62
DNAJC23,SEC63
ERDJ2,SEC63
PRO2507,SEC63
SEC63L,SEC63
HRD3,SEL1L
IBD2,SEL1L
SEL1L1,SEL1L
HSBP,SELENBP1
HSP56,SELENBP1
LPSB,SELENBP1
SEP15,SELENOF
C11ORF31,SELENOH
SELH,SELENOH
EPT1,SELENOI
KIAA1724,SELENOI
SELI,SELENOI
SEPI,SELENOI
SELK,SELENOK
MDRS1,SELENON
RSMD1,SELENON
RSS,SELENON
SELN,SELENON
SEPN1,SELENON
SELP,SELENOP
SEP,SELENOP
SEPP,SELENOP
SEPP1,SELENOP
SELT,SELENOT
SELV,SELENOV
SELW,SELENOW
SEPW1,SELENOW
CD62,SELP
CD62P,SELP
GMP140,SELP
GRMP,SELP
PADGEM,SELP
PSEL,SELP
CD162,SELPLG
PSGL-1,SELPLG
C7ORF76,SEM1
DSS1,SEM1
ECD,SEM1
FLJ42280,SEM1
PSMD15,SEM1
SHFD1,SEM1
SHFDG1,SEM1
SHFM1,SEM1
SHSF1,SEM1
DSS1P1,SEM1P1
SHFM1P,SEM1P1
SHFM1P1,SEM1P1
LUCA-1,SEMA3B
SEMA,SEMA3B
SEMA5,SEMA3B
SEMAA,SEMA3B
SEMAV,SEMA3B
COLL-2,SEMA3D
SEMA-Z2,SEMA3D
COLL-5,SEMA3E
KIAA0331,SEMA3E
M-SEMAK,SEMA3E
SEMAH,SEMA3E
RBM5-AS1,SEMA3F-AS1
FLJ00014,SEMA3G
SEM2,SEMA3G
CORD10,SEMA4A
FLJ12287,SEMA4A
SEMAB,SEMA4A
SEMB,SEMA4A
KIAA1745,SEMA4B
MGC131831,SEMA4B
SEMAC,SEMA4B
SEMC,SEMA4B
SEMACL1,SEMA4C
SEMAF,SEMA4C
SEMAI,SEMA4C
SEMAM,SEMA4F
SEMAW,SEMA4F
FLJ20590,SEMA4G
KIAA1619,SEMA4G
SEM-SEMA-Z,SEMA6B
SEMA-VIB,SEMA6B
SEMAN,SEMA6B
SEMAZ,SEMA6B
KIAA1869,SEMA6C
SEMA-Y,SEMA6C
FLI1-AS1,SENCR
DKFZP586K0919,SENP3
DKFZP762A152,SENP3
SMT3IP1,SENP3
SSP3,SENP3
ULP1,SENP3
MGC27076,SENP5
SPS,SEPHS1
SPS1,SEPHS1
DIFF6,SEPTIN1
PNUTL3,SEPTIN1
SEPT1,SEPTIN1
ARTS,SEPTIN4
C17ORF47,SEPTIN4
CE5B3,SEPTIN4
FLJ40121,SEPTIN4
H5,SEPTIN4
HCDCREL-2,SEPTIN4
HUCEP-7,SEPTIN4
MART,SEPTIN4
PNUTL2,SEPTIN4
SEPT4,SEPTIN4
SEPT4-AS1,SEPTIN4-AS1
CDC10,SEPTIN7
CDC3,SEPTIN7
SEPT7,SEPTIN7
SEPT7A,SEPTIN7
SEPT7-AS1,SEPTIN7-DT
SEPTIN7-AS1,SEPTIN7-DT
CDC10P,SEPTIN7P1
SEPT7P1,SEPTIN7P1
DKFZP313J1114,SEPTIN7P2
SEPT13,SEPTIN7P2
SEPT7B,SEPTIN7P2
SEPT7P2,SEPTIN7P2
SEPT7P3,SEPTIN7P3
SEPT7P5,SEPTIN7P5
SEPT7P7,SEPTIN7P7
SEPT7P8,SEPTIN7P8
FLJ44060,SEPTIN14
SEPT14,SEPTIN14
SEPT14P2,SEPTIN14P2
SEPT14P3,SEPTIN14P3
SEPT14P4,SEPTIN14P4
SEPT14P5,SEPTIN14P5
SEPT14P12,SEPTIN14P12
SEPT14P17,SEPTIN14P17
SEPT14P19,SEPTIN14P19
SEPT14P21,SEPTIN14P21
FLJ14917,SERAC1
CGI-55,SERBP1
CHD3IP,SERBP1
DKFZP564M2423,SERBP1
HABP4L,SERBP1
PAI-RBP1,SERBP1
PAIRBP1,SERBP1
4F5REL,SERF2
FAM2C,SERF2
H4F5REL,SERF2
HST17089,SERF2
KIAA1253,SERINC1
TDE1L,SERINC1
TDE2,SERINC1
TMS-2,SERINC1
TBG,SERPINA7
SERPINA13,SERPINA13P
UNQ6121,SERPINA13P
MGC39372,SERPINB9P1
AT3,SERPINC1
ATIII,SERPINC1
MGC22579,SERPINC1
GDN,SERPINE2
NEXIN,SERPINE2
PI7,SERPINE2
PN1,SERPINE2
PNI,SERPINE2
C1-INH,SERPING1
C1IN,SERPING1
C1INH,SERPING1
C1NH,SERPING1
HAE1,SERPING1
HAE2,SERPING1
PI12,SERPINI1
MEPI,SERPINI2
PI14,SERPINI2
TSA2004,SERPINI2
KIAA0127,SERTAD2
SEI-2,SERTAD2
TRIP-BR2,SERTAD2
LINC00643,SERTAD4BP
PA26,SESN1
SEST1,SESN1
MGC29667,SESN3
SEST3,SESN3
DKFZP434O0515,SESTD1
SOLO,SESTD1
KIAA0339,SETD1A
KMT2F,SETD1A
SET1,SETD1A
SET1A,SETD1A
KIAA1076,SETD1B
KMT2G,SETD1B
SET1B,SETD1B
FLJ23184,SETD2
HIF-1,SETD2
HYPB,SETD2
KIAA1732,SETD2
KMT3A,SETD2
FLJ10707,SETD5
SETD5A,SETD5
FLJ21148,SETD6
KIAA1717,SETD7
KMT7,SETD7
SET7,SETD7
SET7/9,SETD7
SET9,SETD7
C5ORF35,SETD9
MGC33648,SETD9
ESET,SETDB1
KG1T,SETDB1
KIAA0067,SETDB1
KMT1E,SETDB1
TDRD21,SETDB1
METNASE,SETMAR
SETP13,SETP3
SETP18,SETSIP
FLJ90517,SEZ6L2
PSK-1,SEZ6L2
ZCCHC25,SF1
ZFM1,SF1
ZNF162,SF1
PRP11,SF3A2
PRPF11,SF3A2
SAP62,SF3A2
SF3A66,SF3A2
PRP9,SF3A3
PRPF9,SF3A3
SAP61,SF3A3
SF3A60,SF3A3
HSH155,SF3B1
PRP10,SF3B1
PRPF10,SF3B1
SAP155,SF3B1
SF3B155,SF3B1
HSH49,SF3B4
SAP49,SF3B4
SF3B49,SF3B4
MGC3133,SF3B5
SF3B10,SF3B5
YSF3,SF3B5
CGI-110,SF3B6
HT006,SF3B6
P14,SF3B6
SAP14A,SF3B6
SF3B14A,SF3B6
YWHAS,SFN
PPP1R140,SFPQ
PSF,SFPQ
FRP-2,SFRP2
SARP1,SFRP2
SDF-5,SFRP2
SARP3,SFRP5
SFRS8,SFSWAP
SWAP,SFSWAP
MGC5391,SFT2D3
SFTP3,SFTPB
SP-B,SFTPB
SLC56A2,SFXN2
SFX3,SFXN3
SLC56A3,SFXN3
SLC56A4,SFXN4
A2,SGCA
ADHALIN,SGCA
ADL,SGCA
DMDA2,SGCA
LGMD2D,SGCA
SCARMD1,SGCA
A3B,SGCB
LGMD2E,SGCB
SGC,SGCB
CMD1L,SGCD
DAGD,SGCD
LGMD2F,SGCD
DKFZP761D221,SGIP1
SGK,SGK1
MGC26963,SGMS2
SMS2,SGMS2
SGOL1P1,SGO1P1
FLJ25211,SGO2
SGOL2,SGO2
TRIPIN,SGO2
SPL,SGPL1
HSS,SGSH
MPS3A,SGSH
SFMD,SGSH
ALPHASGT,SGTA
HSGT,SGTA
SGT,SGTA
SGT1,SGTA
UBP,SGTA
VPU,SGTA
FLJ30542,SH2B1
SH2B,SH2B1
APS,SH2B2
EAT2,SH2D1B
F2771,SH2D2A
TSAD,SH2D2A
FLJ35993,SH2D6
SLNK,SH2D6
CRBM,SH3BP2
RES4-23,SH3BP2
SAB,SH3BP5
KIAA1720,SH3BP5L
C1ORF113,SH3D21
FLJ22938,SH3D21
CNSA-P1,SH3GL1P1
SH3GLP1,SH3GL1P1
BIF-1,SH3GLB1
CGI-61,SH3GLB1
KIAA0491,SH3GLB1
PPP1R70,SH3GLB1
CIN85,SH3KBP1
FLJ23654,SH3RF2
HEPP1,SH3RF2
POSHER,SH3RF2
PPP1R39,SH3RF2
RNF158,SH3RF2
FLJ20356,SH3TC1
DKFZP586F1318,SH3YL1
RAY,SH3YL1
SPANK-1,SHANK1
SSTRIP,SHANK1
SYNAMON,SHANK1
CORTBP1,SHANK2
CTTNBP1,SHANK2
PROSAP1,SHANK2
SHANK,SHANK2
SPANK-3,SHANK2
C11ORF76,SHANK2-AS3
P66,SHC1
SHC,SHC1
SHCA,SHC1
SHCL1,SHC1P2
SCK,SHC2
SHCB,SHC2
SLI,SHC2
N-SHC,SHC3
NSHC,SHC3
SHCC,SHC3
FLJ22009,SHCBP1
PAL,SHCBP1
C1ORF14,SHCBP1L
HHG1,SHH
HLP3,SHH
HPE3,SHH
MCOPCB5,SHH
SMMCI,SHH
TPT,SHH
TPTPS,SHH
HSHISA3,SHISA3
C1ORF40,SHISA4
HSHISA4,SHISA4
TMEM58,SHISA4
HSHISA5,SHISA5
SCOTIN,SHISA5
FAM159B,SHISAL2B
BA38L15.1,SHLD2P1
FAM35B,SHLD2P1
FAM35BP,SHLD2P1
FAM35EP,SHLD2P1
OG12,SHOX2
OG12X,SHOX2
SHOT,SHOX2
CARKL,SHPK
SHK,SHPK
BA545I5.2,SHPRH
FLJ90837,SHPRH
KIAA2023,SHPRH
FLJ20174,SIDT1
SID-1,SIDT1
CGI-40,SIDT2
IL-1R8,SIGIRR
TIR8,SIGIRR
CD170,SIGLEC5
CD33L2,SIGLEC5
OB-BP2,SIGLEC5
SIGLEC-5,SIGLEC5
CD328,SIGLEC7
P75/AIRM1,SIGLEC7
QA79,SIGLEC7
SIGLEC-7,SIGLEC7
SIGLEC19P,SIGLEC7
SIGLECP2,SIGLEC7
CD329,SIGLEC9
MGC126774,SIGLEC10
PRO940,SIGLEC10
SIGLEC-10,SIGLEC10
SLG2,SIGLEC10
AC008750.1,SIGLEC10-AS2
SIGLEC-P16,SIGLEC16
SIGLECP16,SIGLEC16
SIGLECP1,SIGLEC18P
SIGLECP4,SIGLEC20P
SIGLECP5,SIGLEC21P
SIGLECP6,SIGLEC22P
SIGLECP8,SIGLEC24P
C19ORF75,SIGLECL1
FLJ40235,SIGLECL1
SIGLEC23P,SIGLECL1
SIGLECP7,SIGLECL1
DKFZP434K1115,SIK2
KIAA0781,SIK2
LOH11CR1I,SIK2
QIK,SIK2
SNF1LK2,SIK2
FLJ12240,SIK3
KIAA0999,SIK3
L19,SIK3
QSK,SIK3
FLJ21168,SIKE1
SIKE,SIKE1
FLJ30594,SILC1
LINC01105,SILC1
LOC150622,SILC1
LINC02528,SIMALR
C5ORF25,SIMC1
FLJ44216,SIMC1
OOMA1,SIMC1
PLEIAD,SIMC1
DKFZP434K2235,SIN3A
KIAA0700,SIN3A
KIAA0700,SIN3B
SPA1,SIPA1
KIAA1389,SIPA1L2
SPAR2,SIPA1L2
SIR2L3,SIRT3
SIR2L4,SIRT4
HPE2,SIX3
SIX3OS,SIX3-AS1
DMAHP,SIX5
EM:AC006313.1,SKA2P1
FAM33B,SKA2P1
SKA2L,SKA2P1
KIAA0372,SKIC3
SKI3,SKIC3
THES,SKIC3
TTC37,SKIC3
REC14,SKIC8
SKI8,SKIC8
WDR61,SKIC8
SNO,SKIL
SNOA,SKIL
SNON,SKIL
BTN12,SKINT1L
SKINTL,SKINT1L
SKINTP,SKINT1L
EMC19,SKP1
MGC34403,SKP1
OCP-II,SKP1
OCP2,SKP1
P19A,SKP1
SKP1A,SKP1
TCEB1L,SKP1
CD150,SLAMF1
SLAM,SLAMF1
CD352,SLAMF6
KALI,SLAMF6
KALIB,SLAMF6
LY108,SLAMF6
NTB-A,SLAMF6
NTBA,SLAMF6
SF2000,SLAMF6
BLAME,SLAMF8
CD353,SLAMF8
SBBI42,SLAMF8
CD2F-10,SLAMF9
CD84-H1,SLAMF9
SF2001,SLAMF9
EAAC1,SLC1A1
EAAT3,SLC1A1
HEAAC1,SLC1A1
EAAT2,SLC1A2
GLT-1,SLC1A2
GLT1,SLC1A2
HBGT,SLC1A2
AC008957.1,SLC1A3-AS1
CTD-2353F22.1,SLC1A3-AS1
ASCT-1,SLC1A4
ASCT1,SLC1A4
SATT,SLC1A4
AAAT,SLC1A5
ASCT2,SLC1A5
M7V1,SLC1A5
RDRC,SLC1A5
EAAT4,SLC1A6
EAAT5,SLC1A7
CSE,SLC2A1
DYT18,SLC2A1
DYT9,SLC2A1
GLUT,SLC2A1
GLUT-1,SLC2A1
GLUT1,SLC2A1
HTLVR,SLC2A1
SLC2A1-AS1,SLC2A1-DT
GLUT3,SLC2A3
GLUT3P1,SLC2A3P1
GLUT6,SLC2A3P1
SLC2A3P,SLC2A3P1
GLUT7,SLC2A7
GLUT14,SLC2A14
SLC2A3P3,SLC2A14
4F2,SLC3A2
4F2HC,SLC3A2
4T2HC,SLC3A2
CD98,SLC3A2
CD98HC,SLC3A2
MDU1,SLC3A2
NACAE,SLC3A2
AE1,SLC4A1
CD233,SLC4A1
DI,SLC4A1
EMPB3,SLC4A1
EPB3,SLC4A1
FR,SLC4A1
RTA1A,SLC4A1
SW,SLC4A1
WD,SLC4A1
WR,SLC4A1
HLC3,SLC4A1AP
KANADAPTIN,SLC4A1AP
AE2,SLC4A2
BND3L,SLC4A2
EPB3L1,SLC4A2
HKB3,SLC4A2
NBND3,SLC4A2
AE3,SLC4A3
SLC2C,SLC4A3
HHNMC,SLC4A4
HNBC1,SLC4A4
KNBC,SLC4A4
KNBC1,SLC4A4
NBC1,SLC4A4
NBC2,SLC4A4
NBCE1,SLC4A4
PNBC,SLC4A4
SLC4A5,SLC4A4
NBC4,SLC4A5
NBC3,SLC4A7
SBC2,SLC4A7
SLC4A6,SLC4A7
NIS,SLC5A5
SMVT,SLC5A6
SGLT4,SLC5A9
SGLT5,SLC5A10
GABATHG,SLC6A1
GABATR,SLC6A1
GAT-1,SLC6A1
GAT1,SLC6A1
HGAT-1,SLC6A1
NAT1,SLC6A2
NET,SLC6A2
NET1,SLC6A2
SLC6A5,SLC6A2
TAUT,SLC6A6
PROT,SLC6A7
GLYT-1,SLC6A9
GLYT1,SLC6A9
GAT3,SLC6A11
BGT-1,SLC6A12
GAT2,SLC6A13
FLJ10316,SLC6A15
HV7-3,SLC6A15
NTT73,SLC6A15
SBAT1,SLC6A15
V7-3,SLC6A15
FLJ31236,SLC6A18
XTRP2,SLC6A18
B0AT1,SLC6A19
IMINO,SLC6A20
SIT1,SLC6A20
XT3,SLC6A20
XTRP3,SLC6A20
SLC6A21,SLC6A21P
ATRC2,SLC7A2
CAT-2,SLC7A2
HCAT2,SLC7A2
HLAT1-3TM,SLC7A5P2
IMAA,SLC7A5P2
LPI,SLC7A7
Y+LAT-1,SLC7A7
Y+LAT1,SLC7A7
LAT2,SLC7A8
LPI-PC1,SLC7A8
BAT1,SLC7A9
CSNU3,SLC7A9
ASC-1,SLC7A10
KIAA1613,SLC7A14
PPP1R142,SLC7A14
NCX1,SLC8A1
KIAA1087,SLC8A2
NCX2,SLC8A2
NCX3,SLC8A3
FLJ22233,SLC8B1
NCKX6,SLC8B1
NCLX,SLC8B1
SLC24A6,SLC8B1
NHE4,SLC9A4
NHEDC1P2,SLC9B1P2
NTCP,SLC10A1
NTCP1,SLC10A1
MGC29802,SLC10A4
C4ORF13,SLC10A7
DKFZP313H0531,SLC10A7
DKFZP566M114,SLC10A7
DKFZP779O2438,SLC10A7
MGC25043,SLC10A7
LSH,SLC11A1
NRAMP,SLC11A1
NRAMP1,SLC11A1
DCT1,SLC11A2
DMT-1,SLC11A2
DMT1,SLC11A2
FLJ37416,SLC11A2
NRAMP2,SLC11A2
FLJ33630,SLC12A2-DT
LINC01184,SLC12A2-DT
KCC1,SLC12A4
CCC9,SLC12A8
CIP1,SLC12A9
RP11-126L15.4,SLC12A9-AS1
NADC-1,SLC13A2
SUT-1,SLC13A4
SUT1,SLC13A4
PEPT2,SLC15A2
HPTR3,SLC15A3
PHT2,SLC15A3
PHT1,SLC15A4
PTR4,SLC15A4
ENST00000421157.1,SLC16A1-AS1
MCT3,SLC16A3
MCT4,SLC16A3
MCT4,SLC16A4
MCT5,SLC16A4
MCT5,SLC16A5
MCT6,SLC16A5
MCT6,SLC16A6
MCT7,SLC16A6
MCT10,SLC16A10
TAT1,SLC16A10
FLJ90193,SLC16A11
MCT11,SLC16A11
MCT13,SLC16A13
FLJ30794,SLC16A14
MCT14,SLC16A14
CGAT,SLC18A1
VAT1,SLC18A1
VMAT1,SLC18A1
THT1,SLC19A2
THTR1,SLC19A2
TRMA,SLC19A2
HTHTR2,SLC19A3
THTR-2,SLC19A3
THTR2,SLC19A3
GLVR-1,SLC20A1
GLVR1,SLC20A1
PIT-1,SLC20A1
PIT1,SLC20A1
OCT2,SLC22A2
EMT,SLC22A3
OCT3,SLC22A3
CDSP,SLC22A5
OCTN2,SLC22A5
SCD,SLC22A5
OAT1,SLC22A6
PAHT,SLC22A6
ROAT1,SLC22A6
OAT3,SLC22A8
FLJ23666,SLC22A9
OAT4,SLC22A9
OAT7,SLC22A9
UST3,SLC22A9
HOAT5,SLC22A10
OAT5,SLC22A10
OCTL2,SLC22A14
ORCTL4,SLC22A14
BOCT,SLC22A17
BOIT,SLC22A17
NGALR,SLC22A17
FLJ16331,SLC22A20P
OAT6,SLC22A20P
SLC22A20,SLC22A20P
MGC34821,SLC22A24
NET46,SLC22A24
HIMTP,SLC22A25
MGC120420,SLC22A25
UST6,SLC22A25
FLJ31168,SLC23A3
SVCT3,SLC23A3
YSPL1,SLC23A3
SLC23A4,SLC23A4P
ORNT2,SLC25A2
PHC,SLC25A3
PIC,SLC25A3
PTP,SLC25A3
FLJ40434,SLC25A3P1
ANTP6,SLC25A5P6
OGC,SLC25A11
SLC20A4,SLC25A11
D10S105E,SLC25A16
GDA,SLC25A16
HGT.1,SLC25A16
ML7,SLC25A16
DNC,SLC25A19
MCPHA,SLC25A19
MUP1,SLC25A19
TPC,SLC25A19
CACTP,SLC25A20P1
SLC25A20P,SLC25A20P1
ODC,SLC25A21
ODC1,SLC25A21
APC2,SLC25A23
FLJ30339,SLC25A23
MGC2615,SLC25A23
MRS3/4,SLC25A28
MRS4L,SLC25A28
C14ORF69,SLC25A29
FLJ38975,SLC25A29
ANT4,SLC25A31
DKFZP434N1235,SLC25A31
MFTC,SLC25A32
DKFZP781A10161,SLC25A34
RP11-169K16.4,SLC25A34-AS1
FLJ10618,SLC25A36
PNC2,SLC25A36
FLJ20551,SLC25A38
CGI-69,SLC25A39
FLJ22407,SLC25A39
MCFP,SLC25A40
APC4,SLC25A41
FLJ40442,SLC25A41
MGC34725,SLC25A41
FLJ90431,SLC25A44
KIAA0446,SLC25A44
C14ORF68,SLC25A47
HDCMP,SLC25A47
FLJ44862,SLC25A48
LINC01959,SLC25A48-AS1
MCART5P,SLC25A51P3
EDM4,SLC26A1
SAT-1,SLC26A1
DTD,SLC26A2
DTDST,SLC26A2
CLD,SLC26A3
DRA,SLC26A3
DFNB4,SLC26A4
PDS,SLC26A4
DFNB61,SLC26A5
PRES,SLC26A5
DKFZP586E1422,SLC26A6
SUT2,SLC26A7
TAT1,SLC26A8
SLC26A10,SLC26A10P
ACSVL5,SLC27A1
FATP,SLC27A1
FATP1,SLC27A1
FLJ00336,SLC27A1
MGC71751,SLC27A1
ACSB,SLC27A5
ACSVL6,SLC27A5
FACVL3,SLC27A5
FATP5,SLC27A5
FLJ22987,SLC27A5
VLACSR,SLC27A5
VLCS-H2,SLC27A5
VLCSH2,SLC27A5
ACSVL2,SLC27A6
FACVL2,SLC27A6
FATP6,SLC27A6
VLCS-H1,SLC27A6
ENT1,SLC29A1
ENT3,SLC29A3
FLJ11160,SLC29A3
HENT3,SLC29A3
ENT4,SLC29A4
FLJ34923,SLC29A4
ZNT1,SLC30A1
ZRC1,SLC30A1
ZNT3,SLC30A3
FLJ12496,SLC30A5
FLJ12756,SLC30A5
MGC5499,SLC30A5
ZNT-5,SLC30A5
ZNT5,SLC30A5
ZNTL1,SLC30A5
ZTL1,SLC30A5
FLJ31101,SLC30A6
ZNT6,SLC30A6
C4ORF1,SLC30A9
GAC63,SLC30A9
HUEL,SLC30A9
ZNT9,SLC30A9
DKFZP547M236,SLC30A10
ZNT-10,SLC30A10
ZNT10,SLC30A10
ZNT8,SLC30A10
ZRC1,SLC30A10
CMPST,SLC35A1
HCST,SLC35A1
UGTREL4,SLC35B2
C6ORF196,SLC35B3
CGI-19,SLC35B3
DJ453H5.1,SLC35B3
PAPST2,SLC35B3
FLJ14697,SLC35B4
YEA4,SLC35B4
FLJ11320,SLC35C1
FUCT1,SLC35C1
SQV7L,SLC35D2
UGTREL8,SLC35D2
KIAA0447,SLC35E2A
SLC35E2,SLC35E2A
FLJ37712,SLC35F3
ANT2BP,SLC35F6
C2ORF18,SLC35F6
FLJ20555,SLC35F6
TANGO9,SLC35F6
AMAC1,SLC35G3
FLJ40154,SLC35G3
TMEM21A,SLC35G3
LYAAT-1,SLC36A1
PAT1,SLC36A1
TRAMD3,SLC36A1
PAT2,SLC36A2
TRAMD1,SLC36A2
TRAMDORIN,SLC36A2
PAT3,SLC36A3
TRAMD2,SLC36A3
TRAMDORIN2,SLC36A3
FLJ38932,SLC36A4
PAT4,SLC36A4
G17,SLC38A3
SN1,SLC38A3
SNAT3,SLC38A3
NAT-1,SLC38A6
SNAT6,SLC38A6
FLJ10815,SLC38A7
SNAT7,SLC38A7
AVT2,SLC38A11
FLJ39822,SLC38A11
ZIP1,SLC39A1
ZIRTL,SLC39A1
ZIP3,SLC39A3
ZIP5,SLC39A5
BIGM103,SLC39A8
ZIP-8,SLC39A8
ZIP8,SLC39A8
FLJ11274,SLC39A9
ZIP9,SLC39A9
FLJ25785,SLC39A13
LZT-HS9,SLC39A13
ZIP-13,SLC39A13
ZIP13,SLC39A13
AC090559.1,SLC39A13-AS1
FPN,SLC40A1
FPN1,SLC40A1
HFE4,SLC40A1
IREG1,SLC40A1
MTP1,SLC40A1
SLC11A3,SLC40A1
MGTE,SLC41A1
DKFZP434K0427,SLC41A2
FLJ20473,SLC41A3
PB39,SLC43A1
POV1,SLC43A1
R00504,SLC43A1
CD92,SLC44A1
CDW92,SLC44A1
CHTL1,SLC44A1
CTL1,SLC44A1
CTL2,SLC44A2
LINC01057,SLC44A3-AS1
CTL5,SLC44A5
MGC34032,SLC44A5
DNB5,SLC45A1
FLJ31196,SLC47A2
MATE2,SLC47A2
MATE2-K,SLC47A2
FLJ22269,SLC49A3
LP2561,SLC49A3
MFSD7,SLC49A3
HSSWEET1,SLC50A1
RAG1AP1,SLC50A1
RP11-540D14.5,SLC50A1
RZPDO834D038D,SLC50A1
SCP,SLC50A1
SLV,SLC50A1
SWEET1,SLC50A1
FLJ10060,SLC52A1
GPCR42,SLC52A1
GPR172B,SLC52A1
HRFT1,SLC52A1
PAR2,SLC52A1
RFVT1,SLC52A1
FLJ20320,SLC66A1
LAAT-1,SLC66A1
LAAT1,SLC66A1
PQLC2,SLC66A1
C3ORF55,SLC66A1L
PQLC2L,SLC66A1L
C2ORF22,SLC66A3
MGC33602,SLC66A3
PQLC3,SLC66A3
OATP,SLCO1A2
OATP-A,SLCO1A2
OATP1A2,SLCO1A2
SLC21A3,SLCO1A2
LST-1,SLCO1B1
OATP-C,SLCO1B1
OATP1B1,SLCO1B1
SLC21A6,SLCO1B1
LST3,SLCO1B7
SLC21A21,SLCO1B7
OATP-F,SLCO1C1
OATP1,SLCO1C1
OATP1C1,SLCO1C1
SLC21A14,SLCO1C1
MATR1,SLCO2A1
OATP2A1,SLCO2A1
PGT,SLCO2A1
SLC21A2,SLCO2A1
OATP-B,SLCO2B1
OATP2B1,SLCO2B1
SLC21A9,SLCO2B1
ANKRD32,SLF1
BRCTD1,SLF1
BRCTX,SLF1
DKFZP564C0469,SLF1
DKFZP761C121,SLF1
MGC19764,SLFN5
FLJ34922,SLFN11
FLJ10260,SLFN12
FLJ31952,SLFN13
FLJ23878,SLFNL1
MEGF5,SLIT3
SLIL2,SLIT3
SLIT-3,SLIT3
SLIT1,SLIT3
SLIT2,SLIT3
KIAA0204,SLK
SE20-9,SLK
STK2,SLK
KIAA1601,SLMAP
SLAP,SLMAP
GIYD2,SLX1B
MGC5178,SLX1B
BTBD12,SLX4
FANCP,SLX4
KIAA1784,SLX4
KIAA1987,SLX4
HST17436,SMAD3
JV15-2,SMAD3
MADH3,SMAD3
ANXA4-AS,SMANTIS
MANTIS,SMANTIS
N342419,SMANTIS
SMAP1L,SMAP2
BAF190,SMARCA2
BRM,SMARCA2
HBRM,SMARCA2
HSNF2A,SMARCA2
SNF2,SMARCA2
SNF2L2,SMARCA2
SNF2LA,SMARCA2
STH1P,SMARCA2
SWI2,SMARCA2
BAF190,SMARCA4
BRG1,SMARCA4
FLJ39786,SMARCA4
HSNF2B,SMARCA4
SNF2,SMARCA4
SNF2-BETA,SMARCA4
SNF2L4,SMARCA4
SNF2LB,SMARCA4
SWI2,SMARCA4
DKFZP762K2015,SMARCAD1
ETL1,SMARCAD1
KIAA1122,SMARCAD1
HARP,SMARCAL1
HHARP,SMARCAL1
BAF170,SMARCC2
CRACC2,SMARCC2
RSC8,SMARCC2
BAF60A,SMARCD1
CRACD1,SMARCD1
RSC6P,SMARCD1
BAF60B,SMARCD2
CRACD2,SMARCD2
PRO2451,SMARCD2
RSC6P,SMARCD2
SMC2-AS1,SMC2-DT
CAP-C,SMC4
HCAP-C,SMC4
SMC4L1,SMC4
MAMDC2-AS2,SMC5-DT
SMC5-AS1,SMC5-DT
C12ORF70,SMCO2
LOC341346,SMCO2
C12ORF69,SMCO3
LOC440087,SMCO3
MCSP,SMCP
NCRNA00034,SMCR5
ATX,SMG1
KIAA0421,SMG1
LIP,SMG1
EST1B,SMG5
KIAA1089,SMG5
LPTS-RP1,SMG5
LPTSRP1,SMG5
RP11-54H19.7,SMG5
SMG-5,SMG5
C1ORF16,SMG7
EST1C,SMG7
KIAA0250,SMG7
SGA56M,SMG7
SMG-7,SMG7
DKFZP564C196,SMG7-AS1
C17ORF71,SMG8
FLJ10587,SMG8
FLJ23205,SMG8
VEL,SMIM1
C5ORF62,SMIM3
MSTP150,SMIM3
NID67,SMIM3
C17ORF109,SMIM5
C19ORF42,SMIM7
MGC2747,SMIM7
C6ORF162,SMIM8
DJ102H19.2,SMIM8
DKFZP586E1923,SMIM8
CXORF69,SMIM10
BA33E24.4,SMIM11P1
C6ORF161,SMIM11P1
FAM165A,SMIM11P1
C6ORF228,SMIM13
C4ORF34,SMIM14
FLJ13289,SMIM14
C4ORF52,SMIM20
MITRAC7,SMIM20
PNX,SMIM20
C5ORF50,SMIM23
LOC644994,SMIM23
C6ORF1,SMIM29
LBH,SMIM29
MGC57858,SMIM29
TMPRSS4-AS1,SMIM35
FZD11,SMO
SMOH,SMO
SMAP2,SMOC2
ASM,SMPD1
ISC1,SMPD2
NSMASE,SMPD2
MA-NSMASE,SMPD5
ASML3B,SMPDL3B
MRSR,SMS
SPMSY,SMS
SPS,SMS
SRS,SMS
CHASM,SMTNL1
FLJ42461,SMTNL2
FDG,SMUG1
HMUDG,SMUG1
UNG3,SMUG1
KIAA1625,SMURF1
KMT3E,SMYD3
ZMYND1,SMYD3
ZNFN3A1,SMYD3
SNAI1L,SNAI1P1
SNAI1L1,SNAI1P1
SNAI1P,SNAI1P1
SMUC,SNAI3
ZFP293,SNAI3
ZNF293,SNAI3
MGC23284,SNAI3-AS1
HST17016,SNAP23
SNAP23A,SNAP23
SNAP23B,SNAP23
C1ORF142,SNAP47
SNAP-47,SNAP47
SVAP1,SNAP47
SNAP47-IT1,SNAP47-AS1
AP180,SNAP91
CALM,SNAP91
KIAA0656,SNAP91
PTFDELTA,SNAPC2
SNAP45,SNAPC2
MGC132011,SNAPC3
MGC33124,SNAPC3
PTFBETA,SNAPC3
SNAP50,SNAPC3
BLOC1S7,SNAPIN
BORCS3,SNAPIN
SNAPAP,SNAPIN
NACP,SNCA
PARK1,SNCA
PARK4,SNCA
PD1,SNCA
C7ORF54,SND1-IT1
NAG8,SND1-IT1
NSG-X,SND1-IT1
FLJ00133,SNED1
SNEP,SNED1
SST3,SNED1
LINC00057,SNHG1
LNCRNA16,SNHG1
NCRNA00057,SNHG1
UHG,SNHG1
NCRNA00014,SNHG3
RNU17C,SNHG3
RNU17D,SNHG3
U17HG,SNHG3
U17HG-A,SNHG3
BA33E24.2,SNHG5
C6ORF160,SNHG5
LINC00044,SNHG5
MGC16362,SNHG5
NCRNA00044,SNHG5
U50HG,SNHG5
HBII-276HG,SNHG6
NCRNA00058,SNHG6
U87HG,SNHG6
MGC16037,SNHG7
NCRNA00061,SNHG7
LINC00060,SNHG8
NCRNA00060,SNHG8
C14ORF62,SNHG10
FLJ40557,SNHG10
LINC00063,SNHG10
NCRNA00063,SNHG10
TP53LC16,SNHG10
ASLNC04080,SNHG12
C1ORF79,SNHG12
LINC00100,SNHG12
PNAS-123,SNHG12
C7ORF40,SNHG15
FLJ38860,SNHG15
LINC-MYO1G,SNHG15
MYO1GUT,SNHG15
NBLA10727,SNHG16
NBLA12061,SNHG16
NCRAN,SNHG16
SNORD60HG,SNHG19
AC005682.5,SNHG26
C1ORF204,SNHG28
FLJ39187,SNHG28
VSIG8-OT1,SNHG28
C17ORF45,SNHG29
C17ORF76-AS1,SNHG29
FAM211A-AS1,SNHG29
LRRC75A-AS1,SNHG29
MGC40157,SNHG29
NCRNA00188,SNHG29
LINC02001,SNHG30
RP11-1094M14.11,SNHG30
ACA2A,SNORA2A
ACA2B,SNORA2B
ACA34,SNORA2C
SNORA34,SNORA2C
ACA3,SNORA3A
SNORA3,SNORA3A
SNORA45A,SNORA3A
ACA3-2,SNORA3B
SNORA45,SNORA3B
SNORA45B,SNORA3B
ACA4,SNORA4
ACA6,SNORA6
ACA7,SNORA7A
ACA7B,SNORA7B
U108,SNORA12
ACA14A,SNORA14A
ACA14B,SNORA14B
ACA16,SNORA16A
U98B,SNORA16B
ACA19,SNORA19
ACA21,SNORA21
ACA23,SNORA23
ACA36B,SNORA36B
ACA44,SNORA44
ACA46,SNORA46
HBI-115,SNORA47
ACA49,SNORA49
ACA50,SNORA50A
SNORA50,SNORA50A
SNORA76A,SNORA50A
ACA62,SNORA50C
SNORA76,SNORA50C
SNORA76C,SNORA50C
ACA55,SNORA55
U99,SNORA57
ACA58,SNORA58
SNORA58B,SNORA58
ACA59,SNORA59A
ACA61,SNORA61
E2,SNORA62
E2-1,SNORA62
RNE2,SNORA62
RNU108,SNORA62
E3,SNORA63
E3-2,SNORA63
RNE3,SNORA63
RNU107,SNORA63
SNORA63A,SNORA63
RNU66,SNORA66
U66,SNORA66
RNU68,SNORA68
SNORA68A,SNORA68
U68,SNORA68
U70D,SNORA70D
U70E,SNORA70E
U70F,SNORA70F
E1,SNORA73A
E1-7,SNORA73A
E1B,SNORA73A
RNE1,SNORA73A
RNU17A,SNORA73A
U17A,SNORA73A
E1C,SNORA73B
RNU105A,SNORA73B
RNU17B,SNORA73B
U17B,SNORA73B
U19-2,SNORA74B
SNORA75A,SNORA75
U23,SNORA75
ACA63,SNORA77
SNORA77A,SNORA77
ACA67B,SNORA80B
ACA42,SNORA80E
SNORA42,SNORA80E
HBI-61,SNORA81
ASCL830,SNORC
C2ORF82,SNORC
UNQ830,SNORC
R39B,SNORD2
SNR39B,SNORD2
MGU6-47,SNORD7
Z30,SNORD7
HBII-95,SNORD11
RNU13P3,SNORD13P3
U13,SNORD13P3
U13.4B,SNORD13P3
RNU14,SNORD14A
RNU14A,SNORD14A
U14,SNORD14A
RNU14B,SNORD14B
U14,SNORD14B
U14B,SNORD14B
HBII-108,SNORD19
RNU20,SNORD20
U20,SNORD20
RNU21,SNORD21
U21,SNORD21
RNU37,SNORD37
U37,SNORD37
RNU38A,SNORD38A
U38A,SNORD38A
RNU38B,SNORD38B
U38B,SNORD38B
RNU45A,SNORD45A
U45A,SNORD45A
RNU45B,SNORD45B
U45B,SNORD45B
U45C,SNORD45C
RNU40,SNORD46
RNU46,SNORD46
U40,SNORD46
U46,SNORD46
RNU49,SNORD49A
U49,SNORD49A
U49A,SNORD49A
U49B,SNORD49B
U50B,SNORD50B
RNU53,SNORD53
SNORD53A,SNORD53
U53,SNORD53
RNU39,SNORD55
RNU55,SNORD55
SNORD39,SNORD55
U39,SNORD55
U55,SNORD55
RNU59,SNORD59A
U59,SNORD59A
RNU60,SNORD60
U60,SNORD60
HBII-135,SNORD65
SNORD65A,SNORD65
HBII-166,SNORD67
HBII-210,SNORD69
HBII-234,SNORD70
SNORD70A,SNORD70
HBII-239,SNORD71
HSA-MIR-768,SNORD71
MIRN768,SNORD71
HBII-240,SNORD72
RNU82,SNORD82
U82,SNORD82
Z25,SNORD82
HBII-289,SNORD89
HBII-316,SNORD92
HBII-336,SNORD93
U94,SNORD94
U95,SNORD95
U96A,SNORD96A
HBII-419,SNORD98
HBII-420,SNORD99
U104,SNORD104
FLJ20224,SNRK
HSNFRK,SNRK
KIAA0096,SNRK
C16ORF33,SNRNP25
U11/U12-25K,SNRNP25
RY1,SNRNP27
U4/U6.U5-27K,SNRNP27
C6ORF151,SNRNP48
DJ336K20B.1,SNRNP48
DJ512B11.2,SNRNP48
FLJ32234,SNRNP48
MUD1,SNRPA
U1-A,SNRPA
U1A,SNRPA
LEA1,SNRPA1
U2A',SNRPA1
U1-C,SNRPC
YHC1,SNRPC
SM-D2,SNRPD2
SNRPD1,SNRPD2
SM-E,SNRPE
SM-F,SNRPF
SM-G,SNRPG
GRD19,SNX3
MVP1,SNX8
RGS-PX2,SNX14
KIAA0064,SNX17
SNX18P6,SNX18P5
CHET8,SNX19
KIAA0254,SNX19
SLIC-1,SNX20
SLIC1,SNX20
SBBI31,SNX25
KIAA0488,SNX27
MGC20471,SNX27
MY014,SNX27
RUNDC2C,SNX29P2
ATG24A,SNX30
FLJ30934,SNX32
SNX6B,SNX32
CISH1,SOCS1
JAB,SOCS1
SOCS-1,SOCS1
SSI-1,SOCS1
TIP3,SOCS1
CIS3,SOCS3
CISH3,SOCS3
SOCS-3,SOCS3
SSI-3,SOCS3
CIS6,SOCS5
CISH5,SOCS5
CISH6,SOCS5
KIAA0671,SOCS5
SOCS-5,SOCS5
GC1,SOD2
GCLNC1,SOD2
IPOB,SOD2
MNSOD,SOD2
EC-SOD,SOD3
C6ORF174,SOGA3
DJ403A15.3,SOGA3
CAP,SORBS1
FLJ12406,SORBS1
KIAA1296,SORBS1
PONSIN,SORBS1
SH3D5,SORBS1
SH3P12,SORBS1
ARGBP2,SORBS2
KIAA0777,SORBS2
AC093797.1,SORBS2-AS1
RP11-301L8.2,SORBS2-AS1
KIAA1329,SORCS2
GP95,SORT1
NT3,SORT1
GF1,SOS1
GINGF,SOS1
HGF,SOS1
DAND6,SOST
VBCH,SOST
DKFZP761J1324,SOX2-OT
NCRNA00043,SOX2-OT
SOX2OT,SOX2-OT
L-SOX5,SOX5
MGC35153,SOX5
SOX29,SOX5P1
SOX5P,SOX5P1
KIAA0048,SP2
SPR-2,SP3
EPFN,SP6
KLF14,SP6
ZNF990,SP9
IFI41,SP110
IFI75,SP110
LYSP100-A,SP140
LYSP100-B,SP140
SP17-2,SPA17P1
ALLP17,SPACA3
CT54,SPACA3
LYC3,SPACA3
LYZL3,SPACA3
SLLP1,SPACA3
LET7EH,SPACA6
LINC00085,SPACA6
NCRNA00085,SPACA6
SPACA6P,SPACA6
ACRP,SPAG7
FSA-1,SPAG7
MGC20134,SPAG7
CT89,SPAG9
FLJ13450,SPAG9
FLJ14006,SPAG9
FLJ26141,SPAG9
FLJ34602,SPAG9
HLC4,SPAG9
HSS,SPAG9
JIP-4,SPAG9
JIP4,SPAG9
JLP,SPAG9
KIAA0516,SPAG9
MGC117291,SPAG9
MGC14967,SPAG9
MGC74461,SPAG9
PHET,SPAG9
PIG6,SPAG9
SYD1,SPAG9
DKFZP666P1710,SPAG16
FLJ22724,SPAG16
PF20,SPAG16
WDR29,SPAG16
HYAL5,SPAM1
PH-20,SPAM1
SPAG15,SPAM1
CT11.1,SPANXA1
NAP-X,SPANXA1
SPAN-XA,SPANXA1
SPAN-XB,SPANXA1
SPANX,SPANXA1
CT11.7,SPANXN2
SPANX-N2,SPANXN2
CT11.9,SPANXN4
SPANX-N4,SPANXN4
BM-40,SPARC
ON,SPARC
ONT,SPARC
ADPSP,SPAST
FSP2,SPAST
KIAA1083,SPAST
SPG4,SPAST
SP-2,SPATA1
TSARG1,SPATA3
FLJ10007,SPATA6
SRF-1,SPATA6
SRF1,SPATA6
C9ORF68,SPATA6L
FLJ10058,SPATA6L
MGC44294,SPATA8
SRG8,SPATA8
FLJ35906,SPATA9
NYD-SP16,SPATA9
FLJ32906,SPATA18
FLJ21347,SPATA20
SSP411,SPATA20
TISP78,SPATA20
NYD-SP20,SPATA22
CCDC161,SPATA24
T6441,SPATA24
DKFZP434B204,SPATA31A3
FAM75A3,SPATA31A3
OTTHUMG00000013164,SPATA31A3
FAM75A4,SPATA31A7
FAM75A7,SPATA31A7
SPATA31A4,SPATA31A7
FAM75C1,SPATA31C1
FLJ36055,SPATA31C1
FAM75D1,SPATA31D1
FLJ46321,SPATA31D1
FAM75D2P,SPATA31D2P
FAM75D3,SPATA31D3
FLJ44082,SPATA31D3
FAM75D4,SPATA31D4
FLJ43859,SPATA31D4
FAM75D5,SPATA31D5P
FAM75D5P,SPATA31D5P
FLJ43950,SPATA31D5P
AEP2,SPATA32
C17ORF46,SPATA32
FLJ25414,SPATA32
TEX34,SPATA32
VAD1.2,SPATA32
C16ORF55,SPATA33
FLJ31606,SPATA33
AKNAD1-AS1,SPATA42
SRG7,SPATA42
C1ORF227,SPATA45
LOC149643,SPATA45
C1ORF111,SPATA46
TEKT2BP2,SPATA46
FLJ25442,SPATS1
SPATA8,SPATS1
SRSP1,SPATS1
FLJ13117,SPATS2
SCR59,SPATS2
SPATA10,SPATS2
FLJ90806,SPC24
SPBC24,SPC24
HSPC033,SPCS1
SPC1,SPCS1
SPC12,SPCS1
YJR010C-A,SPCS1
KIAA0102,SPCS2
BA375E1.3,SPDEF
PDEF,SPDEF
CCDC99,SPDL1
FLJ20364,SPDL1
HSPINDLY,SPDL1
RINGO3,SPDYA
SPDY1,SPDYA
SPY1,SPDYA
RINGO2,SPDYC
RINGO1,SPDYE1
SPDYE,SPDYE1
WBSCR19,SPDYE1
MGC119295,SPDYE2
SPDYE8P,SPDYE8
SPDYE9P,SPDYE9
SPDYE10P,SPDYE10
SPDYE12P,SPDYE12
SPDYE13P,SPDYE13
SPDYE14P,SPDYE14
SPDYE15P,SPDYE15
SPDYE21P,SPDYE21
CYTSB,SPECC1
FLJ36955,SPECC1
HCMOGT-1,SPECC1
NSP,SPECC1
APEG1,SPEG
BPEG,SPEG
KIAA1297,SPEG
MGC12676,SPEG
MYLK6,SPEG
SPEGALPHA,SPEG
SPEGBETA,SPEG
KIAA0929,SPEN
MINT,SPEN
RBM15C,SPEN
SHARP,SPEN
FLJ37453,SPEN-AS1
SP-ESP,SPESP1
OF,SPI1
PU.1,SPI1
SFPI1,SPI1
SPI-1,SPI1
SPI-A,SPI1
SPI-B,SPIB
HUSI-II,SPINK2
MGC133107,SPINK4
PEC-60,SPINK4
DKFZP686K19184,SPINK5
FLJ21544,SPINK5
FLJ97536,SPINK5
FLJ97596,SPINK5
FLJ99794,SPINK5
LEKTI,SPINK5
LETKI,SPINK5
NETS,SPINK5
NS,SPINK5
VAKTI,SPINK5
BUSI2,SPINK6
MGC21394,SPINK6
UNQ844,SPINK6
ECG2,SPINK7
ECRG2,SPINK7
HESPINTOR,SPINK13
LIESP6,SPINK13
MGC149260,SPINK13
SPINK5L3,SPINK13
SPINK5L2,SPINK14
RP11-532F12.5,SPINT1-AS1
HAI-2,SPINT2
HAI2,SPINT2
KOP,SPINT2
SLC63A2,SPNS2
FLJ25348,SPOCD1
PPP1R146,SPOCD1
SPOCK,SPOCK1
TESTICAN-1,SPOCK1
TIC1,SPOCK1
KIAA0275,SPOCK2
TESTICAN-2,SPOCK2
DIL1,SPON2
BNSP,SPP1
BSPI,SPP1
ETA-1,SPP1
LNC-PKD2-2-3,SPP1
OPN,SPP1
IMP3,SPPL2A
PSL2,SPPL2A
DKFZP586C1324,SPPL3
IMP2,SPPL3
MGC126674,SPPL3
MGC126676,SPPL3
MGC90402,SPPL3
PSL4,SPPL3
C12ORF49,SPRING1
FLJ21415,SPRING1
LUR1,SPRING1
POST1,SPRING1
SPRING,SPRING1
GADD33,SPRR1B
SPRR1,SPRR1B
C1ORF124,SPRTN
DKFZP547N043,SPRTN
DVC1,SPRTN
SPARTAN,SPRTN
THCAT68,SPRY4-AS1
DKFZP686N0877,SPRYD4
GRCC9,SPSB2
SSB-2,SPSB2
C16ORF31,SPSB3
SSB-3,SPSB3
SSB-4,SPSB4
EL2,SPTA1
SPTBN1-AS2,SPTBN1-AS1
SCA5,SPTBN2
KIAA1642,SPTBN4
SPTBN3,SPTBN4
HLCB2A,SPTLC2
KIAA0526,SPTLC2
LCB2,SPTLC2
LCB2A,SPTLC2
ADMP,SPTSSB
C3ORF57,SPTSSB
SSSPTB,SPTSSB
DKFZP686I068,SPTY2D1
FLJ39441,SPTY2D1
SPT2,SPTY2D1
C12ORF39,SPX
MGC10946,SPX
NPQ,SPX
SPEXIN,SPX
SRA,SRA1
STRAA1,SRA1
C1ORF64,SRARP
ERRF,SRARP
MGC24047,SRARP
DOMO1,SRCAP
KIAA0309,SRCAP
SWR1,SRCAP
BHLHD1,SREBF1
SREBP-1C,SREBF1
SREBP1,SREBF1
SREBP1A,SREBF1
DKFZP564B176,SREK1
SFRS12,SREK1
SRRP508,SREK1
SRRP86,SREK1
FLJ36754,SREK1IP1
P18SRP,SREK1IP1
SFRS12IP1,SREK1IP1
ARHGAP13,SRGAP1
KIAA1304,SRGAP1
ARHGAP34,SRGAP2
FNBP2,SRGAP2
KIAA0456,SRGAP2
SRGAP2A,SRGAP2
SRGAP2P2,SRGAP2B
ARHGAP14,SRGAP3
KIAA0411,SRGAP3
MEGAP,SRGAP3
SRGAP2,SRGAP3
WRP,SRGAP3
SPS1,SRM
SRML1,SRM
SRP9L1,SRP9P1
ALURBP,SRP14
MGC14326,SRP14
SRP14-AS1,SRP14-DT
SRPSMCR,SRP68P1
SRPSMCR,SRP68P3
DJ274L14.2,SRP72P2
SFRSK1,SRPK1
SFRSK2,SRPK2
APMCF1,SRPRB
SR-BETA,SRPRB
MGC39488,SRRM1
POP101,SRRM1
SRM160,SRRM1
CWC21,SRRM2
KIAA0324,SRRM2
SRL300,SRRM2
SRM300,SRRM2
ARS2,SRRT
ASR2,SRRT
SERRATE,SRRT
PR264,SRSF2
SC-35,SRSF2
SC35,SRSF2
SFRS2,SRSF2
SFRS2A,SRSF2
SFRS4,SRSF4
SRP75,SRSF4
SFRS2B,SRSF8
SRP46,SRSF8
SFRS9,SRSF9
SRP30C,SRSF9
FUSIP1,SRSF10
FUSIP2,SRSF10
PPP1R149,SRSF10
SFRS13,SRSF10
SFRS13A,SRSF10
SRP38,SRSF10
SRRP40,SRSF10
TASR1,SRSF10
TASR2,SRSF10
NET2,SRSF11
P54,SRSF11
SFRS11,SRSF11
SFRS13B,SRSF12
SFRS19,SRSF12
SRRP35,SRSF12
KIAA-ISO,SS18L2
LA,SSB
LA/SSB,SSB
LARP3,SSB
HSPC116,SSBP2
CSDP,SSBP3
FLJ10355,SSBP3
SSDP,SSBP3
SSDP1,SSBP3
C1ORF191,SSBP3-AS1
MSTP128,SSBP3-AS1
FLJ10928,SSH3
FLJ20515,SSH3
KRAG,SSPN
SPN1,SSPN
SPN2,SSPN
TLAP,SSR2
TRAPB,SSR2
TRAPG,SSR3
HSPC182,SSU72
SSU72P7,SSU72L1
SSU72P2,SSU72L2
SSU72P3,SSU72L3
SSU72P4,SSU72L4
SSU72P5,SSU72L5
SSU72P8,SSU72L6
C3ORF32,SSUH2
FLS485,SSUH2
SSU-2,SSUH2
HMSD1,SSX2IP
PSISSX2,SSX6P
SSX6,SSX6P
SSXP2,SSX6P
SSX8,SSX8P
SSX9,SSX9P
SIAT4A,ST3GAL1
SIATFL,ST3GAL1
ST3GALA.1,ST3GAL1
ST3O,ST3GAL1
MRT12,ST3GAL3
SIAT6,ST3GAL3
SIAT9,ST3GAL5
SIATGM3S,ST3GAL5
ST3GALV,ST3GAL5
SIAT10,ST3GAL6
ST3GALVI,ST3GAL6
CDW75,ST6GAL1
SIAT1,ST6GAL1
KIAA1877,ST6GAL2
SIAT2,ST6GAL2
ST6GALII,ST6GAL2
SIAT7C,ST6GALNAC3
ETS7Q,ST7
FAM4A,ST7
FAM4A1,ST7
HELG,ST7
RAY1,ST7
SEN4,ST7
TSG7,ST7
FAM4B,ST7L
FLJ20284,ST7L
ST7R,ST7L
STLR,ST7L
SIAT8,ST8SIA1
SIAT8A,ST8SIA1
APAL,ST8SIA6-AS1
FAM10A6,ST13P6
FAM10A6P,ST13P6
CAP3,ST14
HAI,ST14
MT-SP1,ST14
PRSS14,ST14
SNC19,ST14
TMPRSS14,ST14
KIAA0535,ST18
NZF-3,ST18
NZF3,ST18
ZC2H2C3,ST18
ZC2HC10,ST18
ZNF387,ST18
HCCS-1,ST20
CLEVER-1,STAB1
FEEL-1,STAB1
FELE-1,STAB1
FEX1,STAB1
KIAA0246,STAB1
SCARH2,STAB1
STAB-1,STAB1
DKFZP434E0321,STAB2
FEEL-2,STAB2
FELL,STAB2
HARE,STAB2
SCARH1,STAB2
STAB-2,STAB2
STAC1,STAC
24B2,STAC2
SA-2,STAG2
SA2,STAG2
SCC3B,STAG2
DKFZP434A0131,STAG3L1
STAG3L1P,STAG3L1
MGC131759,STAG3L2
STAG3L2P,STAG3L2
STAG3L3P,STAG3L3
FLJ13195,STAG3L4
HBP,STAM2
AMSH,STAMBP
STARD1,STAR
MENTHO,STARD3NL
MGC3251,STARD3NL
GTT1,STARD7
KIAA1300,STARD9
KIF16A,STARD9
CGI-52,STARD10
NY-CO-28,STARD10
PCTP2,STARD10
SDCCAG28,STARD10
ISGF-3,STAT1
STAT91,STAT1
STAT113,STAT2
APRF,STAT3
MGF,STAT5A
STAT5,STAT5A
D12S1644,STAT6
IL-4-STAT,STAT6
FLJ41801,STBD1
GENX-3414,STBD1
STC-2,STC2
PRSS24,STEAP1
STEAP,STEAP1
IPCA-1,STEAP2
PCANAP1,STEAP2
STAMP1,STEAP2
STMP,STEAP2
FLJ23153,STEAP4
SCHLAH,STEAP4
STAMP2,STEAP4
TIARP,STEAP4
TNFAIP9,STEAP4
MCPH7,STIL
SIL,STIL
D11S4896E,STIM1
GOK,STIM1
MGC52022,STIMATE
TMEM110,STIMATE
TMEM110-MUSTN1,STIMATE-MUSTN1
LKB1,STK11
PJS,STK11
KIAA1898,STK11IP
LIP1,STK11IP
LKB1IP,STK11IP
STK11IP1,STK11IP
MPSK,STK16
PKL12,STK16
STK16P,STK16P1
FU,STK36
KIAA1278,STK36
DCHT,STK39
SPAK,STK39
MGC4796,STK40
SGK495,STK40
C1ORF215,STMN1
FLJ32206,STMN1
LAG,STMN1
LAP18,STMN1
OP18,STMN1
PP17,STMN1
PP19,STMN1
PR22,STMN1
SMN,STMN1
BA541N10.2,STN1
FLJ22559,STN1
OBFC1,STN1
SBLF,STON1
STONED-B1,STON1
STN2,STON2
STNB2,STON2
C1ORF201,STPG1
FLJ33340,STPG1
MAPO2,STPG1
C2ORF61,STPG4
FLJ40172,STPG4
LYK5,STRADA
NY-BR-96,STRADA
STLK,STRADA
STRAD,STRADA
ALS2CR2,STRADB
CALS-21,STRADB
ILPIP,STRADB
ILPIPA,STRADB
PAPK,STRADB
ALS2CR2P1,STRADBP1
STLK6PS1,STRADBP1
FAM40A,STRIP1
FAR11A,STRIP1
FLJ14743,STRIP1
KIAA1761,STRIP1
PPP2R6A,STRN
STRN1,STRN
PPP2R6C,STRN4
ZIN,STRN4
FLJ90106,STT3B
SIMP,STT3B
STT3-B,STT3B
CHIP,STUB1
HSPABP2,STUB1
NY-CO-7,STUB1
SDCCAG7,STUB1
UBOX1,STUB1
LA16C-313D11.9,STUB1-DT
LINC02867,STUB1-DT
C1ORF95,STUM
DKFZP761P211,STUM
EPIM,STX2
EPM,STX2
STX2A,STX2
STX2B,STX2
STX2C,STX2
HSYN10,STX10
SYN10,STX10
STX13,STX12
STX14,STX12
UFE1,STX18
LOC100507266,STX18-AS1
MGC21382,STX19
HUNC18,STXBP1
MUNC18-1,STXBP1
NSEC1,STXBP1
RBSEC1,STXBP1
UNC18,STXBP1
HUNC18B,STXBP2
MUNC18-2,STXBP2
UNC18-2,STXBP2
UNC18B,STXBP2
UNC-18C,STXBP3
LLGL3,STXBP5
TOMOSYN,STXBP5
TOMOSYN-1,STXBP5
KIAA1006,STXBP5L
LLGL4,STXBP5L
TOMOSYN-2,STXBP5L
AMISYN,STXBP6
HSPC156,STXBP6
DUSP24,STYXL1
MK-STYX,STYXL1
DUSP27,STYXL2
C1ORF9,SUCO
CH1,SUCO
OPT,SUCO
SLP1,SUCO
P-PST,SULT1A1
STP,SULT1A1
STP1,SULT1A1
ST1C1,SULT1C2
SULT1C1,SULT1C2
SULT1C,SULT1C4
SULT1C2,SULT1C4
SULT1C1P,SULT1C5P
SULT1C2P1,SULT1C5P
DHEA-ST,SULT2A1
STD,SULT2A1
GMP1,SUMO1
OFC10,SUMO1
PIC1,SUMO1
SMT3C,SUMO1
SMT3H3,SUMO1
SUMO-1,SUMO1
UBL1,SUMO1
SMT3B,SUMO2
SMT3H2,SUMO2
DJ281H8.4,SUMO4
IDDM5,SUMO4
SMT3H4,SUMO4
MGC33329,SUN3
SUNC1,SUN3
SPT3,SUPT3H
SPT3L,SUPT3H
SPT4,SUPT4H1
SPT4H,SUPT4H1
SUPT4A,SUPT4H1
SUPT4H,SUPT4H1
KIAA0764,SUPT7L
SPT7L,SUPT7L
STAF65,SUPT7L
STAF65GAMMA,SUPT7L
FLJ10052,SUSD4
KIAA0527,SUSD5
FLJ23414,SUV39H2
KMT1B,SUV39H2
CHET9,SUZ12
JJAZ1,SUZ12
KIAA0160,SUZ12
SUZ12P,SUZ12P1
KIAA0736,SV2A
SLC22B1,SV2A
SV2,SV2A
HST19680,SV2B
KIAA0735,SV2B
SLC22B2,SV2B
SLC22B3,SV2C
CCDC23,SVBP
MGC45441,SVBP
RP11-534G20.3,SVIL-AS1
SVILP1,SVIL2P
BA395P17.9,SWI5
C9ORF119,SWI5
SAE3,SWI5
FLJ20366,SYBU
GOLSYN,SYBU
KIAA1472,SYBU
OCSYN,SYBU
SNPHL,SYBU
AC079061.1,SYBU-AS1
CESC1,SYCE2
C6ORF177,SYCP2L
DJ62D2.1,SYCP2L
NO145,SYCP2L
FLJ13815,SYDE2
CBPIN,SYF2
DKFZP564O2082,SYF2
FSAP29,SYF2
NTC31,SYF2
P29,SYF2
SYNC1,SYNC
SYNCOILIN,SYNC
DJ3J17.2,SYNCRIP
GRY-RBP,SYNCRIP
HNRNP-Q,SYNCRIP
HNRNPQ,SYNCRIP
HNRPQ1,SYNCRIP
NSAP1,SYNCRIP
8B,SYNE1
ARCA1,SYNE1
C6ORF98,SYNE1
CPG2,SYNE1
DJ45H2.2,SYNE1
ENAPTIN,SYNE1
KIAA0796,SYNE1
MYNE1,SYNE1
NESP1,SYNE1
NESPRIN-1,SYNE1
SCAR8,SYNE1
SYNE-1B,SYNE1
C19ORF46,SYNE4
DFNB76,SYNE4
FLJ36445,SYNE4
NESP4,SYNE4
NESPRIN-4,SYNE4
SYNGAP1-AS,SYNGAP1-AS1
DMN,SYNM
KIAA0353,SYNM
SYN,SYNM
TP53LC11,SYNM-AS2
SYPL,SYPL1
MG29,SYPL2
P65,SYT1
SVP65,SYT1
SYT,SYT1
DKFZP781D015,SYT11
KIAA0080,SYT11
MGC10881,SYT11
MGC17226,SYT11
KIAA1427,SYT13
FLJ34198,SYT14
SYTXIV,SYT14
CHR415SYT,SYT14P1
SYT14L,SYT14P1
SYTDEP,SYT14P1
CHR14SYT,SYT16
STREP14,SYT16
SYT14L,SYT16
YT14R,SYT16
EXOPHILIN-7,SYTL1
FLJ14996,SYTL1
JFC1,SYTL1
SLP1,SYTL1
CHR11SYT,SYTL2
EXOPHILIN-4,SYTL2
FLJ20163,SYTL2
FLJ21219,SYTL2
KIAA1597,SYTL2
MGC102768,SYTL2
PPP1R151,SYTL2
SGA72M,SYTL2
SLP2,SYTL2
DER3,SYVN1
HRD1,SYVN1
TA1,TAAR1
TAR1,TAAR1
TRAR1,TAAR1
PNR,TAAR5
GPR102,TAAR8
TA5,TAAR8
TAR5,TAAR8
TRAR5,TAAR8
TA3,TAAR9
TAR3,TAAR9
TRAR3,TAAR9
KIAA0733,TAB2
MAP3K7IP2,TAB2
HK-1,TAC4
PPT-C,TAC4
PPTC,TAC4
ERIC-1,TACC3
ERIC1,TACC3
MASKIN,TACC3
TACC4,TACC3
CCDC44,TACO1
EGP-1,TACSTD2
GA733-1,TACSTD2
M1S1,TACSTD2
TROP2,TACSTD2
MGC21874,TADA2B
ADA3,TADA3
FLJ20221,TADA3
FLJ21329,TADA3
HADA3,TADA3
NGG1,TADA3
TADA3L,TADA3
SL1,TAF1A
TAFI48,TAF1A
RAF1B,TAF1B
RAFI63,TAF1B
SL1,TAF1B
TAFI63,TAF1B
PAF65B,TAF5L
HST33855,TAF5LP1
TAF5LP,TAF5LP1
MGC:8964,TAF6
TAF2E,TAF6
TAFII70,TAF6
TAFII80,TAF6
TAFII85,TAF6
TAF2F,TAF7
TAFII55,TAF7
FLJ32821,TAF8
TAF(II)43,TAF8
TBN,TAF8
TAF2A,TAF10
TAF2H,TAF10
TAFII30,TAF10
TAF2I,TAF11
TAFII28,TAF11
TAF2J,TAF12
TAFII20,TAF12
LINC01715,TAF12-DT
TAF2K,TAF13
TAFII18,TAF13
FAM19A1,TAFA1
TAFA-1,TAFA1
FAM19A2,TAFA2
TAFA-2,TAFA2
FAM19A3,TAFA3
TAFA-3,TAFA3
BTHS,TAFAZZIN
CMD3A,TAFAZZIN
EFE,TAFAZZIN
EFE2,TAFAZZIN
G4.5,TAFAZZIN
TAZ,TAFAZZIN
TAZ1,TAFAZZIN
HA1756,TAGLN2
KIAA0120,TAGLN2
NP22,TAGLN3
NP25,TAGLN3
BHLHA17,TAL1
SCL,TAL1
TCL5,TAL1
GRASP,TAMALIN
DKFZP564D166,TANC2
FLJ10215,TANC2
FLJ11824,TANC2
KIAA1148,TANC2
KIAA1636,TANC2
ROLS,TANC2
ROLSA,TANC2
FLJ14314,TAOK1
HKFC-B,TAOK1
HTAOK1,TAOK1
KIAA1361,TAOK1
MAP3K16,TAOK1
MARKK,TAOK1
PSK2,TAOK1
TAO1,TAOK1
FLJ10143,TAPBPL
TAPBP-R,TAPBPL
TAPBPR,TAPBPL
TRBP,TARBP2
ALS10,TARDBP
TDP-43,TARDBP
FLJ12528,TARS2
TARSL1,TARS2
GPR70,TAS1R1
T1R1,TAS1R1
TR1,TAS1R1
GPR71,TAS1R2
T1R2,TAS1R2
TR2,TAS1R2
T1R3,TAS1R3
T2R1,TAS2R1
TRB7,TAS2R1
T2R02,TAS2R2P
T2R2,TAS2R2P
TAS2R2,TAS2R2P
GPR60,TAS2R40
C3ORF63,TASOR
FAM208A,TASOR
KIAA1105,TASOR
RAP140,TASOR
SE89-1,TASOR
TASOR1,TASOR
BA318E3.2,TASOR2
C10ORF18,TASOR2
FAM208B,TASOR2
FLJ20360,TASOR2
KIAA2006,TASOR2
KIAA0218,TATDN2
CALCOCO3,TAX1BP1
TXBP151,TAX1BP1
TIP-1,TAX1BP3
KIAA1108,TBC1D1
TBC,TBC1D1
TBC1,TBC1D1
ARMUS,TBC1D2
PARIS1,TBC1D2
TBC1D2A,TBC1D2
DKFZP434P2235,TBC1D3
PRC17,TBC1D3
TBC1D3A,TBC1D3
MGC44903,TBC1D3C
USP6P1,TBC1D3P3
KIAA0210,TBC1D5
AD3,TBC1D8
GRAMD8,TBC1D8
HBLP1,TBC1D8
VRP,TBC1D8
GRAMD9,TBC1D9
KIAA0882,TBC1D9
MDR1,TBC1D9
KIAA1322,TBC1D14
DKFZP761D0223,TBC1D15
FLJ12085,TBC1D15
FLJ20748,TBC1D16
MGC25062,TBC1D16
FLJ12168,TBC1D17
MGC51025,TBC1D26
TBC1D27,TBC1D27P
FLJ40244,TBC1D28
DKFZP434O047,TBC1D29P
TBC1D29,TBC1D29P
KIAA0984,TBC1D30
BA57L9.1,TBC1D32
BROMI,TBC1D32
C6ORF170,TBC1D32
C6ORF171,TBC1D32
DJ310J6.1,TBC1D32
FLJ30899,TBC1D32
FLJ34235,TBC1D32
CG22,TBCB
CKAP1,TBCB
CKAPI,TBCB
FLJ10560,TBCCD1
HRD,TBCE
KCS,TBCE
KCS1,TBCE
PAC2,TBCE
LRRC35,TBCEL
MGC10233,TBCEL
NAK,TBK1
KIAA0775,TBKBP1
PROSAPIP2,TBKBP1
C21,TBL1XR1
DC42,TBL1XR1
FLJ12894,TBL1XR1
IRA1,TBL1XR1
TBLR1,TBL1XR1
DKFZP43N024,TBL2
WBSCR13,TBL2
WS-BETATRP,TBL2
GTF2D1,TBP
SCA17,TBP
TBP1,TBP
TFIID,TBP
TBP2,TBPL2
TRF3,TBPL2
TBX13,TBX10
TBX7,TBX10
T-BET,TBX21
TBLYM,TBX21
CYP5,TBXAS1
CYP5A1,TBXAS1
THAS,TBXAS1
TS,TBXAS1
TXAS,TBXAS1
TXS,TBXAS1
FAM115B,TCAF1P1
C3ORF23,TCAIM
DKFZP313N0621,TCAIM
TOAG-1,TCAIM
TCAM1,TCAM1P
GTF2S,TCEA1
SII,TCEA1
TCEA,TCEA1
TF2S,TCEA1
TFIIS,TCEA1
TCEA1,TCEA1P2
WEX4,TCEAL5
MGC23947,TCEAL7
WEX5,TCEAL7
MGC45400,TCEAL8
WEX3,TCEAL8
DKFZP313K1940,TCEAL9
WBP5,TCEAL9
WEX6,TCEAL9
MGC17403,TCEANC
CA150,TCERG1
TAF2S,TCERG1
URN1,TCERG1
BHLHB21,TCF3
E2A,TCF3
E47,TCF3
ITF1,TCF3
MGC129647,TCF3
MGC129648,TCF3
P75,TCF3
VDIR,TCF3
TCF-1,TCF7
TCF-4,TCF7L2
TCF4,TCF7L2
BHLHA24,TCF23
OUT,TCF23
THH,TCHH
S100A17,TCHHL1
THHL1,TCHHL1
MGC10854,TCHP
TPMS,TCHP
C8ORF4,TCIM
HTC-1,TCIM
TC-1,TCIM
TC1,TCIM
A3,TCIRG1
ATP6I,TCIRG1
ATP6N1C,TCIRG1
ATP6V0A3,TCIRG1
OC-116,TCIRG1
OC116,TCIRG1
TIRC7,TCIRG1
TCL6E1,TCL6
TNG1,TCL6
TNG2,TCL6
TC1,TCN1
TCI,TCN1
BA517H2.3,TCP10L2
TCP10,TCP10L3
D6S230E,TCP11
FPPR,TCP11
KIAA0229,TCP11
FLJ11336,TCP11L1
D6S46,TCTE1
DRC5,TCTE1
FAP155,TCTE1
MGC33600,TCTE1
FLJ21127,TCTN1
JBTS13,TCTN1
TECT1,TCTN1
C12ORF38,TCTN2
FLJ12975,TCTN2
JBTS24,TCTN2
MKS8,TCTN2
TECT2,TCTN2
CR-2,TDGF1P2
CRIPTO-2,TDGF1P2
TDGF2,TDGF1P2
CR-3,TDGF1P3
CRIPTO-3,TDGF1P3
CRIPTO3,TDGF1P3
TDGF2,TDGF1P3
TDGF3,TDGF1P3
CR-5,TDGF1P5
CRIPTO-5,TDGF1P5
TDGF5,TDGF1P5
CR-6,TDGF1P6
CRIPTO-6,TDGF1P6
TDGF6,TDGF1P6
PCTAIRE2BP,TDRD7
DKFZP434M202,TDRD10
ECAT8,TDRD12
FLJ13072,TDRD12
LINC00532,TDRG1
LINCRNA-NR_024015,TDRG1
TDRD2,TDRKH
RP11-98D18.9,TDRKH-AS1
AA,TEAD1
TCF13,TEAD1
TEF-1,TEAD1
EFTR-2,TEAD4
RTEF-1,TEAD4
TCF13L1,TEAD4
TEF-3,TEAD4
TEFR-1,TEAD4
PSCTK4,TEC
DFNA12,TECTA
DFNA8,TECTA
DFNB21,TECTA
C14ORF80,TEDC1
EDDM9,TEDDM1
EPDD1,TEDDM1
HE9,TEDDM1
TMEM45C,TEDDM1
C17ORF42,TEFM
FLJ22729,TEFM
TEKTB1,TEKT2
MGC27019,TEKT4
C19ORF71,TEKTIP1
LOC100128569,TEKTIP1
HCLK2,TELO2
KIAA0683,TELO2
TEL2,TELO2
KIAA1127,TENM2
ODZ2,TENM2
TEN-M2,TENM2
TEN2,TENM2
FLJ38499,TENT2
GLD2,TENT2
PAPD4,TENT2
TUT2,TENT2
FAM46B,TENT5B
MGC16491,TENT5B
CT1.26,TENT5D
CT112,TENT5D
FAM46D,TENT5D
MGC26999,TENT5D
C17ORF56,TEPSIN
ENTHD2,TEPSIN
FLJ31528,TEPSIN
CCDC79,TERB1
FLJ35894,TERB1
HTR,TERC
SCARNA19,TERC
TER,TERC
TR,TERC
TRC3,TERC
BC032469,TERLR1
EST2,TERT
HEST2,TERT
TCS1,TERT
TP2,TERT
TRT,TERT
BA119F7.1,TET1
CXXC6,TET1
KIAA1676,TET1
LCX,TET1
HCG_40738,TET3
MGC22014,TET3
HT008,TEX2
KIAA1738,TEX2
TMEM96,TEX2
CT113,TEX14
LINC01529,TEX14BP
CXORF2,TEX28
FTEX,TEX28
C1ORF49,TEX35
DKFZP564J047,TEX35
TSC24,TEX35
C2ORF51,TEX37
FLJ25369,TEX37
TSC21,TEX37
ATPAF1-AS1,TEX38
C1ORF223,TEX38
LOC374973,TEX38
THEG4,TEX38
DKFZP686O1327,TEX41
LINC00953,TEX41
C2ORF57,TEX44
MGC35154,TEX44
C1ORF234,TEX46
CT131,TEX101
MGC4766,TEX101
SGRG,TEX101
SPATA44,TEX101
TES101RP,TEX101
MGC32043,TEX261
TEG-261,TEX261
FLJ13935,TEX264
ZSIG11,TEX264
PRO1557,TF
PRO2086,TF
MTTF1,TFAMP1
TCF6L1,TFAMP1
AP-2EPSILON,TFAP2E
AP2E,TFAP2E
CP2,TFCP2
LBP-1C,TFCP2
LSF,TFCP2
TFCP2C,TFCP2
CRTR1,TFCP2L1
LBP-9,TFCP2L1
DP-2,TFDP2
CD71,TFRC
P90,TFRC
TFR1,TFRC
CED,TGFB1
DPD1,TGFB1
TGFB,TGFB1
TGFBETA,TGFB1
NR_046268,TGFB2-AS1
FLJ11812,TGFB2-OT1
ACVRLK4,TGFBR1
ALK-5,TGFBR1
ALK5,TGFBR1
ESS1,TGFBR1
MSSE,TGFBR1
TBR-I,TGFBR1
TBRI,TGFBR1
GEMP,TGFBR3L
TRAP-1,TGFBRAP1
TRAP1,TGFBRAP1
VPS3,TGFBRAP1
TGMX,TGM5
TGX,TGM5
NCOA6IP,TGS1
PIMT,TGS1
DYT5B,TH
GLY1,THA1P
ARMC13,THADA
FLJ21877,THADA
GITA,THADA
KIAA1767,THADA
TRM732,THADA
4833431A01RIK,THAP1
DYT6,THAP1
FLJ10477,THAP1
CGI-36,THAP4
NB(III),THAP4
FLJ32891,THAP8
CTG-B43A,THAP11
CTG-B45D,THAP11
HRIHFB2206,THAP11
RONIN,THAP11
DAP4,THAP12
P52RIPK,THAP12
PRKRIR,THAP12
THAP0,THAP12
PRKRIRP2,THAP12P2
PRKRIRP7,THAP12P7
PRKRIRP8,THAP12P8
THBS,THBS1
THBS-1,THBS1
TSP,THBS1
TSP-1,THBS1
TSP1,THBS1
CTMP,THEM4
FLJ37964,THEM5
C1ORF38,THEMIS2
ICB-1,THEMIS2
FLJ10916,THNSL2
SOFAT,THNSL2
TSH2,THNSL2
MGC5469,THOC3
TEX1,THOC3
THOR,THORLNC
MGDF,THPO
MPLLG,THPO
TPO,THPO
BRI3BP-AS1,THRIL
LINC1992,THRIL
TCONS_00020260,THRIL
LPGP,THRSP
LPGP1,THRSP
S14,THRSP
SPOT14,THRSP
THRP,THRSP
ADAMTSL6,THSD4
FLJ13710,THSD4
FVSY9334,THSD4
PRO34005,THSD4
KIAA0960,THSD7A
KIAA1679,THSD7B
FLJ20274,THUMPD1
TAN1,THUMPD1
C2ORF8,THUMPD2
MGC2454,THUMPD2
DKFZP434F091,THUMPD3
SETD5-AS1,THUMPD3-AS1
CD90,THY1
RP11-334E6.12,THY1-AS1
THY28,THYN1
TIA-1,TIA1
STEF,TIAM2
MGC35334,TICAM1
PRVTIRB,TICAM1
TICAM-1,TICAM1
TRIF,TICAM1
C15ORF42,TICRR
FLJ41618,TICRR
MGC45866,TICRR
SLD3,TICRR
TRESLIN,TICRR
MGC20791,TIFA
T2BP,TIFA
T6BP,TIFA
TIFAA,TIFA
EEYORE,TIGD1
TIM4,TIMD4
HTIM,TIMELESS
TIM,TIMELESS
TIM1,TIMELESS
DDPP,TIMM8AP1
TIMM8AP,TIMM8AP1
TIM10,TIMM10
TIM10A,TIMM10
TIMM10A,TIMM10
FXC1,TIMM10B
TIM10B,TIMM10B
TIM9B,TIMM10B
TIM17,TIMM17A
TIM17A,TIMM17A
LINC00843,TIMM23B-AGAP6
C19ORF52,TIMM29
TIM29,TIMM29
CSC-21K,TIMP2
ARG1,TINAGL1
LCN7,TINAGL1
LIECG3,TINAGL1
P3ECSL,TINAGL1
TINAGRP,TINAGL1
FLJ90734,TINCR
LINC00036,TINCR
NCRNA00036,TINCR
ONCO-LNCRNA-16,TINCR
PLAC2,TINCR
TUBL,TINCR
DJ69E11.3,TIPRL
MGC3794,TIPRL
TIP41,TIPRL
TIPRL1,TIPRL
MAL,TIRAP
WYATT,TIRAP
PILT,TJAP1
TJP4,TJAP1
DAK,TKFC
DKFZP586B1621,TKFC
NET45,TKFC
TKR,TKTL1
TKT2,TKTL1
CT120,TLCD3A
FAM57A,TLCD3A
FLJ22282,TLCD3A
DKFZP434I2117,TLCD3B
FAM57B,TLCD3B
ESG,TLE2
ESG2,TLE2
FLJ41188,TLE2
GRG2,TLE2
E(SPL),TLE4
ESG,TLE4
GRG4,TLE4
AES,TLE5
GRG5,TLE5
FLJ14009,TLE6
GRG6,TLE6
MGC44450,TLK2
PKU-ALPHA,TLK2
ILWEQ,TLN1
TLN,TLN1
ILWEQ,TLN2
KIAA0320,TLN2
CD281,TLR1
KIAA0012,TLR1
RSC786,TLR1
CD282,TLR2
TIL4,TLR2
CD283,TLR3
ARMD10,TLR4
CD284,TLR4
HTOLL,TLR4
TLR-4,TLR4
FLJ10052,TLR5
MGC126430,TLR5
MGC126431,TLR5
SLEB1,TLR5
TIL3,TLR5
CD286,TLR6
CD289,TLR9
CD290,TLR10
ENX,TLX2
HOX11L1,TLX2
NCX,TLX2
BBP,TM2D1
FLJ22800,TM4SF20
TCCE518,TM4SF20
ANG1,TM7SF2
DHCR14A,TM7SF2
NET47,TM7SF2
CCDC72,TMA7
HSPC016,TMA7
LFG3,TMBIM1
PP1201,TMBIM1
RECS1,TMBIM1
CGI-119,TMBIM4
GAAP,TMBIM4
LFG4,TMBIM4
S1R,TMBIM4
ZPRO,TMBIM4
EVER1,TMC6
EVIN1,TMC6
LAK-4P,TMC6
TNRC6C-AS1,TMC6
EVER2,TMC8
EVIN2,TMC8
KIAA0779,TMCC1
TMCC1-AS1,TMCC1-DT
FLJ38497,TMCC2
HUCEP11,TMCC2
HP10122,TMCO1
TMCC4,TMCO1
DJ39G22.2,TMCO2
DKFZP686C23231,TMCO4
C12ORF81,TMDD1
HCG1648055,TMDD1
IL1RL1L,TMED1
IL1RL1LG,TMED1
MGC1270,TMED1
P24G1,TMED1
P24GAMMA1,TMED1
ST2L,TMED1
P24A,TMED2
P24B1,TMED2
P24BETA1,TMED2
RNP24,TMED2
HNLF,TMED4
P24A3,TMED4
P24ALPHA3,TMED4
CGI-100,TMED5
P24G2,TMED5
P24GAMMA2,TMED5
HSGP25L2G,TMED9
P24A2,TMED9
P24ALPHA2,TMED9
P24A1,TMED11P
P24ALPHA1,TMED11P
TMEM9A,TMEM9
C11ORF15,TMEM9B
C11ORF18,TMEM9B-AS1
C17ORF35,TMEM11
PM1,TMEM11
PMI,TMEM11
C6ORF73,TMEM14A
PTD011,TMEM14A
BA524O24.3,TMEM14DP
TMEM14D,TMEM14DP
FLJ14399,TMEM25
CDC50B,TMEM30B
FLJ10525,TMEM33
POM33,TMEM33
ZMYM6NB,TMEM35B
MGC3169,TMEM38A
TRIC-A,TMEM38A
FLJ10315,TMEM39B
FLJ11036,TMEM40
KIAA0033,TMEM41B
ARVD5,TMEM43
DKFZP586G1919,TMEM43
LUMA,TMEM43
MGC3222,TMEM43
DKFZP686O18124,TMEM44
BC016153,TMEM45B
FLJ40787,TMEM45B
SMP1,TMEM50A
C12ORF59,TMEM52B
FLJ31166,TMEM52B
FLJ22353,TMEM53
NET4,TMEM53
BCLP,TMEM54
CAC-1,TMEM54
BSMAP,TMEM59L
C19ORF4,TMEM59L
KIAA0792,TMEM63A
FLJ32370,TMEM68
C1ORF154,TMEM69
FLJ21029,TMEM69
FLJ40168,TMEM78
FLJ16057,TMEM79
FLJ32254,TMEM79
MATT,TMEM79
MGC13102,TMEM79
FLJ38216,TMEM80
HC3107,TMEM81
KVLA2788,TMEM81
MGC75217,TMEM81
UNQ2788,TMEM81
FLJ90119,TMEM86A
MGC30208,TMEM86B
DKFZP564G2022,TMEM87A
ELKIN1,TMEM87A
FLJ14681,TMEM87B
FLJ33318,TMEM92
LNCRNA-508851,TMEM92-AS1
RP11-893F2.9,TMEM92-AS1
TCONS_00025237,TMEM92-AS1
KIAA0195,TMEM94
DKFZP564K1964,TMEM98
FLJ23987,TMEM101
MGC4251,TMEM101
FLJ00021,TMEM104
FLJ20255,TMEM104
MGC20235,TMEM106A
FLJ11273,TMEM106B
MGC33727,TMEM106B
MGC5576,TMEM106C
CT124,TMEM108
MGC3040,TMEM108
MGC5508,TMEM109
OBIF,TMEM119
NET29,TMEM120A
TACAN,TMEM120A
TMPIT,TMEM120A
HOLE,TMEM121
MGC4659,TMEM121
TMEM121A,TMEM121
KCT3,TMEM123
PORIMIN,TMEM123
DKFZP586C1924,TMEM126A
OPA7,TMEM126A
HT007,TMEM126B
FLJ20507,TMEM127
FLJ22257,TMEM127
MGC13159,TMEM128
D4S2561E,TMEM129
DKFZP586H1322,TMEM131L
KIAA0922,TMEM131L
FLJ20539,TMEM132A
GBP,TMEM132A
HSPA5BP1,TMEM132A
KIAA1786,TMEM132B
KIAA1906,TMEM132B
DKFZP761O2018,TMEM132C
PPP1R152,TMEM132C
LOC283352,TMEM132D-AS1
RP11-669N7.2,TMEM132D-AS1
HSPC196,TMEM138
JBTS16,TMEM138
FLJ90586,TMEM139
FLJ11000,TMEM140
MGC1936,TMEM147
NIFIE14,TMEM147
FLJ90024,TMEM150A
TM6P1,TMEM150A
TMEM150,TMEM150A
TTN1,TMEM150A
BA444E17.5,TMEM151B
C6ORF137,TMEM151B
TMEM193,TMEM151B
FLJ32028,TMEM154
FLJ20512,TMEM160
LINC-POLR3G-8,TMEM161B-DT
TMEM161B-AS1,TMEM161B-DT
AD-020,TMEM167B
C1ORF119,TMEM167B
FLJ90710,TMEM167B
FLJ34263,TMEM169
MGC4618,TMEM175
LR8,TMEM176B
MS4B2,TMEM176B
MGC33926,TMEM178A
TMEM178,TMEM178A
DKFZP547G036,TMEM178B
GPR178,TMEM181
KIAA1423,TMEM181
C1ORF37,TMEM183A
MGC9712,TMEM184A
SDMG1,TMEM184A
C16ORF51,TMEM186
DKFZP564K2062,TMEM186
FLJ38482,TMEM192
MGC42090,TMEM196
MGC99813,TMEM198
TMEM198A,TMEM198
TTMB,TMEM200B
IMA1,TMEM201
NET5,TMEM201
RP13-15M17.2,TMEM201
SAMP1,TMEM201
FLJ20254,TMEM214
CORS2,TMEM216
HSPC244,TMEM216
JBTS2,TMEM216
MGC13379,TMEM216
MKS2,TMEM216
C6ORF128,TMEM217
DJ355M6.2,TMEM217
IGFBP-3R,TMEM219
C1ORF160,TMEM222
DKFZP564D0478,TMEM222
C14ORF83,TMEM229B
FLJ33387,TMEM229B
ALYE870,TMEM231
FLJ22167,TMEM231
JBTS20,TMEM231
MKS11,TMEM231
PRO1886,TMEM231
DSPB2,TMEM233
IFITMD2,TMEM233
C1ORF91,TMEM234
DJ622L5.7,TMEM234
FLJ90779,TMEM234
RP4-622L5,TMEM234
ALS2CR4,TMEM237
JBTS14,TMEM237
FORCP,TMEM238L
LINC00675,TMEM238L
C1ORF70,TMEM240
SCA21,TMEM240
BA174C7.4,TMEM244
C6ORF191,TMEM244
C9ORF5,TMEM245
CG-2,TMEM245
C7ORF42,TMEM248
FLJ10099,TMEM248
FLJ13090,TMEM248
BA83N9.1,TMEM250
C9ORF69,TMEM250
C14ORF176,TMEM253
C14ORF95,TMEM253
NCRNA00220,TMEM253
FAM70A,TMEM255A
FLJ20716,TMEM255A
C15ORF27,TMEM266
FLJ38190,TMEM266
C10ORF128,TMEM273
EM:AC084727.5,TMEM273
ARA160,TMF1
TMF,TMF1
CD28H,TMIGD2
IGPR-1,TMIGD2
MGC23244,TMIGD2
AD026,TMIGD3
SK-TMOD,TMOD4
FLJ45032,TMPPE
HATL5,TMPRSS11B
FLJ41562,TMPRSS11BNL
FLJ16046,TMPRSS11F
HATL4,TMPRSS11F
CT151,TMPRSS12
MGC57341,TMPRSS12
MSPL,TMPRSS13
MSPS,TMPRSS13
TMPRSS11,TMPRSS13
TMSL1,TMSB4XP1
TMSL2,TMSB4XP2
TMSL3,TMSB4XP8
ARG99,TMTC1
FLJ31400,TMTC1
FLJ41625,TMTC1
OLF,TMTC1
MGC3123,TMUB2
PDIA12,TMX2
TXNDC14,TMX2
DFNA56,TNC
HXB,TNC
MGC167029,TNC
TN,TNC
A20,TNFAIP3
OTUD7C,TNFAIP3
TSG-6,TNFAIP6
TSG6,TNFAIP6
FLJ41287,TNFAIP8L3
CD120A,TNFRSF1A
TNF-R,TNFRSF1A
TNF-R-I,TNFRSF1A
TNF-R55,TNFRSF1A
TNFAR,TNFRSF1A
TNFR1,TNFRSF1A
TNFR60,TNFRSF1A
ACT35,TNFRSF4
CD134,TNFRSF4
OX40,TNFRSF4
TXGP1L,TNFRSF4
CD30,TNFRSF8
D1S166E,TNFRSF8
KI-1,TNFRSF8
4-1BB,TNFRSF9
CD137,TNFRSF9
ILA,TNFRSF9
BCM,TNFRSF17
BCMA,TNFRSF17
CD269,TNFRSF17
TNFRSF13A,TNFRSF17
AITR,TNFRSF18
CD357,TNFRSF18
GITR,TNFRSF18
APO-3,TNFRSF25
DDR3,TNFRSF25
DR3,TNFRSF25
LARD,TNFRSF25
TNFRSF12,TNFRSF25
TR3,TNFRSF25
TRAMP,TNFRSF25
WSL-1,TNFRSF25
WSL-LR,TNFRSF25
CD153,TNFSF8
CD30LG,TNFSF8
APO3L,TNFSF12
DR3LG,TNFSF12
TWEAK,TNFSF12
TWE-PRIL,TNFSF12-TNFSF13
APRIL,TNFSF13
CD256,TNFSF13
AITRL,TNFSF18
HGITRL,TNFSF18
TL6,TNFSF18
ABIN-1,TNIP1
KIAA0113,TNIP1
NAF1,TNIP1
VAN,TNIP1
ABIN-2,TNIP2
FLIP1,TNIP2
KLIP,TNIP2
MGC4289,TNIP2
ACK,TNK2
ACK1,TNK2
P21CDC42HS,TNK2
ARTD6,TNKS2
PARP-5B,TNKS2
PARP-5C,TNKS2
PARP5B,TNKS2
PARP5C,TNKS2
PART6,TNKS2
TANK2,TNKS2
TNKL,TNKS2
TNKS2-AS1,TNKS2-DT
TNW,TNN
TNNC,TNNC1
SSTNI,TNNI1
CMD2A,TNNI3
CMH7,TNNI3
CTNI,TNNI3
TNNC1,TNNI3
CARK,TNNI3K
ANM,TNNT1
FLJ98147,TNNT1
MGC104241,TNNT1
NEM5,TNNT1
STNT,TNNT1
TNT,TNNT1
TNTS,TNNT1
CMD1D,TNNT2
CMH2,TNNT2
CMPD2,TNNT2
IPO2,TNPO1
KPNB2,TNPO1
MIP,TNPO1
MIP1,TNPO1
TRN,TNPO1
FLJ12155,TNPO2
IPO3,TNPO2
KPNB2B,TNPO2
TRN2,TNPO2
IPO12,TNPO3
LGMD1F,TNPO3
MTR10A,TNPO3
TRN-SR,TNPO3
TRN-SR2,TNPO3
FLJ20015,TNRC6C
KIAA1582,TNRC6C
CAGL79,TNRC18
KIAA1856,TNRC18
TNRC18A,TNRC18
TNRC18B,TNRC18P2
DKFZP586K0617,TNS1
MXRA6,TNS1
PPP1R155,TNS1
TNS,TNS1
RP11-983P16.4,TNS2-AS1
FLJ13732,TNS3
H_NH0549I23.2,TNS3
TEM6,TNS3
TENS1,TNS3
P373C6.3,TOB2P1
TOB2P,TOB2P1
TOB4P,TOB2P1
HCAF1Z,TOE1
TOE-1,TOE1
CRESCERIN-2,TOGARAM2
FAM179A,TOGARAM2
FLJ43249,TOGARAM2
LOC165186,TOGARAM2
TOM7,TOMM7
C19ORF1,TOMM40
D19S1177E,TOMM40
PER-EC1,TOMM40
PEREC1,TOMM40
TOM40,TOMM40
FLJ12770,TOMM40L
TOMM40B,TOMM40L
COMT2,TOMT
TOP2BETA,TOP2B
TOPIIB,TOP2B
C3ORF77,TOPAZ1
FLJ36157,TOPAZ1
DPB11,TOPBP1
KIAA0259,TOPBP1
TOP2BP1,TOPBP1
DQ2,TOR1A
DYT1,TOR1A
FLJ13142,TOR1AIP1
LAP1,TOR1AIP1
LAP1B,TOR1AIP1
LAP1C,TOR1AIP1
IFRG15,TOR1AIP2
LULL1,TOR1AIP2
NET9,TOR1AIP2
DQ1,TOR1B
MGC4386,TOR1B
ADIR,TOR3A
ADIR2,TOR3A
FLJ22345,TOR3A
LFS1,TP53
P53,TP53
P53AIP1,TP53AIP1
53BP1,TP53BP1
P202,TP53BP1
TDRD30,TP53BP1
53BP2,TP53BP2
ASPP2,TP53BP2
PPP1R13A,TP53BP2
PIG3,TP53I3
DSCP1,TP53I13
H_RG012D21.9,TP53TG1
LINC00096,TP53TG1
TP53AP1,TP53TG1
TP53LC12,TP53TG1
P53TG3,TP53TG3
TP53TG3A,TP53TG3
EEC3,TP63
KET,TP63
NBP,TP63
OFC8,TP63
P40,TP63
P51,TP63
P53CP,TP63
P63,TP63
P73H,TP63
P73L,TP63
SHFM4,TP63
TP53CP,TP63
TP53L,TP63
TP73L,TP63
P73,TP73
KIAA0495,TP73-AS1
PDAM,TP73-AS1
RP5-1092A11.2,TP73-AS2
FLJ20612,TPCN1
KIAA1169,TPCN1
TPC1,TPCN1
D53,TPD52L1
HD53,TPD52L1
TPD53,TPD52L1
C19ORF20,TPGS1
GTRGEO22,TPGS1
PGS1,TPGS1
TPH,TPH1
TPRH,TPH1
HTPK1,TPK1
PP20,TPK1
C15ORF13,TPM1
CMH3,TPM1
TPM1-AS1,TPM1-AS
NEM1,TPM3
TRK,TPM3
CLN2,TPP1
LPIC,TPP1
SCAR7,TPP1
TPP-1,TPP1
FAM79A,TPRG1L
FLJ21811,TPRG1L
H-MOVER,TPRG1L
RP11-46F15.3,TPRG1L
SVAP30,TPRG1L
TPRGL,TPRG1L
FLJ40321,TPRX1
TPRX2P,TPRX2
TPRX2P1,TPRX2
PRSS31,TPSG1
TMT,TPSG1
AWMS1,TRA2A
HTRA-2-ALPHA,TRA2A
HTRA2-BETA,TRA2B
PPP1R156,TRA2B
SFRS10,TRA2B
TIKI2,TRABD2B
CAP-1,TRAF3
CD40BP,TRAF3
CRAF1,TRAF3
LAP1,TRAF3
RNF118,TRAF3
CFAP116,TRAF3IP1
DKFZP434F124,TRAF3IP1
FAP116,TRAF3IP1
IFT54,TRAF3IP1
MIP-T3,TRAF3IP1
MIPT3,TRAF3IP1
ACT1,TRAF3IP2
C6ORF2,TRAF3IP2
C6ORF4,TRAF3IP2
C6ORF5,TRAF3IP2
C6ORF6,TRAF3IP2
CIKS,TRAF3IP2
DKFZP586G0522,TRAF3IP2
BETAFAAR,TRAF3IP2-AS1
C6ORF3,TRAF3IP2-AS1
C6UAS,TRAF3IP2-AS1
NCRNA00248,TRAF3IP2-AS1
TRAF3IP2-AS2,TRAF3IP2-AS1
T3JAM,TRAF3IP3
CART1,TRAF4
MLN62,TRAF4
RNF83,TRAF4
RNF84,TRAF5
RNF85,TRAF6
DKFZP586I021,TRAF7
MGC7807,TRAF7
RFWD1,TRAF7
RNF119,TRAF7
FLN29,TRAFD1
RNF206,TRAIP
TRIP,TRAIP
KIAA1042,TRAK1
MILT1,TRAK1
OIP106,TRAK1
ALS2CR3,TRAK2
CALS-C,TRAK2
GRIF-1,TRAK2
KIAA0549,TRAK2
MILT2,TRAK2
OIP98,TRAK2
KIAA0342,TRANK1
LBA1,TRANK1
MIP-2A,TRAPPC2B
SEDLP,TRAPPC2B
SEDLP1,TRAPPC2B
TRAPPC2P1,TRAPPC2B
HSPC176,TRAPPC2L
BET3,TRAPPC3
IKBKBBP,TRAPPC9
KIAA1882,TRAPPC9
MRT13,TRAPPC9
NIBP,TRAPPC9
T1,TRAPPC9
TRS120,TRAPPC9
TCRBV20S2,TRBV20OR9-2
TCRBV2O,TRBV20OR9-2
TCRBV2S2O,TRBV20OR9-2
TRBV20/OR9-2,TRBV20OR9-2
TRISK,TRDN
HRAT13,TRDN-AS1
DJ238O23.3,TREML1
TLT1,TREML1
TLT3,TREML3P
TREML3,TREML3P
BCAR2,TRERF1
DJ139D8.5,TRERF1
HSA277276,TRERF1
RAPA,TRERF1
TREP-132,TRERF1
AGS1,TREX1
DRN3,TREX1
C1,TRGC1
TCRGC2,TRGC2
TRGC2(2X),TRGC2
TRGC2(3X),TRGC2
J1,TRGJ1
TCRGJ1,TRGJ1
J2,TRGJ2
TCRGJ2,TRGJ2
JP,TRGJP
TCRGJP,TRGJP
JP1,TRGJP1
TCRGJP1,TRGJP1
JP2,TRGJP2
TCRGJP2,TRGJP2
TCRGV1,TRGV1
V1S1P,TRGV1
TCRGV2,TRGV2
VIS2,TRGV2
TCRGV3,TRGV3
V1S3,TRGV3
TCRGV4,TRGV4
V1S4,TRGV4
TCRGV5,TRGV5
V1S5,TRGV5
TCRGV5P,TRGV5P
V1S5P,TRGV5P
TCRGV5P,TRGV6
TCRGV6,TRGV6
V1S5P,TRGV6
TCRGV7,TRGV7
V1S7P,TRGV7
TCRGV8,TRGV8
V1S8,TRGV8
TCRGV9,TRGV9
V2,TRGV9
TCRGV10,TRGV10
V3P,TRGV10
TCRGV11,TRGV11
V4P,TRGV11
TCRGVA,TRGVA
V5P,TRGVA
TCRGVB,TRGVB
V6P,TRGVB
PAP-II,TRHDE
PGPEP2,TRHDE
TRH-DE,TRHDE
GS3955,TRIB2
TRB2,TRIB2
BERP,TRIM3
HAC1,TRIM3
RNF22,TRIM3
RNF97,TRIM3
RNF87,TRIM4
RNF88,TRIM5
TRIM5ALPHA,TRIM5
GNIP,TRIM7
RNF90,TRIM7
CTC-338M12.5,TRIM7-AS2
GERP,TRIM8
RNF27,TRIM8
BIA1,TRIM11
RNF92,TRIM11
KIAA0129,TRIM14
EBBP,TRIM16
RBCC,TRIM17
RNF16,TRIM17
TERF,TRIM17
RNF81,TRIM21
RO52,TRIM21
SSA1,TRIM21
GPSTAF50,TRIM22
RNF94,TRIM22
STAF50,TRIM22
EFP,TRIM25
RNF147,TRIM25
ZNF147,TRIM25
KAP-1,TRIM28
KAP1,TRIM28
PPP1R157,TRIM28
RNF96,TRIM28
TF1B,TRIM28
TIF1-BETA,TRIM28
TIF1B,TRIM28
TIF1BETA,TRIM28
FLJ11429,TRIM33
KIAA1113,TRIM33
PTC7,TRIM33
RFG7,TRIM33
TF1G,TRIM33
TIF1G,TRIM33
TIF1GAMMA,TRIM33
TIFGAMMA,TRIM33
KIAA0898,TRIM37
MUL,TRIM37
POB1,TRIM37
TEF3,TRIM37
MGC1127,TRIM41
RINCK,TRIM41
FLJ23229,TRIM46
TRIFIC,TRIM46
TRIM49L2,TRIM49C
TRIM49D,TRIM49D1
TRIM49D1P,TRIM49D1
TRIM49DP,TRIM49D1
TRIM49D2P,TRIM49D2
TRIM49L,TRIM49D2
TRIM49L1,TRIM49D2
FLJ32804,TRIM50
TRIM50A,TRIM50
TRIM51GP,TRIM51G
RNF102,TRIM52
TRIM53,TRIM53AP
TRIM53P,TRIM53AP
MURF,TRIM54
MURF-3,TRIM54
RNF30,TRIM54
RNF109,TRIM56
BIA2,TRIM58
MRF1,TRIM59
RNF104,TRIM59
TRIM57,TRIM59
TSBF1,TRIM59
RNF35,TRIM61
DEAR1,TRIM62
FLJ10759,TRIM62
IRF,TRIM63
MURF-1,TRIM63
RNF28,TRIM63
SMRZ,TRIM63
C11ORF28,TRIM64
TRIM64A,TRIM64
C11ORF29,TRIM66
KIAA0298,TRIM66
TIF1D,TRIM66
TNL,TRIM67
FLJ10369,TRIM68
RNF137,TRIM68
SS-56,TRIM68
MG53,TRIM72
TRIM50B,TRIM73
MGC45440,TRIM74
TRIM50C,TRIM74
TRIM75P,TRIM75
TRIM47LP,TRIM80P
FLJ25801,TRIML2
SPRYD6,TRIML2
ARHGEF23,TRIO
MGC10556,TRIP6
MGC10558,TRIP6
MGC29959,TRIP6
MGC3837,TRIP6
MGC4423,TRIP6
OIP1,TRIP6
ZRP-1,TRIP6
KIAA0045,TRIP12
TRIPC,TRIP12
ULF,TRIP12
16E1BP,TRIP13
FLJ20061,TRIT1
IPT,TRIT1
FLJ20244,TRMT1
TRM1,TRMT1
KIAA1393,TRMT5
TRM5,TRMT5
FLJ20432,TRMT10C
MRPP1,TRMT10C
RG9MTD1,TRMT10C
CCDC76,TRMT13
FLJ10287,TRMT13
FLJ11219,TRMT13
FLJ20628,TRMT61B
HSPC152,TRMT112
HSPC170,TRMT112
HTRM112,TRMT112
TRM112,TRMT112
TRMT11-2,TRMT112
FLJ20503,TRNAU1AP
SECP43,TRNAU1AP
TRSPAP1,TRNAU1AP
C1ORF225,TRNP1
TRNP,TRNP1
CCA1,TRNT1
CGI-47,TRNT1
MTCCA,TRNT1
TASTIN,TROAP
HTRP-1,TRPC1
TRPC5-AS1,TRPC5OS
GON-2,TRPM3
KIAA1616,TRPM3
LTRPC3,TRPM3
FLJ20041,TRPM4
LTRPC5,TRPM5
MTR1,TRPM5
VR1,TRPV1
VRL,TRPV2
VRL-1,TRPV2
VRL1,TRPV2
VRL3,TRPV3
PAF400,TRRAP
TR-AP,TRRAP
TRA1,TRRAP
PUS4,TRUB1
C1ORF182,TSACC
SIP,TSACC
SSTK-IP,TSACC
HAMARTIN,TSC1
KIAA0243,TSC1
LAM,TSC1
TSC,TSC1
LAM,TSC2
PPP1R160,TSC2
TSC4,TSC2
TUBERIN,TSC2
KIAA0669,TSC22D2
TILZ4A,TSC22D2
TILZ4B,TSC22D2
TILZ4C,TSC22D2
THG-1,TSC22D4
TILZ2,TSC22D4
MGC2776,TSEN2
SEN2,TSEN2
SEN2L,TSEN2
C1ORF19,TSEN15
SEN54,TSEN54
SEN54L,TSEN54
TSG10,TSG101
VPS23,TSG101
FAM161C,TSGA10IP
FLJ32880,TSGA10IP
LINC00013,TSIX
NCRNA00013,TSIX
XIST-AS1,TSIX
E2IG4,TSKU
LRRC54,TSKU
TSK,TSKU
BCLF-1,TSN
REHF-1,TSN
TRSLN,TSN
C3PO,TSNAX
TRAX,TSNAX
TXI1,TSNAXIP1
NET-1,TSPAN1
TSPAN-1,TSPAN1
TM4-A,TSPAN3
TM4SF8,TSPAN3
TSPAN-3,TSPAN3
NAG-2,TSPAN4
TETRASPAN,TSPAN4
TM4SF7,TSPAN4
TSPAN-4,TSPAN4
T245,TSPAN6
TM4SF6,TSPAN6
TSPAN-6,TSPAN6
NET-5,TSPAN9
OCSP,TSPAN10
DC-TM4F2,TSPAN14
MGC11352,TSPAN14
TM4SF14,TSPAN14
TM-8,TSPAN16
TM4-B,TSPAN16
TM4SF16,TSPAN16
PHEMX,TSPAN32
TSSC6,TSPAN32
MGC50844,TSPAN33
PENUMBRA,TSPAN33
BZRAP1,TSPOAP1
KIAA0612,TSPOAP1
PRAX-1,TSPOAP1
RIM-BP1,TSPOAP1
RIMBP1,TSPOAP1
BZRAP1-AS1,TSPOAP1-AS1
FKSG81,TSSK1B
SPOGA4,TSSK1B
STK22D,TSSK1B
TSSK1,TSSK1B
SPOGA3,TSSK3
STK22C,TSSK3
KAT,TSTD1
KIAA1855,TTBK1
KIAA0847,TTBK2
SCA11,TTBK2
TPR1,TTC1
TTC4P,TTC4P1
C14ORF25,TTC6
NCRNA00291,TTC6
KIAA1140,TTC7A
TTC7,TTC7A
FLJ30373,TTC9B
FLJ13859,TTC12
FLJ20535,TTC12
TPARM,TTC12
FLJ22584,TTC13
FLJ00166,TTC14
KIAA1980,TTC14
FLJ10890,TTC17
FLJ20343,TTC19
MGC19520,TTC19
IFT139A,TTC21A
STI2,TTC21A
THM2,TTC21A
CFAP60,TTC21B
FAP60,TTC21B
FLA17,TTC21B
FLJ11457,TTC21B
IFT139,TTC21B
IFT139B,TTC21B
JBTS11,TTC21B
NPHP12,TTC21B
THM1,TTC21B
FLJ12572,TTC23
HCC-8,TTC23
AC036108.3,TTC23-AS1
FLJ25439,TTC23L
DYF-13,TTC26
DYF13,TTC26
FLJ12571,TTC26
IFT56,TTC26
FLJ20272,TTC27
CFAP259,TTC30A
FAP259,TTC30A
FLJ13946,TTC30A
IFT70A,TTC30A
FLEER,TTC30B
FLJ30990,TTC30B
IFT70B,TTC30B
FLJ12788,TTC31
HBP21,TTC36
C1ORF34,TTC39A
DEME-6,TTC39A
KIAA0452,TTC39A
C9ORF52,TTC39B
FLJ33868,TTC39B
MGC46235,TTL
DKFZP434B103,TTLL3
HOTTL,TTLL3
KIAA0173,TTLL4
FLJ35808,TTLL6
FLJ36119,TTLL10
TTLL5,TTLL10
FLJ46079,TTLL13
MGC33417,TTLL13
TTLL13P,TTLL13
CMD1G,TTN
CMH9,TTN
CMPD4,TTN
FLJ32040,TTN
LGMD2J,TTN
MYLK5,TTN
TMD,TTN
C17ORF29,TTYH2
KIAA1691,TTYH3
B-ALPHA-1,TUBA1A
FLJ25113,TUBA1A
TUBA3,TUBA1A
RP11-386G11.10,TUBA1B-AS1
BCM948,TUBA1C
MGC10851,TUBA1C
MGC14580,TUBA1C
TUBA6,TUBA1C
H2-ALPHA,TUBA3D
FLJ30169,TUBA4A
H2-ALPHA,TUBA4A
TUBA1,TUBA4A
FLJ13940,TUBA4B
TUBA4,TUBA4B
RP11-480I12.5,TUBA5P
TUBAP5,TUBA5P
BETA-4,TUBB3
CFEOM3,TUBB3
CFEOM3A,TUBB3
FEOM3,TUBB3
FLJ12709,TUBD1
TUBD,TUBD1
TUBG,TUBG1
TUBGCP1,TUBG1
76P,TUBGCP4
FLJ14797,TUBGCP4
CT65,TULP2
TUBL2,TULP2
TUBL3,TULP3
BNLN,TUNAR
HI-LNC78,TUNAR
LINC00617,TUNAR
TUNA,TUNAR
MAGT2,TUSC3
MGC13453,TUSC3
MRT22,TUSC3
MRT7,TUSC3
N33,TUSC3
OST3A,TUSC3
SLC58A2,TUSC3
LINC00902,TUSC7
LOC285194,TUSC7
LSAMP-AS3,TUSC7
NCRNA00295,TUSC7
FLJ21850,TUT1
FLJ22267,TUT1
FLJ22347,TUT1
PAPD2,TUT1
RBM21,TUT1
TENT1,TUT1
TUTASE,TUT1
FAM18B3P,TVP23BP1
FAM18B4P,TVP23BP2
FAM18B2,TVP23C
MGC8763,TVP23C
FAM18B2-CDRT4,TVP23C-CDRT4
A6,TWF1
PTK9,TWF1
A6PS1,TWF1P1
PTK9P1,TWF1P1
A6R,TWF2
A6RP,TWF2
PTK9L,TWF2
BTKL,TXK
PSCTK5,TXK
PTK4,TXK
RLK,TXK
TKL,TXK
DKFZP451J0118,TXLNA
C6ORF198,TXLNB
DJ522B19.2,TXLNB
DKFZP451A175,TXLNB
MDP77,TXLNB
CXORF15,TXLNG
FIAT,TXLNG
FLJ11209,TXLNG
LSR5,TXLNG
MGC126621,TXLNG
MGC126625,TXLNG
TXLNGX,TXLNG
APACD,TXNDC9
EFP1,TXNDC11
ARRDC6,TXNIP
EST01027,TXNIP
HHCPA78,TXNIP
THIF,TXNIP
VDUP1,TXNIP
DIM2,TXNL4B
DLP,TXNL4B
FLJ20511,TXNL4B
GRIM-12,TXNRD1
TRXR1,TXNRD1
TXNR,TXNRD1
TGR,TXNRD3
TR2,TXNRD3
TR2IT1,TXNRD3
TRXR3,TXNRD3
TXNRD3IT1,TXNRD3
TXNRD3NB,TXNRD3
TXNRD3NT1,TXNRD3
JTK1,TYK2
DAP12,TYROBP
KARAP,TYROBP
PLO-SL,TYROBP
PLOSL,TYROBP
FLJ10900,TYW1
MGC23001,TYW1
MGC60291,TYW1
RSAFD1,TYW1
TYW1A,TYW1
YPL207W,TYW1
LINC00069,TYW1B
MGC87315,TYW1B
NCRNA00069,TYW1B
RSAFD2,TYW1B
C1ORF171,TYW3
FLJ40918,TYW3
C2ORF60,TYW5
FLJ37953,TYW5
U2AF65,U2AF2
AGX,UAP1
AGX1,UAP1
SPAG2,UAP1
HUBA3,UBA3
NAE2,UBA3
UBE1C,UBA3
FLJ23251,UBA5
UBE1DC1,UBA5
LOC550112,UBA6-DT
UBA6-AS1,UBA6-DT
D8,UBA7
UBA1B,UBA7
UBE1L,UBA7
UBE2,UBA7
CEP52,UBA52
HUBCEP52,UBA52
L40,UBA52
MGC126879,UBA52
MGC126881,UBA52
MGC57125,UBA52
RPL40,UBA52
GBDR1,UBAC1
KPC2,UBAC1
UBADC1,UBAC1
FAM100B,UBALD2
MGC29814,UBALD2
KIAA0144,UBAP2L
NICE-4,UBAP2L
FLJ25987,UBB
MGC8385,UBB
HHR6B,UBE2B
RAD6B,UBE2B
UBC2,UBE2B
UBC4,UBE2D2
UBCH5B,UBE2D2
UBCH5C,UBE2D3
HBUCE1,UBE2D4
MGC42638,UBE2DNL
UBCH6,UBE2E1
FLJ25157,UBE2E2
UBCH8,UBE2E2
UBE2E2-AS1,UBE2E2-DT
NCE2,UBE2F
UBC7,UBE2G1
UBE2G,UBE2G1
GID3,UBE2H
UBC8,UBE2H
UBCH,UBE2H
NCUBE2,UBE2J2
UBC6P,UBE2J2
HIP2,UBE2K
HYPG,UBE2K
UBC1,UBE2K
UBCH8,UBE2L6
HUBC12,UBE2M
UBC12,UBE2M
NICE-5,UBE2Q1
PRO3094,UBE2Q1
UBE2Q,UBE2Q1
DKFZP762C143,UBE2Q2
LINC01251,UBE2R2-AS1
FANCT,UBE2T
HSPC150,UBE2T
MGC35130,UBE2U
DDVIT-1,UBE2V2
DDVIT1,UBE2V2
EDAF-1,UBE2V2
EDPF-1,UBE2V2
EDPF1,UBE2V2
MMS2,UBE2V2
UEV-2,UBE2V2
UEV2,UBE2V2
KIAA0010,UBE3C
KIAA10,UBE3C
SCCD,UBIAD1
TERE1,UBIAD1
FLJ25690,UBL4B
CPUB1,UBLCP1
MGC10067,UBLCP1
FLJ25778,UBN2
KIAA2030,UBN2
LBP-1A,UBP1
A1U,UBQLN4
C1ORF6,UBQLN4
UBIN,UBQLN4
DKFZP434P117,UBR3
FLJ37422,UBR3
KIAA2024,UBR3
ZNF650,UBR3
KIAA0462,UBR4
KIAA1307,UBR4
P600,UBR4
RBAF600,UBR4
ZUBR1,UBR4
FLJ11807,UBTD1
NOR-90,UBTF
UBF,UBTF
UBF1,UBTF
UBF2,UBTF
C11ORF27,UBTFL1
2B28,UBXN1
LOC51035,UBXN1
SAKS1,UBXN1
UBXD10,UBXN1
KIAA0242,UBXN4
UBXD2,UBXN4
UBXDC1,UBXN4
FLJ25429,UBXN10
UBXD3,UBXN10
SOC,UBXN11
SOCI,UBXN11
UBXD5,UBXN11
PARK5,UCHL1
PGP9.5,UCHL1
UCH-L1,UCHL1
UCHL-1,UCHL1
UCHL1-AS1,UCHL1-DT
CGI-70,UCHL5
INO80R,UCHL5
UCH37,UCHL5
C10ORF49,UCMA
GRP,UCMA
UCN1,UCN
UI,UCN
UROC,UCN
SRP,UCN2
UCN-II,UCN2
UCNI,UCN2
URP,UCN2
BMIQ4,UCP2
SLC25A8,UCP2
ATTP,UEVLD
UEV3,UEVLD
HSPC155,UFC1
KIAA0776,UFL1
MAXER,UFL1
NLBP,UFL1
RCAD,UFL1
UFSP,UFSP1
C4ORF20,UFSP2
FLJ11200,UFSP2
SVUGP2,UGP2
UGP1,UGP2
UGPP1,UGP2
GNT1,UGT1A1
UGT1,UGT1A1
UGT1A,UGT1A1
UGT1BP,UGT1A2P
UGT1C,UGT1A3
HUG-BR2,UGT1A4
UGT1D,UGT1A4
UGT1E,UGT1A5
GNT1,UGT1A6
HLUGP,UGT1A6
UGT1F,UGT1A6
UGT1G,UGT1A7
UGT1H,UGT1A8
HLUGP4,UGT1A9
LUGP4,UGT1A9
UGT1AI,UGT1A9
UGT1J,UGT1A10
UGT1K,UGT1A11P
UGT1L,UGT1A12P
UGT2B11,UGT2B4
KIS,UHMK1
KIST,UHMK1
FLJ21925,UHRF1
ICBP90,UHRF1
NP95,UHRF1
RNF106,UHRF1
TDRD22,UHRF1
CROCC2-AS1,UICLM
RAP80,UIMC1
RAET1H,ULBP2
ATG1,ULK1
ATG1A,ULK1
FAM7C1,ULK4
FLJ20574,ULK4
REC01035,ULK4
RPA3-AS1,UMAD1
RPA3OS,UMAD1
KIAA1976,UNC5A
UNC5H1,UNC5A
P53RDL1,UNC5B
UNC5H2,UNC5B
TP53LC05,UNC5B-AS1
UASR1,UNC5B-AS1
KIAA1032,UNC13A
MUNC13-1,UNC13A
HMUNC13,UNC13B
MUNC13-2,UNC13B
UNC13,UNC13B
UNC13H2,UNC13B
MUNC13-4,UNC13D
GC-UNC45,UNC45A
SMAP-1,UNC45A
CMYA4,UNC45B
UNC45,UNC45B
GMH1,UNC50
UNCL,UNC50
URP,UNC50
C2ORF21,UNC80
FLJ33496,UNC80
KIAA1843,UNC80
UNC-80,UNC80
UNC93,UNC93B1
MGC5139,UNC119B
POC7B,UNC119B
DGU,UNG
HIGM4,UNG
UDG,UNG
UNG1,UNG
UNG2,UNG
UOXP,UOX
HUPF1,UPF1
KIAA0221,UPF1
NORF1,UPF1
PNORF1,UPF1
RENT1,UPF1
SMG-2,UPF1
DKFZP434D222,UPF2
KIAA1408,UPF2
RENT2,UPF2
SMG-3,UPF2
TSPAN21,UPK1A
MGC138598,UPK2
UP2,UPK2
UPII,UPK2
UDRPASE,UPP1
UP,UPP1
UPASE,UPP1
UPP,UPP1
UDRPASE2,UPP2
UP2,UPP2
UPASE2,UPP2
BA6B20.2,UQCC2
C6ORF125,UQCC2
CBP6,UQCC2
M19,UQCC2
MGC14833,UQCC2
MNF1,UQCC2
C11ORF83,UQCC3
UNQ655,UQCC3
C16ORF91,UQCC4
CCSMST1,UQCC4
GS103,UQCC4
URLC5,UQCC4
C3ORF78,UQCC5
SMIM4,UQCC5
BR,UQCC6
C12ORF73,UQCC6
DKFZP547P055,UQCC6
FLJ13975,UQCC6
QCR10,UQCR11
UQCR,UQCR11
D3S3191,UQCRC1
QCR1,UQCRC1
UQCR1,UQCRC1
QCR6,UQCRH
UQCR8,UQCRH
QCR8,UQCRQ
QP-C,UQCRQ
UQCR7,UQCRQ
KIAA0133,URB2
NET10,URB2
NPA2,URB2
DKFZP666G166,URGCP
DKFZP686O0457,URGCP
FLJ20654,URGCP
KIAA1507,URGCP
URG4,URGCP
FLJ31300,UROC1
HMFN0320,UROC1
C16ORF57,USB1
FLJ13154,USB1
HVSL1,USB1
MPN1,USB1
D12,USE1
MDS032,USE1
P31,USE1
SLT1,USE1
BHLHB11,USF1
MLTFI,USF1
UEF,USF1
BHLHB12,USF2
FIP,USF2
KIAA2018,USF3
AIE-75,USH1C
DFNB18,USH1C
HARMONIN,USH1C
NY-CO-37,USH1C
NY-CO-38,USH1C
PDZ-73,USH1C
PDZ73,USH1C
PDZD7C,USH1C
ANKS4A,USH1G
FLJ33924,USH1G
SANS,USH1G
RP39,USH2A
USH2,USH2A
UBP41,USP2
GLINC,USP2-AS1
THY1-AS1,USP2-AS1
UNP,USP4
UNPH,USP4
ISOT,USP5
HRP1,USP6
TRE-2,USP6
TRE17,USP6
TRE2,USP6
TRESMCR,USP6
HAUSP,USP7
DFFRX,USP9X
FAF,USP9X
MRX99,USP9X
ISOT-3,USP13
USP17L1P,USP17L1
KIAA0891,USP19
ZMYND9,USP19
KIAA1003,USP20
USP16,USP21
USP23,USP21
KIAA1063,USP22
USP3L,USP22
KIAA1057,USP24
KIAA1515,USP28
KIAA1203,USP31
NY-REN-60,USP32
USP10,USP32
TL132,USP32P2
KIAA1097,USP33
VDU1,USP33
KIAA1372,USP35
FLJ12851,USP36
KIAA1453,USP36
KIAA1594,USP37
HP43.8KD,USP38
KIAA1891,USP38
CGI-21,USP39
SAD1,USP39
SNRNP65,USP39
FLJ10785,USP40
FLJ12697,USP42
FLJ12552,USP46
FLJ11328,USP48
FLJ20103,USP48
FLJ23054,USP48
FLJ23277,USP48
MGC14879,USP48
USP31,USP48
MGC20741,USP49
KIAA1350,USP53
CGI-94,UTP11
UTP11L,UTP11
C1ORF107,UTP25
DEF,UTP25
DIEXF,UTP25
MGC29875,UTP25
DMDL,UTRN
DRP,UTRN
DRP1,UTRN
PRO1068,UTS2
U-II,UTS2
UCN2,UTS2
UII,UTS2
U2B,UTS2B
URP,UTS2B
UTS2D,UTS2B
GPR14,UTS2R
LOC100506113,UVRAG-DT
FLJ23591,UXS1
SDR6E1,UXS1
UGD,UXS1
ART-27,UXT
STAP1,UXT
SYB1,VAMP1
VAMP-1,VAMP1
SYB2,VAMP2
VAMP-2,VAMP2
CEB,VAMP3
EDB,VAMP8
VAMP-8,VAMP8
TCONS_00008138,VAMP9P
STB2,VANGL1
KIAA1215,VANGL2
LPP1,VANGL2
LTAP,VANGL2
MGC119403,VANGL2
MGC119404,VANGL2
STB1,VANGL2
STBM,VANGL2
STBM1,VANGL2
FLJ12505,VASH2
FLJ20230,VAT1
VATI,VAT1
DRES93,VAX2
MGC111064,VDAC1
PORIN,VDAC1
VDAC4,VDAC1P4
VDAC4P,VDAC1P4
VDAC3P,VDAC3P1
NR1I1,VDR
PPP1R163,VDR
VEGF,VEGFA
VEGF-A,VEGFA
VPF,VEGFA
VEGFL,VEGFB
VRF,VEGFB
HPX42,VENTXP7
VENTX1,VENTXP7
DKFZP761C241,VEZT
SCG7,VGF
SGVII,VGF
KIAA0121,VGLL4
VHL1,VHL
VHLP,VHLL
VLP,VHLL
D2S1471,VIL1
VIL,VIL1
C14ORF133,VIPAS39
HSPE-39,VIPAS39
SPE-39,VIPAS39
SPE39,VIPAS39
VIPAR,VIPAS39
VPS16B,VIPAS39
HVR1,VIPR1
RDC1,VIPR1
VPAC1,VIPR1
VPAC1R,VIPR1
DKFZP434I116,VIRMA
FSAP121,VIRMA
KIAA1429,VIRMA
LINCRNA-VLDLR,VLDLR-AS1
EPG3,VMP1
TANGO5,VMP1
TMEM49,VMP1
V1RL1,VN1R1
VNR19I1,VN1R1
ZVNH1,VN1R1
ZVNR1,VN1R1
V1RL2,VN1R2
FKSG46,VN1R3
V1RL3,VN1R3
V1RL4,VN1R4
B24O18.2,VN1R10P
HS6V1-1P,VN1R10P
VNR6I1P,VN1R10P
DJ86C11.7,VN1R11P
HS6V1-2P,VN1R11P
VNR6I2P,VN1R11P
BA373D17.2,VN1R12P
HS6V1-3P,VN1R12P
VNR6I3P,VN1R12P
BA373D17.3,VN1R13P
HS6V1-4P,VN1R13P
VNR6I4P,VN1R13P
TIFF66,VNN1
FOAP-4,VNN2
GPI-80,VNN2
HSA238982,VNN3P
VNN3,VNN3P
FLJ32099,VPS8
KIAA0804,VPS8
OLC8,VPS13B-DT
BLTP5C,VPS13C
FLJ10381,VPS13C
FLJ20136,VPS13C
KIAA1421,VPS13C
KIAA1475,VPS18
PEP3,VPS18
DERP9,VPS25
EAP20,VPS25
MGC10540,VPS25
MGC10485,VPS26B
PEP8B,VPS26B
DC15,VPS29
DC7,VPS29
PEP11,VPS29
FLJ14848,VPS33B
FLJ10752,VPS35
MEM3,VPS35
PARK17,VPS35
C16ORF62,VPS35L
MGC16824,VPS35L
FLJ12750,VPS37B
FLJ20847,VPS37C
KIAA0770,VPS39
VAM6,VPS39
H-VPS45,VPS45
H1,VPS45
VPS45A,VPS45
VPS45B,VPS45
ANG2,VPS51
ANG3,VPS51
C11ORF2,VPS51
C11ORF3,VPS51
FFR,VPS51
HCC8,VPS54
PPP1R164,VPS54
SWC2,VPS72
TCFL1,VPS72
YL-1,VPS72
YL1,VPS72
C14ORF115,VRTN
FLJ10811,VRTN
VERTNIN,VRTN
CTH,VSIG2
CTXL,VSIG2
MGC33530,VSTM2A
VSTM2,VSTM2A
C10ORF72,VSTM4
FLJ31737,VSTM4
CHX10,VSX2
HOX10,VSX2
RET1,VSX2
B7-H4,VTCN1
B7H4,VTCN1
B7S1,VTCN1
B7X,VTCN1
FLJ22418,VTCN1
MVTI1,VTI1A
VTI1-RP2,VTI1A
HVG-1,VTRNA1-1
HVG1,VTRNA1-1
VAULTRC1,VTRNA1-1
VR1,VTRNA1-1
VRNA,VTRNA1-1
HVG-2,VTRNA1-2
HVG2,VTRNA1-2
VAULTRC2,VTRNA1-2
VR2,VTRNA1-2
HVG-3,VTRNA1-3
HVG3,VTRNA1-3
VAULTRC3,VTRNA1-3
VR3,VTRNA1-3
CBL-3,VTRNA2-1
HSA-MIR-886,VTRNA2-1
HVG-5,VTRNA2-1
MIR886,VTRNA2-1
MIRN886,VTRNA2-1
NC886,VTRNA2-1
PRE-MIR-886,VTRNA2-1
VTRNA2,VTRNA2-1
FLJ22215,VWA1
VWA-1,VWA1
WARP,VWA1
FLJ40941,VWA3A
FLJ46765,VWA3A
DKFZP686F2227,VWA3B
MGC26733,VWA3B
FLJ32784,VWA5B1
DKFZP761K032,VWA5B2
LOC90113,VWA5B2
FLJ32009,VWCE
URG11,VWCE
VWC1,VWCE
FLJ14712,VWDE
F8VWF,VWF
C8ORF46,VXN
MGC33510,VXN
BM-016,WAC
FLJ31290,WAC
MGC10753,WAC
PRO1741,WAC
WWP4,WAC
LNC-TNFAIP3,WAKMAR2
IFI53,WARS1
IFP53,WARS1
WARS,WARS1
MTTRPRS,WARS2
SCAR2,WASF2
WAVE2,WASF2
FAM39B,WASH2P
MGC52000,WASH2P
FAM39F,WASH7P
FAM39E,WASHC1
FLJ00038,WASHC1
WASH1,WASHC1
KIAA0196-AS1,WASHC5-AS1
NCRNA00286A,WASIR2
WBP-1,WBP1
BUG13,WBP11
NPWBP,WBP11
PPP1R165,WBP11
SIPP1,WBP11
C2ORF44,WDCP
FLJ21945,WDCP
MMAP,WDCP
FENS-1,WDFY1
KIAA1435,WDFY1
WDF1,WDFY1
ZFYVE17,WDFY1
ALFY,WDFY3
KIAA0993,WDFY3
ZFYVE25,WDFY3
C4ORF12,WDFY3-AS2
FBI4,WDFY3-AS2
NCRNA00247,WDFY3-AS2
AIP1,WDR1
CFAP89,WDR5
SWD3,WDR5
FLJ11287,WDR5B
TRM734,WDR6
WDR11-AS1,WDR11-DT
FLJ10881,WDR12
YTM1,WDR12
C16ORF21,WDR24
DKFZP434F054,WDR24
JFP7,WDR24
FLJ21016,WDR26
GID7,WDR26
FLJ35921,WDR31
FLJ11294,WDR33
NET14,WDR33
WDC146,WDR33
CFAP118,WDR35
FAP118,WDR35
IFT121,WDR35
IFTA1,WDR35
KIAA1336,WDR35
MGC33196,WDR35
GLC1G,WDR36
TA-WDRP,WDR36
UTP21,WDR36
KIAA0982,WDR37
FLJ10904,WDR41
KIAA0007,WDR43
NET12,WDR43
UTP5,WDR43
WDR45L,WDR45B
WIPI3,WDR45B
WDR45LP1,WDR45BP1
KIAA0893,WDR47
FLJ33620,WDR49
FLJ12953,WDR54
FLJ20195,WDR55
FLJ21702,WDR55
C19ORF14,WDR62
DKFZP434J046,WDR62
FLJ33298,WDR62
MCPH2,WDR62
FLJ32978,WDR64
FLJ10439,WDR74
NSA1,WDR74
MEP50,WDR77
P44,WDR77
MST107,WDR82
MSTP107,WDR82
PRO2730,WDR82
PRO34047,WDR82
SWD2,WDR82
TMEM113,WDR82
WDR82A,WDR82
PQWD,WDR88
C14ORF150,WDR89
MGC9907,WDR89
C16ORF15,WDR90
C16ORF16,WDR90
C16ORF17,WDR90
C16ORF18,WDR90
C16ORF19,WDR90
FLJ36483,WDR90
KIAA1924,WDR90
POC16,WDR90
HSPC049,WDR91
SORF-1,WDR91
FLJ36175,WDSUB1
UBOX6,WDSUB1
WDSAM1,WDSUB1
ADP,WDTC1
DCAF9,WDTC1
KIAA1037,WDTC1
WEE1A,WEE1
LNC-DC,WFDC21P
LNCDC,WFDC21P
LOC645638,WFDC21P
C16ORF12,WFIKKN1
RJD2,WFIKKN1
WFDC20A,WFIKKN1
WFIKKN,WFIKKN1
DFNA14,WFS1
DFNA38,WFS1
DFNA6,WFS1
DIDMOAD,WFS1
WFS,WFS1
WHAMML1,WHAMMP3
WHDC1L1,WHAMMP3
CIP98,WHRN
DFNB31,WHRN
PDZD7B,WHRN
USH2D,WHRN
HST36289,WHSC1L2P
NSD4P,WHSC1L2P
WHSC1L1P,WHSC1L2P
WASPIP,WIPF1
WIP,WIPF1
CR16,WIPF3
FLJ36931,WIPF3
ATG18B,WIPI2
ATG21,WIPI2
CGI-50,WIPI2
DKFZP434J154,WIPI2
DKFZP686P02188,WIPI2
FLJ12979,WIPI2
FLJ14217,WIPI2
FLJ42984,WIPI2
ZNF803,WIZ
C1ORF139,WLS
EVI,WLS
FLJ23091,WLS
GPR177,WLS
MIG-14,WLS
MRP,WLS
HSAN2,WNK1
HSN2,WNK1
PPP1R167,WNK1
PRKWNK1,WNK1
INT1,WNT1
INT1L1,WNT2
IRP,WNT2
WNT13,WNT2B
XWNT2,WNT2B
WNT-4,WNT4
HWNT5A,WNT5A
WNT8D,WNT8A
WNT14,WNT9A
FLJ10385,WRAP53
TCAB1,WRAP53
WDR79,WRAP53
WDR8,WRAP73
MGC10210,WSB2
SBA2,WSB2
KIAA0523,WSCD1
LNCTCF7,WSPAR
TCONS_00009511-XLOC_004555,WSPAR
WIT-1,WT1-AS
WIT1,WT1-AS
WT1-AS1,WT1-AS
WT1AS,WT1-AS
KIAA0869,WWC1
KIBRA,WWC1
PPP1R168,WWC1
BM042,WWC3
KIAA1280,WWC3
FOR,WWOX
SDR41C1,WWOX
WOX1,WWOX
RP11-190D6.2,WWOX-AS1
AIP2,WWP2
DKFZP586I1419,WWTR1
TAZ,WWTR1
CT12.5,XAGE5
GAGED5,XAGE5
XAGE-5,XAGE5
CCXCR1,XCR1
GPR5,XCR1
CMYA1,XIRP1
DKFZP451D042,XIRP1
XIN,XIRP1
CMYA3,XIRP2
DXS1089,XIST
DXS399E,XIST
LINC00001,XIST
NCRNA00001,XIST
SWD66,XIST
KIAA1889,XKR4
FLJ10307,XKR8
XKR2,XKRX
XPLAC,XKRX
CRM-1,XPO1
CRM1,XPO1
EMB,XPO1
XPO3,XPOT
SLC53A1,XPR1
SYG1,XPR1
X3,XPR1
FANCU,XRCC2
KARP-1,XRCC5
KU80,XRCC5
KU86,XRCC5
KUB2,XRCC5
SEP1,XRN1
FLJ00225,XRRA1
C3ORF21,XXYLT1
FLJ35155,XXYLT1
PXYLT2,XYLT2
XT-II,XYLT2
YAP-1,YAP1
YAP65,YAP1
TYRRS,YARS1
YARS,YARS1
YRS,YARS1
YTS,YARS1
CGI-04,YARS2
FLJ13995,YARS2
MT-TYRRS,YARS2
BP-8,YBX1
CSDA2,YBX1
CSDB,YBX1
DBPB,YBX1
MDR-NF1,YBX1
NSEP-1,YBX1
NSEP1,YBX1
YB-1,YBX1
YB1,YBX1
FINGER8,YIF1B
FINGER4,YIPF4
MGC11061,YIPF4
FINGER9,YIPF7
FLJ39576,YIPF7
CCDC130,YJU2B
MGC10471,YJU2B
DKFZP451J1719,YOD1
DUBA8,YOD1
OTUD2,YOD1
FKSG4,YPEL2
FLJ23476,YRDC
IRIP,YRDC
SUA5,YRDC
DKFZP564A186,YTHDC2
FLJ10053,YTHDC2
FLJ2194,YTHDC2
CAHL,YTHDF2
HGRG8,YTHDF2
NY-REN-2,YTHDF2
YTHDF3-AS1,YTHDF3-DT
14-3-3,YWHAQ
HS1,YWHAQ
DELTA,YY1
INO80S,YY1
NF-E1,YY1
UCRBP,YY1
YIN-YANG-1,YY1
HCCA2,YY1AP1
YAP,YY1AP1
YY1AP,YY1AP1
Z3CXXC6,ZAR1
MGC10796,ZBED2
MGC15435,ZBED3
LNC13728,ZBED3-AS1
C7ORF29,ZBED10P
ZBED6CL,ZBED10P
DKFZP547O146,ZBTB7A
FBI-1,ZBTB7A
LRF,ZBTB7A
POKEMON,ZBTB7A
ZBTB7,ZBTB7A
ZNF857A,ZBTB7A
C-KROX,ZBTB7B
HCKROX,ZBTB7B
ZBTB15,ZBTB7B
ZFP67,ZBTB7B
ZNF857B,ZBTB7B
BOZF1,ZBTB8A
FLJ90065,ZBTB8A
ZBTB8,ZBTB8A
ZNF916A,ZBTB8A
ARCH,ZBTB8OS
FLJ12752,ZBTB10
RINZF,ZBTB10
ZNF-U69274,ZBTB11
ZNF913,ZBTB11
ZBTB12B,ZBTB12BP
ZBTB12P1,ZBTB12BP
ZNF920,ZBTB12BP
PLZF,ZBTB16
ZNF145,ZBTB16
MIZ1,ZBTB17
PHZ-67,ZBTB17
ZNF151,ZBTB17
ZNF60,ZBTB17
C2H2-171,ZBTB18
RP58,ZBTB18
TAZ-1,ZBTB18
ZNF238,ZBTB18
DKFZP566F123,ZBTB20
DPZF,ZBTB20
ODA-8S,ZBTB20
ZNF288,ZBTB20
BIF1,ZBTB24
KIAA0441,ZBTB24
PATZ2,ZBTB24
ZNF450,ZBTB24
C14ORF51,ZBTB25
KUP,ZBTB25
ZNF46,ZBTB25
FAXF,ZBTB32
FAZF,ZBTB32
ROG,ZBTB32
TZFP,ZBTB32
ZNF538,ZBTB32
KAISO,ZBTB33
WUGSC:H_DJ525N14.1,ZBTB33
ZNF-KAISO,ZBTB33
ZNF348,ZBTB33
KIAA1993,ZBTB34
MGC24652,ZBTB34
ZNF918,ZBTB34
MGC2629,ZBTB37
ZNF908,ZBTB37
CIBZ,ZBTB38
FLJ35036,ZBTB38
PPP1R171,ZBTB38
ZNF921,ZBTB38
DKFZP686C06120,ZBTB41
FLJ36199,ZBTB41
FRBZ1,ZBTB41
ZNF924,ZBTB41
FLJ22470,ZBTB43
KIAA0414,ZBTB43
ZBTB22B,ZBTB43
ZNF-X,ZBTB43
ZNF297B,ZBTB43
BTBD15,ZBTB44
HSPC063,ZBTB44
ZNF851,ZBTB44
FLJ14486,ZBTB45
ZNF499,ZBTB45
DKFZP434N0615,ZBTB47
KIAA1190,ZBTB47
ZNF651,ZBTB47
HKR3,ZBTB48
TZAP,ZBTB48
ZNF855,ZBTB48
FLJ38559,ZBTB49
ZNF509,ZBTB49
C8ORF70,ZC2HC1A
CGI-62,ZC2HC1A
FAM164A,ZC2HC1A
C19ORF7,ZC3H4
KIAA1064,ZC3H4
FLJ41410,ZC3H6
FLJ45877,ZC3H6
KIAA2035,ZC3H6
ZC3HDC6,ZC3H6
FLIZ1,ZC3H8
ZC3HDC8,ZC3H8
FLJ14451,ZC3H10
ZC3HDC10,ZC3H10
KIAA0663,ZC3H11A
ZC3HDC11A,ZC3H11A
ZC3HDC11B,ZC3H11B
FLJ23231,ZC3H12A
MCPIP1,ZC3H12A
REGNASE-1,ZC3H12A
LINC01137,ZC3H12A-DT
LOC728431,ZC3H12A-DT
C6ORF95,ZC3H12D
DJ281H8.1,ZC3H12D
MCPIP4,ZC3H12D
LEREPO4,ZC3H15
NHN1,ZC3H18
ARTD13,ZC3HAV1
FLB6421,ZC3HAV1
FLJ13288,ZC3HAV1
MGC48898,ZC3HAV1
PARP13,ZC3HAV1
ZAP,ZC3HAV1
ZC3H2,ZC3HAV1
ZC3HDC2,ZC3HAV1
C7ORF39,ZC3HAV1L
MGC14289,ZC3HAV1L
HCA127,ZC4H2
KIAA1166,ZC4H2
MCS,ZC4H2
MRXS4,ZC4H2
WWS,ZC4H2
FLJ23024,ZCCHC4
HSPC052,ZCCHC4
ZGRF4,ZCCHC4
DKFZP434E2220,ZCCHC8
DKFZP761J139,ZCCHC9
PPP1R41,ZCCHC9
FLJ16123,ZCCHC12
PNMA7A,ZCCHC12
SIZN,ZCCHC12
SIZN1,ZCCHC12
4930513O09RIK,ZCCHC13
CNBP2,ZCCHC13
ZNF9L,ZCCHC13
HSPC251,ZCCHC17
PNO40,ZCCHC17
PS1D,ZCCHC17
MADP-1,ZCRB1
MADP1,ZCRB1
RBM36,ZCRB1
SNRNP31,ZCRB1
ZCCHC19,ZCRB1
DKFZP434N0510,ZCWPW1
FLJ10057,ZCWPW1
ZCW1,ZCWPW1
DHHC3,ZDHHC3
GODZ,ZDHHC3
ZNF373,ZDHHC3
FLJ10479,ZDHHC4
ZNF374,ZDHHC4
DHHC7,ZDHHC7
FLJ10792,ZDHHC7
FLJ20279,ZDHHC7
SERZ-B,ZDHHC7
SERZ1,ZDHHC7
ZNF370,ZDHHC7
FLJ13153,ZDHHC11
ZNF399,ZDHHC11
HIP14,ZDHHC17
HYPH,ZDHHC17
KIAA0946,ZDHHC17
DKFZP667O2416,ZDHHC18
MGC42530,ZDHHC23
KIAA0569,ZEB2
SIP-1,ZEB2
SIP1,ZEB2
ZFHX1B,ZEB2
ZEB2-AS,ZEB2-AS1
ZEB2AS,ZEB2-AS1
ZEB2NAT,ZEB2-AS1
FLJ14007,ZFAND1
AIRAPL,ZFAND2B
FLJ13222,ZFAND3
TEX27,ZFAND3
KIAA1485,ZFAT
ZFAT1,ZFAT
ZNF406,ZFAT
NCRNA00070,ZFAT-AS1
SAS-ZFAT,ZFAT-AS1
ZFAT-AS,ZFAT-AS1
ZFATAS,ZFAT-AS1
FLJ30726,ZFP3
ZNF752,ZFP3
KIAA0961,ZFP30
ZNF745,ZFP30
BERG36,ZFP36L1
BRF1,ZFP36L1
CMG1,ZFP36L1
ERF1,ZFP36L1
RNF162B,ZFP36L1
TIS11B,ZFP36L1
BRF2,ZFP36L2
ERF2,ZFP36L2
RNF162C,ZFP36L2
TIS11D,ZFP36L2
FLJ00028,ZFP41
FLJ38705,ZFP41
ZNF753,ZFP41
FLJ16030,ZFP69
ZFP69A,ZFP69
ZKSCAN23A,ZFP69
ZNF642,ZFP69
ZSCAN54A,ZFP69
FLJ34293,ZFP69B
ZKSCAN23B,ZFP69B
ZNF643,ZFP69B
ZSCAN54B,ZFP69B
D11S750,ZFPL1
MCG4,ZFPL1
FOG,ZFPM1
FOG1,ZFPM1
ZC2HC11A,ZFPM1
ZNF89A,ZFPM1
CHRP,ZFTRAF1
CYHR1,ZFTRAF1
KIAA0496,ZFTRAF1
MGC13010,ZFTRAF1
DFCP1,ZFYVE1
KIAA1589,ZFYVE1
PPP1R172,ZFYVE1
TAFF1,ZFYVE1
ZNFN2A1,ZFYVE1
MADHIP,ZFYVE9
PPP1R173,ZFYVE9
SARA,ZFYVE9
SMADIP,ZFYVE9
FLJ32919,ZFYVE27
SPG33,ZFYVE27
KIAA1643,ZFYVE28
LST-2,ZFYVE28
HZG16,ZG16
JCLN,ZG16
JCLN1,ZG16
ZG16A,ZG16
GATAD3,ZGLP1
GLP-1,ZGLP1
GLP1,ZGLP1
C4ORF21,ZGRF1
FLJ11331,ZGRF1
ZNF656,ZIM2
ZNF657,ZIM3
KOX18,ZKSCAN1
PHZ-37,ZKSCAN1
ZNF139,ZKSCAN1
ZNF36,ZKSCAN1
ZSCAN33,ZKSCAN1
FLJ23199,ZKSCAN2
ZNF694,ZKSCAN2
ZSCAN34,ZKSCAN2
CTD-2547G23.4,ZKSCAN2-DT
ZF47,ZKSCAN3
ZFP47,ZKSCAN3
ZNF306,ZKSCAN3
ZNF309,ZKSCAN3
ZSCAN35,ZKSCAN3
FLJ32136,ZKSCAN4
P1P373C6,ZKSCAN4
P373C6.1,ZKSCAN4
ZNF307,ZKSCAN4
ZNF427,ZKSCAN4
ZSCAN36,ZKSCAN4
DJ265C24.4,ZKSCAN8P1
ZNF192P1,ZKSCAN8P1
ZNF389,ZKSCAN8P1
ZNF389P,ZKSCAN8P1
ZNF192P2,ZKSCAN8P2
FLJ12296,ZMAT3
MGC10613,ZMAT3
PAG608,ZMAT3
WIG-1,ZMAT3
WIG1,ZMAT3
DKFZP761I2123,ZMIZ2
HZIMP7,ZMIZ2
KIAA1886,ZMIZ2
NET27,ZMIZ2
ZIMP7,ZMIZ2
FACE-1,ZMPSTE24
HGPS,ZMPSTE24
PRO1,ZMPSTE24
STE24,ZMPSTE24
STE24P,ZMPSTE24
FLJ23151,ZMYM1
MYM,ZMYM1
BRAM1,ZMYND11
BS69,ZMYND11
DKFZP434N2435,ZMYND12
DKFZP434N127,ZMYND15
A1-5,ZNF2
ZFP661,ZNF2
ZNF661,ZNF2
A8-51,ZNF3
FLJ20216,ZNF3
HF.12,ZNF3
KOX25,ZNF3
PP838,ZNF3
ZFP113,ZNF3
HF.18,ZNF8
ZFP128,ZNF8
GIOT-3,ZNF12
KOX3,ZNF12
ZNF325,ZNF12
GIOT-4,ZNF14
KOX6,ZNF14
FLJ40864,ZNF17
FLJ46058,ZNF17
FLJ46615,ZNF17
HPF3,ZNF17
KIAA1947,ZNF17
KOX10,ZNF17
HDSG1,ZNF18
KOX11,ZNF18
ZFP535,ZNF18
ZKSCAN6,ZNF18
ZNF535,ZNF18
ZSCAN38,ZNF18
KOX12,ZNF19
MGC51021,ZNF19
KOX13,ZNF20
KOX16,ZNF23
ZFP612,ZNF23
ZNF359,ZNF23
ZNF612,ZNF23
FLJ20755,ZNF26
KOX20,ZNF26
KOX26,ZNF29P
ZNF29,ZNF29P
FLJ23327,ZNF37BP
KOX21,ZNF37BP
ZNF37B,ZNF37BP
KOX7,ZNF44
ZNF504,ZNF44
ZNF55,ZNF44
ZNF58,ZNF44
ZNF13,ZNF45
ZNF56,ZNF56P
ZNF742,ZNF56P
ZNF424,ZNF57
COS5,ZNF69
ZNF75B,ZNF75BP
ZNF75C,ZNF75CP
FLJ11015,ZNF83
HPF1,ZNF83
ZNF816B,ZNF83
HPF2,ZNF84
HTF9,ZNF90
FLJ12488,ZNF93
HPF34,ZNF93
TF34,ZNF93
ZNF505,ZNF93
C19ORF9,ZNF99
MGC24986,ZNF99
DKFZP570I0164,ZNF101
HZF12,ZNF101
SH3BP3,ZNF106
ZFP106,ZNF106
ZNF474,ZNF106
SMAP-7,ZNF107
ZFD25,ZNF107
ZNF588,ZNF107
ZFP112,ZNF112
ZNF228,ZNF112
MGC17986,ZNF114
AC008392.1,ZNF114-AS1
H-PLK,ZNF117
HPF9,ZNF117
D19S204,ZNF121
ZHC32,ZNF121
ZNF20,ZNF121
HZF-1,ZNF123P
ZNF123,ZNF123P
HZF-16,ZNF124
HZF16,ZNF124
PHZ-10,ZNF131
ZBTB35,ZNF131
PHZ-12,ZNF132
PHZ-17,ZNF135
ZNF61,ZNF135
ZNF78L1,ZNF135
PHZ-20,ZNF136
PHZ-30,ZNF137P
ZNF137,ZNF137P
PHZ-32,ZNF138
PHZ-39,ZNF140
D4S90,ZNF141
PHZ-44,ZNF141
KIAA0236,ZNF142
PHZ-49,ZNF142
OZF,ZNF146
BERF-1,ZNF148
BFCOL1,ZNF148
HT-BETA,ZNF148
PHZ-52,ZNF148
ZBP-89,ZNF148
ZFP148,ZNF148
PHZ-92,ZNF154
PHZ-96,ZNF155
F11,ZNF160
FLJ00032,ZNF160
HKR18,ZNF160
HZF5,ZNF160
KIAA1611,ZNF160
KR18,ZNF160
CT53,ZNF165
ZSCAN7,ZNF165
HHZ168,ZNF180
HHZ181,ZNF181
MGC44316,ZNF181
ZKSCAN10,ZNF202
ZSCAN42,ZNF202
B24O18.1,ZNF204P
ZNF184-LP,ZNF204P
ZNF204,ZNF204P
ZNF315P,ZNF204P
BUGZ,ZNF207
PMIDP,ZNF208
ZNF95,ZNF208
CR53,ZNF213
ZKSCAN21,ZNF213
ZSCAN53,ZNF213
BMZF-2,ZNF224
KOX22,ZNF224
ZNF255,ZNF224
ZNF27,ZNF224
ZSCAN11,ZNF232
FLJ38032,ZNF233
HZF4,ZNF234
ZNF269,ZNF234
ZNF252,ZNF252P
BMZF-1,ZNF253
FLJ90391,ZNF253
ZNF411,ZNF253
FPM315,ZNF263
ZKSCAN12,ZNF263
ZSCAN44,ZNF263
KIAA0412,ZNF264
HZF1,ZNF266
HZF2,ZNF267
HZF9,ZNF273
CENP-Z,ZNF276
CENPZ,ZNF276
MGC45417,ZNF276
ZADT,ZNF276
ZFP276,ZNF276
ZNF477,ZNF276
ZBP-99,ZNF281
DKFZP781F1775,ZNF284
ZNF285A,ZNF285
ZNF285B,ZNF285BP
ZNF806,ZNF285CP
KIAA1874,ZNF286A
ZNF286,ZNF286A
ZNF286C,ZNF286B
ZNF286L,ZNF286B
ZNF590,ZNF286B
BA393I2.3,ZNF292
KIAA0530,ZNF292
ZFP292,ZNF292
ZN-15,ZNF292
ZN-16,ZNF292
ZNF342,ZNF296
ZNF135L,ZNF302
ZNF140L,ZNF302
ZNF327,ZNF302
ENST00000305834,ZNF316
MZF-3,ZNF316
KIAA1388,ZNF319
ZFP319,ZNF319
DKFZP686G16228,ZNF320
ZFPL,ZNF320
MGC35402,ZNF321P
ZNF321,ZNF321P
BA457M11.2,ZNF322
BA457M11.3,ZNF322
HCG12,ZNF322
ZNF322A,ZNF322
ZNF388,ZNF322
ZNF489,ZNF322
ZF5128,ZNF324
ZNF324A,ZNF324
FLJ45850,ZNF324B
FLJ12586,ZNF329
RITA,ZNF331
ZNF361,ZNF331
ZNF463,ZNF331
HZF10,ZNF345
JAZ,ZNF346
ZFP346,ZNF346
ZNF1111,ZNF347
ZBRK1,ZNF350
ZFQR,ZNF350
HCCAT3,ZNF350-AS1
UC002PYC,ZNF350-AS1
EZNF,ZNF354A
HKL1,ZNF354A
KID-1,ZNF354A
KID1,ZNF354A
TCF17,ZNF354A
FLJ25008,ZNF354B
KID2,ZNF354B
KID3,ZNF354C
FLJ25476,ZNF362
LIN-29,ZNF362
RN,ZNF362
FLJ39796,ZNF366
FLJ33970,ZNF367
FLJ14686,ZNF382
KS1,ZNF382
FLJ35863,ZNF383
ZFP383,ZNF383
CAGH1A,ZNF384
CIZ,ZNF384
NMP4,ZNF384
NP,ZNF384
TNRC1,ZNF384
DKFZP586G1122,ZNF385A
HZF,ZNF385A
ZFP385,ZNF385A
ZNF385,ZNF385A
FLJ22419,ZNF385D
ZNF659,ZNF385D
DJ153G14.3,ZNF391
DKFZP434K1210,ZNF395
HDBP2,ZNF395
PBF,ZNF395
PRF-1,ZNF395
FLJ12827,ZNF408
APA-1,ZNF410
APA1,ZNF410
ZAPHIR,ZNF419
ZNF419A,ZNF419
KIAA0798,ZNF432
FLJ40981,ZNF433
BA330O11.1,ZNF438
DKFZP571K0837,ZNF439
FLJ14356,ZNF442
ZK1,ZNF443
ZKSCAN15,ZNF445
ZNF168,ZNF445
ZSCAN47,ZNF445
FLJ20626,ZNF446
ZKSCAN20,ZNF446
ZSCAN52,ZNF446
COASTER,ZNF451
DJ417I1.1,ZNF451
KIAA0576,ZNF451
KIAA1702,ZNF451
ZATT,ZNF451
BC032020,ZNF451-AS1
FLJ37444,ZNF454
TCONS_00009823,ZNF454-DT
HZF8,ZNF460
ZNF272,ZNF460
GIOT-1,ZNF461
MGC33911,ZNF461
4933409D10RIK,ZNF474
FLJ32921,ZNF474
KR19,ZNF479
MGC32104,ZNF480
BA526D8.4,ZNF484
FLJ33884,ZNF484
KRBO2,ZNF486
MGC2396,ZNF486
FLJ44773,ZNF497
FLJ45745,ZNF503
MGC2555,ZNF503
NLZ2,ZNF503
C10ORF41,ZNF503-AS2
NCRNA00245,ZNF503-AS2
DKFZP761G1812,ZNF506
KIAA1805,ZNF512
FLJ32203,ZNF513
RP58,ZNF513
ZFP513,ZNF513
FLJ14457,ZNF514
KIAA0335,ZNF518A
ZNF518,ZNF518A
KIAA1729,ZNF518B
KIAA1951,ZNF526
MGC4267,ZNF526
KIAA1827,ZNF528
KIAA1508,ZNF530
FLJ25344,ZNF534
KRBO3,ZNF534
KIAA0390,ZNF536
DKFZP434I1930,ZNF541
DKFZP686B2197,ZNF542P
DKFZP434H055,ZNF543
AF020591,ZNF544
FLJ31100,ZNF547
FLJ32932,ZNF548
MGC41917,ZNF550
DKFZP686H1038,ZNF551
FLJ34817,ZNF554
MGC26707,ZNF555
FLJ11637,ZNF556
MGC4054,ZNF557
MGC13105,ZNF559
C19ORF82,ZNF561-AS1
FLJ34797,ZNF563
FLJ14779,ZNF566
MGC12515,ZNF566
MGC45586,ZNF567
LINC01534,ZNF567-DT
DKFZP686B0797,ZNF568
HSPC059,ZNF571
FLJ38002,ZNF572
FLJ30921,ZNF573
FLJ22059,ZNF574
FLJ32567,ZNF575
MGC2508,ZNF576
MGC4400,ZNF577
FLJ30927,ZNF582
FLJ39899,ZNF584
CTD-2619J13.14,ZNF584-DT
SZF1,ZNF589
KIAA1871,ZNF594
FLJ30663,ZNF599
DKFZP686F06123,ZNF600
KR-ZNF1,ZNF600
DJ265C24.5,ZNF602P
P373C6.7,ZNF603P
FLJ14260,ZNF606
KIAA1852,ZNF606
ZNF328,ZNF606
DKFZP434M098,ZNF608
KIAA1281,ZNF608
NY-REN-36,ZNF608
KIAA0295,ZNF609
FLJ36040,ZNF610
FLJ13590,ZNF613
FLJ21941,ZNF614
FLJ33710,ZNF615
MGC45556,ZNF616
FLJ90764,ZNF619
MGC50836,ZNF620
FLJ45246,ZNF621
MGC17552,ZNF622
MGC2485,ZNF622
ZPR9,ZNF622
ZEC,ZNF628
ZFP628,ZNF628
FLJ31295,ZNF641
BM-005,ZNF644
KIAA1221,ZNF644
MGC60165,ZNF644
MGC70410,ZNF644
FLJ46813,ZNF648
FLJ12644,ZNF649
FLJ10997,ZNF654
FLJ21142,ZNF654
FLJ45880,ZNF662
DKFZP761B128,ZNF664
ZFOC1,ZNF664
ZNF176,ZNF664
FLJ14345,ZNF665
ZFP160L,ZNF665
FLJ14011,ZNF667
MORT,ZNF667-AS1
FLJ12606,ZNF669
MGC12466,ZNF670
FLJ23506,ZNF671
FLJ22301,ZNF672
MGC48625,ZNF677
MGC42415,ZNF679
FLJ90430,ZNF680
FLJ31526,ZNF681
BC39498_3,ZNF682
HOBIT,ZNF683
MGC33414,ZNF683
MGC27466,ZNF684
KIAA1441,ZNF687
ZFP691,ZNF691
AREBP,ZNF692
FLJ20531,ZNF692
ZFP692,ZNF692
SBZF3,ZNF695
FLJ14129,ZNF696
MGC45731,ZNF697
DKFZP434I1610,ZNF700
FLJ10891,ZNF701
FLJ12985,ZNF702P
ZNF702,ZNF702P
FLJ14299,ZNF703
NLZ1,ZNF703
ZEPPO1,ZNF703
ZNF503L,ZNF703
ZPO1,ZNF703
FLJ16218,ZNF704
GIG1,ZNF704
FLJ16353,ZNF705A
ZNF705E,ZNF705EP
FLJ38281,ZNF709
KIAA1982,ZNF721
ZNF722P,ZNF722
ZNF92P3,ZNF726
ZNF731,ZNF731P
FLJ59067,ZNF732
ZNF733,ZNF733P
ZNF734,ZNF734P
ZNF735P,ZNF735
FLJ31413,ZNF746
PARIS,ZNF746
MGC2474,ZNF747
FLJ13841,ZNF750
ZFP750,ZNF750
FLJ16231,ZNF761
FLJ35333,ZNF761
KIAA2033,ZNF761
ZNF440L,ZNF763
FLJ12700,ZNF767P
FLJ20582,ZNF770
PRO1914,ZNF770
DKFZP686I1569,ZNF772
MGC33584,ZNF775
FLJ38288,ZNF776
KIAA1285,ZNF777
RP5-821D11.7,ZNF778-DT
FLJ37549,ZNF781
DKFZP762I137,ZNF786
FLJ46419,ZNF788P
ZNF788,ZNF788P
FLJ20350,ZNF790
MGC62100,ZNF790
HIT-40,ZNF799
MGC71805,ZNF799
ZNF842,ZNF799
C2ORF10,ZNF804A
ZNF812,ZNF812P
FLJ38969,ZNF815P
ZNF815,ZNF815P
ZNF816A,ZNF816
ZNF816-ZNF321,ZNF816-ZNF321P
FLJ46385,ZNF818P
ZNF818,ZNF818P
FLJ44894,ZNF826P
ZNF826,ZNF826P
DKFZP779O175,ZNF829
ZNF833,ZNF833P
FLJ16287,ZNF836
LOC284371,ZNF841
FLJ14959,ZNF844
GM127,ZNF847P
ZNF850P,ZNF850
DKFZP434J1015,ZNF853
HKR1,ZNF875
DKFZP686E2433,ZNF879
CBWD1,ZNG1A
CBWD2,ZNG1B
CBWD4P,ZNG1DP
CBWD5,ZNG1E
CBWD6,ZNG1F
CBWD7,ZNG1F
OTTHUMG00000066820,ZNG1F
OTTHUMG00000067194,ZNG1F
C11ORF5,ZNHIT2
FON,ZNHIT2
P27,ZNRD2
SSSCA1,ZNRD2
SSSCA1-AS1,ZNRD2-DT
ZNRD2-AS1,ZNRD2-DT
ZPB1,ZP1
ZP1B,ZP4
ZPB,ZP4
ZPB2,ZP4
ZNF259,ZPR1
TRABID,ZRANB1
ZIS,ZRANB2
ZIS1,ZRANB2
ZIS2,ZRANB2
ZNF265,ZRANB2
ZRANB2-AS2,ZRANB2-DT
FLJ33779,ZSCAN1
ZNF915,ZSCAN1
AC048382.5,ZSCAN2-AS1
FLJ35105,ZSCAN4
ZNF494,ZSCAN4
MGC4161,ZSCAN5A
ZNF495,ZSCAN5A
ZSCAN5,ZSCAN5A
ZNF371,ZSCAN5B
ZNF495B,ZSCAN5B
ZNF495C,ZSCAN5C
ZSCAN5CP,ZSCAN5C
PRD51,ZSCAN9
ZNF193,ZSCAN9
DJ29K1.2,ZSCAN12
KIAA0426,ZSCAN12
ZFP96,ZSCAN12
ZNF29K1,ZSCAN12
ZNF305,ZSCAN12
ZNF96,ZSCAN12
DJ313I6.7,ZSCAN12P1
ZNF187P1,ZSCAN12P1
ZNF305P1,ZSCAN12P1
ZNF96L1,ZSCAN12P1
ZNF96P1,ZSCAN12P1
ZSCAN12L1,ZSCAN12P1
DJ265C24.3,ZSCAN16
FLJ22191,ZSCAN16
ZNF392,ZSCAN16
ZNF435,ZSCAN16
FLJ12895,ZSCAN18
ZNF447,ZSCAN18
KOX29,ZSCAN20
ZNF31,ZSCAN20
ZNF360,ZSCAN20
DKFZP434L134,ZSCAN21
NY-REN-21,ZSCAN21
ZIPRO1,ZSCAN21
ZNF38,ZSCAN21
HKR2,ZSCAN22
ZNF50,ZSCAN22
DJ29K1.3.1,ZSCAN23
ZNF390,ZSCAN23
ZNF453,ZSCAN23
FLJ35867,ZSCAN29
ZFP690,ZSCAN29
ZNF690,ZSCAN29
ZNF310P,ZSCAN31
ZNF323,ZSCAN31
FLJ20417,ZSCAN32
ZNF434,ZSCAN32
SWS1,ZSWIM7
C19ORF68,ZSWIM9
LOC374920,ZSWIM9
C6ORF113,ZUP1
DJ412I7.3,ZUP1
ZUFSP,ZUP1
KNTC1AP,ZW10
FLJ13861,ZXDC
MGC11349,ZXDC
ZYG11,ZYG11A
,LINC03018
,LINC00534
,RNU6-556P
,SLC10A5
,RN7SL750P
,GRM5-AS1
,GNB4
,TGFB2
,RPSAP59
,SCRN2
,RPL7P22
,TNPO1-DT
,LINC01741
,RPL35AP13
,CTDNEP1P2
,LINC01724
,CHP1P1
,RNU6-733P
,RN7SL782P
,RN7SKP122
,HNRNPKP1
,PRADX
,RPL22P24
,RPL29P34
,MTHFD2P7
,TCP11X1
,HNRNPA1P36
,GPAT4-AS1
,KRT18P37
,RNU6-195P
,TCP11X2
,RNU6ATAC37P
,RN7SKP168
,RN7SL140P
,RNU6-1288P
,RNU6-961P
,RN7SKP112
,RN7SKP27
,RNU6-1215P
,RNU6-843P
,RN7SL117P
,RN7SL610P
,SNORA10B
,RNU6-1117P
,RN7SL602P
,RNU4-63P
,RN7SL414P
,RN7SL516P
,RNU4-49P
,RN7SKP208
,RN7SL361P
,RNU1-32P
,RNU6-508P
,RNU6-634P
,RNU6-221P
,RN7SL18P
,RNU6-282P
,RPL31P57
,RNU6-612P
,RN7SL51P
,CUL1P1
,RNU6-958P
,RNU6-439P
,RN7SL531P
,RNU6-105P
,RN7SL728P
,RN7SKP203
,RNU2-39P
,RNU6-827P
,RN7SL201P
,RNU6-685P
,RNU6-812P
,RN7SKP224
,RN7SKP164
,RNU6-1312P
,RNU6-775P
,RNU4-84P
,MANBA
,RNU2-63P
,RNU2-41P
,RN7SL468P
,RNU6-744P
,RNU6-259P
,RN7SL635P
,RNU7-190P
,RNU6-675P
,RN7SL111P
,VTRNA2-2P
,RN7SKP102
,RNU6-617P
,RN7SKP141
,RNU6-473P
,RN7SKP286
,RNU6-904P
,RNU6-579P
,RN7SKP154
,RNU6-546P
,RNU6-1001P
,RN7SKP281
,RN7SL423P
,RN7SKP93
,RNU6-580P
,RNU6-627P
,RN7SL283P
,RN7SL813P
,RNU6-915P
,RN7SKP42
,RNU6-989P
,RNU6-1045P
,RNY4P34
,RN7SL820P
,RNU6-766P
,RNU2-21P
,RPL18AP15
,ALG13-AS1
,SNORA70I
,RN7SL807P
,RNU6-624P
,RNU6-451P
,RN7SL834P
,RNU6-268P
,RNU6-1051P
,RPL21P130
,RNU6-619P
,RNU6-169P
,RPL6P4
,MRPL11
,SMURF2
,MTCYBP4
,HSPE1P21
,MORF4L1P7
,RNU6-1101P
,RPL23AP93
,RNU6-1081P
,AIDAP1
,PPIAP60
,LINC01132
,KPNA2P3
,FMO1
,RPL21P49
,LRRC37A15P
,RN7SL549P
,RPS29P15
,KRT8P46
,BTBD10P2
,CDH3-AS1
,HSPE1P5
,CCT7P1
,RNF10P1
,UBTFL8
,CD24P5
,RPSAP73
,IDI1
,RPL5P5
,RPS15AP30
,RNU7-165P
,HEBP2P1
,LYZL2
,LINC01958
,RPLP0P7
,LINC02644
,DDX10P1
,RN7SKP179
,RN7SL553P
,NAB1
,WNT5A-AS1
,RN7SKP45
,GNG4
,TUBB8P10
,ZDHHC24
,QRSL1P2
,FTLP14
,SNRPEP3
,RPL31P34
,ACTN3
,RAB1AP1
,STAT4-AS1
,STAT4
,RPL7P33
,UPF3AP3
,SOCS5P2
,PPP1R26-AS1
,CLPTM1LP1
,H1-8P1
,RN7SL418P
,RNU6-959P
,HMGB1P27
,NME2P2
,RBISP5
,GOLGA6B
,RN7SL402P
,RPL36AP15
,RPS27AP7
,PPIAP62
,LINC01820
,LINC02583
,UMOD
,C1orf100
,RN7SL817P
,TMEM247
,RHOQ-AS1
,PLCD3
,RN7SL616P
,RNU6-724P
,GTF2H2C
,TOP1P1
,LINC02354
,RPS3AP9
,RN7SL652P
,MAGEF1
,LINC02069
,C3orf70
,PPFIA1P1
,UGT1A13P
,EHHADH-AS1
,GDF1
,RPL7P5
,RPL23AP22
,RNU6-177P
,CICP14
,IMP3P2
,RPL10AP5
,RN7SL81P
,RNU6-269P
,RNU6-1110P
,LINC02137
,RNU6-103P
,LINC02079
,RDM1P5
,RPL23AP18
,DUTP6
,RPL17P11
,P4HA3-AS1
,RNU7-151P
,PFKFB2
,NRG1-IT1
,HNRNPA1P40
,NRG1-IT3
,RNU6-663P
,MTND1P6
,LINC02852
,MTND2P32
,RANP9
,LIPT2
,LIPT2-AS1
,FLNC-AS1
,ATP6V1FNB
,ARHGAP11A-SCG5
,RN7SL306P
,TPI1P2
,TRPM8
,SHF
,RNY1P11
,PTP4A1P7
,MARCHF11-DT
,NACAP6
,RN7SKP212
,LINC02150
,CSRP2P2
,CT62
,RNU6-726P
,RN7SKP237
,RNU6-519P
,RPL17P39
,TATDN3
,PDCD6-AHRR
,GCNT1P3
,CRTC3-AS1
,RNU6-869P
,RNU11-4P
,PKMP3
,RNU4-72P
,RNU4-12P
,ARHGEF4-AS1
,RNU6-1203P
,TMED2-DT
,NEK2P4
,HNRNPLP1
,MED15P8
,RNU6-127P
,KLF2P4
,FAM66D
,RNU6-197P
,MRPL22P1
,FAM90A2P
,CCND3
,FGF20
,SNORA9B
,RN7SKP259
,RN7SL605P
,HMGN1P4
,ARL14EPP1
,RPL31P16
,NUP35P1
,RPL23P11
,CTHRC1
,BMS1P12
,FRG1KP
,RNU6-1011P
,PTMAP15
,MAGEB16
,SLC4A1APP2
,RNU6-761P
,ANKRD66
,OPN1MW3
,MADCAM1-AS1
,PPIAP42
,RPL7AP31
,TMSB15C
,LINC01735
,PRKD3-DT
,RNU6-939P
,TYRO3P
,RNU6-1116P
,LINC01710
,SCN2B
,RN7SL670P
,MRPL50P2
,RNU6-549P
,OAZ2
,OR8G3P
,RNU6-1155P
,RN7SL143P
,GEMIN8P2
,RPL12P36
,RPL27P12
,THOP1
,LINC02769
,RPL12P49
,HMGN1P26
,MGC15885
,GAPDHP40
,SDAD1-AS1
,SLC35C2P1
,LINC00934
,RPL36P8
,FABP6-AS1
,ADAMTS19
,FAM47E-STBD1
,SNX5P1
,RNU6-1000P
,RPL36AP18
,CBX1P2
,NECAP1P2
,TAF13P2
,DCTN1-AS1
,OSTCP4
,RNU7-140P
,RNU6-616P
,HMGB3P31
,LINC02108
,LINC00492
,RPL36AP7
,EIF3KP1
,RNU6-938P
,OOSP1P2
,LINC01346
,RPS26P13
,GAPDHP75
,INO80B-WBP1
,ADAT1
,NEK7
,RNU7-175P
,SUMO2P5
,ZNF652-AS1
,MRPL53
,EIF4EP2
,LINC02075
,DMP1
,SPNS2-AS1
,RPL37P18
,RPS12P16
,SS18L2P1
,RNU6-847P
,RNU6-193P
,PRDX2P2
,SMYD3-IT1
,LINC02789
,FAM245B
,C12orf71BP
,MRPS35-DT
,HMGB1P49
,LINC02351
,BMS1P13
,RPL7P46
,LINC02207
,CARD9
,CRAT37
,RN7SKP15
,RBM7
,ALDH1A3-AS1
,TXNP4
,C8orf88
,LINC01996
,RNU6-955P
,KRT18P28
,AUP1
,RN7SL384P
,RPL5P25
,TGIF2P1
,RPL23AP16
,ZNF670-ZNF695
,ZNF692-DT
,HIKESHIP2
,LRRC69
,CPP
,LINC01290
,PELP1-DT
,LINC01717
,LINC01743
,RGS21
,ZNF688
,RN7SKP24
,ARID3C
,RN7SL536P
,RGS5-AS1
,LINC01774
,EEF1A1P44
,PGBD2
,RPSAP52
,SNRPGP5
,BTBD7P1
,RPL36AP36
,PPIAP37
,RAC1P7
,TEX9
,LINC02425
,RN7SL69P
,RN7SL391P
,EHD4-AS1
,PLA2G4E-AS1
,ANKDD1B
,CPA5
,LINC01498
,RPS27L
,SUCLG2
,UBE2V1P6
,LINC01583
,RNU1-77P
,PLCD1
,TM4SF5
,VMO1
,GLTPD2
,PLD2
,GSK3A
,RPL23AP25
,RPL31P13
,KLHL5
,SMYD3-AS1
,LINC00928
,LINC02931
,RPS27P7
,DCLRE1CP1
,SLC25A5-AS1
,HCCS-DT
,POU2F2-AS2
,RPL23AP33
,DANT2
,NXNP1
,BANF1P4
,GNG2
,RN7SL836P
,GIPR
,LINC02705
,LINC02595
,LINC01278
,RNU7-169P
,MS4A13
,GUSBP17
,STEAP1B-AS1
,IL6-AS1
,MTCYBP42
,RPL21P58
,TUBAP15
,LINC00892
,RNU6-590P
,RN7SKP162
,IFNWP5
,EIF4B
,IFNWP2
,COX6B1P6
,IFNWP19
,RNU6-925P
,SUGT1P4-STRA6LP-CCDC180
,MRPL35
,UGT2B17
,ACSM5P1
,RNU6-944P
,SLC35F3-AS1
,RN7SL784P
,C17orf107
,KRT18P64
,LINC02535
,DUTP5
,TPT1P6
,SUGT1P4-STRA6LP
,STRA6LP
,ZIC4
,RPSAP20
,CHCHD4P5
,RPL32P23
,ANKRD18CP
,SNX18P4
,RNU6-538P
,CDRT15P12
,UBE2F-SCLY
,RNU6-1333P
,KRT8P26
,PFKFB3
,OVOL1-AS1
,RNU6-1193P
,SNX18P9
,GAPDHP29
,RPL35AP22
,RNU6-1082P
,TPT1P9
,RN7SL530P
,KHSRPP1
,RN7SL151P
,DPY19L4P1
,HMGB3P27
,TUBG2
,TUBB8P1
,ERVFRD-3
,STEAP1B
,RN7SL743P
,DLL4
,DCAF13P1
,RNU6-392P
,LARP1BP2
,LINC01973
,RNU1-80P
,UBE2V2P2
,RNU6-625P
,EIF5AP2
,SUB1P2
,CTSW
,RNU6-1209P
,MIR3150BHG
,RPS2P2
,TK1
,ISCA1P4
,RNU6-665P
,RNU6ATAC30P
,RN7SL497P
,PAFAH1B3
,RN7SKP78
,UBA52P6
,SDCBPP1
,ZDHHC12-DT
,ZFAND6P1
,TUBB4BP4
,RPL7AP57
,RPS3AP42
,LINC02746
,SNRPGP16
,KRT8P51
,CHRM2
,MTNR1B
,RPL26P31
,RPL36AP33
,FAM166B
,CARHSP1-DT
,USP7-AS1
,RNU6-430P
,RNU6-1272P
,RPS29P17
,SNORD62
,HMGN2P31
,LINC01993
,KRBA2
,MEI4
,RNU7-97P
,LDHB
,RNF152P1
,RNU6-539P
,RNU6-189P
,ARF6
,GPR6
,RPL28P2
,RPS7P8
,RNU4-70P
,TYMSP1
,RNU6-145P
,RN7SL278P
,KRT8P23
,RPL12P30
,RPL12P6
,IFNK
,RPS3AP41
,RNU6-144P
,SNRPCP14
,ZYXP1
,RABGAP1L-DT
,GEMIN8P4
,RN7SL173P
,RNU6-1231P
,NRBF2P6
,ECEL1P3
,CTAGE12P
,KCTD10P1
,ME2P1
,PCNPP2
,CGB2
,BAZ1A-AS1
,PFN1P11
,PTGES3P4
,NTN5
,MZT1P2
,ECEL1P1
,CKS2
,TRIM39-RPP21
,RN7SL794P
,RNU6-206P
,RNU7-154P
,SEC61B
,TEX50
,NDUFAF4P4
,RPL31P37
,LINC01691
,RN7SKP225
,NAMA
,PPM1AP1
,TSEN15P2
,RPL22P17
,RPL32P19
,GPR52
,RNU6-607P
,TLE7
,CNN3P1
,NAP1L1P1
,BTF3P7
,OR2Y1
,RNU4-86P
,PRSS56
,RNU6-1061P
,TAT-AS1
,TAT
,PGK1
,PRPF19-DT
,TMEM109-DT
,HMGB3P6
,RHOXF1P3
,RHOXF1P2
,RHOXF1-AS1
,RHOXF2B
,RPL23AP70
,DPRXP3
,RPL7AP3
,RPL9P3
,LINC01681
,SFR1P1
,EEF1A1P30
,BNIP3P46
,RNU6-1132P
,CDC27P1
,FAM201B
,RNU6-175P
,YBX1P7
,OR13C3
,OR13D1
,MESTP1
,RPL7AP76
,RN7SL544P
,UNC93B4
,RNU6-861P
,OR7E99P
,OTOP1
,LINC01189
,FGF7P7
,FAM88F
,CNTNAP3P5
,RBPJP7
,RAB28P2
,PRR20G
,RNU6-208P
,RPL5P21
,RNU6-1078P
,TPT1P15
,PDE10A
,LINC01682
,PELI1
,PTAR1
,ARPC4-TTLL3
,CAPN12
,RN7SL68P
,RN7SL388P
,LINC02622
,RPL23AP37
,RN7SKP191
,RN7SKP43
,RPL7L1P9
,RFX4
,DIAPH1-AS1
,RPS27AP10
,HLA-DRB5
,RNU6-848P
,KLF2P3
,RNU6-933P
,LINC02954
,ARHGAP42P1
,SSBP3P2
,MTCYBP10
,STX18-IT1
,RNU1-61P
,MTND6P10
,RPS7P15
,MTND5P23
,MTND4P21
,MTND3P18
,MTCO3P18
,MTATP6P4
,MTCO2P18
,MTCO1P18
,MTND2P18
,MTND1P26
,MED15P3
,LINC01120
,NOC2LP2
,RHOQP2
,LINC02260
,CHRNA10
,RNU6-1143P
,DAPL1
,RN7SL709P
,ADRB3
,RPL12P48
,RNU6-988P
,NMNAT1P2
,VDAC1P10
,LINC01677
,RNU6-323P
,MTCH2P4
,RN7SL587P
,GALNT16-AS1
,LINC01350
,LINC02482
,S100P
,KIAA0232
,PDC-AS1
,PPIAP84
,TUBBP1
,C4orf48
,RN7SL614P
,RNU6-1265P
,ORM1
,RNU6-110P
,RPL6P12
,RN7SKP91
,RN7SL371P
,RNU6-176P
,RNU6-605P
,RNU6-636P
,RNU6-753P
,RN7SL290P
,RNU2-30P
,RNU6-969P
,RNU6-1237P
,RNU6-1026P
,RNU6-414P
,RNU6-1177P
,RN7SL180P
,RN7SKP19
,RNU6-371P
,RNU2-15P
,RNU4-88P
,RN7SL62P
,RNU6-503P
,RN7SL854P
,SNORD3G
,RN7SL392P
,RNU6-1246P
,RNU5A-3P
,RN7SL440P
,CHRNA2
,RN7SL488P
,RN7SL583P
,RNU7-123P
,RNU6-750P
,RNU6-125P
,RNU6-1318P
,RNU6-695P
,RPS15P9
,RN7SL130P
,RNU4-75P
,RN7SKP291
,RAB5C-AS1
,RNU6-830P
,RNU1-130P
,RNU6-965P
,RN7SKP272
,STIM1-AS1
,RN7SKP285
,CES1P2
,PPIAP40
,RNU4ATAC8P
,RNA5SP533
,RN7SL420P
,HNRNPA1P76
,FAM170B-AS1
,RNU6-352P
,RNU1-75P
,RPS29P20
,RNU6-1310P
,RNU5F-6P
,RNU7-183P
,RNU6-983P
,PPIAP50
,RNU6-716P
,RRM1
,RNU1-141P
,RNU6-778P
,RNU2-12P
,RNU6-609P
,RN7SL299P
,RNU6-570P
,RNU6-465P
,RNY4P16
,KRT8P22
,RN7SL333P
,RNU6-725P
,RNU6-403P
,RN7SL668P
,RNU6-1283P
,RN7SL344P
,RNU6-1205P
,MTND4P19
,TACC1P1
,IMMP1LP3
,RN7SKP156
,MTND1P18
,LSM3P5
,KIF19BP
,RNU2-19P
,NGRNP3
,SPECC1-DT
,RNU6-258P
,RNU6-1057P
,RN7SL269P
,RNU6-467P
,RPS3P7
,PDK1
,UPF3AP2
,RN7SKP98
,RNU6-418P
,RN7SKP12
,RNU6-1240P
,RPL21P27
,RN7SL196P
,RN7SL346P
,TMCO1-AS1
,RN7SL736P
,RPS26P52
,ZNF101P2
,LINC02186
,SCARNA18B
,TVP23CP2
,UGT2A3P7
,UGT2A2
,RRM1-AS1
,LINC02749
,RDXP1
,SCTR
,RN7SL556P
,LINC01758
,RN7SL538P
,LRRC7-AS1
,BSN-AS1
,DMXL1
,TIGD2
,RNU6-907P
,RN7SL242P
,RPL21P114
,RPL21P117
,LINC00958
,HSPA12A-AS1
,HHLA3-AS1
,MTMR1
,LHX2-AS1
,UBE2V1P4
,CHORDC1P5
,CASP3P1
,LINC01467
,PPL
,PIGHP1
,RPS3AP6
,EEF1A1P48
,GHRHR
,RNU6-516P
,SHANK2-AS1
,SHANK2-AS2
,RPL12P42
,ACTE1P
,RPS28P7
,LINC02734
,LINC02927
,RBMXP3
,RNU6-383P
,NT5CP2
,NT5CP1
,RPL19P21
,NDUFB8P1
,RN7SL376P
,MRPL42P1
,RNU6-240P
,LINC02274
,RNU4-33P
,LINC01962
,RNU6-1086P
,MRPS21P3
,RFKP1
,HNRNPA1P42
,RPL36P6
,TRIM7-AS1
,GNAI2P2
,CRPP1
,TAS2R39
,C17orf58
,CENPUP2
,AMIGO3
,EIF2S2P6
,CHP2
,SPATA3-AS1
,COL25A1
,VSIG8
,RN7SL545P
,RN7SL495P
,RNU1-93P
,RPS28P4
,PPIAP47
,RPL7AP54
,ZBTB8OSP2
,RN7SL319P
,HIGD2AP1
,RAB30
,TMEM139-AS1
,RNU2-22P
,RNU6-1276P
,RNPEPL1
,COX6CP14
,PRRT3-AS1
,CACNG3
,E2F3
,RN7SL510P
,SYNGR2
,CAPN10
,JDP2-AS1
,GTF2A1-AS1
,LINC02295
,RPL38P1
,HMGB1P30
,RN7SL535P
,RN7SL481P
,ATP1A1
,LINC02951
,C1DP5
,WBP1LP10
,CICP23
,RNU4-67P
,RNU6-447P
,FAM133GP
,TUBB4BP1
,MANSC4
,PSMD10P2
,RNU6-1105P
,GPS2P2
,FOXN4
,FAM131B-AS1
,RNU6-705P
,RNU6-817P
,LINC01762
,TIFAB
,RPL21P119
,AMBN
,EFNA4-EFNA3
,UBE3B
,PKP3
,PRL
,GRSF1
,RNU6-162P
,TCAF2C
,TTC21B-AS1
,RPL5P22
,RN7SKP152
,WNT10A
,LINC01494
,SNORA63B
,RNU6-642P
,CDK5R2-AS1
,KRT8P30
,LINC02043
,MCF2L2P1
,LINC00608
,LINC01391
,PRR23A
,CRYBA2
,RPL7L1P7
,HMGN2P18
,PTOV1P1
,LRRC58
,FMNL1-AS1
,MAP3K14-AS1
,PPDPFP1
,RPL6P19
,CREB3L2-AS1
,ACTG1P12
,TIMP4
,THBS3
,BAG5
,RN7SL838P
,IFNA13
,PFDN1P1
,RNU6-377P
,OR8R1P
,RNU6-178P
,ARHGEF17-AS1
,AK3P3
,PEG13
,KRT224P
,RN7SL764P
,RPL21P60
,PRMT1P1
,RAB24
,RNU1-148P
,SF3A3P2
,GOLGA8S
,RGS14
,RNU1-21P
,OR6M3P
,DLG2-AS2
,LDHAL6DP
,HNRNPA1P72
,HNRNPCP6
,RNU6-1292P
,PRR29-AS1
,RNU6-1090P
,OR9A4
,PNLIPP1
,HMGN1P8
,RNU4-32P
,RN7SKP250
,ADAM7-AS2
,SNURF
,RNU6-126P
,RPL21P95
,MEMO1P3
,NDUFC2-KCTD14
,PLSCR4
,RNU6-586P
,RNU4ATAC4P
,DNAJB6P4
,RNU6-387P
,RNU6-1031P
,CR1L
,ILK
,CDCA4P3
,CDCA4P4
,CD34
,NPM3
,VPS13C-DT
,LINC02767
,RNU6-828P
,RN7SL731P
,LINC01475
,NPM1P47
,RPL15P12
,PGD
,RNU7-181P
,RNU6-1255P
,ASAP1-IT2
,CDX1
,EBAG9P1
,PLSCR4P1
,RNU6-131P
,CNN2P3
,GXYLT1P6
,NANOGP6
,GXYLT1P4
,RNU6-790P
,NPM1P20
,ANK3-DT
,RN7SL472P
,LINC02975
,LINC01504
,NSA2P1
,DCHS1-AS1
,RPL35AP5
,RPL21P94
,GVINP2
,UBQLN1-AS1
,KRT8P29
,RNU2-72P
,GOLGA8K
,RPS3AP16
,VPS51P13
,RNU6-428P
,PLSCR5-AS1
,RN7SL559P
,ASB9P1
,CLK4
,LINC01474
,RNU7-136P
,ZNF821
,MEPE
,LINC03062
,RNU6-1324P
,RNU2-71P
,RN7SL107P
,LINC02757
,RNU11-6P
,RN7SL308P
,HMGB1P41
,YBX2P2
,LINC01166
,LINC01168
,LINC00844
,TSKU-AS1
,TESK2
,LINC02660
,RPL6P8
,PITPNM2-AS1
,PPM1L-DT
,FIGNL2-DT
,TLE1-DT
,SLC18A2-AS1
,PPIAP36
,RPL5P13
,LSM3P4
,C10orf88B
,LINC01515
,KRT8P25
,RNU6-241P
,CICP20
,RNU6-326P
,SLC25A21-AS1
,RNU6-273P
,RNU6-886P
,RPL39P31
,DHODH
,FGFR3P6
,LINC01164
,MIR181A2HG
,ZNF503-AS1
,RNU6-574P
,PTPRD-AS1
,LINC01506
,FTLP15
,RPL21P6
,ZMIZ1-AS1
,RPL7AP78
,SNX18P7
,NPAP1P6
,RCCD1-AS1
,RNU6-599P
,HNRNPA1P55
,PARLP1
,RFKP3
,RN7SL762P
,RN7SL397P
,CRIP1P1
,LINC02669
,RN7SL218P
,LINC00839
,RNU6-714P
,EEF1DP2
,REELD1
,OR2G2
,OR2G3
,OR3D1P
,RNU6-991P
,CHRM3-AS2
,GPR62
,CHRM3-AS1
,SNX18P2
,RNU6-388P
,ALOX15P2
,RPS7P5
,ADH5P3
,CHRM3
,ABHD14A-ACY1
,C12orf42-AS1
,OMP
,FGF7P4
,MEP1AP4
,LINC01501
,LINC02401
,CDH16
,SNRPCP15
,VPS51P8
,RPS29P14
,RN7SL505P
,RNU6-918P
,LINC00702
,PRC1-AS1
,SEPHS1P1
,KCNIP2-AS1
,PRR23D2
,RGS12
,ACY1
,PRR23D3P
,ZEB1-AS1
,VIM-AS1
,EIF4BP6
,LHFPL3-AS1
,MACORIS
,OR10AE3P
,ZNF705B
,LHFPL3-AS2
,USP17L8
,RNU6-1138P
,DEFB109C
,RNU6-1046P
,RPL21P93
,RNU6-1277P
,VPS33B-DT
,NUTF2P5
,IPMK
,RNU6-1035P
,RESP18
,RPL17P7
,RPS27P6
,RANP5
,TMEM167B-DT
,TPT1P10
,SRI
,RNU6-156P
,PRPF39-DT
,JRKL-AS1
,LINC02737
,PRPF38AP1
,MARK2P15
,SNORD58
,SNORD127
,HK1
,RN7SL543P
,SRI-AS1
,RN7SKP148
,RNU6-226P
,HRH2
,RPL22P10
,SRSF3P4
,LINC00923
,RNU6-559P
,LINC00924
,TMC3-AS1
,SIRT7
,RNU6-558P
,LCIIAR
,RPL36P15
,KRT18P52
,AK2P2
,OR6C70
,OR6C68
,OR6C64P
,ARHGEF2-AS2
,ARHGEF2-AS1
,ALDOAP1
,TEPP
,RPL34P21
,CSNK1G2P1
,PDSS1P1
,MTND6P5
,MTND1P11
,MTCO1P11
,MTCO2P11
,MTATP6P11
,MTCO3P11
,MTND4P14
,MTND5P14
,TCF3P1
,IGHEP2
,DDX50P1
,RNU6-647P
,RPL7P13
,MTCO1P42
,MIR8485
,MAPRE1P3
,RNU6-613P
,RPSAP70
,FLJ38576
,RNU6-964P
,FBXO36-IT1
,RNU6-1027P
,RNY4P19
,DENND2B-AS1
,TMLHEP1
,PMF1-BGLAP
,SNRPGP8
,FSIP2LP
,TMEM202-AS1
,TCP11X3P
,NXF5
,LINC01580
,IGFBP7-AS1
,LINC02263
,GLYCTK-AS1
,RPL31P10
,PPP2R5CP
,SRP14P1
,ANKRD34C-AS1
,C11orf16
,NR2F2-AS1
,VAMP1-AS1
,LINC02894
,DRAIC
,NXF4
,PCDH10-DT
,LINC01517
,RPS20P14
,RPL29P9
,NRIP3-DT
,TM9SF5P
,LINC00837
,LINC02269
,PNMA6E
,CETN4P
,NEUROG2-AS1
,RPL23AP94
,NOTUM
,KRT8P41
,RNU6-343P
,THSD4-AS1
,LOXL1-AS1
,DPY19L4
,MFFP2
,LINC02345
,GABPB1-AS1
,SNORD3E
,WASHC3P1
,TMEM221
,DYTN
,ATP6V1G1P6
,HMGA1P4
,RNU6-183P
,GDF9
,LINC02473
,RNU1-47P
,SPTAN1
,HNRNPA1P65
,C16orf96
,RN7SL634P
,PKD1L3
,METTL5P2
,SF3A2P1
,RCC2P4
,RNU6-646P
,GCNT1P5
,RN7SL809P
,RNU4-89P
,TUBAP9
,MTND1P34
,KIF26A-DT
,LINC01389
,CADM2-AS2
,PKD2L2-DT
,CADM2-AS1
,PDLIM2
,MTCYBP43
,LINC02497
,TMEM271
,UBQLN4P2
,HNRNPA1P26
,HNRNPA1P27
,NSA2P3
,RN7SL182P
,PRR13P2
,CDPF1P1
,TBXA2R
,KRT8P6
,H2AQ1P
,RNF14P4
,RN7SL238P
,LINC00930
,FGF13-AS1
,PGA3
,TPM2P1
,HMGN1P38
,PDE6B-AS1
,SPATA8-AS1
,RN7SKP181
,SEPHS1P2
,PRELID1P6
,RPL27P6
,CSP1
,HNRNPA1P66
,LINC00640
,SETP2
,RNU6-1291P
,MDH1
,PGA5
,FRMD6-AS2
,RN7SL209P
,OR4F15
,OR4F28P
,WBP1LP5
,SNORD13D
,LINC00926
,LINC01413
,NDUFB10P1
,FABP12
,PCGF3-AS1
,SSBL5P
,OR2AO1P
,ATP6AP1L
,RNU6-111P
,ARHGEF35-AS1
,SNRPCP2
,MYL5
,RNU6-844P
,ARHGEF34P
,TMEM183AP4
,OR2A1-AS1
,LINC02314
,LINC02320
,RN7SL208P
,IFITM3P8
,LINC02499
,RPL26L1-AS1
,DDB1
,RASSF6
,PDE7A-DT
,GTF3C2-AS1
,PCMTD1-DT
,SLCO5A1-AS1
,HMGN2P15
,RAMP2-AS1
,RAMP2
,UMLILO
,PPIAP83
,RNU6ATAC40P
,CDC42P5
,OR2A41P
,RN7SL586P
,RBM25-AS1
,OR2A13P
,RBM33-DT
,LINC02363
,LINC02362
,SNORD79
,IRF2-DT
,RNU6-840P
,LINC02427
,IRF2
,CLPP
,RNF32-AS1
,RNU6-986P
,SP1
,ZFHX4-AS1
,LINC00968
,RIPK2-DT
,RNU7-194P
,MAB21L2
,ZBTB8OSP1
,AK4P6
,RNU4-31P
,SDAD1P1
,VIRMA-DT
,PAPLN-AS1
,RNU6-419P
,LINC01301
,DCTN6-DT
,RPS27AP12
,LINC01151
,RN7SL390P
,LINC00861
,FAM13B-AS1
,RNU6-1148P
,RNU6-460P
,RPL32P17
,RNU6-888P
,C7orf33
,GOLGA8R
,RNU6-950P
,RN7SL744P
,RN7SL569P
,C3orf84
,RNU6-650P
,RPS17P7
,CLASP1-AS1
,RPL12P15
,NPM1P32
,RBM22P13
,RNU6-658P
,DENND3-AS1
,LINC01823
,NPHP3-ACAD11
,RNU6-1330P
,ARPC1AP3
,LACTB2-AS1
,HSPA8P19
,LINC01983
,KIF3AP1
,TOX-DT
,TNK2-AS1
,GAPDH-DT
,RNU2-11P
,PPP4R2P2
,RN7SL377P
,RN7SL625P
,PPP4R2P3
,ARL8BP1
,ARL14EPL
,PMS2P14
,VTA1P2
,IARS2P1
,PMS2P13
,GAPDHP28
,FAF2P1
,CTXN3
,SLC39A12-AS1
,MYL12BP1
,RNU6-1275P
,EIF4EBP2P2
,SPDYE20P
,SNCA-AS1
,RNU6-1044P
,CDX4
,MORF4L1P6
,MAP2K4P1
,RN7SKP248
,RPL7P53
,KRT19P6
,KRT18P17
,KRT8P50
,LRRC10B
,MUC17
,IFT122P1
,RPL3P4
,TTBK2-AS1
,RN7SL428P
,LINC03000
,GSK3B
,MIR493HG
,RN7SKP54
,CPE
,LINC01377
,NOL8P1
,USP12P2
,RPS29P8
,GOLGA8VP
,RPL36AP45
,GOLGA6C
,RN7SL489P
,RN7SL327P
,ANP32BP1
,RNU6-1252P
,GPAA1P1
,ZBTB45P1
,LINC01123
,ACSL3P1
,EVX1
,RAB6B
,RNU6-244P
,ANKRD9
,GTF2IP4
,ACTR1AP1
,BMP2KL
,RAB11FIP1P1
,SLC22A31
,RN7SL648P
,LINC02160
,LINC02323
,RN7SL546P
,MALLP1
,LINC02223
,RPS6P26
,POM121B
,NPIPB8
,RNU4-87P
,RNU6-1055P
,ZBTB45P2
,GPAA1P2
,RPL23AP11
,RNU6-1316P
,ADAMTS16-DT
,GCSHP6
,EDIL3-DT
,LINC00992
,FBXO38-DT
,IRX4-AS1
,RPS7P6
,MAST4-AS1
,RPL7AP77
,CKMT2-AS1
,RN7SL663P
,HMGN1P16
,MARCOL
,H2BW3P
,POLN
,BCLAF1P1
,TSLP
,LINC02136
,COX6B1P5
,RNU6-1080P
,HNRNPA1P8
,HSPA8P16
,RN7SKP127
,RPS3AP21
,PRR7-AS1
,TMEM30BP1
,GTF2I-AS1
,RHOA-IT1
,U2SURPP1
,ARL16
,RN7SL589P
,CFAP99
,TRD-AS1
,PMPCAP1
,LNCPRESS2
,TEX21P
,SPDYE19P
,MTND1P19
,RACK1P3
,SMARCAD1-DT
,HMGB3P15
,RPL32P29
,LINC01940
,HMMR-AS1
,RN7SL153P
,OR1X1P
,AIFM1P1
,RPL35AP11
,PHOX2B-AS1
,RNU1-49P
,HMGB1P28
,LINC00682
,HUS1B
,LRRN4CL
,AMZ2
,HNRNPUL2-BSCL2
,GNG3
,RPS7P7
,CCNL2P1
,RN7SKP82
,LINC02383
,RN7SL691P
,EGF
,CD14
,RNU2-62P
,LINC02176
,VRK2
,ZNF468
,CHRM1
,RN7SL259P
,ARHGEF18-AS1
,LINC02139
,COX6CP16
,KIAA0513
,ZNF184
,YAF2
,RNU6-471P
,CDR2-DT
,MFSD13B
,VPS39-DT
,LINC02890
,BCL2L2-PABPN1
,PPHLN1
,GOLGA5P1
,PANCR
,LMF1-AS1
,CEROX1
,RNY3P15
,BNIP3P5
,LINC02321
,SOX8
,LINC01220
,C6orf163
,LINC02298
,OR5AN1
,OR51L1
,OR8D4
,LINC02104
,OR4C6
,RPL7P20
,ST13P16
,RPLP0P9
,LINC01947
,OR8H2
,OR4D9
,LINC02301
,NOX5
,TENM2-AS1
,MIDEAS-AS1
,RNU6-444P
,LINC02325
,C9
,LINC00639
,ATP6AP1-DT
,LINC02328
,F12
,RNU6-477P
,GOLGA6GP
,CSPG4P13
,GOLGA6FP
,RNU6-249P
,SRMP2
,COMMD4P1
,ADAMTS7P3
,SMARCA2-AS1
,COX17
,RNU6-398P
,OR56A4
,OR52A5
,OR5A2
,LINC00964
,OR10G7
,OR52N1
,UBE2Q2P13
,CAP2
,TBX6
,CHEK2P2
,RN7SKP197
,PRKAB1
,SQLE-DT
,WHAMMP4
,SQLE
,FGFRL1
,SRP54-AS1
,CMIP
,RPL35AP30
,ZNF736
,CASP1P2
,CASP1P1
,OR2AL1P
,CHRNA6
,TRIM60P18
,YWHAEP1
,VN1R40P
,ZNF680P1
,HNRNPCP7
,BNIP3P42
,GOLGA6EP
,BNIP3P44
,BNIP3P11
,VN1R42P
,RNU6-835P
,LINC01147
,RPL7P26
,SUMO2P13
,RNU6-1307P
,RNU6-190P
,RN7SL806P
,CATSPER2P1
,ZNF775-AS1
,HPR
,MTDHP1
,RNU6-1229P
,SNORA22C
,SNORA15B-1
,OR4F13P
,GTF2IP14
,RNU6-1085P
,PPP1R14BP4
,CSPG4P12
,RNU7-161P
,RPL26P19
,C5orf67
,ADAMTS7P4
,RNU7-143P
,COMMD4P2
,LINC02385
,OR4D2
,KRT18P16
,PPP2CA-DT
,FCF1P1
,RN7SL846P
,PHACTR2P1
,RNU6-1239P
,GRAMD4P4
,NBEAP5
,OR11H13P
,CDRT15P13
,NBEAP6
,TOMM40P1
,LINC02999
,LINC01932
,RN7SL523P
,FAM21FP
,RNU4ATAC2P
,LINC01845
,RSU1P2
,NHSL2
,VWA8P1
,RN7SKP251
,LINC02198
,SUMO2P4
,RNU2-68P
,CCNYL4
,PIGFP3
,LINC01607
,PARGP1
,SNORA50D
,RNU6-262P
,AKR1C7P
,RNU1-35P
,RNU6-756P
,SVIL-AS1
,ADD1
,TMEM65
,LINC00630
,APOOP1
,NUDT19P2
,CSNK1G3
,BEX1
,ANK3
,NXF3
,SMIM47
,PELI2
,ANKRD13D
,RPL12P37
,SMOC1
,HP
,RPL18AP14
,TEX13A
,RNU6-207P
,RPL7AP6
,IDH1
,OR10H2
,OR10H5
,OR10H3
,LINC02171
,THOC3-AS1
,OR7E163P
,OR7E162P
,SMIM43
,NF1P10
,ZFAND2AP2
,BRCC3P1
,BMS1P17
,NANOGNBP3
,RPL21P132
,PPIAP90
,OR10H1
,OR7A10
,SSTR5
,SOD1P2
,RNU4-64P
,DCK
,ASAH1-AS1
,RN7SL149P
,MYO3B
,LDHAL6EP
,SYNM-AS1
,LUNAR1
,TPM3P4
,ABCF2P2
,PLA2G2F
,APOC1
,RNU6-1009P
,RNU5A-7P
,C12orf56
,RNU6-1198P
,FAM21EP
,CA5B
,APOC4
,APOC4-APOC2
,HK3
,APOC2
,HNRNPA1P62
,ETS2P1
,CLPTM1
,OOEPP2
,PPIAP49
,RPL21P118
,NPPB
,SBF1P2
,RNU5E-4P
,RNU6-237P
,C17orf67
,SNORD83
,RASSF3-DT
,RPL12P50
,RNA5SP525
,GABRA3
,RNU6-764P
,MAGEA3-DT
,NIN
,TRMT112P1
,CUL4AP1
,ZNF346-IT1
,FAM193B-DT
,RPS29P23
,RPL21P45
,UBBP3
,KIF5C-AS1
,RPS20P13
,USP8P2
,TXNP5
,UNC93B5
,OR7E145P
,MTND2P40
,EVA1CP4
,OR1X5P
,MTCO1P27
,MTCO2P27
,MTATP6P27
,PPIAP20
,PSME2P4
,MRPS33P2
,RN7SL649P
,PTTG2
,RNU6-898P
,HAS3
,POM121C
,RNU6-165P
,HMGN1P32
,MYADM-AS1
,RNU6-777P
,RPL23AP89
,MYADM
,DERPC
,STIM2
,RN7SL328P
,EIF4A1P3
,TUBAP7
,RPL29P22
,MTMR7
,FN3K
,ADAM24P
,CACNG7
,CACNG8
,CACNG6
,COL13A1
,CCT6P2
,RBBP4P1
,RNU6-1232P
,LINC02219
,HNRNPA3P15
,RPL4P7
,PDCD6IPP1
,RPL7L1P3
,SLC7A2-IT1
,KIAA1522
,KRT8P3
,RN7SKP97
,DNAJA4-DT
,BMS1P10
,MDH2
,NUP54
,FAM183DP
,FAM157B
,TUBBP5
,ZNF658B
,OR13C1P
,URGCP-MRPS24
,PCNX4-DT
,RN7SKP21
,PTCSC3
,EIF5
,SDR42E1P5
,CDRT15P6
,FBP2P1
,NPAP1P9
,PAEPP1
,SNX18P3
,TUBG1P
,FLJ43315
,ANKRD20A7P
,APOA2
,UPK3BL3P
,CNTNAP3P7
,DUTP7
,LRRC66
,CLCN3P1
,LINC02480
,SEPHS1P6
,LINC00525
,HUS1
,PERCC1
,RN7SL717P
,RNU6-836P
,RNU6-1195P
,VRK1
,C7orf57
,ARNILA
,DTNB-AS1
,SDHCP4
,LINC02248
,RPL29P21
,GABRB3
,ANKRD44-DT
,NPM1P46
,RNU6ATAC6P
,LINC02520
,KU-MEL-3
,RPL12P20
,SLC2A9-AS1
,RAF1P1
,GABRA5
,RNU6-1029P
,HSPE1-MOB4
,RN7SL155P
,C4orf46P3
,ZNF433-AS1
,GABRG3-AS1
,CDC42P3
,RSL24D1P8
,COX6A1P2
,ZNF625-ZNF20
,RPL17P47
,ZNF625
,LINC02648
,LINP1
,RPS16P9
,LINC00706
,LINC00707
,RPL13AP2
,RPS15AP3
,LINC00648
,DPEP1
,PTCHD3P2
,TACC1
,MRPS21P6
,PRMT5-DT
,HLFP1
,CCNG1P1
,PTGES3L
,SP8
,ZNF800
,NSA2P5
,RNU6-1006P
,HEATR5A-DT
,GPR33
,NUBPL-DT
,RNU6-602P
,RNU6-455P
,RNU6-678P
,YBX1P5
,RNF38
,RAB33B-AS1
,LINC02056
,GPX3
,CYB5R2
,GUSBP5
,FREM3
,RBM11P1
,PDCL3P5
,ARL4AP5
,RNU6-302P
,PEX5L-AS1
,PEX5L-AS2
,UQCRHP4
,MDFIC2
,ZNF649-AS1
,CPB1
,OR5P1P
,BUD13-DT
,PPFIA2
,COL5A1
,OR7G15P
,ZNF317
,FLNB-AS1
,PLAC9
,SUV39H2-DT
,DDHD1-DT
,ABHD6
,SUMO2P7
,PRR13P7
,MRPS16P1
,RPEP5
,EIF3EP2
,APOA4
,RRM2P2
,RNU6-481P
,RN7SL261P
,STUB1P1
,KRT8P40
,DNAJC19P5
,KRT18P51
,TMEM114
,APOA1
,MRPL27
,OR7A18P
,APOA1-AS
,RPS26P18
,LINC01804
,RPL21P35
,RPL23AP26
,RN7SL499P
,LINC02804
,PDE4DIPP1
,RNU6-1211P
,RNU2-14P
,LINC01745
,LINC02324
,LINC01744
,RPL21P7
,RNU6-809P
,RPL36AP2
,PTBP1P
,ROR1-AS1
,RPPH1-2P
,MYH6
,USP32P4
,RPL36AP47
,RN7SKP235
,RPS23P7
,RNY4P6
,RPS27P19
,OR51M1
,OR51I2
,IDE
,LY6S
,RN7SL835P
,RN7SL823P
,CLPS
,CUL1
,RNU6-446P
,TMEM276
,OR52K2
,OR52K1
,CCS
,MED28P6
,NTRK3-AS1
,CBARP-DT
,RNU4-39P
,RBM14-RBM4
,SCN1B
,PDGFRL2P
,RN7SL250P
,SOX17
,TRMT112P7
,ANKRD18FP
,RN7SL487P
,RN7SL12P
,C1QBPP2
,FTLP6
,RNU6-874P
,SHISA7
,WDR53P1
,PNMA8C
,ITGB1-DT
,RN7SL847P
,CAMSAP1-DT
,LINC00601
,CYP3A43
,ATP6V1G1P5
,LINC02846
,LHX3
,NPM1P24
,RPL17P50
,RPL21P20
,C19orf85
,TTC23L-AS1
,RPL21P54
,RPS27AP13
,RNU6-1331P
,THSD8
,SNX30-DT
,MAPK8IP3-AS1
,OR5S1P
,CGB8
,RN7SL507P
,RUNDC3A-AS1
,RNU6-453P
,ZNF883
,CENPH
,ZNF415
,OR5M13P
,OR5AM1P
,OR5M12P
,OR5AP1P
,OR51F2
,SGMS1-AS1
,OR8B3
,OR8B2
,BEND3P1
,OR51G2
,OR51A7
,RPL27AP5
,PGGT1BP1
,OR52E4
,RN7SL134P
,HSBP1
,PDE2A-AS2
,CYP4F11
,OR10G8
,OR51A4
,GAPDHP36
,RALBP1P1
,LINC01097
,RNU6-680P
,SLC25A5P9
,SNRPFP2
,LINC01096
,BIN2P2
,RNU6-369P
,SAP18P1
,SV2C-AS1
,LARP7P2
,RPL7L1P5
,UNC93B6
,LINC03034
,LINC03028
,VPS51P11
,PDCD5P2
,IQGAP2
,SELENOOLP
,PGPEP1L
,RPL32P12
,ATP8A1-DT
,ZNF738
,OR8J3
,HSPA8P3
,RN7SL258P
,LINC02268
,LINC02428
,LINC02432
,RNU6ATAC32P
,MPI
,LEF1-AS1
,TSPAN5-DT
,LINC02275
,LINC02506
,NPIPB6
,FLJ20021
,SMIM18
,GNS
,LINC01091
,RPS15AP11
,RNU6ATAC36P
,LINC00499
,PTCH2
,COX5A
,HTD2
,STIM2-AS1
,RPL7P39
,RNU5E-6P
,TENM3-AS1
,RNU6ATAC42P
,WIF1
,LINC02020
,ATP6V0D1-DT
,RNU6-1160P
,ZC3H11C
,LINC02052
,RNU6-166P
,APOOP3
,CCNB1IP1P1
,PPIAP35
,MRPS17P1
,LINC02051
,HHIP-AS1
,LINC01088
,HMGB1P35
,PDE8B
,NSA2P7
,NUDCP2
,PPM1K-DT
,PET100P1
,RNU6-489P
,UBE2D3-AS1
,GOLGA6D
,UROD
,FETUB
,BRD7P6
,TGFA-IT1
,TAF9BP2
,RPL15P13
,SCOC-AS1
,RNU6-1121P
,LINC02626
,CYP2U1-AS1
,LINC00989
,ACTBP7
,GAPDHP55
,GJD2-DT
,H2AZ1-DT
,HRGP1
,HRGP2
,DNAJC19P4
,CNTN4-AS1
,TUBAP11
,EPHA5-AS1
,MIR302CHG
,OSTCP5
,LINC03026
,RNY1P14
,CTCF-DT
,GTF2IRD2B
,RPS26P42
,VDAC2
,B4GALT1-AS1
,RNU6-927P
,RNU4ATAC15P
,RPL22P19
,RPL36AP8
,BAG1
,PRELID1P4
,THBS1-IT1
,THBS1-AS1
,GPR176-DT
,ZBTB40-IT1
,LGALS8-AS1
,ZNF888-AS1
,RNU6-310P
,RPL35AP29
,LINC02414
,RPS6P21
,LNX1-AS1
,COMMD5P1
,LNX1-AS2
,NDUFV2P1
,RPL21P44
,RPSAP21
,RPL35P1
,ZNF223
,RNU6-949P
,CHMP1AP1
,RNU6-424P
,RPEP3
,RNU6-1017P
,RNU6-902P
,RPS2P24
,RPL7P23
,OTP
,TBCA
,RNU6-1245P
,ZNF225
,FADS6
,ACTBP2
,OTOP2
,DEFB131D
,FAM66A
,OTOP3
,ZNF226
,LINC02761
,VPS51P19
,GVQW3
,OR5AZ1P
,OR5BD1P
,RNU6-899P
,RNU6-437P
,RPL23AP50
,MTHFD2P3
,HID1-AS1
,LRCOL1
,RPA2
,JMJD4P1
,RNU6-362P
,RN7SL573P
,ISY1-RAB43
,ZNF227
,PDE4DIPP9
,LIMD1-AS1
,PTPN11P3
,SDHDP4
,MRPL42P3
,STX11
,NRBF2P2
,RNU6-488P
,TPT1P4
,RPL35P6
,CUL2
,H3P25
,CXXC5-AS1
,OR1AC1P
,NANOGP8
,ANP32AP1
,RPL30P9
,NUTF2P6
,RBM17P4
,GANC
,RNU6-511P
,HMGN1P7
,LINC02273
,PSKH1
,RPL30P13
,LRRK2-DT
,RN7SL446P
,CTRL
,TSPAN19
,RBBP4P2
,CICP13
,RNU6-791P
,LCAT
,RNASEK-C17orf49
,DPEP3
,RPS3AP18
,TIGD4
,LINC01872
,DPEP2
,VSIG10L
,VSIG10L-AS1
,ETFB
,TAF1A-AS1
,RNU6-892P
,PTCHD3P3
,RNY3P11
,RPL7P28
,LZTS1-AS1
,RPL35AP8
,RBM22P5
,C19orf84
,RPL7AP64
,H3P32
,RTRAFP2
,RNU6-308P
,TDG
,SBF1P1
,XKR4-AS1
,RN7SL66P
,RNU5E-3P
,GALNT7-DT
,VIPR1-AS1
,RN7SL253P
,SNORA1B
,DPEP2NB
,DNPEP-AS1
,PLA2G10BP
,NPIPA2
,PLA2G10EP
,NDUFB1P2
,RPL23AP96
,SIGLEC10-AS1
,DEFT1P2
,RPS15AP36
,HNRNPH1P3
,ASIC4-AS1
,ZFPM1-AS1
,RNU6-1213P
,RN7SL567P
,ZBTB24-DT
,ATP6V0CP4
,RNU6-880P
,C10orf71-AS1
,LINC02986
,RPSAP47
,RNU7-174P
,HAUS4P1
,GORAB-AS1
,VN1R104P
,GAPDHP32
,HSD3BP3
,GAPDHP27
,HSD3BP4
,GAPDHP33
,LINC00622
,HSD3BP5
,HMGCS2
,HHATL-AS1
,INHA
,RN7SKP213
,RPL7P38
,RNU7-106P
,RN7SKP261
,CCDC13-AS1
,PFN1P9
,NOTCH2P1
,ST3GAL1-DT
,LINC03024
,RNU6-1054P
,CICP16
,MTND2P7
,METTL14-DT
,MTCO1P49
,AKIRIN1P1
,COL22A1
,HNRNPA1P22
,ECM1P1
,KLF4P1
,IQCF4P
,GLRB
,IQCF2
,RN7SL504P
,IQCF5-AS1
,IQCF5
,RNU6-582P
,LINC01988
,RNU6-1217P
,PDE5A
,DNAJB6P3
,LINC02832
,RPL23P4
,SNORA70B
,RPS29P10
,RNU6-1145P
,MROH4P
,DRG1P1
,RNU7-113P
,SLC7A15P
,RPL5P7
,LINC01960
,RPSAP24
,MSRA-DT
,LINC02959
,LINC02841
,OAS3
,THEG5
,PRSS51
,RN7SL65P
,LRRC2P1
,HNRNPA1P39
,LINC02521
,LINC01305
,PRELID1P2
,RPL3P11
,RN7SL831P
,NDUFS5P2
,RPL7P9
,RN7SKP270
,SRP72
,RN7SL574P
,PINX1-DT
,OAS2
,RPA3P1
,HSPE1P11
,SH3BP5-AS1
,BIN2P1
,OASL2P
,PPDPFP2
,DVL2
,RNU6-494P
,RNU6-454P
,EAF1
,APRT
,RNU6-1024P
,EAF1-AS1
,RPL7AP47
,NFIB-AS1
,LETM1P2
,HNRNPDLP4
,RN7SL526P
,HNRNPD-DT
,IGBP1P4
,RNU6-188P
,LINC01491
,NME2P3
,COL15A1
,RN7SL110P
,MTCYBP18
,MTND6P4
,MTND5P11
,MTND4P12
,MTND4LP30
,MTND3P25
,SREK1IP1P2
,ADIPINT
,OR1N2
,DEFB130B
,ALDH1A2-AS1
,RPL3P7
,OSTM1-AS1
,BUB1P1
,MTCO3P23
,MTND3P12
,MTND5P32
,MTCYBP23
,RNU6-1144P
,RPL36AP24
,RNU6-770P
,RPL31P49
,IL21R-AS1
,C17orf50
,RPL21P53
,EIF5A2P1
,RNU2-65P
,VAV2
,ENTPD1-AS1
,RNU6-583P
,RN7SL387P
,RPL21P90
,PERPP1
,RN7SKP222
,FGF12-AS1
,FGF12-AS2
,FGF12-AS3
,RNU1-20P
,WDR5-DT
,RAB13
,RPL29P25
,RNU6-159P
,FAM242D
,RNU6-1241P
,EEF1B2P7
,RPL23AP56
,LINC01591
,ENPP7P1
,EIF4BP5
,NDUFA5P11
,RNU6-179P
,RPS7P2
,ABHD15
,BCL10-AS1
,RNU1-103P
,LINC02949
,SPDYE3
,RPL36P12
,RNU6-1322P
,SPDYE2B
,GIT1
,SPDYE5
,MIRLET7A1HG
,SPDYE11
,TESK1
,SPDYE17
,SPDYE18
,RN7SKP209
,LINC02132
,RN7SL202P
,RCN1P1
,MCM3
,NPLP1
,FRG1HP
,HPS1-AS1
,ARL5AP2
,RPL7P36
,GOT1-DT
,RNU6-851P
,RN7SL96P
,SOS1-IT1
,RNU6-198P
,HSPE1P13
,FNBP1P1
,BOLA3
,SLC25A28-DT
,PIGFP1
,PFKFB4
,MTHFD2
,RNU6-920P
,RPL21P123
,RPL15P8
,FOSL1P1
,OR13Z1P
,OR13Z2P
,OR13Z3P
,TROAP-AS1
,LINC02615
,TTF1
,SIRT6
,RNU5D-2P
,BARHL1
,CPN1
,RN7SL654P
,C1orf21-DT
,TPM4P1
,SPCS2P2
,OR52I2
,OR51A9P
,PRKAR1B-AS2
,GTF3C6P3
,PRR15
,OR10G4
,TMSB4XP3
,TMEM217B
,S100A11P2
,TBX20
,CHUK-DT
,HMGB2P1
,RNU6-422P
,RPL13AP10
,RNU6-1336P
,RPL9P16
,YWHABP2
,RPS23P10
,RPS23P9
,RPL31P11
,NSMCE1-DT
,RNU6-853P
,RNY4P17
,CBR4-DT
,CYMP
,RN7SKP38
,RNU6-136P
,CYMP-AS1
,NRBF2P3
,PLCD4
,TMEM89
,LINC02774
,RN7SL148P
,RNU6-106P
,ASH1L-IT1
,RNU6-1297P
,PNISR-AS1
,ZSCAN16-AS1
,LHX5
,FDPS
,RPL39P25
,MTND2P11
,SRSF3P1
,RN7SL518P
,RNU6-673P
,FAM53B-AS1
,RAB5B
,NPM1P31
,SEC14L1P1
,ALKBH3-AS1
,ACCSL
,SUOX
,RNU6-250P
,MDN1-AS1
,KATNBL1P5
,RPL21P68
,RNU6-987P
,TRIM8-DT
,RN7SKP247
,RNU1-114P
,FAM91A3P
,LINC02591
,RNU1-143P
,PDE4DIPP3
,RPL22P5
,SRGAP2D
,LINC01615
,NUP153-AS1
,LINC02541
,TBC1D3E
,LINC02519
,MIR9500
,RPL23AP31
,LINC03066
,DIRC1
,RPL23AP59
,SORCS1
,NSA2P6
,RN7SL604P
,SNORA36C
,MYL6B-AS1
,RPL36AP16
,B3GALNT1P1
,TMEM30A-DT
,FAM86EP
,LINC03004
,OR7E94P
,GTF2IP12
,SYT6
,GBX1
,FOXL3
,SEPTIN7P14
,BOLA3P1
,RNU7-159P
,RPL21P96
,MARK2P10
,MTCO3P15
,RN7SL716P
,MTATP6P15
,SPDYE22P
,MTCO2P15
,MTCO1P15
,MTND2P26
,MTND1P36
,PIK3CA-DT
,ERBIN-DT
,LINC01012
,SNRPGP17
,TAGAP-AS1
,RPS27P29
,VN1R93P
,RNU4-13P
,NPIPB13
,LINC01010
,BNIP3P39
,BCLAF1P2
,TYMSP2
,ANKRD49P4
,CYLD-AS1
,OR5AH1P
,LINC02065
,RN7SKP157
,LINC02130
,LINC02542
,RFNG
,SP140L
,NPM1P12
,LINC02532
,C3orf80
,PDK4-AS1
,PDK4
,RN7SKP176
,UFL1-AS1
,LINC02685
,TMEM207
,MTCYBP28
,PLSCR5
,MPHOSPH6-DT
,RN7SKP190
,ACTR3BP3
,PABPC1P13
,LINC03002
,ABCD1P3
,LINC02941
,CS
,FAM153DP
,FARS2-AS1
,MAP3K5-AS2
,RNU1-88P
,LAP3P2
,PLCG2
,TAB2-AS1
,RN7SL234P
,FABP12P1
,SMIM15-AS1
,LINC02199
,LINC02202
,OTULIN-DT
,SPDYE6
,NPM1P27
,SRRM5
,RN7SKP142
,BCAR4
,RNU1-39P
,STRA8
,GRIFIN
,USP6NL-AS1
,APOF
,PROSER2-AS1
,APONP
,C1orf100P1
,ADAMTS15
,ELOVL2-AS1
,LRRC3C
,OR4D5
,OR5D18
,OR8I2
,OR2D3
,OR5AR1
,OR6Q1
,BOLA2P2
,RN7SL870P
,ANKRD18EP
,RNU6-1095P
,COX6CP1
,MLN
,HIGD2AP2
,UBL5P4
,RPL15P6
,LILRA2P1
,RPS12P7
,RPS23P6
,MLF1-DT
,LINC01016
,MTAPP1
,DMTF1-AS1
,RFKP6
,LNCPRESS1
,FEZF1-AS1
,RNU6-88P
,RPL17P23
,KIAA0408
,ATF5
,PGA4
,OR5AS1
,RNU6-1136P
,RN7SKP198
,RPL35AP27
,OR52N4
,ADCY6-DT
,OR4C15
,OR51T1
,OR8D2
,OR5M10
,OR6T1
,OR6X1
,OR8B12
,OR6M1
,OR9I1
,OR56A1
,OR5B21
,OR10AG1
,OR51I1
,OR52H1
,RN7SL416P
,OR5AP2
,OR4D6
,NPIPB11
,RN7SL198P
,RNU6-1075P
,LINC02654
,PTER
,RPL35P2
,RNU2-18P
,FAM237B
,VPS26BP1
,RPS27P30
,RN7SL664P
,RPL17P16
,CDC25A
,HMGN3-AS1
,LINC02178
,KIRREL3-AS2
,SNRPFP4
,MTCH1P2
,RNU7-128P
,LINC01277
,RNU6-654P
,CHRM4
,CDH12P1
,BECN1P2
,FOXP4-AS1
,PHKB
,HPAT5
,UBE2SP1
,ZNF878
,TBC1D26-AS1
,MRPS18AP1
,MBD3L5
,MBD3L4
,ZNF286A-TBC1D26
,MBD3L2
,GNG8
,ZNF429
,E2F3P1
,TOMM20P2
,SLFN14
,RPL26P29
,FCF1P2
,RPL26P27
,RPS3AP37
,LINC00996
,GRID2IP
,RN7SL321P
,RPS3AP2
,RPS10-NUDT3
,ZNF793
,C1orf232
,IFITM3P3
,RPL6P20
,VN1R37P
,VN1R38P
,SAPCD2P1
,RPL7P25
,RN7SL200P
,ILRUN-AS1
,RPL6P9
,PLS1
,SEC24AP1
,PRO1804
,SNRPGP4
,ADCY10P1
,LINC00680
,PDCL3P7
,RN7SKP166
,HELB
,PRIM2BP
,PLS1-AS1
,RN7SKP25
,DEFB133
,OSBPL9P5
,OSBPL9P4
,HLA-DRB6
,RAB11AP2
,OCLNP1
,RAET1K
,RETREG1-AS1
,SCAMP1-AS1
,FAM174A-DT
,LINC01843
,CPLANE1-AS1
,LINC01485
,RPL8P3
,GOLPH3-DT
,RAD23BP1
,RNU6-138P
,MGC32805
,UFM1P2
,LINC02997
,TP53TG3B
,TARS1-DT
,LINC01338
,TP53TG3D
,TP53TG3E
,BTF3-DT
,ANXA2R-AS1
,LINC01018
,GRK5-IT1
,RN7SL749P
,SH3TC2-DT
,KRT43P
,IL6ST-DT
,RNU2-32P
,CPHXL2
,POU5F1P7
,OR5H14
,ZNF814
,OR5H5P
,OR5H3P
,OR5H4P
,OR5H7P
,OR5H6
,MS4A6E
,TMEM218
,LINC00974
,MTND5P42
,LINC00865
,RNU6-1328P
,MARK2P16
,NPIPB2
,SNHG18
,MEF2C-AS1
,CCDC92B
,SOX6
,RN7SL43P
,MGC16275
,RNU6-979P
,JAZF1-AS1
,PPIAP80
,KIAA0087
,ZNF626
,SNX10
,OR52N2
,LARS2-AS1
,LIMD1
,NCOR1P2
,FTLP13
,UQCRC2P1
,LINC02002
,LINC02009
,ANXA2R-OT1
,FAM240A
,SZT2-AS1
,HYI-AS1
,JAKMIP2-AS1
,MIR4458HG
,RN7SL657P
,MRPL20-DT
,ANKRD65-AS1
,LINC01770
,OR2AT1P
,TPBGL-AS1
,ZDHHC20P3
,TPBGL
,ANKHD1-DT
,LINC01023
,MOCS2-DT
,NUP133-DT
,ISL1-DT
,ARRDC3-AS1
,IGFL4
,RNU4-21P
,HMGN2P19
,RPL12P41
,RPL22P12
,LINC02182
,MBD3L3
,HMGB1P26
,RNF186-AS1
,RN7SL845P
,PLA2G2E
,RN7SL304P
,OR2M7
,MKNK1-AS1
,RNU6-1091P
,LRRC2
,LINC02863
,RPL36AP37
,RPL5P9
,ACOXL-AS1
,RNU6-593P
,DDC-AS1
,FIGNL2
,ZNF891
,TTC36-AS1
,VSTM2B
,BOLA2-SMG1P6
,RSL1D1-DT
,LINC02185
,WBP1LP2
,BANF1P5
,LINC01572
,LINC01890
,LINC02192
,BMP10
,CLLU1
,KRT8P47
,RN7SL479P
,RNU6-1216P
,LCEP4
,LCEP3
,LINC02195
,LPCAT2BP
,GAPDHP46
,ZFHX3-AS1
,POLD2
,NUP93-DT
,RN7SL79P
,RN7SL45P
,SLC35E2B
,RNU6ATAC7P
,MIR365BHG
,ZDHHC11B
,RPL5P30
,RNU6-1157P
,MBTPS1-DT
,CTNNA2-AS1
,GNA13P1
,RNU6-561P
,RBM7P1
,LINC02222
,OR2AI1P
,CTC-338M12.4
,TRIM52-AS1
,OR51S1
,TMA16P1
,CICP15
,OR4F3
,MTND6P3
,MTND5P12
,LINC02736
,MTCYBP35
,SNRPGP19
,RNU6-1264P
,BTF3P14
,RDM1P1
,C16orf95-DT
,RPL7P18
,RPL12P38
,SNORD38C
,RPS25P4
,CHDH
,TMEM52
,LINC01999
,RPSAP66
,RNU6-623P
,RN7SL606P
,RPL36AP46
,COL9A1
,KRT18P61
,HMGN1P28
,RN7SL448P
,HMGN1P5
,RPLP1P11
,RPL22P21
,RNU6-314P
,RNU6-862P
,RN7SL442P
,LINC02175
,SCML2P2
,LCMT1-AS1
,CD1E
,LCMT1-AS2
,RN7SL557P
,AQP8
,FTLP12
,FGF22
,NPIPB10P
,RPL31P15
,RNU6-1122P
,OR10T2
,OR10T1P
,EI24P2
,OR10R3P
,RN7SL309P
,OR10R1P
,MS4A4E
,FAM135A-AS1
,ERVK13-1
,RNU6-143P
,UMPS
,DPRXP2
,C2orf74-DT
,RPL13AP8
,PIGR
,RPS26P22
,ITGB5
,BNIP3P45
,NMI
,RN7SL124P
,CNP
,ITGB5-AS1
,RPL32P34
,ENO1P3
,NDUFA4P1
,SH3BGRL3
,RNU6-1175P
,ANO1-AS1
,CREBL2
,ZNF425
,PDHA1P1
,RPL21P136
,GPR19
,VSIG10L2
,RN7SL521P
,STX8P1
,RN7SL525P
,PIK3CG
,PKD1-AS1
,RAB26
,PEF1-AS1
,RN7SL788P
,CLIC1P1
,RPL12P33
,PDCL3P6
,LINC01013
,DNAJC19P7
,PLA2G12AP1
,SNORA80D
,ANKRD61
,SMLR1
,ROPN1L-AS1
,H3-3A-DT
,RPL30P7
,LINC02212
,PMCHL1
,GUSBP18
,RN7SL769P
,PDCD6P1
,GUSBP1
,C17orf113
,H4P1
,ZNF300P1
,CDK2
,RNU6-1010P
,NAIPP1
,RAD23BP2
,RSPH10B2
,RNU6-1008P
,RPL3P13
,CDS1
,CNIH3-AS2
,DNAJB6P6
,PABPC4-AS1
,RSPH10B
,RNU7-121P
,OCM2
,RN7SL552P
,WDFY3-AS1
,RNU6-469P
,CCDC201
,CT66
,OR6C4
,TRHDE-AS1
,RAMP1
,RNU4ATAC13P
,H3P35
,CHCHD3P2
,RRAS2P2
,RPL31P17
,YBX1P9
,ATG12P2
,ACSL3-AS1
,APOOP2
,RPS3AP7
,RN7SKP165
,CDKN2AIPNLP1
,PGP
,ECM1
,RPS3AP14
,SNRPCP11
,LINC02614
,MCC
,ENPP7P4
,FBRSL1P1
,ROPN1B
,EVI5L
,ADAMTSL4-AS2
,RN7SL473P
,RN7SL600P
,ARPC1AP1
,LINC02527
,DDX18P4
,RGMB-AS1
,RPL7AP11
,ARGFX
,CSNK1A1P3
,CHD1
,SRGAP3-AS4
,PGAM1P4
,RNU6-402P
,ECI1-AS1
,RNPS1
,OR6C7P
,OR6C75
,OR6C73P
,KRT18P26
,OR6C76
,OR6C69P
,OR6C72P
,OR6C6
,OR6C5P
,LOXL3
,DUSP5P2
,RPS10P20
,OR9K1P
,OR9K2
,OR9R1P
,RNU6-1042P
,UBE2D3P3
,RPL29P14
,WNT3A
,LINC02809
,DAP-DT
,TOR1BP1
,PRKAG1
,MRPL55
,DCTN1
,MIR3677HG
,SEZ6
,RPL32P18
,TRIM60P16
,CICP28
,PHKG1P2
,SLC29A4P2
,CICP24
,SLC25A1P3
,VN1R34P
,ARAFP1
,VN1R35P
,VN1R36P
,RNU6-429P
,RN7SKP71
,RPL7AP60
,FUNDC2P3
,RAB32
,LUADT1
,YAP1P1
,C6
,OR5K2
,ZPLD1
,C7
,IQSEC3P1
,GADL1
,NAPA
,PTGES3P3
,FRG2C
,VOPP1-DT
,CDC42P2
,CLDN19
,TUBBP6
,RNU6-389P
,SUMO2P3
,CICP11
,RN7SL177P
,RNU6-1126P
,CICP12
,RN7SL322P
,POT1-AS1
,SPRED3
,TMPRSS11GP
,RNU6-95P
,MTND2P41
,FTLP10
,C1orf50-AS1
,COX20P2
,PPIAP59
,APOOP4
,SNX10-AS1
,FGF6
,LINC03011
,LINC02848
,LINC03016
,ITGB8-AS1
,MICALL2-DT
,PGBD4P3
,POU6F2-AS1
,TRG-AS1
,SPINK9
,SEC61G-DT
,OR6C65
,NCMAP-DT
,CLEC12B
,LINC02981
,WDR86-AS1
,FRG2DP
,SIGLEC14
,SMG1P4
,ABCA3P1
,PLA2G10CP
,FRG2KP
,PLG
,ZNF888
,PDPK2P
,FAM131B-AS2
,TUBB8P7
,EGFR-AS1
,HRAT17
,RRN3P3
,LINC01366
,PDPR2P
,C5orf58
,MIR3945HG
,LINC01093
,SCYL2P1
,RN7SKP89
,LINC01957
,HERC2P8
,PPP1R9A-AS1
,SMG1P5
,TMEM231P1
,SMG1P1
,MTCO2P16
,MTATP6P16
,MTCO3P16
,MTND3P16
,MTND4LP16
,MTND4P29
,MTND5P31
,ENO1P4
,VSTM2B-DT
,RNU6-1285P
,FGB
,MUC12-AS1
,ZNF225-AS1
,LINC01224
,RRN3P1
,PAK4
,SMG1P3
,WNT11
,FGA
,MPHOSPH10P1
,FGG
,PCMT1
,RFESD
,SLC16A4-AS1
,SMG1P7
,RPL7L1P2
,CICP17
,CYP3A7-CYP3A51P
,RPL17P38
,DUS4L-BCAP29
,PRDM4-AS1
,RNU6-651P
,RPS2P16
,HSPD1P11
,MEF2C
,RNU6ATAC35P
,LINC01352
,HLX-AS1
,VN1R105P
,RPL7AP81
,RPSAP36
,LINC02779
,SMARCA5-AS1
,UBE2V1P11
,RNU6-440P
,SLC26A4-AS1
,CBLL1-AS1
,NECAP1P1
,UGDH-AS1
,GPR141BP
,SDR42E2
,RN7SL558P
,SMIM14-DT
,RPS3AP27
,RN7SL464P
,HDAC1P2
,GAS5-AS1
,KRT18P25
,RNU6-1112P
,POLR3KP2
,SSTR2
,NPIPB14P
,TP53TG3F
,ATF7-NPFF
,RC3H1-IT1
,RPL30P1
,KRT18P57
,RNU6-151P
,CHEK2P6
,KCND3-IT1
,KCND3-AS1
,BMS1P8
,LINC01750
,PRKAR1B-AS1
,ITPKB-AS1
,RPS27P5
,ARHGAP23P1
,CPSF4L
,PRKAR1B
,RN7SKP292
,LINC02447
,RN7SKP36
,PSAPL1
,RNU6-638P
,RPL9P29
,RPL31P51
,NTS
,GLRX5P2
,NMD3P2
,VN1R25P
,RNF222
,PDXDC2P-NPIPB14P
,GSG1L2
,YPEL3-DT
,CD2BP2-DT
,SNORA68B
,RPS12P31
,TP53TG3C
,RN7SL789P
,PLA2G10IP
,PKD1P4
,RN7SL408P
,PKD1P5
,PFDN2
,MIR3670-3
,NIT1
,BRI3P2
,RN7SKP22
,LIM2-AS1
,CEACAM18
,LINC02217
,CTSE
,SPDYE4
,LINC02218
,TAF11L2
,HPX
,H3P18
,TAF11L3
,TAF11L4
,TAF11L5
,TAF11L6
,RPS29P32
,RN7SKP30
,TAF11L7
,KRT8P42
,TAF11L8
,TAF11L9
,TAF11L10
,TAF11L11
,CHCHD2P4
,TAF11L12
,MIR3670-4
,MIR3179-4
,NMU
,RNU6-1286P
,TAF11L13
,ABCC6P1
,TAF11L14
,RNU4-35P
,LINC02980
,LINC01766
,HAUS5-DT
,RNU6-276P
,RPS15AP32
,EXOC1L
,KRT8P31
,EIF1P2
,RNU6-608P
,HSPE1P8
,LARRPM
,CCNT2P1
,PRR15-DT
,STXBP5-AS1
,ZNRF2P2
,RNU6-652P
,CNPY1
,OSTN
,UPK1A-AS1
,RNU4-54P
,RPL29P27
,RNU6-936P
,RBM22P3
,RPS13P5
,SNORD14
,RN7SL856P
,SUCLA2P3
,CHIAP1
,RPSAP17
,PSMD8P1
,SHE
,LINC01757
,RPL7P41
,KRT18
,RNU6-866P
,B3GALNT2P1
,RPL21P67
,ARG1
,RNY4P7
,ZFP91P1
,RNU6-395P
,RPS26P19
,NDUFB4P2
,RNU6-806P
,RPL31P8
,SETP21
,CAB39P1
,NAIPP3
,INPP4B
,GUSBP3
,GUSBP13
,OR6C74
,NPIPP1
,PKD1P6-NPIPP1
,ARPC3P3
,CHEK2P7
,PAX8-AS1
,DPP3
,CDH12P3
,FLYWCH2
,CGB1
,RNU6-1309P
,RPS27AP6
,SHD
,UBE2H-DT
,RNU4-18P
,ANKRD49P3
,SETD6P1
,WASF1P1
,TMPRSS9
,ATP2A1-AS1
,NPIPB9
,C11orf91
,NPIPB12
,SULT1C2P2
,GMCL1P2
,SMIM12P1
,PRDM8-AS1
,SLFN12L
,TRMT112P3
,DNAJB6P8
,FGF5
,LINC02213
,ANKRD33B
,LINC02722
,LINC02721
,ANKRD33B-AS1
,NUP210P3
,MARK2P3
,MARK2P19
,IFT122P2
,AMPD3
,LINC01104
,LINC02823
,CDK3
,LINC02404
,GUCY2C-AS1
,SLIT3-AS2
,SLIT3-AS1
,GAS2
,MGP
,DNAH8-AS1
,ZFAND3-DT
,RN7SL285P
,HMGB1P48
,PPIAP77
,PRELID3BP4
,CBX3P3
,RNU6-482P
,RN7SL752P
,CARMIL2P1
,PDE6H
,BTBD9-AS1
,LINC01489
,POLR2J3
,TFGP1
,RPL30P11
,DNAH8-DT
,RN7SL465P
,KIFC3
,UPK3BL2
,CCDC144NL-AS1
,GPR4
,LINC01447
,AKAP1-DT
,ZNF846
,THEGL
,RN7SKP134
,LRRC51
,RNU2-9P
,SETP22
,RNU1-73P
,ARF1P2
,CABP1
,SETP11
,MRPL42P6
,KRT8P44
,PACRG-AS2
,PACRG-AS3
,PFN1
,RPS15AP10
,RPL7AP16
,ENO3
,PACRG-AS1
,FAM8A3P
,RPL17P13
,FAM157C
,RNU6-355P
,RNU6-601P
,LINC01931
,LINC01818
,LINC01817
,GUSBP6
,FOXP1-AS1
,FOXP1-IT1
,FOXP1-DT
,RNU2-60P
,NUDT19P4
,RBM22P4
,B3GNTL1P2
,CD2AP-DT
,OR9N1P
,OR10AH1P
,STAG3L5P
,GTF2IP7
,RASA4CP
,OR2A3P
,LINC02169
,RPL36AP50
,RN7SKP116
,GP6-AS1
,LINC02140
,RNU1-105P
,RN7SKP273
,CAPS2-AS1
,CCNG2P1
,RNU6-960P
,MFSD4B-DT
,RPL35AP34
,SHISA9
,CAMTA2-AS1
,IGSF22-AS1
,RPL35AP9
,IQCJ
,RNU6-845P
,RPS2P19
,C9orf78P1
,IQCJ-SCHIP1-AS1
,RNU2-31P
,KIF1C-AS1
,ZFP3-DT
,CCT6P3
,LINC01100
,MRGPRX8P
,LINC03006
,MRGPRX7P
,FCF1P5
,REV3L-IT1
,BRD7P4
,MRGPRX6P
,MRGPRX5P
,MRGPRX11P
,MRGPRX10P
,MRGPRX9P
,NACAP7
,SPDYE7P
,LINC02730
,ZNF890P
,DPY19L2P4
,INCA1
,C16orf87
,CKBP1
,RNU6-924P
,RN7SL11P
,RNF213-AS1
,MAP3K4-AS1
,FAM237A
,DNAJA2-DT
,DPY19L2P1
,KCNIP1-OT1
,RBM22P12
,KCNIP1-AS1
,ACAD8
,GABRP
,UBC
,FAM90A27P
,FEM1A
,RABGEF1P1
,NPTX1
,RP9P
,RPL32P31
,ARRDC5
,RPL31P7
,RN7SL623P
,PLCXD3
,BICD1P1
,RNU6-312P
,RNU6-762P
,HEXB
,VN1R67P
,RPL23AP86
,RNU6-1223P
,HNRNPA1P35
,RPL23AP30
,RNU6-1206P
,LINC01989
,RPL17P10
,IMPDH1P10
,RN7SL150P
,SUNO1
,RPL29P15
,RPL7AP32
,LINC02174
,RPL38P5
,MIR762HG
,MTND5P25
,MTND4P23
,MTND4LP13
,ZNF876P
,DAB1
,GTF2IRD1P1
,ZNF519P4
,MTX3
,RPS3AP50
,AKR1B1P7
,LINC01987
,RPL21P131
,THBS4
,RN7SKP66
,OR52E5
,RBX1P2
,TRMT112P2
,THBS4-AS1
,RPL6P15
,UGT2B28
,IL9RP3
,LINC01976
,ATXN7L3-AS1
,UGT2B25P
,UGT2B24P
,GTF2IP13
,DPY19L2P3
,UGT2A1
,LINC01004
,RNU6-1048P
,RN7SL455P
,RNU6-566P
,PDSS1P2
,PPM1B-DT
,C1GALT1C1L
,KRT8P15
,PEPD
,PLAC8L1
,LINC01214
,BMP3
,IER3-AS1
,GGNBP1
,RN7SL26P
,KRT8P52
,RPL7P14
,RNU1-108P
,RNU1-52P
,RPL23AP36
,RPL12P16
,PRKG2-AS1
,RNU6-518P
,RNU5A-2P
,VILL
,RPL35AP35
,FAM187B2P
,UNC5C
,RNU7-186P
,UNC5C-AS1
,RPL30P6
,CACNA2D1-AS1
,MTHFD2P5
,BCL2L12P1
,PSMC2P1
,RPL7P16
,TBCAP3
,RNU7-149P
,NDUFS5P4
,RNU6-1113P
,ABT1P1
,RN7SKP83
,ST3GAL5-AS1
,RN7SL811P
,MMP25-AS1
,HNRNPA1P17
,RPL13P8
,RPL35AP16
,RPL35AP17
,ZNF213-AS1
,RNU7-180P
,CALU
,CPDP1
,LGALS9DP
,SAP18P2
,RNU6ATAC19P
,MRPL45P1
,RNU6-1168P
,RNU6-1007P
,RPL38P6
,FOXI3
,RPIA
,HNRNPA1P52
,IGKJ5
,IGKJ4
,IGKJ3
,DMRTC2
,RUSF1-DT
,MTND4LP25
,CBLN1
,PAXBP1P1
,RPL23AP92
,RN7SL470P
,MRPL36P1
,MYOZ3-AS1
,RPL39P15
,RPS26P20
,RNU2-37P
,RUVBL1-AS1
,NPM1P36
,COL21A1
,RPS15P4
,ARGFXP2
,ZNF300
,CHN2-AS1
,PCOLCE-AS1
,DYNC1LI2-DT
,RN7SL172P
,RNU4-62P
,BCL2L12
,DHFRP6
,LRRC37B
,LINC01595
,RN7SL833P
,RNU2-61P
,PNRC1-DT
,RN7SL336P
,ARL9
,GABRR1
,RPL6P21
,EEF1A1P26
,GABRR2
,TUBB3P1
,AGGF1P1
,DUX4L7
,DUX4L6
,DUX4L5
,DUX4L4
,DUX4L3
,RNU6-653P
,LINC02265
,FAM133FP
,MSANTD5
,CA7
,CTSS
,MAF1P1
,FAM76AP1
,SPINK8
,RPL10P9
,CTNS-AS1
,P2RX5-TAX1BP3
,RPL21P125
,PRKAR2B-AS1
,LINC02550
,RPS17P15
,C3orf49
,RPS2P39
,HEY2-AS1
,OR5H15
,KCNMB2
,LINC02523
,NCOA7-AS1
,GBP1
,RNU6-436P
,PTGES3P1
,GBP2
,HOXD-AS2
,ANKRD17-DT
,RPSAP25
,ALB
,RN7SL236P
,DUXAP5
,ACSM4
,TMEM235
,LINC02956
,LINC02952
,NEK4P2
,RNASEH1P2
,FGF19
,AIG1P1
,RNU6-738P
,GRM8-AS1
,DNAJB6P5
,COX7CP3
,SETP16
,RNU6-405P
,RN7SL620P
,UPF3AP1
,NOS2P4
,LINC01974
,GOSR2-DT
,RNU6ATAC3P
,PRRT4
,RN7SL688P
,PLD1
,RPL7P8
,MLIP-AS1
,RALBP1P2
,TNS1-AS1
,ERHP2
,LYPLA1P3
,RNU6-411P
,LINC01626
,NGRNP2
,KRT19P1
,GUCA1ANB
,SMIM46
,ASDURF
,OSGEPL1-AS1
,ORMDL1
,RN7SL270P
,RNU6-512P
,LINC01007
,LCT
,RNU6-1077P
,LCT-AS1
,COL4A3
,MFF-DT
,RPS27P24
,RNU6-1097P
,RPL36AP27
,KDM2B-DT
,WDR45P1
,MORN3
,RNU6-288P
,LINC02784
,HNRNPA1P63
,TMEM120B
,TKT
,TPM3P7
,PTGES3P2
,NDUFB4P4
,LINC01737
,KIF3C
,SMIM38
,UQCRHP2
,TRMT112P6
,RAB10
,RNU6-942P
,RPS2P15
,EMP2P1
,PLA2G4C-AS1
,SMARCE1P6
,PPIL1P1
,LINC02517
,ACOX3
,LITAFD
,SSTR5-AS1
,RN7SL837P
,RN7SL23P
,RIC3-DT
,STK33
,PRDX5P1
,LINC02005
,LINC02047
,HSP90AB5P
,NIPA2P2
,RN7SL294P
,UBE2Q1-AS1
,HNRNPA3P6
,ATP5MC2P5
,RPPH1-3P
,BCAS2P1
,ANKRD42-DT
,CKS1BP4
,RPL32P24
,BTBD18
,PXN
,NENFP1
,CICP10
,RPL23AP88
,COL6A3
,RPS20P31
,NME2P1
,HTR1DP1
,LINC00942
,WNT5B
,NFU1P1
,MOBP
,RPL31P60
,RN7SL466P
,ZNF385C
,SNX25P1
,ARPC3P2
,FDPSP8
,RASA4B
,PINLYP
,RNU6-700P
,RNU6-1192P
,HTR3C
,RABGGTB
,HTR3E-AS1
,RNU6-215P
,HTR3E
,MSH2-OT1
,VN1R18P
,SMIM44
,LINC02390
,MSH4
,HSP90AA5P
,EIF2B5-DT
,RPS3P3
,GCNAP1
,RNU4-48P
,CLEC12A-AS1
,EEF1A1P32
,FAM204BP
,MZF1-AS1
,LINC01836
,MTND6P35
,MTCYBP13
,MTND1P15
,MTND2P13
,MTATP6P3
,MTCO3P13
,RPS11P5
,GMPPA
,RNU6-327P
,CHFR-DT
,ZNF605
,NANOGNBP2
,RNU4ATAC12P
,PTP4A1P2
,LINC02731
,IUR1
,CD44-DT
,RPSAP31
,PPIAP44
,CYP2AB1P
,LINC02387
,NAV2-AS2
,MED8-AS1
,RNU6-618P
,ANKRD49P2
,DENND5B-AS1
,RNU5F-4P
,RPL31P50
,RNU6-611P
,GEMIN7-AS1
,EIF5AP3
,ABCC5-AS1
,HTR3D
,STAT5B
,RPS27P16
,ARF5
,KMT2CP4
,IGKV2D-40
,IGKV1D-39
,IGKV2D-38
,IGKV2D-36
,IGKV1D-35
,FCF1P7
,IGKV3D-34
,IGKV1D-33
,IGKV1D-32
,FABP7P1
,IGKV3D-31
,AKT3-IT1
,IGKV2D-30
,IGKV2D-29
,IGKV2D-28
,IGKV1D-27
,IGKV2D-26
,IGKV3D-25
,IGKV2D-24
,IGKV2D-23
,IGKV1D-22
,FSCN3
,IGKV3D-20
,IGKV2D-19
,IGKV2D-18
,IGKV6D-41
,IGKV1D-17
,IGKV1D-16
,IGKV3D-15
,IGKV2D-14
,IGKV1D-13
,IGKV1D-12
,IGKV3D-11
,IGKV2D-10
,IGKV1D-42
,IGKV1D-43
,Telomerase-vert
,SND1-DT
,PTPRJ-AS1
,KRT18P43
,MPO
,FAM20BP1
,FHL1P1
,SULT1C3
,SEC62-AS1
,RNU4-38P
,KMT5AP3
,RNU6-945P
,RABL2A
,IQCF6
,NCBP2-AS1
,RPSAP69
,COL6A6
,DPP9-AS1
,LINC01842
,LINC00906
,PROC
,ZNF470-DT
,PTPRN2-AS1
,THAP5P1
,RN7SL517P
,SNRK-AS1
,RPL18AP9
,LINC02987
,HRH1
,CHCHD4P4
,LINC01785
,LINC02397
,NUDT19-DT
,NUP107-DT
,LIPE-AS1
,BSG-AS1
,RANBP3-DT
,TMPO-AS1
,TTC39A-AS1
,ZNF8-DT
,RNU6-877P
,RNU6-1281P
,LINC02458
,LINC01409
,RASSF8-AS1
,RPL13AP27
,CSTBP1
,LINC02454
,FAM41C
,TUBB8P11
,RNF223
,PGAM1P5
,LINC02728
,RNU6-311P
,COPS8P3
,SLC38A4-AS1
,C2CD5-AS1
,GPR17
,GPRC5D
,THRB-AS1
,EIF3KP2
,RN7SL216P
,CFL1P7
,LINC01342
,TTLL10-AS1
,LINC00662
,SPEGNB
,SNRPEP5
,TBC1D3D
,NAPA-AS1
,POU2F2-AS1
,HMGB1P25
,STAG3
,RPL21P4
,INS-IGF2
,RN7SL653P
,RPL23AP90
,BRI3P1
,BIRC6-AS1
,DYRK4
,ALOX12-AS1
,C11orf21
,RN7SL217P
,LINC00486
,RNU6-878P
,CD81-AS1
,RPL26P30
,MRPS21P9
,RPL36AP41
,RNU6-87P
,RNU6-1273P
,RNU6-199P
,RPL37P23
,RPL39P33
,ZNF766
,PDLIM1P2
,RPL21P120
,RN7SL519P
,KPNB1-DT
,GCSHP4
,LINC01160
,ZNF880
,ALG1L10P
,LINC02449
,ZNF528-AS1
,RN7SL851P
,RNU6-218P
,DPPA5P1
,HADHAP2
,RNU6-970P
,RN7SL692P
,RNU6-210P
,RN7SKP123
,HNRNPA1P23
,LINC01801
,ZNF30-AS1
,HPN-AS1
,SH2D5
,ARL2-SNX15
,SNX15
,BNIP3P9
,BNIP3P10
,BNIP3P47
,RNU7-200P
,RPS15AP6
,ZNF793-AS1
,HSPE1P27
,RPL35P4
,HNRNPA1P73
,MARK2P13
,ENPP7P5
,A1BG
,ECE1-AS1
,CDCA5
,EIF4BP8
,ZNF497-AS1
,ZNF837
,DAZAP2P1
,RNF225
,TMEM262
,WWP1P1
,ST3GAL6-AS1
,FIGNL1
,PDLIM1P4
,RNU4-57P
,RNU1-74P
,RPL39P14
,ZNF132-DT
,RNU6-1263P
,SNORD70B
,SNORD11B
,RN7SL753P
,PIMREGP1
,RN7SL40P
,RNU6-1337P
,RN7SL693P
,CYP4F9P
,LINC00661
,AZGP1P1
,LRRC53
,RPL13AP12
,MTCO1P17
,MTCO2P17
,MTATP6P17
,MTCO3P17
,MTND3P17
,MTND4LP17
,MTND4P30
,MTCO1P54
,ERICH3-AS1
,SPTBN1-AS2
,EML6-AS1
,CRYZ
,TTC39DP
,SNX33P1
,DPP9
,PDCL3P4
,RNU6-342P
,RPS20P15
,UBA52P4
,RNU1-96P
,LINC00592
,FPGT-TNNI3K
,HIGD1AP10
,RNU2-23P
,PDCL2P2
,PGAM1P8
,CAPN1-AS1
,METTL7AP1
,SLC20A1-DT
,RN7SL210P
,KRT7-AS
,BRWD1P1
,ANKRD33BP8
,TRIM64B
,TSSC4
,KRT73-AS1
,KRT128P
,CLK1
,GRIP1
,TRPC6P3
,MTND1P35
,ANKRD33BP9
,TRIM51EP
,ANKRD33BP10
,TRIM64EP
,PSG3
,PSG8
,FXYD6-FXYD2
,PSG8-AS1
,FXYD6-AS1
,FXYD6
,RNVU1-30
,FAM91A2P
,RNU1-68P
,AIMP1P2
,RPL34P6
,GPR25
,RN7SKP280
,RNU6-704P
,RPL36AP30
,PPIAP45
,LINC02416
,TSGA13
,RN7SL188P
,RN7SKP90
,OR1AB1P
,LINC01855
,TPM4
,LINC02700
,RN7SKP75
,VPS51P5
,XNDC1N-ZNF705EP-ALG1L9P
,XNDC1CP
,TCTA
,PFN2
,GOLGA2P9
,CYP4F23P
,NEDD8P1
,SAMD13
,WDR87BP
,RPL13AP11
,FAM90A28P
,MTRF1LP1
,LINC02038
,LINC02037
,RPS29P19
,CLDN25
,LINC01063
,TIPARP-AS1
,LGALS17A
,LRRC37A13P
,WDR5B-DT
,RNU6-1107P
,KRT8P7
,RNU6-1304P
,SRP9
,EEF1GP4
,PSMC1P7
,RNU6-1123P
,NECTIN1-AS1
,NECTIN1-DT
,LINC02067
,APOC1P1
,RPL23AP42
,RPS24P10
,RPS3AP53
,RPS29P27
,NDUFA3P3
,LINC03007
,VASP
,TMEM229BP1
,NLGN1-AS1
,RN7SKP234
,ANAPC15P2
,RPL8P4
,OR5AK2
,GABRR3
,OR5BM1P
,RPL39P17
,ST13P11
,SRSF8BP
,BUD13P1
,PRR3P1
,HDAC11-AS1
,MTOR-AS1
,HDAC11
,RNU6-537P
,RAG2
,LINC02716
,INSIG2
,PRKAG2-AS2
,PRKAG2-AS1
,RNU6-604P
,ZNF790-AS1
,RPL31P61
,FBLN2
,RNU6-834P
,POLR2KP1
,PARK7P1
,HIGD1AP9
,ZNF559-ZNF177
,RPL17P18
,RNU6-858P
,RNU6-621P
,LMLN-AS1
,TUBB8P8
,RNU6-860P
,CICP6
,C1S
,ANKRD33BP2
,TRIM51CP
,TRIM53CP
,TRIM49B
,ANKRD33BP3
,TRIM64C
,UBTFL7
,SLC25A45
,NINJ2
,RNU7-103P
,ITFG2-AS1
,RPL23AP14
,CBX3P4
,TMEM147-AS1
,TEX52
,ZNF426-DT
,ZNF177
,NDUFA3P1
,SDHDP6
,ZNF229
,ALG1L8P
,ENPP7P7
,LINC02754
,RPS3AP40
,VPS51P17
,OR7E1P
,RNU6-1315P
,RPL13AP24
,CEACAM22P
,IGSF23
,TSPAN9-IT1
,CEACAM16-AS1
,RPS27P3
,LINC02827
,LINC02417
,RN7SL612P
,FMN2
,RNU6-174P
,CAPS2
,CHKA-DT
,NDUFA3P2
,RNU5F-8P
,OR8S1
,NDUFAF2P2
,DDX18P5
,RN7SL778P
,RN7SL246P
,KNOP1P2
,TALAM1
,DLG1-AS1
,CUL3
,PLSCR2
,PTPRS
,RBISP6
,RPL31P19
,NPEPPSP2
,PP1P
,PDCL3P3
,MYT1L-AS1
,PTOV1
,RPL7P6
,RN7SL459P
,RN7SL67P
,PDCD5P1
,RNU6-254P
,RNU6-670P
,OR4X2
,OR4X1
,CAP1P1
,ZNF84-DT
,RNU6-386P
,VDAC1P7
,RNU6-217P
,RNU6-882P
,PAFAH1B2P2
,VN2R19P
,BTG1-DT
,LINC02822
,LINC00939
,TBX5-AS1
,ANKRD65
,LINC02453
,TMEM263-DT
,MYG1-AS1
,LINC02384
,OR52E8
,SBNO1-AS1
,PARP11-AS1
,LINC02446
,RSF1-IT1
,NT5DC4
,RNU7-104P
,CNPY2-AS1
,OR2L3
,LINC02422
,TMEM198B
,LINC01405
,USP30-AS1
,FAM66C
,OR10K2
,RPAP3-DT
,SLC6A1-AS1
,PCED1B-AS1
,XNDC1N
,SERBP1P3
,PRKCD
,OR4A15
,OR1S2
,OR51B5
,OR10S1
,RASSF10
,MRPL9
,OAZ3
,HNRNPA1P21
,CENPPP1
,EEF1A1P24
,C2CD4D-AS1
,DSTNP4
,ADAD1P1
,KRT8P28
,NBPF18P
,THAP5P2
,RPL23AP41
,RPL31P21
,PHF5AP7
,LCEP2
,LCEP1
,MADD-AS1
,DACT3-AS1
,RNU4-56P
,RN7SL411P
,PGAM1P3
,MYO7B
,RPL39P28
,HNRNPA1P70
,IFNG
,RNU5B-2P
,HNRNPMP2
,TIRAP-AS1
,RPL5P10
,EEF1GP3
,HMGN2P24
,RPS27P4
,MRPS31P1
,MDM1
,EVX2
,RPL23AP63
,FLJ12825
,PIWIL4-AS1
,LINC02763
,FAM242C
,SNRPEP4
,HNRNPKP3
,GATD1-DT
,ASB18
,ZBTB44-DT
,SULT6B1
,LINC02739
,KCTD21-AS1
,DNMT3A
,SYT9-AS1
,THCAT155
,DDX12B
,DHX33-DT
,NWD1
,LINC02367
,DOC2GP
,LINC02953
,EMSY-DT
,SLC4A8-AS1
,HNRNPA3P10
,LINC02696
,ZNF529-AS1
,LINC02552
,LINC02762
,RNU6-180P
,RN7SKP276
,LINC02714
,SBF2-AS1
,EXO5-DT
,RELA-DT
,DNAJC8P4
,RNU6ATAC27P
,PRDX3P2
,TIGD3
,RN7SKP151
,RNU6-1140P
,HMGN2P36
,FAR1-IT1
,RPL39P26
,CENPUP1
,RAB17
,LINC02548
,LINC02545
,LINC02683
,ZNF283
,RAB17-DT
,ZNF404
,ZNF45-AS1
,SLC6A12-AS1
,ZNF221
,MAPRE3-AS1
,ZNF230-DT
,RPL21P19
,LINC00628
,PPP1R15B-AS1
,BNIP3P13
,RN7SL239P
,RPL31P46
,BNIP3P15
,BNIP3P16
,BNIP3P17
,ZNF865
,GNG14
,RNU6-216P
,NEU3
,RN7SKP58
,ATP6V0E1P2
,RPL36P20
,GEMIN2P2
,AGBL5-AS1
,AGBL5-IT1
,OST4
,OR2AT2P
,NPM1P50
,RPL12P45
,EFCAB14P1
,RN7SL503P
,RNU4-55P
,RNU6-277P
,LINC02719
,RPL9P2
,PPIAP53
,RN7SL824P
,HMGB3P9
,RNU4-59P
,CCNJP2
,RPL7AP83
,OR6K1P
,TPMTP2
,RNU4-78P
,OR6K3
,CCK
,OR6K4P
,OR6K5P
,OR2AQ1P
,OR10AA1P
,SALL4P6
,EIF4BP4
,HSD17B7P1
,OR6R1P
,OR11L1
,SOX5-AS1
,MTHFD2P1
,HNRNPKP4
,RBBP4P7
,RNU6-1094P
,RPL18AP8
,CLK3P2
,RCC2P5
,OR2X1P
,OR2L8
,CDV3P1
,KNOP1P1
,TLR12P
,RN7SL793P
,LINC02456
,GM2AP2
,RN7SL513P
,GABRD
,LINC00485
,TPTE2P7
,DPRX
,ESAM-AS1
,PRKCZ-DT
,MSANTD2-AS1
,OR5H2
,OR5K4
,OR5K3
,UBFD1P1
,TBC1D3P6
,NOP56P3
,FAM131C2P
,ZBTB2P1
,FHAD1-AS1
,EFHD2-AS1
,CCDC15-DT
,SCN1A-AS1
,LINC01001
,OR9H1P
,OR10K1
,OR2T12
,OR2T33
,DNAAF3-AS1
,DSTNP2
,SYT5
,OR6C71P
,OR6C66P
,DEFB109F
,FAM86FP
,FLJ40194
,RN7SL432P
,RNY1P13
,RN7SKP287
,PPIAP41
,CTBP2P6
,MIR670HG
,MIR1302-2HG
,OR4G4P
,OR4F5
,OSBPL10
,CICP27
,RNU6-1100P
,OR13G1
,OR6N1
,OR10Z1
,RERG-IT1
,RERG-AS1
,METTL8P1
,OSBPL10-AS1
,ZNF587P1
,ZNF860
,RPL21P40
,LINC01788
,RPL21P137
,SMIM11P2
,PIGCP1
,CD200R1L-AS1
,ZRANB2-AS1
,CD200R1P1
,MIR142HG
,POC1B-GALNT4
,MRPL2P1
,RNU6-148P
,BRWD1P2
,LINC02399
,LINC01497
,RPL29P23
,ZNF594-DT
,SNHG25
,ZNF232-AS1
,LINC01476
,BICD1-AS1
,BICD1
,DNAJB1P2
,LINC02044
,VPS26AP1
,ATP5PBP8
,RNU6-884P
,MBD3L2B
,TSPAN11
,DRD3
,IER5
,FH
,RNY3P13
,KMO
,TRH
,RPS17P9
,VPS51P10
,OR7E129P
,EVA1CP6
,LINC02014
,LINC02021
,RNU6-256P
,ENPP7P3
,SNRPCP8
,EFCAB15P
,PITPNA-AS1
,ACMSD
,RNU4ATAC10P
,RNU4ATAC5P
,NRXN2
,RNU4-34P
,RNU6-711P
,RNU6-1034P
,SLC26A11
,EEF1A1P17
,SNORA40B
,CCDC194
,LINC00987
,TRIM51HP
,TRIM64DP
,NDUFB4P6
,OR51F5P
,OR51A8P
,OR51H2P
,OR52B5P
,OR10N1P
,OR8B9P
,BCL9
,NLK
,DEFB130C
,SLC25A51P4
,PGLS-DT
,OR5AQ1P
,LINC01535
,OR5BE1P
,OR2AH1P
,RPL6P3
,KRT18P55
,EEF1A1P49
,ENPP7P8
,MLF1
,OR6M2P
,OR10AB1P
,OR5BA1P
,GLYATL1P2
,TSSC2
,TRPC2
,FAM86C2P
,SEPTIN7P11
,RPL23AP20
,ZNF781
,TUBB8P6
,OR52B1P
,OR52B2
,FAM106B
,LGALS9B
,RNU6-1088P
,MSI1
,TNPO1P3
,YWHAEP3
,KRT16P5
,RPS27P25
,CCKBR
,LINC02419
,PRIM1
,LXN
,ATP5POP1
,RASGRP4
,RNU1-146P
,AOX3P-AOX2P
,RNU1-133P
,BZW1-AS1
,PSMG3P1
,RANP3
,RN7SKP297
,CCDC39-AS1
,RPL36AP38
,RN7SL229P
,RNF13P1
,ACTBP16
,FLYWCH1P1
,RPL32P10
,MATR3P2
,FAUP2
,FXR1
,OR5BK1P
,OR5BT1P
,OR8S21P
,OR8T1P
,RPL7AP69
,USP29
,ITGA7
,CNIH3-AS1
,LINC02813
,DPPA3P8
,DUXA
,DGAT2
,ZNF805
,ZNF460-AS1
,ZNF304
,CYP2R1
,CD63-AS1
,C1QTNF1-AS1
,DCDC2B
,KRT8P36
,DBR1
,AAMP
,OVCH1-AS1
,ZBED5-AS1
,RPL21P99
,OR4C9P
,OR4R1P
,OR4A47
,OR4A48P
,OR4A46P
,OR4A40P
,OR4A43P
,OR4A45P
,INSL5
,OR4A41P
,OR4A42P
,OR4A44P
,OR6P1
,OR6K2
,CATIP-AS2
,RPL19P5
,LDLRAD2
,RPL21P29
,RN7SL386P
,RNU6-1022P
,OR11M1P
,RN7SL186P
,RNU6-776P
,LINC01635
,CDC42-AS1
,CDC42-IT1
,MPHOSPH6P1
,LMCD1
,AVPR1B-DT
,RPL22P4
,RNU7-148P
,CTAGE14P
,B3GALT1-AS1
,HSD17B1-AS1
,RPL7AP20
,RPSAP22
,VAMP5
,RN7SL145P
,SENP1
,H2BN1
,MPZL3
,C2orf68
,SEC61A1
,GPR160P1
,RN7SL359P
,RNU6-997P
,HOXB-AS1
,HOXB-AS3
,HOXC-AS3
,HOXC-AS2
,HOXC-AS1
,HOXB-AS2
,HOXB-AS4
,ADORA2B
,HMGN3P1
,BRD7P2
,ATP6V0E1P3
,HNRNPA1P61
,MYADML
,RN7SL113P
,RN7SL251P
,RN7SL126P
,RN7SL131P
,UBE2V2P4
,ME3
,RN7SKP16
,PHC2-AS1
,RN7SL44P
,TMPRSS7
,LINC02371
,CHRD
,S100A13
,MS4A15
,UBE2D3P2
,RNU6-1301P
,UBE2FP1
,HEPN1
,RPS16P4
,RNU6-230P
,DNAJB6P7
,RNU6-232P
,FGD5-AS1
,SATB1
,RNU4-27P
,SNORA63C
,AK3P6
,LINC02816
,TMEM132D-AS2
,CD27-AS1
,STX6
,RAB37
,LINC01732
,RPL36AP11
,CROCC2
,XXYLT1-AS1
,RN7SL36P
,SLC9A3R1-AS1
,CYS1
,TMEM269
,ACAP2-IT1
,RPL31P22
,LIMS3
,RNU6-514P
,RNU6-135P
,RNU6ATAC24P
,RN7SL73P
,RPL24P6
,RPL31P64
,DTNB
,MUC20P1
,LSM6P2
,IVL
,RPS15P5
,SPRR4
,BCDIN3D-AS1
,CACNA2D3-AS1
,SPRR3
,BCDIN3D
,LINC02017
,RPL35AP28
,SPRR2D
,SPRR2A
,SPRR2B
,SPRR2E
,SPRR2F
,SPRR2C
,SPRR2G
,LINC02395
,LINC02396
,MYOM3-AS1
,HAGLROS
,AQP2
,EIF2AK3-DT
,LINC01886
,AQP5
,LINC02800
,GRHL3-AS1
,LINC01102
,FN1-DT
,GBX2-AS1
,SPECC1P1
,SMURF2P1
,LAPTM4A-DT
,IDH1-AS1
,CRIP1P3
,LINC01090
,LINC01877
,SLC47A1P1
,LINC01936
,LINC02478
,SLC47A1P2
,PDE11A-AS1
,API5P2
,SDHDP5
,RNU6-629P
,RNU5E-9P
,PDE11A
,PYY2
,TBC1D3P2
,KRT42P
,UBBP4
,LINC01143
,LINC02022
,ALDH1L1-AS2
,LINC00870
,USP32P1
,KRT16P2
,KRT17P1
,BHLHE40-AS1
,GPD1
,KRT17P4
,ATP6V1B1-AS1
,RN7SL160P
,ALOX12P2
,SATB1-AS1
,FMO2
,NPEPPSP1
,RASSF3
,RPLP0P2
,LINC00506
,CCR5AS
,PTPN23-DT
,GSK3B-DT
,ERICH6-AS1
,LINC00960
,SMU1P1
,KRT8P45
,MRPL45P2
,LINC01266
,LINC01641
,MYLK-AS1
,NUCKS1P1
,BTF3P9
,KRT223P
,USP32P3
,NOS2P3
,KRT17P6
,KRT17P7
,LINC02015
,ADAMTS9-AS2
,LINC00885
,RNU6-137P
,HAAO
,PICART1
,DNAH17-AS1
,RN7SL454P
,FTOP1
,CHORDC1P1
,SLC8A1-AS1
,PYGO2
,TEX54
,LINC01794
,RN7SL575P
,RN7SL756P
,LINC00877
,SLC2AXP1
,SEMA3B-AS1
,RPL23AP49
,LINC00881
,PTPRG-AS1
,RNU7-170P
,TWF2-DT
,XXYLT1-AS2
,TMEM44-AS1
,COPB2-DT
,RN7SL832P
,ZBTB47-AS1
,RNU7-138P
,TMEM44-AS2
,NDUFS6P1
,DONSONP1
,RPL31P23
,PCCB
,NARF-AS2
,RNU7-176P
,LINC01954
,ALDH2
,LINC01977
,LINC01979
,LINC01978
,RPS2P41
,ADAM1B
,SLC25A3P2
,LINC00938
,PKP2
,LINC00910
,GCC2-AS1
,LIMS1-AS1
,RPL10P5
,RNU6-1137P
,RNU6-470P
,MIR2117HG
,RNU6-406P
,RNU6-971P
,RPS27P11
,TPM4P2
,KIAA1143P2
,LINC02084
,OPCML-IT2
,RPL39P16
,OPCML-IT1
,CREB1
,LINC01206
,RPL6P31
,LINC01632
,KMT2CP1
,FAM72D
,RPS29P9
,RNU6-664P
,PPP1R14BP2
,ITGA10
,RN7SL267P
,RNU6-107P
,RN7SKP265
,LIX1L-AS1
,LINC01805
,RNU6-100P
,RPS10P9
,F2
,RPS2P18
,PDE1A
,ACAD9-DT
,IQCJ-SCHIP1
,SNORD19B
,SNORD19C
,LRP4-AS1
,RNU6-1071P
,NUDT4P2
,RNU6-723P
,RNU4-61P
,RPL21P25
,SLC25A1P1
,NRAL
,RNU6ATAC14P
,SMARCAL1-AS1
,RPL37A-DT
,AGBL4-AS1
,AGBL4-IT1
,ZNF859P
,MTND2P29
,LINC01280
,AK3P7
,AKTIPP1
,PFN1P1
,PSMB3P2
,RPL4P3
,VAMP4
,IGFBP5
,RPL31P14
,TNP1
,RNA5SP529
,DRD5P2
,LINC01921
,RNVU1-28
,NOTCH2NLC
,HEXIM2-AS1
,FMNL1-DT
,RNU6-560P
,LINC02695
,TRIM43B
,CD28
,KRT18P39
,NPM1P33
,RNU6-474P
,ITIH4-AS1
,CNN2P11
,GXYLT1P7
,CNN2P8
,SNX18P14
,RAC3
,MOB4P2
,PRSS23-AS1
,FZD4-DT
,HNRNPCP8
,XIAPP2
,DEPDC7
,OR4S1
,OR4C3
,OR4C10P
,TRIM77BP
,UBTFL9
,LNCRNA-IUR
,HNRNPKP2
,UBBP1
,EIF3FP3
,LINC01795
,RN7SL767P
,RN7SL399P
,SPTLC1P4
,DBTP1
,PFN1P3
,DPP3-DT
,CTDNEP1P1
,SGCEP1
,LINC01966
,IMPDH2
,MS4A19P
,RPL6P5
,METAP2P1
,RPL17P12
,OTX2P2
,LINC01911
,MS4A18
,RNU6-692P
,RNU6-715P
,RN7SL165P
,NUDC
,RPL12P13
,RPL32P6
,OSTCP2
,PRPS1P1
,CATSPER4
,KRBOX1
,ZBTB11-AS1
,CADM1-AS1
,RPL12P46
,LINC02698
,LINC00900
,RPL17P9
,DHDDS-AS1
,LINC02703
,GPX1
,RPL15P15
,MTND5P15
,PEX12
,TBL1XR1-AS1
,RNU6-681P
,LINC00501
,RN7SKP52
,DMRTB1
,RNU7-95P
,OR52K3P
,OR52I1
,RGS7
,RN7SL735P
,PRKCA-AS1
,RNU6-542P
,RNU6-1249P
,SMIM36
,BTBD6P1
,C17orf114
,PNRC2
,RPS24P7
,RPL36P5
,RPL31P30
,RN7SL405P
,SMBD1P
,HMGN2P23
,POLR2DP1
,RNU6-1180P
,PDE2A
,DNM3-IT1
,RNU6-157P
,C1orf105
,RN7SKP55
,RNU6-947P
,RNU6-1089P
,RNU6-999P
,RNU1-132P
,DNAJC19P8
,RNU7-105P
,PDE2A-AS1
,RNU6-298P
,DTWD1P1
,RN7SKP124
,RN7SL724P
,TRMT112P5
,NF1
,RPS27P12
,GKN3P
,RNU6-1134P
,GPR160P2
,LINC01124
,SP5
,EIF2S2P4
,G2E3P1
,NIP7P2
,RNU6ATAC29P
,ARAP1-AS1
,ARAP1-AS2
,RPS12P20
,IQCF3
,FGD5P1
,NGFR-AS1
,OR5AC4P
,ERICH2
,RPL32P3
,FAM86JP
,AADACP1
,FAM86HP
,RNU6-672P
,RPL15P16
,RPL36AP48
,HELZ-AS1
,LINC00888
,RNU2-13P
,RN7SL674P
,EMC3-AS1
,ARHGAP15-AS1
,MAP4
,MANEALP1
,RNU6-1181P
,RNF7P1
,RPS8P5
,RNU6-108P
,RNU6-483P
,RNU6-592P
,ARF4-AS1
,RNU6ATAC26P
,RPS28P5
,DENND6A-AS1
,DENND6A-DT
,OOSP3
,SRD5A3P1
,RPL32P32
,SEPTIN7P12
,APPBP2-DT
,TMEM256P2
,RPL23P5
,INPP1
,SSU72P6
,OR52B4
,OR52B3P
,OR51R1P
,OR52P2P
,HIBCH
,RPL12P44
,RPL23AP74
,RNU5B-3P
,LINC02733
,TBX2-AS1
,TBX2
,NOTCH2
,TBX4
,EEF1DP8
,NPM1P35
,PPP1R14B-AS1
,LINC02723
,FZD2
,TBC1D3P5
,RNA5SP535
,MSANTD3P1
,RNU6-952P
,ATP2B2-IT1
,ATP2B2-IT2
,LINC00606
,KISS1
,TMEM123-DT
,MMP20
,RNU7-187P
,NCAM1-AS1
,UBE2V1P14
,RRN3P4
,KYNU
,TTC12-DT
,ZNF385D-AS1
,ZNF385D-AS2
,SFXN4P1
,MTCYBP11
,RPL21P39
,MTND6P11
,MTND5P24
,MTND4P22
,MTND4LP12
,MTND3P9
,MTCO3P5
,MTATP6P5
,MTCO2P5
,LINC00882
,DRD2
,FCF1P3
,MTND4P16
,MTND4LP3
,MTND3P6
,MTCO3P35
,MTATP6P22
,MTND5P16
,MTND6P6
,MTCO1P35
,MTND1P16
,MTND2P14
,RNU6-1308P
,PTPN11P1
,CYP4A22
,CCDC54-AS1
,RPSAP26
,KLHL17
,CDRT15L2
,EEF1E1P1
,RN7SL297P
,ZSWIM5P2
,RTRAFP1
,CSP2
,MEIS3P2
,SLC30A6P1
,LINC01990
,LINC02088
,GLB1L2
,MEN1
,RNU6-233P
,FAM187A
,MIR194-2HG
,RNU6-450P
,LINC00636
,LINC00635
,NDUFB8P2
,RNU1-38P
,RPS29P21
,TBC1D3P1-DHX40P1
,RNFT1-DT
,TBC1D3P1
,RNU2-35P
,LINC01215
,RAI1-AS1
,GOLGA4-AS1
,GCKR
,OPRD1
,ARL5AP3
,CTBP2P8
,RPS7P4
,GBP5
,FAM133EP
,RPL23AP34
,FOSL2-AS1
,TOM1L2
,FUCA1
,COL16A1
,SNRPGP7
,PPP1CB-DT
,MYOCOS
,OR2B11
,OR6N2
,BRI3P3
,NBPF6
,DRG2
,SNORD53B
,ARHGEF33
,LINC01118
,HNRNPA3P14
,ARID3BP1
,MED28P8
,ST13P20
,RN7SKP119
,LINC01563
,TMEM11-DT
,RN7SL426P
,EIF1P5
,GRM7-AS3
,YWHAQP10
,MRPS36P1
,GRM7-AS2
,GRM7-AS1
,UBL5P2
,RN7SKP296
,LINC02013
,CCT6P4
,MTCO1P29
,MTCO2P29
,NAP1L1P3
,LINC02049
,CITED4
,UBE2V1P8
,SLFNL1-AS1
,RPL23AP17
,SNORA21B
,FBXO47
,RNU6-315P
,LAD1
,KRT8P13
,CSRP1-AS1
,IPO9-AS1
,RNU6-501P
,RPL29P8
,SP2-DT
,RNU6-187P
,SP2-AS1
,RNU6-856P
,RNU6ATAC16P
,NFE2L1-DT
,CAPZA1
,RNU6-1201P
,MRPL53P1
,RNU6-370P
,SDHAP4
,PPM1J-DT
,NUTF2P4
,FAM228B
,RPL36P7
,PPP4R2P4
,PFN4
,RN7SL800P
,SOCS3-DT
,EIF4EP3
,LINC01995
,RPL7L1P8
,LINC02031
,PLA2G10P1
,ATP11B-DT
,HMGN2P20
,RPL36AP13
,EIF3EP4
,C9orf85P2
,SPTBN1
,MCCC1-AS1
,BPNT1
,RPS15AP12
,ALG1L2
,RNU6-433P
,SNRPB2P1
,MTERF1P1
,PPIAP70
,TMED2P1
,PPIAP71
,FCRL4P1
,RRBP1P2
,RANP7
,SALL4P5
,RPL24P7
,SNX2P1
,C11orf98P3
,RNU6-922P
,RNU6-788P
,UBE2E1-AS1
,XRCC6P3
,RPLP0P5
,ARL4AP4
,RNU6-640P
,CHMP3-AS1
,GPC1-AS1
,LINC00691
,NPM1P23
,GPR35
,RN7SL632P
,RPL21P33
,RNU4-51P
,NONOP2
,RPS12P3
,PEX13
,RN7SL861P
,EOGT-DT
,EIF1P7
,LMOD3
,MAT2AP1
,LINC02042
,NEPRO-AS1
,RN7SL815P
,LSAMP-AS1
,RN7SL582P
,RNU5E-8P
,PTMAP8
,IAH1
,BTD
,LAPTM4BP2
,RNU4-73P
,PPP4R2
,EBLN2
,RNU6-557P
,RNU2-64P
,RNU6-1270P
,AGAP1-IT1
,TMSB10P1
,RNU7-127P
,RN7SL204P
,SEC13P1
,SUMO2P10
,GBX2
,RN7SL296P
,RNU1-31P
,MLXP1
,P3R3URF-PIK3R3
,COX7BP4
,P3R3URF
,WBP1P1
,NDUFB4P5
,RNU7-110P
,LINC02000
,LINC02004
,CBX3P10
,RNU6ATAC4P
,PRADC1P1
,F5
,HMGB3P10
,ZNF892
,RN7SKP195
,LINC00623
,RPS3AP11
,RNU6-536P
,PPIAL4C
,PPIAL4D
,PPIAL4E
,PPIAL4G
,PPIAL4H
,CCDC195
,RPL29P11
,ATP6V0CP2
,NECTIN2P1
,NT5C3AP2
,PLCXD2-AS1
,LINC01965
,STARD7-AS1
,RNU7-147P
,CDKL4
,H2ACP2
,VN1R21P
,RNU6-1320P
,SOWAHCP5
,MTCO1P48
,MTCO3P45
,RPS24P6
,LINC01991
,LPP
,LPP-AS1
,TPRG1-AS1
,ENOPH1P1
,LINC01849
,EHBP1-AS1
,MAP4K3-DT
,SMPD4BP
,HNRNPA1P59
,MIR4432HG
,AFTPH-DT
,LINC01320
,MYBPH
,ID2-AS1
,MIR3681HG
,DIRC3-AS1
,DNAJC27-AS1
,TTC32-DT
,LINC01376
,LINC01117
,ERICH2-DT
,LINC03063
,LINC01814
,LINC01914
,LINC01806
,ACTG1P22
,LINC01831
,AKR7A3
,HDAC4-AS1
,LINC01821
,LINC01460
,MRPS9-AS2
,LINC01127
,RNU6-1099P
,MMADHC-DT
,LINC02611
,RN7SL277P
,COX7CP2
,SLC25A39P1
,MGAT4EP
,RPL35AP10
,LINC01119
,NPM1P40
,PPFIA4
,SATB2-AS1
,SNTG2-AS1
,TTN-AS1
,NIFK-AS1
,HECW2-AS1
,MYD88
,RNU6-731P
,LINC01871
,CDK2AP1P1
,RPL34P9
,USP34-DT
,PCBP1-AS1
,ANKRD44-AS1
,PPP4R3B-DT
,GPR155-DT
,DGUOK-AS1
,LINC02993
,BAZ2B-AS1
,LINC01412
,RNU5E-7P
,RPLP1P5
,RN7SL104P
,FSIP2-AS1
,FSIP2-AS2
,RPL21P32
,RPL23AP35
,MED28P3
,DPRXP1
,LINC01473
,NUDCP1
,RPS3AP8
,LINC02610
,MYO1B-AS1
,CPO
,KLF7-IT1
,MYOSLID
,LINC01802
,HMGN2P21
,MOB4P1
,KRT8P10
,SUMO1P2
,LINC00970
,RPL29P7
,RN7SL341P
,LINC01800
,RN7SL211P
,RPL11P1
,RNU6-548P
,LINC02576
,VDAC2P5
,UBE2FP3
,AQP7B
,RNU6-792P
,SCMH1-DT
,CYP2J2
,RN7SL475P
,C1orf167-AS1
,MTHFR
,FAM229A
,THAP3
,SLC30A6-DT
,HSPA8P6
,MEAF6P1
,PKP4P1
,PMF1
,RPE
,LINC01779
,RAB4A-AS1
,LINC01765
,LINC01036
,CDC20-DT
,LNCATV
,EPHA2-AS1
,LINC02606
,LINC02884
,LINC01356
,RWDD3-DT
,KDM4A-AS1
,MDS2
,CTXND2
,RNU2-70P
,LINC01686
,LINC01688
,UQCRBP2
,UAP1-DT
,LINC01865
,MYBPHL
,RNU6-242P
,LINC01126
,ACYP2
,RPL21P30
,HMGB1P31
,RN7SKP160
,RNU7-172P
,TSPYL6
,LACTBL1
,PYHIN5P
,RAD1P2
,BTBD19
,AK2
,CREG2
,C8A
,LINC01870
,C1QA
,RPS6P3
,PRCPP1
,C1QB
,LBX2-AS1
,RNU7-182P
,RN7SL326P
,G0S2
,WBP11P2
,RNU6-1147P
,KMT2CP5
,CDRT15P4
,FAR2P2
,PRSS40B
,C8B
,FAR2P4
,FAR2P3
,C2orf83
,MALLP2
,RPSAP18
,GPAT2P1
,OR7E91P
,ANAPC1P1
,SUMO1P3
,RNU4-42P
,ANKRD36BP2
,BMS1P23
,LINC01881
,LSP1P4
,LSP1P5
,CT75
,FAHD2CP
,SPRR1A
,RPL7L1P10
,RPL17P14
,RN7SKP283
,LINC02795
,WDR4P2
,FBXO48
,CDCA4P2
,RPL23AP23
,PFN1P8
,RNU1-151P
,SSBL4P
,NBPF13P
,PRKAB2
,RNVU1-27
,RNU6-1171P
,RN7SKP88
,RNU2-38P
,TMEM82
,RPL12P14
,PPP1R11P1
,PDE4DIPP10
,NBPF2P
,CROCCP5
,PFN1P10
,RPL30P2
,RPS27P10
,MTND2P23
,MTCO1P46
,LINC01878
,PCED1CP
,CCNT2-AS1
,VDAC2P4
,CCNT2
,RNU6-763P
,RNU6-1290P
,RPL21P31
,BMP8B-AS1
,LINC02811
,LINC01792
,MYCL-AS1
,RNU6-622P
,GRB14
,LBX2
,PRKAG3
,WNT6
,PLPPR5-AS1
,RNU6-239P
,RNU6-121P
,AQP10
,EPCAM-DT
,YWHAQP5
,TEX51
,GAPDHP48
,KHK
,MTA3P1
,RNU6-932P
,PTP4A1P1
,UPP2-IT1
,CCDC148-AS1
,VDAC1P9
,HNRNPDLP2
,RN7SL393P
,RPL7AP22
,PKP4-AS1
,SLAMF6P1
,CRYZL2P
,RASAL2-AS1
,LINC01888
,UQCRHL
,IL12RB2
,RNU6-234P
,DYRK3-AS1
,RPS20P10
,RN7SL431P
,SNORA58B
,ROCK2
,GAPDHP20
,LRRC37A12P
,RN7SL122P
,RPL5P4
,ZMYM4-AS1
,DCDC2C
,LINC01304
,NPM1P48
,LINC01249
,RNU6-649P
,LINC01248
,SOX11
,G3BP1P1
,LCK
,TP73-AS3
,DPP4-DT
,KCNH7-AS1
,KRTCAP2P1
,SIX2
,LINC01923
,SNED1-AS1
,AP4B1-AS1
,HIPK1-AS1
,C1orf141
,RNU6-968P
,RNU6ATAC18P
,PRAMEF1
,LINC02768
,LRRC38
,GPR39
,RN7SKP103
,CDKN2AIPNLP2
,RN7SL713P
,LINC01647
,RMDN2-AS1
,GNG5
,RNU6-951P
,RPL7P12
,GAPDHP25
,RPL22P6
,ZBED6
,RACK1P2
,VIT
,RNU6-577P
,LINC00466
,LINC01918
,C2orf49-DT
,RPSAP65
,RPL34P8
,ALG6
,CENPNP2
,GPD2
,LINC01398
,RNU6-1062P
,RNU6-662P
,POLHP1
,SNRPEP10
,RNU6-1248P
,ACTBP11
,CICP5
,RNU6-1319P
,SMIM39
,RGS13
,RN7SKP126
,ARV1
,TRIM67-AS1
,CATIP-AS1
,GNG12
,COX6B1P7
,USH2A-AS1
,MRPS18BP1
,CHRNB2
,TMEM275
,LELP1
,PRR9
,RPLP0P4
,RNU6-160P
,LAPTM4BP1
,S100A15A
,RPS27AP5
,LINC01786
,LINC02988
,RN7SL480P
,RNU2-17P
,CA14
,MRPS21
,DVL1
,NDUFB4P8
,ACTG1P20
,CD164L2
,MTCO1P38
,MTCYBP15
,MTND6P15
,MTND5P18
,MZT1P1
,RN7SKP269
,TMEM274P
,RNU6-693P
,SLC25A38P1
,RNU1-153P
,RNU1-154P
,RNVU1-31
,PDE4DIPP5
,NBPF20
,PER3
,RPL7AP18
,RPL21P24
,ATP6V0E1P4
,HSPE1P24
,SLC2A3P2
,RNU6-1176P
,MRPS21P1
,RPS29P7
,LINC01359
,CLCA4-AS1
,RPL17P5
,SNRPGP10
,LEMD1-AS1
,LEMD1-DT
,LINC02942
,RNA5SP534
,CFAP97P1
,RNU6-171P
,PBX1-AS1
,RPL35AP7
,RNU6-755P
,CICP26
,ARF1
,PBX1
,CHCHD3P3
,NPM1P39
,SNRPEP7
,WDTC1-DT
,SPRR5
,NOTCH2NLB
,OR6K6
,LCE7A
,ZNF593OS
,NFIA-AS2
,RN7SKP229
,CAMTA1-IT1
,CAMTA1-AS2
,CAMTA1-AS1
,HNRNPA1P54
,RNU5F-2P
,CEPT1
,GNG12-AS1
,COP1-DT
,LINC01354
,S1PR1-DT
,LINC02608
,MIR34AHG
,LINC01778
,MATN1-AS1
,LINC01748
,DCAF8-DT
,LINC01358
,MAGOH-DT
,CNN3-DT
,LINC02765
,MIR181A1HG
,POU2F1-DT
,LINC01141
,ATF6-DT
,PRDX6-AS1
,LINC01781
,ZPLD2P
,MIR137HG
,LINC02607
,LINC02609
,LINC01348
,ARHGAP29-AS1
,LINC01135
,LINC01645
,LINC01725
,LINC02766
,ITPKB-IT1
,HSD11B1-AS1
,TFAP2E-AS1
,RRAGC-DT
,HHLA3
,LAMTOR5-AS1
,PIK3CD-AS2
,NEK2-DT
,LINC01702
,ZMPSTE24-DT
,WARS2-AS1
,LRRC52-AS1
,COA6-AS1
,ZNF691-DT
,DPH5-DT
,EXOSC10-AS1
,RNU6-291P
,RPL39P6
,UBE2V2P3
,ZNF687-AS1
,RN7SL444P
,RFX5
,RNY4P25
,TUFT1
,RPL23AP24
,WBP1LP7
,OR4F29
,CICP7
,HSPE1P25
,RNU6-1102P
,RN7SL372P
,JTB-DT
,IPO8P1
,KCNH1-IT1
,PRELID1P5
,GNB1
,GNB1-DT
,GSTM4
,GSTM5
,NDUFA5P10
,MTND1P23
,MTND2P28
,MTCO1P12
,MTCO2P12
,MTATP8P1
,MTATP6P1
,MTCO3P12
,WBP1LP6
,OR4F16
,CICP3
,RNU6-1199P
,CICP21
,KIAA1614
,GYG1P3
,SMIM42
,LINC01704
,ELL2P1
,CD1D
,LINC01714
,RERE-AS1
,RPL7P11
,RPL7P7
,RPL23AP19
,ENO1-AS1
,RNU6-304P
,HMGN2P17
,CA6
,RN7SL451P
,SKI
,LINC02806
,RNU1-155P
,RNU6-89P
,RPS27P8
,SYT2
,SETP10
,EIF4A1P11
,COX5BP8
,ACTN2
,LINC02818
,RN7SL230P
,RPSAP16
,YWHAQP9
,SLC25A24P1
,OR2T32P
,CHIAP2
,PDE4DIPP7
,DDX11L1
,OR4G11P
,LINC01145
,KMT2CP2
,PDE4DIPP4
,MGAT4FP
,SEPTIN7P13
,PDE4DIPP2
,NBPF25P
,GTF2IP20
,EMBP1
,PDE4DIPP6
,RNU6-1208P
,OPTC
,EMC1-AS1
,CAPZB
,RNU4-28P
,MICOS10-DT
,RUNX3-AS1
,LINC02793
,ESPNP
,LINC01353
,RNU6-487P
,LARP7P1
,GNRHR2
,LINC01719
,SEC22B4P
,RNVU1-29
,RNVU1-25
,RNA5SP536
,FMO5
,CCT8P1
,RPL7AP15
,LINC01738
,LINC02794
,SOD2P1
,EPS15-AS1
,CALR4P
,CHD5
,RNF207-AS1
,MRPL20-AS1
,TMEM88B
,KRT18P12
,UBE2V1P13
,GAPDHP24
,THBS3-AS1
,CDCP2
,NUP210L
,GUK1
,IFFO2
,LINC01344
,YPEL5P1
,RNU6-152P
,EIF1P3
,LINC01397
,TTLL7-IT1
,PRKACB-DT
,TXN2P1
,ASB17
,TPI1P1
,RNU6-161P
,RPS7P3
,RNU4-77P
,CYP4B1
,TUBAP8
,NBPF19
,CAPNS1P1
,TMEM61
,ACTN4P2
,MTF1
,INPP5B
,RNU6-584P
,RNU6-510P
,MIR3659HG
,LINC02786
,LINC01343
,ERI3-IT1
,SCP2
,RRAS2P1
,TUBBP10
,HIGD1AP11
,PATJ-DT
,HNRNPA1P43
,RTCA-AS1
,EIF2S2P5
,PKMP1
,RPS3AP10
,FAM78B
,FAM78B-AS1
,FMO7P
,LINC01675
,RABGAP1L-IT1
,RABGAP1L-AS1
,RNU6-307P
,KIAA0040
,RPS29P4
,TNR
,TNR-IT1
,LINC01657
,SNORA70H
,RPL10P4
,RPL17P8
,TMCC2-AS1
,LINC02771
,LINC01740
,ATF3
,RFKP5
,LINC02773
,PROX1-AS1
,PROX1
,LINC02775
,RN7SKP49
,SNRPD2P2
,TSNAX-DISC1
,LINC00582
,DISC1
,RNU5A-5P
,DISC1-IT1
,LYPD8
,LYPD9P
,AHCYP8
,GCSHP5
,RPL34P1
,RN7SL370P
,ACTG1P21
,SCARNA21B
,CHCHD2P6
,RNU7-179P
